osm,name,band,local_px,n_pixels,green_2019,green_2020,green_2021,green_2022,green_2023,green_2024,green_2025,green_2026
r10179602,Yelahanka Lake,0_10,610,611,0.23309579649968593,0.3672341645344419,0.4489874988232126,0.41415293214973686,0.44154648371588395,0.4059840868321234,0.4829944423689492,0.45610404244157626
r10179602,Yelahanka Lake,10_20,583,581,0.3065170912832822,0.3600574057699321,0.4201069939928159,0.4107194779260337,0.4156854749658624,0.4141532618028147,0.4737870747165872,0.4416119726837172
r10179602,Yelahanka Lake,20_30,559,561,0.3689065695611788,0.38628604389577026,0.4402618488249599,0.4361619725506724,0.41755550072808606,0.41588270647237047,0.45515909097964413,0.43032237018319364
r10741847,Hemmigepura Kere,0_10,155,154,0.36238694565061275,0.41190989357611635,0.4158970750949196,0.46076079597819625,0.44086675501047645,0.39644581810633367,0.5051296750949431,0.5402690105753074
r10741847,Hemmigepura Kere,10_20,145,146,0.42217277578640544,0.42488238622422064,0.45591339392456287,0.47267017843449705,0.43904269216140274,0.3951398941641773,0.4726648605112824,0.4801791116828463
r10741847,Hemmigepura Kere,20_30,153,153,0.4309539276905551,0.41088799033431467,0.43358950471192387,0.43457134551926757,0.42366468767256826,0.35737635245326094,0.4099546304942884,0.3936868773204208
r15055978,Gulimangala Lake,0_10,201,202,0.35056360801337755,0.358989810566677,0.194608310415884,0.3203219899222724,0.33731348120111837,0.3570423483252786,0.4694885511687271,0.42017438084923825
r15055978,Gulimangala Lake,10_20,174,174,0.33977263062644875,0.3532262350513554,0.18065844749726787,0.28378738954246924,0.31728742478482946,0.33432614662588733,0.3995742011945744,0.358573521017124
r15055978,Gulimangala Lake,20_30,180,179,0.29529640565487786,0.2977963223925462,0.24806065869038613,0.33363721939174384,0.36524024478458766,0.3470387244582139,0.41761045613064834,0.34352726864764055
r15912410,,0_10,66,67,0.14013504697148793,0.12543703218585195,0.1587299020845553,0.1504927371034036,0.16169873974546825,0.11683802352462123,0.0862911650354387,0.13521291086215254
r15912410,,10_20,55,55,0.1712184975482652,0.1750674515352812,0.21085965071386714,0.2160374044305408,0.23077482030854,0.16626727854653367,0.18639181290616488,0.1824348661091048
r15912410,,20_30,59,59,0.19306801306507795,0.2131309808965549,0.23103678045442477,0.22890819635879167,0.24988158786716938,0.18619913363408785,0.21901839949191923,0.2007943070488849
r15912449,,0_10,114,112,0.042058607371835574,0.04555577201652635,0.050422787676999134,0.031224444210287746,0.008181857273213482,0.030592197342647297,-0.10085971003470177,-0.08152597047959038
r15912449,,10_20,92,94,0.05802813251172667,0.08018702903774444,0.11093426676705612,0.10892086501590706,0.11458406555841022,0.09824390180296753,0.07549052766554097,0.07918752310417211
r15912449,,20_30,87,87,0.07793826787636801,0.10770381747551257,0.14698827191603847,0.1520021714916706,0.16369555179058665,0.13437503920275012,0.1323297420044076,0.1356445953688643
r15989383,Agrahara Lake,0_10,102,101,0.2332290652292031,0.29745207474559093,0.33226601720254856,0.28289859349796087,0.27720051243965116,0.2700920202893024,0.3437672056384518,0.301181090795942
r15989383,Agrahara Lake,10_20,102,103,0.24587900500030077,0.2967119472407368,0.371941223986324,0.35206498091150257,0.3470943939583546,0.34815830936354425,0.3734761017863937,0.34140001573873113
r15989383,Agrahara Lake,20_30,107,106,0.23521512549499338,0.268272004697864,0.3582898187563539,0.34466884767810935,0.329125901575293,0.3086939927156898,0.30608350546779073,0.2621699022759471
r15989750,Puttenahalli Lake,0_10,248,246,0.2967807875068655,0.6012339550649559,0.6086426548989501,0.5615235734279219,0.5150213828338827,0.5215466637200368,0.7117080567376556,0.7102011752018293
r15989750,Puttenahalli Lake,10_20,212,211,0.33062660765463575,0.49665125480068856,0.5480593939527874,0.5209377396620198,0.5023056325792559,0.4900202130702345,0.6418688421985218,0.6337829230802351
r15989750,Puttenahalli Lake,20_30,210,211,0.33778134009485705,0.4420195489139425,0.4878485726434321,0.4499438194167223,0.4404923987733907,0.4275970335293213,0.5222186653759147,0.5316783685917482
r15989751,Attur Lake,0_10,217,217,0.4339985110488903,0.4764877418287268,0.4603791456420711,0.45665040518867606,0.5354192585066826,0.562998328892824,0.565812257271988,0.487513603400317
r15989751,Attur Lake,10_20,214,214,0.374321576501803,0.4256925657159496,0.39968735078552875,0.3785350989832507,0.4562261438034886,0.48309523176677943,0.4639805873946717,0.498995044379435
r15989751,Attur Lake,20_30,221,221,0.37166365312914923,0.43404511792433265,0.4215954066001405,0.3877765805439713,0.4385493811392622,0.4527074335103111,0.4179523401757482,0.4669051918067631
r16071328,Kodigehalli Lake,0_10,254,253,0.14285530906380792,0.14920963143070823,0.20660296263051858,0.17529585330362452,0.23940021698518082,0.24158949995575316,0.3636624179780195,0.35583699698625654
r16071328,Kodigehalli Lake,10_20,216,217,0.1723176553332228,0.21279882142557702,0.2760042796007782,0.2338144140873511,0.2524110353696872,0.2576808186066469,0.3710877786708267,0.34141255652935537
r16071328,Kodigehalli Lake,20_30,221,221,0.21499201923642888,0.25782429063062373,0.34255813788741396,0.31282435614307125,0.2629190731841058,0.23007482085900696,0.3282037994702361,0.2882209484372728
r16075392,Narsipura Lake,0_10,136,135,0.43547525536086396,0.631338394176892,0.6855849915826142,0.6628697661985271,0.5447528286066398,0.5297945701241188,0.6857163813402765,0.40140515638454227
r16075392,Narsipura Lake,10_20,136,138,0.40259727750598623,0.5425282575314618,0.6047397419293032,0.5884430729650879,0.5792661396932904,0.5664492813831175,0.6385392960622134,0.5611338946684371
r16075392,Narsipura Lake,20_30,124,122,0.33576698084814105,0.4230423592213434,0.4907338654931468,0.4691953261865493,0.48025851076336323,0.45138505259149664,0.5000908641471867,0.4707468267831034
r16245927,Dasarahalli Tank,0_10,129,128,0.23335295522124977,0.2950988266349844,0.3536625373190125,0.37191460550283584,0.36651937117291894,0.313080562114938,0.4025082765131828,0.41684595894134324
r16245927,Dasarahalli Tank,10_20,130,131,0.2288646583804022,0.3028145821880578,0.3359729031049912,0.3529646088806188,0.38204755157524256,0.3023989247689326,0.37246725181707996,0.36794086476698407
r16245927,Dasarahalli Tank,20_30,133,133,0.2283127553735103,0.2778055403613451,0.2931913656999454,0.3062067781235697,0.3159707586534518,0.24375389788886231,0.2836182182495599,0.28930139158694235
r16551234,Subramanyapura Lake,0_10,120,121,0.15285974652564976,0.3144466546294791,0.4301766638276231,0.4019330716458763,0.1676562038716645,0.17884562075226407,0.26216540114770054,0.28952445235035495
r16551234,Subramanyapura Lake,10_20,121,119,0.2275046352725312,0.2693615395336835,0.3406043598446588,0.3238976262926742,0.1960849826468566,0.2270911740884123,0.29496449197857166,0.31754296056864084
r16551234,Subramanyapura Lake,20_30,123,124,0.2787146941561655,0.2927192169783484,0.33612329638487376,0.3168525962536484,0.2809689761372046,0.2929623262448259,0.3590746630975301,0.3503945109547114
r16673800,Thimmasandra,0_10,284,283,0.2617279434472796,0.2595956896201694,0.3280504065950803,0.34017180166777916,0.34912995263656377,0.3469189685082048,0.47793916133831277,0.3826759488734814
r16673800,Thimmasandra,10_20,281,281,0.3124684104573301,0.3221086381018526,0.38175415855942213,0.40379551740159,0.431633166834828,0.43815400614353095,0.5161553354096335,0.4716795242834464
r16673800,Thimmasandra,20_30,279,279,0.33738198216873,0.3558401599040357,0.41412680112319816,0.39513597586950905,0.43983042536694766,0.44837551200072606,0.5044688432098644,0.48236786070379056
r17012230,Veerasandra Lake,0_10,131,131,0.16330940925054505,0.07801745208383151,0.214376444746671,0.22997043581606613,0.2545580478753159,0.3128945558484723,0.33776962653758985,0.2925646024698228
r17012230,Veerasandra Lake,10_20,120,119,0.1589632489654082,0.1183536882871589,0.21052519958396249,0.1833515499582732,0.22526991380085934,0.21153891668253869,0.2611477805849648,0.24304446376984548
r17012230,Veerasandra Lake,20_30,127,128,0.17094699349326423,0.16821917775916845,0.2263651501701844,0.2028608852382844,0.23073283623381058,0.20308717191022485,0.25230819518640135,0.22968686225595936
r17062035,Panathuru Kere,0_10,113,113,0.14087110842445022,0.15189860358306767,0.28581764414808414,0.310704842138915,0.3209505384950668,0.2614768000167418,0.37680703499143064,0.3286058478088735
r17062035,Panathuru Kere,10_20,113,113,0.22109936757708004,0.25531311750785984,0.4168487240410781,0.3909535639391308,0.4038215268937962,0.32103866147247195,0.434043282402882,0.357468788539449
r17062035,Panathuru Kere,20_30,120,120,0.26048800989689147,0.3075239129591427,0.4389117881527812,0.3771660560596549,0.3983619878660544,0.30351972145703804,0.4084378057493477,0.3363305169947997
r17083842,Deverabisanahalli Lake,0_10,107,107,0.18001577541508237,0.24261994480565527,0.3590763006889635,0.4059495676958948,0.4453730540815373,0.4690205479378203,0.6150299045625756,0.49815465141362186
r17083842,Deverabisanahalli Lake,10_20,98,98,0.22496691013253362,0.23572098294453758,0.36472098108904066,0.3682802135411553,0.4319290075689601,0.44123843902011683,0.5638576099977921,0.4987352840486674
r17083842,Deverabisanahalli Lake,20_30,107,107,0.2188835717654769,0.23790336260985326,0.3180785954957009,0.253662982390004,0.28246802490913303,0.28296736514843035,0.3432820049984599,0.3133690407819195
r17083906,Doddakannelli Lake,0_10,148,149,0.2848623346342303,0.43140305559461467,0.4401020948564059,0.3330529394286058,0.33723474128264713,0.38182283089294683,0.4733435176105628,0.3699944237032774
r17083906,Doddakannelli Lake,10_20,141,140,0.3363559320246828,0.4317034797220017,0.4481434279979567,0.39918603625838117,0.435718000972374,0.4568331384178464,0.5262081844460501,0.4321968213871632
r17083906,Doddakannelli Lake,20_30,146,147,0.33660750068833917,0.4096220477048742,0.45394150292483965,0.38756007898832434,0.428427108830848,0.40834953029345467,0.4792853547929477,0.37733105797065225
r17223075,Byrasandra Lake,0_10,99,98,0.43107786275920545,0.502861757311987,0.3070612726385627,0.20838858425376058,0.26293678568229967,0.29243665939189134,0.3452112994669072,0.37262952058972654
r17223075,Byrasandra Lake,10_20,100,102,0.43753603026989246,0.4833951992179559,0.38841617983733157,0.3089224958465246,0.3675691796398441,0.36316518671072834,0.3899994918390384,0.42904810288614237
r17223075,Byrasandra Lake,20_30,109,106,0.42424859994371394,0.4251454088215417,0.40882301368606205,0.35115376384826086,0.39230466632722616,0.3868449591886583,0.3601377090567492,0.39052170102486305
r17368637,Kannuru Lake,0_10,227,227,0.29646102100991084,0.3437382866677825,0.4441508426773753,0.1321249039730896,0.16348478758641513,0.1533816118885939,0.22788164402644479,0.3754559830526422
r17368637,Kannuru Lake,10_20,205,204,0.26272552543677785,0.2960952199957257,0.4034999964949872,0.2136563869409038,0.21996184317253786,0.24500820470278661,0.31197899344985575,0.3619243313045575
r17368637,Kannuru Lake,20_30,216,217,0.24247726940601283,0.26859294972984366,0.3799508461912448,0.2984063282515343,0.32262304972520317,0.3322608031067954,0.3858181762115844,0.3918079182319874
r17379150,Nayandahalli Lake,0_10,82,82,0.18495855451008525,0.20950133325798806,0.29592530010571,0.3055667128997412,0.12847348012543477,0.2611786667203086,0.2744527854931534,0.321177764514026
r17379150,Nayandahalli Lake,10_20,86,87,0.21046576894949032,0.2434340515791155,0.3122171144404338,0.31921164151346676,0.14442752225543853,0.30272206126048057,0.38439799111899514,0.43214385258605587
r17379150,Nayandahalli Lake,20_30,98,97,0.24682772260107197,0.25787897519208003,0.32243854141920353,0.3310885174452862,0.20062642750783705,0.26836559630411055,0.33699520118011084,0.3394394884792635
r17390865,Kalkere Lake,0_10,435,437,0.23354349603677899,0.235712848476375,0.30551507857030274,0.29945244975291424,0.3462483405243549,0.4014897015502408,0.28515681596331655,0.4211483353167681
r17390865,Kalkere Lake,10_20,405,403,0.2676541806927371,0.2869463402064245,0.3781127720179622,0.36905665270743104,0.3788208003168548,0.4226241049815476,0.35117351106261807,0.4016961767464194
r17390865,Kalkere Lake,20_30,388,388,0.34231330103500657,0.3579956665272994,0.4349544317784037,0.4336298546423731,0.41829477462525483,0.4311880902395557,0.3651139887789099,0.39080772415821713
r17390866,Horamavu Agara Lake,0_10,186,187,0.11644473188970503,0.1478540626692328,0.19302209732574557,0.290675155099986,0.27023712469722744,0.28130065736234966,0.35449238889197826,0.3736616801732859
r17390866,Horamavu Agara Lake,10_20,170,169,0.14545482157674788,0.1546685233955322,0.19753918850230662,0.26132675992953763,0.3016727030886688,0.3217522190474984,0.37788516766520713,0.374279576717217
r17390866,Horamavu Agara Lake,20_30,179,177,0.17591738941932153,0.17667920254697686,0.22494943281667876,0.24235637013378725,0.25060323949612384,0.24111311313974554,0.273317035888464,0.25376504194866234
r17426666,Goshala Lake,0_10,62,64,0.49761665393335414,0.5579448603451665,0.5859574435205438,0.2167780165099586,0.19539342569442764,0.16483900150896702,0.25299305582157194,0.23584398518659383
r17426666,Goshala Lake,10_20,66,65,0.31143084568074825,0.34396963530254726,0.3751011943738738,0.23959340690347147,0.2608018136447275,0.2335767299841356,0.32091094555215366,0.2805587903151222
r17426666,Goshala Lake,20_30,72,72,0.2376605278440593,0.2479718138100382,0.26543064387290366,0.2343729288647639,0.2632554011459598,0.2233109324314969,0.2858349410957103,0.24983172065106668
r17426667,Mahadevapura Lake,0_10,131,131,0.1880109576288659,0.27489860261946725,0.3858929927492834,0.451496256513073,0.45580571063951986,0.3996695642067238,0.508006015837242,0.4946624622507128
r17426667,Mahadevapura Lake,10_20,129,129,0.20567647660415614,0.2774300514503534,0.3796975167907816,0.4413066640376454,0.448390493507396,0.39972344784411606,0.4833200149671221,0.47895844226451445
r17426667,Mahadevapura Lake,20_30,135,135,0.20886338437324675,0.2574369485406787,0.32580123354122015,0.3671288905297888,0.36819538655776474,0.31248949410188454,0.35485325244277843,0.3651988463876258
r17431112,Yelachenahalli Kere,0_10,58,58,0.13845624774711907,0.338064650491173,0.3830684066090819,0.3953287538737538,0.4597834582007168,0.42135426076760263,0.5171521556623201,0.5235503187746556
r17431112,Yelachenahalli Kere,10_20,61,60,0.14009673062282857,0.28884413802940645,0.30884645697924057,0.35700110463738155,0.38287003458390373,0.36565285542271814,0.4290076669930161,0.3963335041429559
r17431112,Yelachenahalli Kere,20_30,63,64,0.1482472192232142,0.22496219161088665,0.21293247767147166,0.2609847285784476,0.2580923885705153,0.24215087895698562,0.26584444761932213,0.2534533325200883
r18077303,Kudlu Lake/Kere,0_10,101,101,0.2867873120296886,0.33347114953964735,0.4463135122490009,0.4756893632811535,0.47797905948772584,0.40010704901855804,0.5069110106169933,0.5584014648678113
r18077303,Kudlu Lake/Kere,10_20,102,102,0.26428470761250167,0.30805038794474415,0.39217047878513644,0.36991625279603607,0.39084036966176783,0.3522366825317998,0.4068316667476382,0.44213867143811625
r18077303,Kudlu Lake/Kere,20_30,109,109,0.22554284559069718,0.24890735313996976,0.3154017309318506,0.2808037346256334,0.30436159601151613,0.26586721415485254,0.2929742745728294,0.3130459086124696
r18077304,ITI Layout Lake,0_10,62,62,0.20864782805291698,0.25867800437541466,0.3317348672074405,0.3444443614757032,0.35809174462246207,0.373750561163983,0.5492951311967926,0.540347427709219
r18077304,ITI Layout Lake,10_20,61,61,0.20643375152971252,0.24279411154235112,0.2840678341879551,0.30511712228815935,0.3038300811961345,0.30160652159576173,0.40714674986493815,0.39306773511723525
r18077304,ITI Layout Lake,20_30,74,75,0.18567966583393017,0.21524609233449007,0.24953753122332822,0.24051730010007888,0.23058593228618132,0.21441311164483337,0.28557233234647217,0.2714437178640838
r18077306,Munekolala Lake,0_10,94,94,0.31644113316098516,0.3348754567841387,0.532795613331902,0.5541195449941498,0.520145406279616,0.481192267428983,0.6012007796033301,0.5332812775405719
r18077306,Munekolala Lake,10_20,97,97,0.31293406075656366,0.35737749613071285,0.544648464352297,0.5526863583370014,0.5493776659902445,0.5128640550592063,0.622538433240027,0.5727999451343996
r18077306,Munekolala Lake,20_30,109,109,0.268750960151225,0.3097768634643373,0.43039352093708855,0.4253418663106379,0.4184632539063203,0.3871363301121333,0.47374215191109825,0.4360573974426805
r18077307,Seetharampalya Lake,0_10,95,95,0.39993113671349534,0.4137141676298003,0.4287748557649,0.34457294219933116,0.47198318748274554,0.42875504023525596,0.48018730248934205,0.46506863176112423
r18077307,Seetharampalya Lake,10_20,96,96,0.328751755248849,0.3038896595961369,0.3789667048756762,0.32264198601631483,0.40875342763094547,0.3975435880097038,0.4423040764726165,0.4395115325439445
r18077307,Seetharampalya Lake,20_30,93,93,0.33065342234587597,0.3223405490527729,0.3690543410853563,0.3452590307329578,0.38563056608403784,0.3629763714073066,0.3751037074848106,0.3899704263274665
r18077308,,0_10,88,88,0.30326691759508867,0.36752629813963494,0.3481541687712617,0.28173493125139454,0.401409701771428,0.32557651498492457,0.43796667554717866,0.437994708680634
r18077308,,10_20,75,75,0.32646766388115517,0.38218404975554365,0.37830914994037945,0.3312566866878795,0.4179147285135698,0.38723024882150614,0.4837114702697221,0.4525975589050764
r18077308,,20_30,66,66,0.33726266754452744,0.37308901044194476,0.4101413574724922,0.41913670910992595,0.4565852284573299,0.395865642808606,0.47332573470833,0.4455051867157354
r18129933,,0_10,325,324,0.24937823901557712,0.2620718630937167,0.35141265113490777,0.36609182359680126,0.3202228972806693,0.2846320200021949,0.3891894050847371,0.3711991046996721
r18129933,,10_20,256,257,0.2791520891936683,0.287863303762775,0.38498093623804575,0.3928690987523253,0.4324742326224197,0.3160022880258803,0.4148269941113843,0.3872002212985907
r18129933,,20_30,252,252,0.2827021243126857,0.2913425923891272,0.38352698959997245,0.3661300047286312,0.445948258380983,0.3297347665617587,0.41304119366191944,0.378523745091962
r1827922,,0_10,157,158,0.12929564315731223,-0.2951651711830682,-0.3167144527516166,-0.1665871182534955,-0.14500948648932102,0.0027153994619430843,0.2118407663418905,0.20164490907453672
r1827922,,10_20,152,152,0.20565279635101014,-0.07657155470607145,-0.1301631563748004,-0.037089332118572585,-0.012618861956505623,0.11837744955327266,0.2519204882051176,0.2500869034445324
r1827922,,20_30,157,158,0.25046232443473054,0.13845492298621373,0.10217951278504911,0.13317678167390853,0.16177622639537947,0.21768201442518376,0.28214322587659135,0.278420500912639
r1853330,Vengayyana Lake,0_10,274,272,0.5660794324914845,0.6570087353945766,0.6916442302171233,0.6046275154016812,0.6357561989826944,0.5401889709758408,0.33300601240039496,0.4170253088470764
r1853330,Vengayyana Lake,10_20,233,234,0.42849972128753683,0.4649936260953483,0.5164437714005776,0.43762428949259746,0.4298518225414223,0.36268156941291047,0.3399228695943536,0.32900474402765695
r1853330,Vengayyana Lake,20_30,231,231,0.3283205186054496,0.36512653258090644,0.4120406833234248,0.34869320747406457,0.34431372200182137,0.3091611366227083,0.3192657156126302,0.3072739111656967
r18575411,Doddathogur Lake,0_10,183,184,0.33108400133775523,0.38848696218650874,0.43840065367578457,0.299647723434233,0.19833058057923342,0.20935834447288307,0.35956245944547804,0.40184950663181557
r18575411,Doddathogur Lake,10_20,188,186,0.3335527194618252,0.36195294997053423,0.41235168939267436,0.32402848225384817,0.16878435158295232,0.2064200894615043,0.31160874718555126,0.3538625347224677
r18575411,Doddathogur Lake,20_30,194,195,0.3435800441244458,0.36036396300784,0.4272667467097918,0.368011586917885,0.17303441264620875,0.2202194210032352,0.3237312366227106,0.3579452811948651
r1857615,Halasuru lake,0_10,435,431,0.5533445751975293,0.5152293411598993,0.4942573339946058,0.5010848719540888,0.5077395324589595,0.551872979413625,0.556729746043881,0.427224083180038
r1857615,Halasuru lake,10_20,343,345,0.4915942827552772,0.47020976171572765,0.4658812855398167,0.4717211988899513,0.4915067577237903,0.5226471838881322,0.5343937033911972,0.45694613955210506
r1857615,Halasuru lake,20_30,300,300,0.42711717792205955,0.40262716138997456,0.39996444255313496,0.402774334306116,0.41984454224711426,0.4478849293898071,0.4593085148144951,0.42374941165076196
r18772594,Kaggadasapura Lake,0_10,253,251,0.4965255303252833,0.5472463083532234,0.5313122798122389,0.3450972585657753,0.18056414478435748,0.20822074087755207,0.22355673208910706,0.260131330767026
r18772594,Kaggadasapura Lake,10_20,218,218,0.3281119528427341,0.3763794159303308,0.443636148613992,0.306082552975141,0.22085525273429787,0.2029947602289956,0.24948596911462717,0.28392862872775504
r18772594,Kaggadasapura Lake,20_30,215,216,0.2832188140477028,0.33520541943765036,0.42334963575805845,0.27912542999671514,0.2431647773909912,0.21311664796151078,0.2534721940082942,0.2578054680311432
r19063723,Doddabommasandra Kere,0_10,388,388,0.313820358715752,0.3815615326960528,0.5750050356078328,0.482265297787858,0.571132832209049,0.540067041003601,0.6019142230678962,0.613313167826899
r19063723,Doddabommasandra Kere,10_20,325,323,0.3454660921216043,0.3971957814967922,0.5157801170723832,0.4744261735320537,0.5375090777818106,0.54561156328539,0.6133600315507716,0.6116531863290338
r19063723,Doddabommasandra Kere,20_30,309,311,0.33769572317688323,0.34195456971453314,0.43948662219292434,0.40669601572649117,0.45425561704382167,0.43483816298015515,0.47110721116465565,0.4692125876793452
r19306126,Varthur Lake,0_10,981,979,0.6630618374699273,0.4765555051414687,0.24182862619779025,0.32417157264393515,0.40015747171517,0.35882521018004027,0.3486067988989485,0.34063315037940634
r19306126,Varthur Lake,10_20,731,731,0.5636554561583179,0.25139782596712806,0.310063821637793,0.29511707359372086,0.38333798373343164,0.34962058325363377,0.3542926950071744,0.3356316620842812
r19306126,Varthur Lake,20_30,741,745,0.4990692881670909,0.29317464207478616,0.38785162498803194,0.3591278131853731,0.41328992978836954,0.3732122777098195,0.3938710495218225,0.3654825417137519
r19353942,Ramapura Kere,0_10,597,599,0.7816276623864102,0.7787457870647085,0.45456435780118254,0.22903152270461252,0.24565771878724424,0.20372744712384971,0.3687069771507694,0.2171545128156426
r19353942,Ramapura Kere,10_20,376,375,0.7224357192602926,0.7424826478296414,0.4471924590951817,0.23994353561287213,0.2381003317766531,0.2292982873882536,0.29611888393380875,0.257570507121794
r19353942,Ramapura Kere,20_30,382,383,0.6648038166074931,0.6919518559230262,0.45568868706005944,0.323314700477478,0.31801461101323536,0.30252910109628794,0.37252550004165524,0.339173296640234
r19422828,Kammasandra Lake,0_10,402,400,0.3378753369905136,0.36243337956865324,0.35113989294496933,0.17220256914109716,0.22391405953178403,0.17901923305597456,0.3437133226138716,0.3587744492060913
r19422828,Kammasandra Lake,10_20,256,258,0.3873448939361265,0.43396700804862837,0.46099165135250714,0.32246355840184215,0.2971912476980666,0.22554244727708025,0.3560782983275626,0.3315556980505943
r19422828,Kammasandra Lake,20_30,248,246,0.4129223755664401,0.4796673486131658,0.5157451846984317,0.4202393000198188,0.31052871188589665,0.2902036981023493,0.42476857972319954,0.41543022025792514
r19422830,Kammasandra Lake,0_10,149,149,0.4491800819474159,0.5313336083370492,0.5437312700433136,0.4916476603277863,0.23179860840049088,0.19086110393642913,0.3652818187501925,0.3400382877629427
r19422830,Kammasandra Lake,10_20,160,160,0.47643070191284587,0.5347083463499408,0.5908512964328211,0.5159526864318024,0.29472028548246476,0.28393186136143145,0.43902975961594637,0.40976591608612606
r19422830,Kammasandra Lake,20_30,160,160,0.4199983988962413,0.4316011418385502,0.5329992797835773,0.4705517927147781,0.3394524944984366,0.32498005837418154,0.4320112276269277,0.4051802700060751
r19427514,Choodasandra Lake,0_10,176,176,0.257021538086701,0.35943047355218255,0.5438637398601378,0.460137901622137,0.2666528347718027,0.11778282808146985,0.18930856174312022,0.20817495486602294
r19427514,Choodasandra Lake,10_20,139,139,0.215424398213491,0.2733471925716902,0.41433764991113553,0.33959297288615514,0.25797319781807987,0.129652139375178,0.18866033034823768,0.20329703704828728
r19427514,Choodasandra Lake,20_30,129,129,0.17589763991985366,0.225311618080218,0.31556700693192213,0.2537362688871987,0.22762491089216838,0.13821527764481914,0.1956126793096521,0.20380313526261837
r19470041,Thalaghattapura Lake,0_10,133,133,0.5802778274944816,0.5979077542653014,0.3085294566948613,0.29470599764790817,0.4248312102004801,0.2683150860147676,0.3132272755788385,0.36921641682305506
r19470041,Thalaghattapura Lake,10_20,136,136,0.4312909983203597,0.4507643199249505,0.3081359207347544,0.25005977475926366,0.3166011011401409,0.2319286791305188,0.2907679899240878,0.32656276009628477
r19470041,Thalaghattapura Lake,20_30,125,125,0.3530226381117544,0.3639708432193421,0.33511984016101154,0.2912766747465827,0.31501059632846534,0.23838560025228087,0.3069297356130961,0.3223963771448468
r19470051,Bidare Agrahara Lake,0_10,118,117,0.2851692903802447,0.47310717268712427,0.5051631755641273,0.515654098087221,0.3265952878955737,0.15338715269467246,0.2591893401611201,0.30949123281794655
r19470051,Bidare Agrahara Lake,10_20,112,114,0.2982535045895373,0.40302171052921576,0.455086242474132,0.4856945776805645,0.398073058026461,0.23581131764755037,0.36982554909990334,0.3835231273775373
r19470051,Bidare Agrahara Lake,20_30,124,124,0.31471912015299924,0.39962902788009413,0.4706240173222007,0.5027985256386592,0.4416227594848822,0.27978502973415487,0.41061985804402223,0.40867671344406964
r19509697,Begur Lake,0_10,372,374,0.1260813339395084,0.24041055053929516,0.3222220882407242,0.3949458230436158,0.321340654173901,0.2540937591292695,0.273906598739894,0.28540276606681425
r19509697,Begur Lake,10_20,325,325,0.15829287770624267,0.2538673771731059,0.3323603465685801,0.3409153492160012,0.314127146759087,0.2686422409107662,0.2597520648363737,0.27970949403965306
r19509697,Begur Lake,20_30,331,330,0.17501647445179883,0.25451191216174407,0.32859191850026115,0.31907544114543157,0.2844426457631656,0.2634847627014947,0.2696351677081904,0.2766906896478671
r19509700,Arekere Lake,0_10,160,160,0.44689154278146137,0.45566015061427834,0.5179194994115821,0.4727592646043662,0.44844144865975333,0.3289475632219213,0.20691574947078317,0.2174078276602399
r19509700,Arekere Lake,10_20,152,152,0.3357163635255758,0.3583724437951254,0.4121849810465898,0.3784893842246355,0.3652705879139037,0.3030788082046702,0.19993725766371906,0.2313686748998005
r19509700,Arekere Lake,20_30,161,161,0.2714331855281366,0.30191283555030823,0.33854923548257343,0.3039839530219514,0.2959640614808171,0.2508109522114286,0.20700056562505617,0.23119977024089114
r19509702,Kalena Agrahara lake,0_10,78,79,0.19228869176536678,0.14361018984846138,0.2134237434010155,0.2773163200257258,0.3048991059709776,0.2674133755572175,0.3440987825677174,0.3893169234350723
r19509702,Kalena Agrahara lake,10_20,84,84,0.21113819129312927,0.21985139036261425,0.281807089662731,0.2986498233248532,0.348257758294271,0.29775764970469537,0.34784717204002324,0.39985714581546605
r19509702,Kalena Agrahara lake,20_30,88,88,0.2355728168953125,0.27923030901919993,0.30588258280375963,0.2933964934467207,0.3364174602506665,0.24342663165185377,0.2772594211766718,0.32341678525968676
r19556136,Thirupalya Lake,0_10,108,107,0.5444179162616968,0.558461876454253,0.6212254454692958,0.6599056944850369,0.3522800016819551,0.2723418915160543,0.4097861732574348,0.3895435733896647
r19556136,Thirupalya Lake,10_20,108,107,0.47602883865381046,0.4831714354868737,0.5401607213999723,0.5893843016068134,0.32343293464858636,0.35222038136853034,0.4535543531949871,0.4381053496396445
r19556136,Thirupalya Lake,20_30,108,109,0.3767059238110836,0.3915005040303121,0.438244639341252,0.4677655855657378,0.2822673889725459,0.33649386179757884,0.41488958666878406,0.39895134546947986
r19579350,Heelalige Lake,0_10,126,127,0.6073715512076072,0.4775551417733698,0.5319614727726322,0.37541461830142375,0.2368837987703861,0.1605518242091077,0.45821127009425794,0.36824081165047773
r19579350,Heelalige Lake,10_20,115,114,0.6013955146462192,0.5276777512099209,0.5859591361771315,0.4678096137187466,0.3294479717195541,0.15571742166974525,0.3745226640505185,0.2789543385426876
r19579350,Heelalige Lake,20_30,125,125,0.60766381100825,0.5750173015006147,0.628915652681232,0.5522870887199581,0.4550399977304615,0.22443772903255438,0.4077227027455928,0.39442663401745276
r20385748,,0_10,291,290,0.3428597357527334,0.31358980327916547,0.43091838945424626,0.36669815712016013,0.36252857826369,0.3662724485724481,0.46619400386550164,0.40235545596326794
r20385748,,10_20,286,287,0.35293734383419617,0.32109561213468996,0.42601665903873026,0.3775808025488132,0.38502095198841585,0.37604365923621125,0.4735132361998168,0.40899125554342136
r20385748,,20_30,272,272,0.3576351928174654,0.32503864610912087,0.40447795518290114,0.3764814412683909,0.4079391300578006,0.3708487576806856,0.443323889406797,0.3825151993643571
r20742762,Doddanekundi Lake,0_10,325,325,0.34268597795722056,0.4366823707330829,0.41127817200374606,0.39437569486070584,0.29541234474551137,0.36591156264446323,0.4085594561214975,0.3329087283698973
r20742762,Doddanekundi Lake,10_20,303,306,0.34110218877225873,0.427397733800631,0.40986496292772445,0.3868293514821528,0.3413748217698403,0.34402567419830277,0.39526970921388027,0.3539972607908463
r20742762,Doddanekundi Lake,20_30,297,295,0.3034043060675587,0.3723004521281908,0.3613794811910216,0.36036355415568233,0.3425193276153238,0.30131920678556223,0.360747482257716,0.3266090036149921
r21057552,,0_10,145,145,0.31069114902117956,0.37903412189080216,0.4565987145906008,0.44210372788875874,0.4856966058549672,0.150553643105934,0.383875034144063,0.36069220895263987
r21057552,,10_20,125,125,0.26467628874176397,0.3216750728074179,0.39908808285864766,0.37817553887473593,0.42151617373915334,0.17878793013325522,0.3342256736034087,0.3121838965065935
r21057552,,20_30,124,124,0.29072543125472455,0.32015967528476336,0.3925274593296274,0.3913707882708556,0.41751294991301197,0.2230887468727696,0.37205599951898355,0.34207403515656515
r21373539,Vidyaranyapura Kere,0_10,76,76,0.5765800317198632,0.5839732157100914,0.6216159081099039,0.5606138547520363,0.5656932068001628,0.6316884570687621,0.6544655370711201,0.6059601058851706
r21373539,Vidyaranyapura Kere,10_20,73,72,0.4529282584667346,0.42504939078406,0.46516075360411996,0.4327608060998373,0.42979594508737606,0.4608263928129179,0.48937187152138456,0.4739279294100456
r21373539,Vidyaranyapura Kere,20_30,70,70,0.3419603907517067,0.2990147875836131,0.34043174726100517,0.3299310231721665,0.30849652856201804,0.30386466371849336,0.30528318710107843,0.31358278402725037
r21390988,Amruthalli Lake,0_10,130,131,0.29346245173672547,0.3010697491174413,0.49899424859925384,0.4341671408383457,0.32677332362269856,0.2857870319957724,0.4026759677136728,0.44942730881089743
r21390988,Amruthalli Lake,10_20,128,127,0.20321747754956376,0.22020538838723416,0.3696063921031384,0.3027065547005976,0.30355657761669014,0.2453314116309121,0.3004420467669335,0.3582089569365266
r21390988,Amruthalli Lake,20_30,123,123,0.20014018745949574,0.20978016936098515,0.32344752656950776,0.26728333698758794,0.28061508578044525,0.22616844274551628,0.25340240736204833,0.2877121669106211
r2310400,Chelekere,0_10,147,147,0.33658909868949666,0.48021197830976714,0.5118537598476339,0.45809315096721953,0.46405207991256603,0.4550889420674979,0.5429214033028373,0.5670013923491785
r2310400,Chelekere,10_20,126,126,0.3547987190108173,0.48362781899576174,0.5626987919028804,0.526511330629885,0.49703548720006624,0.48254979569389245,0.5469119376602164,0.5796736855808496
r2310400,Chelekere,20_30,117,117,0.33227242861531964,0.4316918772304921,0.518613136125283,0.488065142949804,0.4518336184374746,0.42091348489492236,0.4427375495926421,0.46475524794687834
r2310417,Madiwala Lake,0_10,711,713,0.37133567613616486,0.6100651295873564,0.45324067939593304,0.5230592774369184,0.5488274878441602,0.4180067226861623,0.6218191844898473,0.5283800925982057
r2310417,Madiwala Lake,10_20,586,583,0.35216806721837185,0.46947944602268804,0.4113502147286576,0.43415194796458423,0.43384005207095855,0.3601311969590974,0.48863776024973643,0.4060311470475902
r2310417,Madiwala Lake,20_30,520,518,0.3072748799064837,0.40034690494554026,0.38978218366249057,0.39428086303507603,0.37355584752335724,0.3261846548094538,0.4192363040267217,0.3494963897245536
r3120373,Iblur Lake,0_10,74,76,0.12650260384446357,0.17583382246679918,0.26296853320796737,0.24815352198999155,0.26963097688486587,0.28564688287138723,0.36280335553741316,0.3813681071280843
r3120373,Iblur Lake,10_20,81,80,0.16044286997102492,0.19839323649422583,0.2762820211621346,0.28503156237687816,0.3143134937598434,0.31166127505074165,0.37079042670468315,0.386815665975707
r3120373,Iblur Lake,20_30,80,80,0.20936776089968273,0.22504201117909636,0.3289313842321131,0.3188136275035846,0.3328669939831841,0.3095236590365244,0.35510671325965737,0.35590456596043596
r3127245,Benniganahalli Lake,0_10,128,128,0.1925122257733383,0.2297675429738255,0.311396230141699,0.3232886593820452,0.3241316819281565,0.26264998818004615,0.35773897221989687,0.3072363601427431
r3127245,Benniganahalli Lake,10_20,127,127,0.2241695880887217,0.2801808687345933,0.31168628712481966,0.3319971670935619,0.32873406748740597,0.2565790939422449,0.3406566704400868,0.2785444744598533
r3127245,Benniganahalli Lake,20_30,132,132,0.23740991554212776,0.2771691021823422,0.27384412510610184,0.2744365132916847,0.2682222451484634,0.19462598546480622,0.24895663464522025,0.1875215018205218
r3507925,Puttenhalli Lake,0_10,101,101,0.39039054232310905,0.38985181379975975,0.3818706058404267,0.40293223849659154,0.4529324361134254,0.417868437581523,0.4588078452558548,0.45592522736293034
r3507925,Puttenhalli Lake,10_20,98,98,0.24467478456994884,0.25897562267734686,0.280179369021353,0.28660399581098406,0.30344648696754767,0.2871129826307155,0.30921863762381646,0.32212278712819326
r3507925,Puttenhalli Lake,20_30,106,106,0.2066472803718953,0.22223905678258,0.2443477588432741,0.23534384698882083,0.2442874753223711,0.222005783575269,0.24735578799486052,0.24653706742032705
r3816212,Mathikere Lake,0_10,246,246,0.5627659276369564,0.6317958440653159,0.6100639762449075,0.4115529992991166,0.34640458980398914,0.3689093652490978,0.453902945856816,0.41998046087579677
r3816212,Mathikere Lake,10_20,228,228,0.5499072135096298,0.6085395089495985,0.6006010775641083,0.44911567114221945,0.42774299732575805,0.41331976089676575,0.4970611243821506,0.45089495640622884
r3816212,Mathikere Lake,20_30,232,233,0.536914480520342,0.5855816243736559,0.5860202899989175,0.4430621229291373,0.43698666413139153,0.42080853684413433,0.5046164191532843,0.4637970634912485
r5660111,Anchepalya Lake,0_10,310,310,0.5443005681690715,0.539885940358141,0.5758521970366117,0.531216476186095,0.590139102572775,0.4836034007970829,0.5362176957315723,0.489707081683231
r5660111,Anchepalya Lake,10_20,293,293,0.42071899463489937,0.46158673980352455,0.4990203292919135,0.46246134777085324,0.5047405155657925,0.411947073754523,0.46582804117179527,0.41190390654823317
r5660111,Anchepalya Lake,20_30,293,293,0.34747462741184926,0.3760857428254085,0.4212393059480365,0.38022575509206746,0.42332910139168534,0.33903200199619626,0.3899020436108867,0.3453811619468953
r6041559,Rachenahalli Lake,0_10,365,366,0.3294359313258812,0.38856177383066604,0.5036530338213414,0.4369651914643994,0.457773346122982,0.44219353157862507,0.49814132396784894,0.5315383676018623
r6041559,Rachenahalli Lake,10_20,346,346,0.3394401433930236,0.3860108858643057,0.4757370919384678,0.45426049586763323,0.4679537213586306,0.4376849349759783,0.4792258543709471,0.5110017424468716
r6041559,Rachenahalli Lake,20_30,350,350,0.35102274945571404,0.40359790178889576,0.47600662780961345,0.45124106042887124,0.4523807603077686,0.41866826585042777,0.44770405675956,0.47505571416925485
r6183523,Chinnappanahalli Lake,0_10,71,72,0.4186707472955967,0.5138736474104838,0.5670784825106244,0.509117959734282,0.520157006575736,0.5141540347115607,0.564222377970316,0.5671183090465411
r6183523,Chinnappanahalli Lake,10_20,76,75,0.3762834960172775,0.4408839593676003,0.5005273835025075,0.4517585972419797,0.46735594747534465,0.3985110574271597,0.42015235952992,0.427055456789632
r6183523,Chinnappanahalli Lake,20_30,84,84,0.2925442723810515,0.3450398313194749,0.392466839349241,0.3543927144457844,0.3540179757834187,0.26642171434809336,0.278500813350641,0.2814830949403903
r6586695,Herohalli Kere,0_10,162,163,0.35071037610530953,0.4820937494063795,0.5373186804048838,0.49934586651630275,0.5048676400772573,0.46021103906890254,0.5407693264798,0.5215833803088675
r6586695,Herohalli Kere,10_20,162,160,0.3289403194174246,0.40797947992445793,0.4596901085514856,0.43558150807417845,0.4451272139184933,0.4081519052562664,0.48320196175028746,0.4566989714696721
r6586695,Herohalli Kere,20_30,164,165,0.2634292879188686,0.31286660046341713,0.34954254949962876,0.33117369759186344,0.3309843215388851,0.31194622826770807,0.3340640850738412,0.31972061391876677
r6586696,Kommagatta Lake,0_10,185,186,0.45553295636232416,0.5007250616442204,0.5576509779765466,0.4972007213631607,0.589700259997918,0.5169568927843552,0.5653824524577727,0.5859424270290534
r6586696,Kommagatta Lake,10_20,174,174,0.4362244000621195,0.47122124037682944,0.5161462916852932,0.46681144157338206,0.528438170164237,0.4623302087839953,0.4893681921463332,0.5110390388017896
r6586696,Kommagatta Lake,20_30,181,181,0.4213305655137903,0.45140755500472,0.48898477503843885,0.4416760273013235,0.48325492242299956,0.4115650997840404,0.41859912390656023,0.4423399591224605
r6820030,Kaikondrahalli Lake,0_10,213,213,0.4258833607014592,0.49733217641579347,0.5296470812740458,0.4958488244265155,0.5257369298812554,0.48103805950110623,0.4835851084748739,0.49853854617339866
r6820030,Kaikondrahalli Lake,10_20,204,203,0.33279583486611986,0.3590282763691773,0.4368660228352853,0.42211756241952114,0.4420619705697803,0.38484148515159283,0.3759124263936724,0.3755320331677477
r6820030,Kaikondrahalli Lake,20_30,200,201,0.2302198044397191,0.22644628578651171,0.30024109773573165,0.3222792858400786,0.34150179807714154,0.2845686261772577,0.295839168384345,0.2774149556040397
r8250847,Lal Bahadur Shastri Nagar Lake,0_10,287,288,0.20660958419318418,0.3046565635341189,0.3347797471239153,0.3863113556010485,0.47341349122754284,0.3491176783480832,0.4599886746301673,0.42051057878319414
r8250847,Lal Bahadur Shastri Nagar Lake,10_20,246,246,0.21740731751205467,0.28348402687758045,0.3162329110429683,0.3468540547138855,0.4005533050797149,0.363920166317747,0.42950771078699096,0.4022642087722612
r8250847,Lal Bahadur Shastri Nagar Lake,20_30,241,243,0.20204388457679223,0.2649297493582788,0.2934537014795875,0.30787658458536155,0.33304712903849876,0.29982809405265126,0.34004721520001313,0.3100397489710557
r8754543,Hebbal Lake,0_10,457,459,0.3629734455850537,0.6243210500811153,0.5620049808888136,0.5424706412001653,0.5596795448607118,0.5144401787821689,0.5611531413295537,0.4166073031008565
r8754543,Hebbal Lake,10_20,428,428,0.3870930010651532,0.5561687029123044,0.5604735050797915,0.5618410740044544,0.5765382980811333,0.5197738009424825,0.5754993536574247,0.4512942801550073
r8754543,Hebbal Lake,20_30,398,399,0.3772221484098793,0.5295757345047855,0.5616358925623086,0.5517278319963347,0.5602549488552668,0.47953017431958916,0.5315132543468952,0.42992446784740995
r9269383,Sarakki Kere,0_10,303,301,0.14638830370385522,0.2535202084943733,0.2615758696610753,0.20412322296810798,0.1997521789024781,0.1961450061669829,0.2378733150077588,0.26363436217884234
r9269383,Sarakki Kere,10_20,289,290,0.17815341391080994,0.23161417845722654,0.2792686917888643,0.2556956295214556,0.24707542584905284,0.2817767548152876,0.35228881799722295,0.36549466826521254
r9269383,Sarakki Kere,20_30,276,277,0.19979587503343682,0.2436131216156857,0.3013220932851159,0.27739168340410897,0.27479559836139583,0.3017829130098022,0.3743822580193953,0.37674851915549407
r9321012,Jakkur Lake,0_10,525,527,0.41655895735316234,0.5116770891720347,0.5283213116380465,0.4368589398137465,0.4499684488390999,0.35464656045660276,0.44276017287046443,0.5019006724524024
r9321012,Jakkur Lake,10_20,474,474,0.35785090671369435,0.4134798045627539,0.4544274299356174,0.4405791691731583,0.45997519402004683,0.3975212749298751,0.46598756496343485,0.4880937573025512
r9321012,Jakkur Lake,20_30,475,477,0.36336838226876067,0.4175780228369825,0.48035342865278796,0.4779808275362169,0.49850446902344775,0.41658419415101344,0.45933787809308335,0.44463530984308297
r9362927,Yediyur Lake,0_10,91,91,0.5324128101074715,0.590188931944374,0.5942169555525113,0.5766221718917118,0.607524262323482,0.5819226298589516,0.6670044703324775,0.6304454035544063
r9362927,Yediyur Lake,10_20,93,93,0.5108766798607938,0.5567354766340378,0.5779827174811979,0.5569248670888538,0.5786122323967543,0.5526357590818475,0.6310509316872162,0.5957474278088601
r9362927,Yediyur Lake,20_30,95,95,0.3562386977999387,0.36705614405206477,0.40577047786315446,0.3929667760086111,0.4185451527018894,0.40118502645698345,0.4638234236750837,0.43732477161974714
r9431132,,0_10,127,127,0.46560625916182513,0.5304274171926362,0.5364692641877645,0.3097926633480781,0.14299671852675933,0.2204822625580443,0.23934948412180082,0.265212160504206
r9431132,,10_20,123,123,0.3057976385664136,0.3335063955037625,0.3338967745070699,0.2415601338382821,0.2060514256449486,0.22521410845569856,0.26469756349282875,0.3070320392211643
r9431132,,20_30,128,128,0.24286950594536613,0.26001434500653603,0.23626033099694566,0.21158282788616195,0.22703449299192438,0.2338398831754495,0.2536203778294202,0.26525192451721497
r9432609,Seegehalli Lake,0_10,177,176,0.31542579501370993,0.3976102275771343,0.4401848322495159,0.37422148841862746,0.46138585448648484,0.45809239612310754,0.593779999885789,0.5759736957698018
r9432609,Seegehalli Lake,10_20,177,177,0.2796444909775714,0.36214953962594615,0.39571336898658904,0.3444029515441419,0.3902999493480873,0.3821966887142409,0.473757238289955,0.45579220808117904
r9432609,Seegehalli Lake,20_30,179,179,0.23616547156219278,0.28091548703808483,0.3173924298811288,0.29085986133016656,0.29389165720264754,0.26378467537953526,0.322701468201153,0.29764420779577405
w1025444560,quarry water,0_10,122,122,0.20307072197836218,0.2178928460804247,0.2693798346284924,0.2601923407973834,0.2856422823450491,0.25785789785858726,0.27537390204811724,0.2121877778952259
w1025444560,quarry water,10_20,126,126,0.1468066038670488,0.151668921695167,0.19412571118413546,0.18864095212646736,0.2134426933242382,0.2004518757146663,0.21236364563059937,0.1931687983643218
w1025444560,quarry water,20_30,135,134,0.1352389409448682,0.1316505502762439,0.16722059834608335,0.1567170355222031,0.17037818232565916,0.16245609013885828,0.1603348831601416,0.1581086524838192
w1025447742;w1025447743,,0_10,126,126,0.13543957639540138,0.13782076363157117,0.1799034408052962,0.13178889905137928,0.22655114875382223,0.15382391699306056,0.1563879859310575,0.13778680435698631
w1025447742;w1025447743,,10_20,132,132,0.1187282237828904,0.12193896506364144,0.15679039091253766,0.12417687121798986,0.1651482884909128,0.13435604504711632,0.13510673014086533,0.12467487696432233
w1025447742;w1025447743,,20_30,127,127,0.13338949101890288,0.13394130129859425,0.17403057311418169,0.150014287916691,0.1630515772274791,0.1582350752637866,0.13990185715937287,0.14658530029034397
w1025447749,quarry catchment,0_10,57,57,0.1659139361396377,0.19921772987580766,0.2719993770989559,0.2938182356772352,0.24532064934554337,0.26252977852047904,0.21430115831881197,0.2338003647389192
w1025447749,quarry catchment,10_20,65,66,0.18411562154760774,0.2116223746315383,0.2797502780226708,0.31295897196194983,0.25226502586057575,0.2708944498553713,0.18590828134237836,0.19269589101837087
w1025447749,quarry catchment,20_30,68,67,0.22397096995001817,0.2626951111820133,0.34048817303249224,0.35031520911123226,0.30518796421857075,0.32009600292449275,0.1945154177638405,0.20826740441166405
w1025447750,quarry catchment,0_10,50,50,0.18418744316774258,0.2146298276040685,0.303749106880647,0.32452510373382787,0.2511759336415514,0.22017434496784735,0.2872989636418063,0.31859436852426676
w1025447750,quarry catchment,10_20,57,57,0.17551934399175986,0.19066005368368782,0.27549499416558393,0.3158121523338573,0.2679906394474778,0.21630628869349947,0.27964340939317556,0.294233381289271
w1025447750,quarry catchment,20_30,64,64,0.16073011735136172,0.18369435748059673,0.25166199161237063,0.28685987171637817,0.23100317681585508,0.19104429840138895,0.25787379227915463,0.26515350712855085
w1025474624,,0_10,55,55,0.10020601831983211,0.12359581786568577,0.19651677116938576,0.17336650283538105,0.20651076963041273,0.14899915769763933,0.18334082562566062,0.16392186705440503
w1025474624,,10_20,64,64,0.1224583658762684,0.13188644684782783,0.21591412414170785,0.18813531648893966,0.2327093668128738,0.1768525182050721,0.217158210999455,0.21217711213711538
w1025474624,,20_30,70,70,0.1259653410197124,0.136083436165133,0.22289357347570132,0.22136807967519923,0.25280254881909037,0.19386766688839,0.22165767426979474,0.22417463812306618
w1025474625,,0_10,45,45,0.10124819015335865,0.13076136190670862,0.16706008041813264,0.18595494278128685,0.1633090409064053,0.14998532980533344,0.16218690106844522,0.14665337583357582
w1025474625,,10_20,45,45,0.10185390019012011,0.15999709814796567,0.20482598407010572,0.1971731307699688,0.17465683292265885,0.1491403998557421,0.15785643318514858,0.12590741361867075
w1025474625,,20_30,52,52,0.1212437817184939,0.21419873656311414,0.26464808583348687,0.2304921122731013,0.24886511997160435,0.21844613676982522,0.22486134194094895,0.1715714339083975
w1029924034,,0_10,338,338,0.26562887388371437,0.31552133038589364,0.41778329826005284,0.43833323720335465,0.5358147793729573,0.5277460554166593,0.5623977161900554,0.5180169969969218
w1029924034,,10_20,347,347,0.2510592159547212,0.2833815728719042,0.35236895307171917,0.37010371928973246,0.46068071373573555,0.42720613759944503,0.4607276188708108,0.4181613120082533
w1029924034,,20_30,353,352,0.28865193277223805,0.31543658164357563,0.37377095955488854,0.3976136103852665,0.45401297886692754,0.41512370518115344,0.45998713817441905,0.41778445195784736
w1029925474,,0_10,52,52,0.18067167134084938,0.15161420270848439,0.25933885786699923,0.2052591421382804,0.18493671797839895,0.13044401291792856,0.19433439167694824,0.19680541936081283
w1029925474,,10_20,57,57,0.21863892675542357,0.18534219945757682,0.29422652383092146,0.2387485123912246,0.23006460372029713,0.17463737551134956,0.23657050711475533,0.23220580019248893
w1029925474,,20_30,65,65,0.22284500413491293,0.19322153443025966,0.29734757862126426,0.2576364340249794,0.26987830448409594,0.20379864916799426,0.26319014788526895,0.24707643588853756
w1039322029,Medi Agrahara Lake,0_10,133,133,0.3559593901983781,0.41030902945474595,0.4639094639224314,0.47232418712390245,0.4781676612623733,0.29948795801033923,0.35185866247833064,0.20824636823390025
w1039322029,Medi Agrahara Lake,10_20,136,134,0.33219647520149864,0.36222831507068065,0.4203470734732472,0.4371359167301175,0.42659951461657725,0.23289204833313587,0.281853269125341,0.18869184506769748
w1039322029,Medi Agrahara Lake,20_30,144,144,0.32664968512415865,0.3611732463123134,0.41596511598122926,0.43764740383476514,0.4206171235452896,0.20247838942656296,0.2447201306609312,0.17478741464868403
w1062555441,Chikkabelanduru Kere,0_10,209,211,0.295272309790336,0.3240510254838897,0.43937717899255224,0.4132316847889257,0.21285736973199856,0.24699728096541865,0.4183829370833419,0.3490521668506599
w1062555441,Chikkabelanduru Kere,10_20,215,214,0.3000128800466268,0.3102105353035046,0.4174654027497547,0.38560325536794426,0.26205977535637126,0.27073415793916505,0.3702100744681544,0.3253821087642554
w1062555441,Chikkabelanduru Kere,20_30,223,222,0.2646924697503874,0.2679474184281414,0.37685530917482246,0.34220686915665693,0.3052425597310405,0.2887237004850605,0.3498023666331193,0.3196123946234366
w1066603079,Shingena Agrahara Lake,0_10,342,346,0.32786618575538273,0.36143923161584607,0.4696796969985887,0.37693261351339175,0.4347878613980807,0.3491363122776034,0.39928009442782864,0.41494974998605216
w1066603079,Shingena Agrahara Lake,10_20,349,348,0.3223370543112855,0.3497206670734801,0.46620224991968173,0.3787741177710153,0.44197379809528275,0.37754737060681426,0.4049549988956639,0.42491109596492155
w1066603079,Shingena Agrahara Lake,20_30,362,361,0.31400879385540226,0.3198213671595457,0.4457117133863432,0.3839708008709811,0.43959269774451876,0.3803317167141623,0.4112871506720292,0.40438044843852805
w1069600838,,0_10,108,108,0.3169850117197956,0.38523267871023487,0.5257514050365408,0.39479237858874644,0.4719272793348666,0.3869211684400067,0.4482979860186849,0.3873001226129432
w1069600838,,10_20,119,119,0.22088018766313042,0.28197264779857095,0.43415825087666776,0.3318616937262653,0.3835905989177658,0.3274253527051989,0.3530092929082968,0.2849278343147202
w1069600838,,20_30,115,115,0.20367993497796485,0.2761461535252693,0.42717403957134265,0.31545501217720207,0.3664792838018242,0.2970207922935427,0.32887731964073813,0.25408607774505615
w1069600852,Halanayakanahalli Lake,0_10,276,275,0.24078323728149817,0.2743227656527981,0.37444814039484214,0.34950293665798093,0.3672786314367656,0.3460002916582239,0.41286042553388863,0.39458184108302535
w1069600852,Halanayakanahalli Lake,10_20,276,278,0.21331478891838127,0.2489634403206798,0.334227079018206,0.29148327506088334,0.282863967375782,0.26597784840163435,0.2944959952406813,0.2738219786727441
w1069600852,Halanayakanahalli Lake,20_30,288,286,0.2391222998244335,0.27541717576680474,0.3602989784927569,0.3143248647883899,0.27281259977968825,0.2541871262604078,0.2673415542762375,0.22218090048739003
w1075569422,,0_10,50,50,0.3576762911283229,0.45776043035753344,0.4883769441856804,0.48966817547964436,0.5378874422344375,0.4363617498859419,0.5803517819446135,0.5171630288390019
w1075569422,,10_20,56,56,0.34985263054414745,0.4132252835861942,0.4223375490469696,0.42062193015217714,0.47344099807083767,0.3886211404051862,0.529274128609204,0.45442210216962536
w1075569422,,20_30,64,64,0.3370280567669076,0.3985648672538896,0.41632905218229543,0.3837535455284032,0.4249516711363187,0.3456398172570508,0.4646597435757454,0.3869596159521045
w1075569432,,0_10,128,128,0.38790071510253377,0.4454599695086685,0.5130850311879863,0.5454806408357058,0.47019656598329584,0.40797470997852797,0.5192453145509828,0.5072987453627352
w1075569432,,10_20,133,133,0.37167792008194717,0.4131575650526255,0.4708198173378194,0.49523530425077833,0.4677803301176877,0.3968452812731861,0.49180137170780536,0.48468184751273974
w1075569432,,20_30,141,142,0.3400759041519127,0.36219202348967283,0.4136738066162154,0.447520491349701,0.4735294005766927,0.38173884356528376,0.4736817007933359,0.46161070891850103
w1075569433,Channenahalli Lake,0_10,73,73,0.3160364116800859,0.31102580641916,0.20543760338250808,0.22699818245955658,0.34746434116321745,0.324277499141519,0.4030867171240291,0.4378829950487812
w1075569433,Channenahalli Lake,10_20,83,83,0.3184768010388295,0.3318140680671175,0.28528401331796327,0.312001084294566,0.38693014872315834,0.3767433714419278,0.42908302223331674,0.45387229635584525
w1075569433,Channenahalli Lake,20_30,87,87,0.3175039741470963,0.34078233580276146,0.3382610548778146,0.37233847884299315,0.4343380842508089,0.37728384740548787,0.44098230541682865,0.44677259218016674
w1075575782,,0_10,108,109,0.39209309803292786,0.4561181817125244,0.5781890220481787,0.5408856588470217,0.5845585165178424,0.534509345893463,0.6387274403678909,0.5976897745058634
w1075575782,,10_20,112,112,0.3661858081177787,0.3905329324824011,0.5093225710014695,0.47443085485877623,0.5165678636001455,0.45460717357433306,0.5392987931115195,0.49871855358246503
w1075575782,,20_30,116,116,0.3686696343909888,0.37942279013249963,0.48331398487098653,0.43623266176869213,0.4671451284252026,0.392684208044874,0.4712480925967621,0.42852804884040857
w1076391830,,0_10,113,113,0.2636998734161542,0.30478023988619574,0.24404876479030652,0.31258255513246636,0.3069571461143095,0.2496566788438521,0.2540191521470554,0.2942807265268189
w1076391830,,10_20,128,128,0.31082802043646784,0.351885132029552,0.33921953493464974,0.3785144472967786,0.3790940884019174,0.2973666545673447,0.33666064647224414,0.35995340900470096
w1076391830,,20_30,126,126,0.2942512128344794,0.341672859687306,0.3608262502457422,0.39190128387463563,0.39439499906890585,0.304872945737055,0.3407957512693144,0.35536603247266585
w1077021235,Hosahalli Lake,0_10,90,90,0.22661015274061513,0.24640292697968072,0.3639011247097131,0.4108490210487003,0.39644506770345256,0.30923964658661685,0.4188697834652963,0.32595120893563806
w1077021235,Hosahalli Lake,10_20,86,86,0.2566930212167435,0.2600715772254728,0.3762054004195206,0.3860445930639644,0.40269080344389163,0.32084119643877096,0.41177987423643275,0.32898759211728484
w1077021235,Hosahalli Lake,20_30,104,104,0.28254731193295457,0.27200751366507386,0.38539878778180786,0.3910978343073793,0.43218401702885595,0.33826592548178486,0.39774915249412973,0.3184998350835618
w1077022610,,0_10,121,121,0.2542279296488662,0.3135379880151406,0.41999373772172777,0.2931826217197905,0.30504661885594797,0.31057401416120584,0.3808884253443759,0.39371931819645095
w1077022610,,10_20,131,131,0.30755311068274,0.3299530942698592,0.4536787876998428,0.3771438395052569,0.37303388040538926,0.36607480631244504,0.3954159460974141,0.399551018883883
w1077022610,,20_30,143,142,0.33152299777682603,0.3236742682968405,0.4462075037779776,0.41505125456524894,0.3968576584695983,0.35874754512942403,0.3731609247866552,0.368732423321513
w1077022611,,0_10,76,76,0.2565318334132609,0.23119613744706488,0.3403814089731386,0.31337071297684704,0.37820384205103125,0.23925664040334274,0.27981468816643595,0.25711866225982555
w1077022611,,10_20,79,79,0.27263979221244067,0.23227989996415577,0.35909713259820436,0.30943047365354853,0.3620852236592776,0.2638817031269818,0.30742816163744063,0.2653511893862575
w1077022611,,20_30,86,86,0.2638802196481649,0.2292660875279555,0.37179953791266585,0.32069484891419303,0.35998364608574446,0.275393223498692,0.3060368181070096,0.27347907983085956
w1077022612,,0_10,116,117,0.326933661351202,0.31766466943886307,0.362653820381611,0.46302383787248624,0.49374053831038955,0.27065008834232374,0.2362811998913419,0.2514458162599064
w1077022612,,10_20,125,123,0.3272364497571065,0.34123970958802763,0.3481590481987283,0.39868834765146194,0.4279673896057727,0.24950665081571372,0.26357096670351843,0.2761984176304205
w1077022612,,20_30,127,128,0.3304125550751436,0.3685513340794282,0.3981404781042447,0.4235684498538192,0.44116511199779723,0.25825425065021396,0.30538333916263266,0.3005767896075509
w1077022613,,0_10,134,134,0.31773070368608874,0.2832600181970196,0.44704319059247605,0.4098112702137114,0.4494257280336771,0.2774319994349496,0.3674082957311017,0.16628149247151283
w1077022613,,10_20,138,138,0.32645451952846843,0.2831739699484563,0.42410555355070845,0.41143897400634355,0.4284384483577798,0.2636114578944623,0.35886253831958115,0.19886785438810764
w1077022613,,20_30,148,148,0.3250477414616883,0.2821882127070807,0.39834629430998014,0.37674990906937084,0.41332045943281603,0.2664006188107814,0.3497371805863421,0.24837704596492882
w1077022622,,0_10,117,117,0.3062866293539304,0.3274807210224675,0.4733022666966819,0.5179050392893021,0.4298554134855906,0.36349914129914485,0.13985461123364795,0.2482960297131345
w1077022622,,10_20,124,125,0.29712530884083777,0.31957932184336385,0.47663448979590267,0.5035657799060912,0.4439003493816315,0.33221703568609756,0.17277903652752916,0.2941809145364318
w1077022622,,20_30,130,131,0.30270272713357976,0.32817308986643584,0.4690289084203116,0.4723789352852707,0.40334316292066563,0.3190530216426872,0.2595316884977457,0.3571522267035704
w1080799525,,0_10,92,91,0.2974172741381427,0.2925610108168465,0.38074495692032007,0.4073530367346273,0.4923161114270104,0.33773163917834675,0.4096249518251738,0.49120478806892226
w1080799525,,10_20,105,105,0.2777658038451767,0.28128897807827713,0.3646170304548789,0.4216497312636115,0.48589641396010974,0.3362651297824141,0.4199549094428325,0.46300768858051783
w1080799525,,20_30,107,108,0.26755746985460915,0.2813351563084007,0.35952132528152164,0.4289924400446867,0.46701484515809144,0.3274522700023133,0.40626781617196833,0.44428021135424556
w1082360487,Subrayana Lake,0_10,54,54,0.5271998243110948,0.5725360873796834,0.6261767582549355,0.4438862223149594,0.32540327455248114,0.2979795568237353,0.4394174164457252,0.5300765875500221
w1082360487,Subrayana Lake,10_20,64,64,0.4879396236834931,0.5195616540129679,0.5396651268233993,0.43121276053464186,0.3684498694554937,0.3425739305577157,0.4211146938733884,0.45222487354565066
w1082360487,Subrayana Lake,20_30,75,75,0.4870628470326802,0.5022395444542368,0.5289603850748156,0.4647697146495483,0.43333093206902334,0.3832385850516617,0.4816331800927374,0.46390791937800485
w1082724729,,0_10,49,49,0.4691446357057454,0.2921058974608916,0.477890923174806,0.36775323703835505,0.4527861040640158,0.3689636599101527,0.5295876354055109,0.4891054923611779
w1082724729,,10_20,58,58,0.3974795748447563,0.2494834763932813,0.37811648025128275,0.3188100401423663,0.43004075848429496,0.3464546303381859,0.4397615939300119,0.46393906288301767
w1082724729,,20_30,65,64,0.3565067402518834,0.28268724646189547,0.3747679144319894,0.3191689418859797,0.4041680840594655,0.36434255194932286,0.4166383934016563,0.443685959167489
w1084735141,,0_10,98,98,0.2135832005252003,0.223496858466824,0.22356485332443385,0.2736506072734753,0.2852202204120328,0.376391721560415,0.33035183334632573,0.3052958357982956
w1084735141,,10_20,108,108,0.18293848521797443,0.19072604289900877,0.24935942306378264,0.27170874866686456,0.2726207831943878,0.30344915121791344,0.255935720180106,0.27488358721783906
w1084735141,,20_30,109,110,0.19898414920637872,0.20911004808552494,0.2844704183750437,0.29083150955179027,0.3040584058848726,0.30769935263136794,0.27654833691252345,0.31414023933997404
w1085948638,,0_10,48,48,0.33896524545897494,0.4051333607447622,0.4186764379437029,0.43694521267864667,0.4641727541358082,0.41983608227494257,0.4942475490585199,0.5413372945434146
w1085948638,,10_20,56,55,0.30171175693427255,0.36406051691673524,0.39168290945944817,0.4218164979392683,0.43180534467867654,0.3863053068090289,0.4564380513662261,0.5005623821659488
w1085948638,,20_30,64,65,0.2872254163731585,0.35973300317035256,0.37883627665031927,0.420602514247373,0.42406023524882913,0.3834450418864695,0.47087319322422355,0.503285096050244
w1088209009,Gunjuru Palya Lake,0_10,173,174,0.38306240657758994,0.4392683535216155,0.17639782520027492,0.2074098630062418,0.2338198430719143,0.20659845867697818,0.25653091533984024,0.297680187831533
w1088209009,Gunjuru Palya Lake,10_20,158,157,0.360173069434882,0.4165844403708098,0.2960610133839965,0.36627998008676244,0.3505811899382018,0.2930927986492898,0.3324451820886864,0.350790521471281
w1088209009,Gunjuru Palya Lake,20_30,166,167,0.3162804556547655,0.3602342490170272,0.3538313794667546,0.42289336342467004,0.3586103226721652,0.2870036324328164,0.3342526607673448,0.3303451936223814
w1088218590,,0_10,144,144,0.5855632902431656,0.6578457524894846,0.7168497695657884,0.6569937401562017,0.6543178596096832,0.6197043997311442,0.6984724447382644,0.6958713677055398
w1088218590,,10_20,154,154,0.539786382849414,0.6007466091545576,0.6859045356476742,0.6388579419905762,0.6366329716386062,0.590927748855542,0.6588712589608585,0.6430477359447163
w1088218590,,20_30,169,169,0.48918000503085723,0.5276447180774818,0.6327394740654769,0.5875508971877961,0.5990179237122587,0.559293801845548,0.6007841673392488,0.589765063135655
w1089113278,,0_10,191,190,0.41868667268040877,0.33680002002283727,0.4211984210924011,0.41988696456279895,0.418449326998694,0.39530166115959464,0.45335899675484215,0.49001546692236503
w1089113278,,10_20,195,196,0.42186053087553677,0.34594338281564996,0.43887437796028483,0.42237720536913836,0.4536828579350766,0.4307114344036733,0.48883459216183944,0.49807970445631256
w1089113278,,20_30,184,184,0.42382318681077263,0.3933557288764559,0.47751211759176454,0.4646410997798998,0.49381414300658255,0.4588455346105789,0.5241740541334782,0.5215744269510809
w1092680601,Sulakunte Lake,0_10,119,119,0.23002755236046443,0.24780644983166347,0.30960658150377396,0.28151209488643,0.2908959533302244,0.32388605745345184,0.2945630175923758,0.2946488408308108
w1092680601,Sulakunte Lake,10_20,124,124,0.2251931419989189,0.24161797136650928,0.3125718661897192,0.2793601655481335,0.265847549592848,0.2586945795997636,0.2587842242429748,0.2500333511800092
w1092680601,Sulakunte Lake,20_30,133,133,0.23522814183369647,0.2629354083588756,0.34960067153563146,0.294899861605537,0.28475204569401824,0.27059131641094564,0.2648814888523312,0.25461040533919843
w1092680603,Kodathi Kere,0_10,95,95,0.27368238135825596,0.3760618562684805,0.5089383085572922,0.5512569295692433,0.6156943037551104,0.5981857365089559,0.7073468057027852,0.6827221720026464
w1092680603,Kodathi Kere,10_20,101,100,0.28443436827869095,0.37566268151575555,0.5181669133075041,0.5501668505435875,0.5953035518806694,0.5611976394032837,0.673768533816292,0.6506345336657446
w1092680603,Kodathi Kere,20_30,105,106,0.25340577394888564,0.3400154284116084,0.4874670644673028,0.5181221725437456,0.5338914537484777,0.49087648149519536,0.6162799377282997,0.5999642570904076
w1092680606,Hegondanahalli Lake,0_10,111,111,0.3290756413392978,0.3243726692999192,0.41429023206301946,0.3545855687180751,0.4015437766048468,0.36275437137523914,0.45901162513598,0.1637483369220833
w1092680606,Hegondanahalli Lake,10_20,127,126,0.32243310908884465,0.3404457320458657,0.3960967505861545,0.3784409595690183,0.4116165580155661,0.35522940384080254,0.4510105568454315,0.2215420304073015
w1092680606,Hegondanahalli Lake,20_30,130,131,0.29592254179889194,0.34320427585034186,0.3535039577529313,0.367987068054382,0.38586894122767457,0.34500948320293134,0.41884888521234503,0.29815347152636823
w1092680608,Hagondahalli Lake,0_10,64,64,0.26034464248168093,0.20108612742535797,0.30092237186785087,0.26783812357459447,0.283970172993696,0.10407926619500953,0.17230600793545406,0.2693486344643563
w1092680608,Hagondahalli Lake,10_20,71,70,0.2621569320948067,0.22084101567067002,0.313421220043176,0.3387944773972357,0.35518048715425454,0.15973906335958418,0.29669918180373056,0.3389691172227857
w1092680608,Hagondahalli Lake,20_30,71,71,0.26893974899399037,0.263308345409641,0.3349147284525774,0.37395455620970003,0.38541621506560747,0.18143714772415812,0.259268658892543,0.29118513986887523
w1092686471,,0_10,178,178,0.2409983375280585,0.2192150313372944,0.20033992880568735,0.22430429598348683,0.23462821191512917,0.22061927392136707,0.2926098908747577,0.3115791082242287
w1092686471,,10_20,174,175,0.2546598912966222,0.2626060129718633,0.25377697293321344,0.28758954863923275,0.2959211309527185,0.236384573044341,0.26329908604557845,0.27432594411124983
w1092686471,,20_30,185,184,0.26407926658657227,0.2749112829749176,0.301092028188536,0.3435586502496254,0.3416826197289198,0.25201544214162336,0.282190292050681,0.29595336812986206
w1092941855,Nanjapura Lake,0_10,129,129,0.22043746250268945,0.1725462244967617,0.24990427305795726,0.2746263780561316,0.33910172094441204,0.271109505328019,0.34226467359347285,0.3311311331496975
w1092941855,Nanjapura Lake,10_20,134,133,0.2350064309118413,0.21946842783223375,0.2996061290413102,0.30421100067460793,0.3564269700095239,0.27100266884116736,0.3315092001186817,0.304071249733328
w1092941855,Nanjapura Lake,20_30,141,142,0.23070164974960686,0.23839398335644105,0.3125261328235784,0.3040064966460343,0.35855428936795924,0.2525028239490977,0.3114210265655326,0.2537867194127881
w1092941877,,0_10,111,111,0.2588959694724645,0.3313567709918266,0.44841139174983624,0.4634531435708536,0.4521768271212013,0.32998169481357464,0.45358580289343303,0.4557109858299822
w1092941877,,10_20,116,116,0.2554973705254906,0.3325961889386673,0.4503639822688582,0.4472752017802971,0.46238453411257346,0.31463471360574524,0.4264821576506898,0.42198097965839254
w1092941877,,20_30,125,124,0.24970805052893702,0.3050042984081393,0.41018919433318185,0.37202482263244785,0.4176319522850628,0.2733651217005409,0.35278997693580855,0.36981900853662664
w1092941881,Dommasandra Lake,0_10,162,162,0.2943352663415779,0.36309753579720727,0.4542947504660097,0.4648204473599368,0.29839932201053515,0.3683302493386212,0.43265534255337834,0.3841654039724234
w1092941881,Dommasandra Lake,10_20,163,163,0.2707841814492102,0.3155395257343954,0.38862318271909146,0.4183707853359948,0.2892566743526788,0.2993269620623058,0.34047897451829273,0.3143583117864029
w1092941881,Dommasandra Lake,20_30,182,182,0.2537142649187604,0.28363477471383247,0.3474467922423004,0.3854960871957366,0.3172839743720928,0.283966841356055,0.2967785601641294,0.2771867685639878
w1092941882,Thiagalara Chowdenahalli Lake,0_10,130,130,0.27518588679310974,0.28240433852467844,0.35458039403025643,0.41334375778818155,0.42742537743516945,0.32530096747923265,0.43772173301332423,0.4416438573337357
w1092941882,Thiagalara Chowdenahalli Lake,10_20,142,142,0.2542763038700498,0.25338845941543947,0.32755392074275963,0.34202683683398233,0.38599005214198817,0.2867387413584535,0.3638662317062069,0.36995413148941747
w1092941882,Thiagalara Chowdenahalli Lake,20_30,139,139,0.2655929230232187,0.2638436363828639,0.3285054352981305,0.3257181125859531,0.36018183312206015,0.2765233396658085,0.33345393589072875,0.3356325579359656
w1092941890,Manduru Lake,0_10,164,164,0.3599802182833611,0.357919031452219,0.4815181725865124,0.48255232113890645,0.5398728101291708,0.16866896638953482,0.28937779909718375,0.36077919101271416
w1092941890,Manduru Lake,10_20,178,177,0.30230009228801624,0.30734921947051536,0.4003744433406004,0.35660237791760535,0.4061186051532989,0.22267179971844228,0.2861649140100402,0.3139741036164586
w1092941890,Manduru Lake,20_30,182,182,0.29290970780065057,0.3006079851310686,0.37347191156139103,0.33393633507646286,0.37360566845819365,0.2555458676277721,0.30761834447594233,0.3164614794455047
w1092941892,Kannamangala Lake,0_10,100,101,0.28989743942481594,0.22326161286030502,0.3517750138336985,0.3697301140549128,0.46658891184901347,0.4105160997018642,0.4710109604678462,0.4283261573624475
w1092941892,Kannamangala Lake,10_20,106,106,0.33241233151124006,0.23395594381197674,0.32289363981377056,0.3390547599921447,0.43654309762238286,0.390871392064645,0.4366833060270372,0.39935331131152024
w1092941892,Kannamangala Lake,20_30,110,110,0.3689928380437087,0.26624723131653394,0.33095010896836097,0.3366957213172046,0.4055880869078482,0.39108982532624986,0.39908244239765744,0.3893284585277504
w1092941893,Bhaktarahalli Lake,0_10,204,203,0.45323355931543646,0.4168162197551678,0.5435206699905757,0.4816610055607746,0.5107795356506967,0.40484379934017134,0.5466480441928294,0.48876507895014437
w1092941893,Bhaktarahalli Lake,10_20,206,206,0.4040018793586667,0.3677695993921657,0.5075430133578711,0.43480060259291786,0.45366974741803506,0.3321465184420217,0.4621352915533353,0.3977557785542506
w1092941893,Bhaktarahalli Lake,20_30,211,212,0.40629933658207507,0.3770647233037889,0.5296062512575292,0.45424372705723043,0.45792219610948437,0.3218886493796785,0.4525709083685729,0.3863666930938277
w1092941895,Koralur Lake,0_10,148,148,0.3349426833643912,0.3548910536062162,0.49057776660240493,0.4212614922932417,0.4353145117404947,0.357538674141494,0.40936135452483735,0.3840681816968204
w1092941895,Koralur Lake,10_20,154,153,0.32783955596978087,0.3167276086455445,0.4437433088112175,0.3804052024677595,0.4038552421134132,0.33613633976178625,0.35113865749522316,0.35737599247806073
w1092941895,Koralur Lake,20_30,166,167,0.327124570246086,0.2875068316410432,0.4319033570875196,0.36112140697229506,0.3986738643453211,0.3448433931471645,0.3338001520969644,0.3351929996143452
w1094215989,Kyalasanahalli Lake,0_10,143,143,0.27258133908431337,0.3151440240560447,0.41274332042426654,0.3564871634032976,0.3005240131711664,0.3119922837536853,0.3808907829890081,0.36444560985275093
w1094215989,Kyalasanahalli Lake,10_20,152,152,0.27988305904049343,0.2986298281560284,0.4077322121746173,0.39326902293660515,0.3546987731030201,0.3279876471062602,0.39778265322223244,0.371886030082129
w1094215989,Kyalasanahalli Lake,20_30,158,157,0.32674009889228667,0.33695892931811744,0.4633888387167459,0.42931415863389255,0.41252849742407877,0.35876788529481746,0.4356252710189651,0.400002322962057
w1094218614,Vabasandra Lake,0_10,73,73,0.1849810708125211,0.21381572497666002,0.30279867163621077,0.359502805635424,0.44580882949399114,0.28503594922272907,0.3390578210454351,0.3570532656235267
w1094218614,Vabasandra Lake,10_20,81,81,0.271230033716949,0.2884490073785338,0.34410745737702536,0.3929669135263218,0.43363561239284415,0.32405090400023145,0.3421999400596093,0.36491557031197563
w1094218614,Vabasandra Lake,20_30,85,85,0.34927850353556444,0.34170871771955896,0.41312084891671946,0.4367005069648086,0.44844629924050705,0.3551037959364863,0.36325125384327295,0.37113497144739
w1104465194,,0_10,146,146,0.3782793014198016,0.3415209344787402,0.41236721258176207,0.514887298547839,0.5629868877495833,0.43947307257498003,0.5377713210076597,0.5416567613312636
w1104465194,,10_20,146,146,0.32014833202364046,0.2732088825854562,0.31152744747391126,0.40292088281805777,0.4143224289748253,0.33796773746550096,0.38281603847735546,0.3682686296380555
w1104465194,,20_30,162,162,0.2911989071429584,0.24234580543047624,0.27294512202383525,0.35035390402791355,0.33490990606588394,0.2842830428501305,0.3093770896752193,0.28146246826633603
r8469370;w1109878805,Agara Lake,0_10,316,315,0.34365147527651024,0.42882797754709906,0.5997108953624729,0.45468756346935996,0.4823341258589494,0.5299946765339068,0.5351761017438141,0.5122726480330009
r8469370;w1109878805,Agara Lake,10_20,270,271,0.28137034469625444,0.2996750436343599,0.4384124417377277,0.3810364896745027,0.40201920109669426,0.43227514003383155,0.4561944430485711,0.46547764124410407
r8469370;w1109878805,Agara Lake,20_30,262,263,0.3101658360495247,0.3309434494296637,0.4421148546909338,0.38807172471899903,0.3994313430686769,0.4095142710620893,0.4204413106559522,0.4206926333142186
w1110948089,Shikaripalya Lake,0_10,64,62,0.35276544370128887,0.35619540592651294,0.3502168781057133,0.17424344462891764,0.2313843922565825,0.22818920767295747,0.3214449522178293,0.2065071601604346
w1110948089,Shikaripalya Lake,10_20,59,60,0.30272581671710125,0.2993025494998251,0.28996172900498773,0.17307770539631348,0.24863517844470015,0.19540585362600568,0.24625561631479573,0.16070156660560647
w1110948089,Shikaripalya Lake,20_30,46,46,0.25446005443686187,0.26559895612911244,0.26520239046979593,0.15959544635958461,0.1989665281866225,0.158612462499444,0.2001005013700735,0.13441189150608232
w1114982297,,0_10,55,55,0.23907795486074768,0.26061763607985894,0.34373340462754554,0.39454797604848424,0.3833754474922293,0.2651374490591543,0.33858651813501767,0.32178763962734774
w1114982297,,10_20,60,60,0.2265665137740774,0.23765087221150155,0.30885284149139985,0.31550803541868355,0.3025218312548815,0.22997411989901356,0.2770737980694961,0.2584858734823476
w1114982297,,20_30,66,66,0.24491724185593572,0.2368300214259474,0.31385697035509336,0.3038344395451033,0.2863449005093763,0.22912177085263813,0.25594993931240534,0.227262684688153
w111563782,Haralur Lake,0_10,157,157,0.3488980248181318,0.3522890545586118,0.43620408246993525,0.3913849552415547,0.39549321324194336,0.3846241317023621,0.4723424517575246,0.4451997516855054
w111563782,Haralur Lake,10_20,164,164,0.36665402517606605,0.3957576327508596,0.46796801261024307,0.42577850364036574,0.41808722406924315,0.41709274055763607,0.47382650422799294,0.4655390174790041
w111563782,Haralur Lake,20_30,179,179,0.32790841980987484,0.3667194810945712,0.4086523124245292,0.386928716823071,0.3688330893013376,0.35044974849834,0.3907695770396497,0.38282329335701637
w1117566142,,0_10,91,91,0.3387247083417521,0.43645295829139547,0.5321537958783705,0.42545468818318993,0.45644462635579147,0.32242790769155383,0.3904222171831174,0.3443750184705143
w1117566142,,10_20,95,95,0.33949588708455175,0.41139858327976003,0.4690172565416587,0.43079146204175567,0.4178059118690312,0.3132088529015198,0.34686963910681934,0.30785987467944037
w1117566142,,20_30,104,104,0.3269465312882488,0.39571694181875344,0.44679404840361503,0.3885087249913799,0.35589755147903285,0.2854180380424031,0.30557300238276947,0.2806406258706081
w111871728,Basapura Lake,0_10,89,89,0.3681905322458939,0.4474744714037312,0.5899135926438901,0.36840258418990274,0.16645193369057162,0.19415862825285274,0.22436828595496658,0.3295395927212555
w111871728,Basapura Lake,10_20,94,94,0.3408784074285273,0.40067062730951536,0.5371980769042449,0.41121287740151174,0.2971804779996422,0.27105159817706204,0.31224007648263535,0.40713751799303083
w111871728,Basapura Lake,20_30,98,98,0.27029484623677835,0.3128369272881031,0.4641624782985416,0.40114826686241206,0.3045574791941483,0.2729875335233727,0.35735147660044164,0.4027035677679327
w111871740,Begur Kere,0_10,95,95,0.13749393019292958,0.21905213860578762,0.27961259101609626,0.29929284914870535,0.30257016212359705,0.30055728317167923,0.4052071170540354,0.48901017283874104
w111871740,Begur Kere,10_20,106,106,0.18354944398308376,0.30235336973198773,0.3734029903032184,0.365372016743106,0.36199507684628945,0.32029728145791136,0.4126808226316475,0.4372152158415491
w111871740,Begur Kere,20_30,110,110,0.18721233372328727,0.2827124874968554,0.3448684853776393,0.2823536967091368,0.27591061725376675,0.23639966585073352,0.2981940008514346,0.3088290308718358
w111871772,Basapura Lake,0_10,74,74,0.19088625050801947,0.295670527155469,0.3716444272244996,0.47108070680662095,0.515709502408917,0.3546383279223082,0.5960231245033808,0.5275275000557323
w111871772,Basapura Lake,10_20,79,79,0.21637702959527638,0.3017811943430398,0.36798498437732663,0.43725818072516925,0.5221838025835974,0.42703467514517157,0.5449548625352669,0.56231349953174
w111871772,Basapura Lake,20_30,87,87,0.2685520600181018,0.3767357162679,0.41230058211944093,0.4208656444664078,0.4555329562080211,0.3937213581267964,0.45327320591457726,0.47828041611102223
w1118844142,Andapura Lake,0_10,52,52,0.2738195514104925,0.30866105874078337,0.3691809597584319,0.31899272299670756,0.19444013684644773,0.2839661440850925,0.3688911663845849,0.3399049783115919
w1118844142,Andapura Lake,10_20,59,59,0.31992070090362607,0.367960270206177,0.45611662345352516,0.44236221941514625,0.43584645153179774,0.33492507957512785,0.46346971002142706,0.37062825574252267
w1118844142,Andapura Lake,20_30,61,61,0.3013930736592189,0.3515835649593609,0.46195525159756584,0.4498534381287104,0.47795018058586275,0.29606494586891013,0.4461787957490222,0.37086608810644034
w1118946163,Gubbalala Kere,0_10,64,64,0.5007408732031863,0.5907400662722739,0.21517954493698652,0.2712439433247573,0.2651959720965623,0.26278323524283864,0.33215551577893176,0.35507186231606874
w1118946163,Gubbalala Kere,10_20,76,76,0.5284611528211979,0.5645601225003652,0.3584053982424295,0.3289720503594589,0.35620513428702194,0.3158027386511846,0.3991258869079042,0.3952149654216605
w1118946163,Gubbalala Kere,20_30,77,77,0.4345446933624264,0.4321366801704964,0.39548204788158137,0.34229517202048404,0.35820522390129167,0.3109031938726181,0.36871885280690414,0.35822610370755115
w1119204854,,0_10,123,122,0.26454346965258546,0.2736985702148895,0.37950726830290793,0.39571846038275543,0.478811201567829,0.3608381814630301,0.17114469985502234,0.24944389360358674
w1119204854,,10_20,125,126,0.25785784081329877,0.27939869557979974,0.3899227293783388,0.3741953989708297,0.43557486350146435,0.3181014480237348,0.19870471261411304,0.23163756048155593
w1119204854,,20_30,133,133,0.26572422056221995,0.2813072528333868,0.38975997967339426,0.3616538987708899,0.4270636448707059,0.3117941124941988,0.27400171825985636,0.2960144712702147
w1119637970,Iggaluru Lake,0_10,138,138,0.3893857061752073,0.452856248576592,0.5426746910148523,0.5230842240316955,0.5206961944215064,0.42404674816328486,0.5093891546308587,0.48373103657730043
w1119637970,Iggaluru Lake,10_20,141,140,0.31859374945587604,0.3715998313807537,0.4740813634831321,0.45727367335689023,0.4527798153480002,0.37301020839647714,0.45279476035657956,0.412666762067282
w1119637970,Iggaluru Lake,20_30,149,150,0.26404344716363737,0.32132994078234595,0.41547321747818283,0.4100497104529132,0.42513657915931674,0.3461283465953145,0.418355693611201,0.3664668309102217
w1120171565,,0_10,52,52,0.38286192951129716,0.33686729187344794,0.41397639142792614,0.35960843931010567,0.3591625545637041,0.31701797237687906,0.4598408753865104,0.3800959275933166
w1120171565,,10_20,61,61,0.373858353437924,0.3730713488418086,0.39516171548646833,0.3784969454157058,0.3945222592818078,0.31595781713284493,0.42468543563287214,0.35891533346707777
w1120171565,,20_30,62,61,0.32946182055024803,0.33556523416025114,0.34681659764443107,0.3400730537435457,0.3673545221959774,0.2689961661307408,0.35842174150304584,0.3141696354810409
w1120171566,,0_10,102,102,0.29102455534973004,0.44470839038842935,0.5343098491703958,0.48587222235476074,0.5840562134024734,0.5149299310389372,0.6134011469193823,0.5553891574725263
w1120171566,,10_20,114,115,0.2535775234140519,0.33564876906348773,0.4119347740655303,0.35863592266835576,0.4395952779196954,0.38399872025761433,0.44524524740953775,0.42380144766072336
w1120171566,,20_30,119,118,0.29642742575199726,0.34735347663047583,0.40705582129665946,0.34666125229189565,0.404907894537683,0.3133122111035073,0.41213795045624757,0.3360447563441029
w1120171569,,0_10,119,119,0.28265392524514815,0.3214900867915215,0.37440596805276133,0.35868656509729846,0.3818706691290227,0.3425745141307517,0.4395589142405204,0.4181766915530263
w1120171569,,10_20,125,125,0.2651035933889212,0.29974204584779035,0.3673478152548499,0.33085524173839337,0.3520238860596407,0.29252876306004744,0.3690036074611716,0.34684271525809285
w1120171569,,20_30,123,124,0.24582936482939718,0.2732985531964658,0.3333339147596716,0.30227700696662607,0.3184933423716473,0.2553857359625673,0.32974128349948195,0.2978855971793916
w1120291639,,0_10,97,97,0.2953149598963275,0.3228455611800454,0.38695256018297025,0.36807505241285593,0.41297250680336905,0.34239393387354217,0.4559723078101066,0.46087874039718774
w1120291639,,10_20,104,103,0.2784591018937701,0.29475860118043634,0.4108229940160439,0.38112540312480075,0.4165843864014999,0.3034154397331226,0.42553624099253734,0.39295350666187395
w1120291639,,20_30,104,105,0.22885855360217786,0.24665891469233897,0.36397533221304723,0.3369132558283713,0.37855277991094394,0.26107332239086956,0.37609798963153146,0.32940665038516526
w1127727172,,0_10,85,85,0.2498181698442646,0.31134379993096134,0.3956352757553056,0.3885183016912935,0.40410432006986524,0.3934426606901223,0.41030418456960654,0.2682101330925767
w1127727172,,10_20,94,94,0.23261964099333707,0.28449400173414674,0.3490297136055416,0.3626976708396579,0.34243638792956066,0.3054358097422793,0.34098563352002537,0.2792579625489028
w1127727172,,20_30,97,97,0.24567590262405098,0.3040028637961427,0.34487921529717724,0.3621309047557577,0.36576773847477356,0.2969868118373235,0.3241356826027203,0.3040604747026001
w1127727173,,0_10,73,73,0.34022972381420796,0.40864675342612394,0.42342206978446045,0.48324865499994935,0.16620520829571778,0.14360532388465042,0.19996556484498373,0.19683297632463959
w1127727173,,10_20,76,76,0.25592492027968233,0.29892656935975404,0.3428670973756449,0.3647931755445937,0.23446812422512758,0.1744396894790702,0.24326844536289016,0.2274712726242764
w1127727173,,20_30,86,86,0.22665752856728116,0.27285842775213814,0.3091782848417192,0.3103326712272859,0.2638145337085908,0.18191481804448567,0.23747895445729067,0.21499757845126438
w1136162552,,0_10,102,102,0.20267498067300024,0.22852064619988854,0.2853031195403758,0.3051365416822279,0.3816589832995992,0.3049254723015446,0.40317183245580773,0.3735606365577455
w1136162552,,10_20,107,107,0.21495196917151124,0.23000222961232558,0.2777262699360253,0.2799146541431928,0.3434130307241436,0.28332963540713957,0.3658900966497263,0.3461688965608183
w1136162552,,20_30,118,118,0.24731768420785494,0.25394298164232515,0.2880633599400398,0.2662479016640651,0.3009941384922279,0.2664085758092853,0.3206176668101727,0.31859459262685996
w1143880775,,0_10,93,93,0.45621771254465615,0.5811676374331505,0.5391264202874892,0.50116913124487,0.5178487623125262,0.4286712115961622,0.580086384504195,0.6298550949203425
w1143880775,,10_20,104,103,0.4520221894115294,0.5336710965201701,0.5545272311722194,0.5353261023211767,0.5170869139338303,0.4270494490447208,0.4993976574374293,0.5155692621575237
w1143880775,,20_30,111,111,0.4387366683488445,0.48940170381786047,0.5310680540276613,0.4999150321517782,0.4625103994711119,0.3913415089312749,0.4255908942312065,0.43427690531023777
w1144246453,Singanayakanahalli Lake,0_10,104,104,0.2458029853276062,0.22188675523775683,0.3041424047418292,0.3337136331642135,0.3128248746151855,0.28037737548581654,0.3977790481825064,0.3978847522855303
w1144246453,Singanayakanahalli Lake,10_20,113,114,0.23831405246717746,0.22020534435462097,0.30141268475766103,0.28750411077140414,0.2722112152460458,0.26724788355620704,0.32105213937963517,0.36522205255354223
w1144246453,Singanayakanahalli Lake,20_30,120,120,0.26752920442039346,0.26900140249344057,0.32380238533584577,0.30868210348939956,0.28742144454141755,0.2711149211036266,0.29599681330753574,0.33264335860638067
w1147126248,Neriga Lake,0_10,149,149,0.30034463393102195,0.17634379209963152,0.29291139584088743,0.33477289781439723,0.41992201515633043,0.31983108640393193,0.386884748281125,0.31924616202201844
w1147126248,Neriga Lake,10_20,148,148,0.29802981809151663,0.18512242034325582,0.2880161309234325,0.3082613357479239,0.4238522453401935,0.27752909140925847,0.3618132066026458,0.2888460044774607
w1147126248,Neriga Lake,20_30,170,169,0.31580311562576086,0.2048376309060656,0.3061628500234995,0.318272976451483,0.4115689632522732,0.29695039930645206,0.3716488278230695,0.28567556619070866
w1148284185,Tarahunase Lake,0_10,177,176,0.2857336403846992,0.2765709941669132,0.3998344192899317,0.3970532691636546,0.4075582233555268,0.37703258550252977,0.43256117366113556,0.40155169908393956
w1148284185,Tarahunase Lake,10_20,181,180,0.3362563799488444,0.33543793863010324,0.4949421659904107,0.45838385792775477,0.4741273734794369,0.4473971347697404,0.4962420595240697,0.4768719853970841
w1148284185,Tarahunase Lake,20_30,184,186,0.36267069622412396,0.36884510188218983,0.531622295428807,0.49479444912433046,0.48856516561025454,0.4667877286580479,0.5108426066555672,0.49046132147019805
w1157120542,,0_10,147,148,0.2804466087489502,0.301109513630984,0.12025127569755242,0.17857384811866567,0.18754158227659645,0.2240688325777809,0.2869604878248002,0.2957094268775038
w1157120542,,10_20,152,152,0.3091646472302054,0.3302453602897118,0.18578533855374682,0.25648578820842277,0.30653977748298195,0.29702918727953453,0.3850597796771041,0.3520141135339999
w1157120542,,20_30,162,163,0.3006649275754997,0.3092193198584486,0.27812136130615284,0.3262845211444683,0.3606471992243861,0.3444002286182692,0.42680586931129394,0.3603924121030144
w1157120543,,0_10,114,114,0.3301846942836437,0.3292729511096907,0.2626933738925625,0.32086573656300194,0.3489727507598378,0.30240061313228633,0.37277060934632145,0.2736680087214188
w1157120543,,10_20,121,120,0.32279811862444857,0.3086444664697574,0.2726248021527062,0.3270216021803666,0.36686080349336664,0.2879075907811211,0.37049284911193564,0.26801767298823653
w1157120543,,20_30,134,135,0.31963692994618315,0.2971052922642444,0.284915256931739,0.31966611427602476,0.35448064353222913,0.28316248387141424,0.3441335167782341,0.25996163338934963
w1157366535,Sampigehalli Lake,0_10,82,82,0.3738537752723162,0.42116374236091414,0.53393550902062,0.5493532698210103,0.5472317207685224,0.2572791714417976,0.26774646580161715,0.22238658262428487
w1157366535,Sampigehalli Lake,10_20,83,83,0.3437808886048746,0.3961416458459057,0.5142335655645502,0.48603666985676625,0.525403268735848,0.2776672854531159,0.3163401938137342,0.27972205773248066
w1157366535,Sampigehalli Lake,20_30,92,92,0.31003865244245055,0.37923375022388767,0.45259469272019326,0.3933438435769377,0.43918630515812274,0.251081965141516,0.32687288786445756,0.30160675737739595
w1162717386,,0_10,114,114,0.2882540572608136,0.33069192120553376,0.3710174123366925,0.35181539815008317,0.43208157384544715,0.3689764687704178,0.4015272037849981,0.42008178519090217
w1162717386,,10_20,119,119,0.2629960737724059,0.29319857235758445,0.3231572861612507,0.33026237709096457,0.3992563327052528,0.3384685687909384,0.3456528565376587,0.35100790195608844
w1162717386,,20_30,127,127,0.298564259992913,0.3441318314538501,0.3798790774049628,0.39463223846468637,0.4404767732686458,0.38016121367170436,0.37740814589713795,0.33428575225405827
w1164130469,,0_10,71,71,0.3005299118942269,0.2686400946622286,0.36849604073511094,0.436520728507337,0.4762746122591977,0.32570145264531725,0.3787200511844742,0.33925639094209614
w1164130469,,10_20,73,73,0.3513786262067273,0.31319726608438375,0.36052857519781073,0.4261383388476194,0.4603595628851884,0.34973229232426795,0.34902449478780284,0.3071546549708442
w1164130469,,20_30,82,82,0.35119200631323966,0.29866965918861244,0.2944017368831001,0.36822347746436446,0.43707782926630784,0.3381637950691882,0.33006423867343515,0.30507639782949003
w1164132591,,0_10,115,117,0.2897088141666663,0.26625946726165256,0.32760099759602435,0.39286099842573136,0.4168182385562046,0.2996620775922374,0.369650617305357,0.3344238788025866
w1164132591,,10_20,118,117,0.33499412543736257,0.3016806179569929,0.3843206633670083,0.42187337688961174,0.4658843277514419,0.31748358000899973,0.4021147864643667,0.3564955843252702
w1164132591,,20_30,128,128,0.3485885681783545,0.31169665743737723,0.387781170779853,0.40558659188048385,0.45641203280779946,0.30040911587836194,0.4003095328888342,0.3231994553580978
w1164132592,,0_10,118,118,0.340502341362036,0.29295287234307216,0.3551223149419139,0.4258353292585974,0.4035317703534339,0.23621065826009763,0.33746972566635086,0.3104341849767414
w1164132592,,10_20,127,127,0.35011494313058716,0.2981750914464334,0.3480636172022275,0.38823278399429945,0.3952027219228674,0.2833033672014438,0.3623646847447242,0.3140566497721887
w1164132592,,20_30,139,137,0.3664196180995509,0.297428137382254,0.33993271711301376,0.36847896064575586,0.4073181601977433,0.3041639927845282,0.37389640863464374,0.3263306951909045
w1164135399,,0_10,213,212,0.2968719689121643,0.28309042632250003,0.34937567982476636,0.34344509775782234,0.3441407865139364,0.31491271457769177,0.39984557048735436,0.34672590518344143
w1164135399,,10_20,215,216,0.31649442467758615,0.3095734927990951,0.3707995729646716,0.39426033948609024,0.4070114658150107,0.3288542457886991,0.4168722810689029,0.34876123093665407
w1164135399,,20_30,218,218,0.330021974951242,0.31452464193760393,0.38886478052176904,0.4089071089287875,0.4373181170237166,0.3328083765324887,0.44185117718121564,0.36198175667515226
w1164244330,,0_10,68,68,0.3188809972044449,0.43548835309423073,0.4083819889163662,0.40027980079635866,0.3804053734025673,0.3175934187640957,0.18865640058314076,0.3595274166877679
w1164244330,,10_20,80,80,0.32362717290592197,0.41147869331070963,0.39272847385146914,0.3855168616962673,0.3486203309913451,0.27344657957496155,0.23813170183920063,0.33984408969128754
w1164244330,,20_30,77,77,0.3250402472122594,0.38824008176173047,0.3933225524152118,0.3907592102606841,0.3574826542929278,0.27045943379906984,0.27933534090789647,0.3561450893484709
w1164333627,,0_10,156,158,0.30322096326466647,0.296389805271398,0.40403137408113726,0.41913662603651963,0.5149522978463799,0.2943296212375912,0.39686552949249465,0.30174558803334495
w1164333627,,10_20,155,154,0.33446437047532074,0.32527159993135285,0.40572748090431554,0.422351359553949,0.501743863886763,0.31012441052140566,0.3875833938221762,0.3188161295037153
w1164333627,,20_30,166,165,0.35270314246208234,0.33253823629173884,0.3927895297907083,0.3905273430323091,0.46681893211073433,0.3264796421428704,0.37560010109718944,0.33263831337681404
w1164335684,,0_10,173,172,0.420586731043704,0.34093319546221096,0.4720646407539893,0.4867211365396238,0.5345561010529666,0.41619784587995007,0.5531845699257769,0.5024742782175917
w1164335684,,10_20,166,167,0.4248839199804511,0.34148095302312137,0.45315748167887515,0.47753117629147684,0.5239668087995216,0.4192084403269483,0.5346737481108347,0.48207573162293715
w1164335684,,20_30,176,177,0.41984611092534196,0.32164570579886126,0.41821253262974223,0.4693066728935243,0.48792018059880277,0.4007918208219475,0.5055799256902119,0.4335849470733128
w1164540809,,0_10,125,128,0.2967294296010181,0.3111452202068226,0.45484050852244423,0.47045670785919896,0.5296245459806036,0.31516065706818364,0.46726007944905973,0.27992090270781195
w1164540809,,10_20,135,130,0.3120337052004377,0.3037643143889453,0.4531525631466491,0.4571597292263671,0.5199533459132982,0.30849647050529844,0.45181331079458004,0.29214661691401517
w1164540809,,20_30,131,133,0.28176076189966437,0.26111767578842277,0.3937144280578106,0.39090707868494406,0.4630624150276033,0.2809939195115222,0.38579821143748444,0.3144298477463464
w1164540825,,0_10,124,123,0.5210712328464312,0.4767832776252883,0.6670969765546467,0.5808344820703573,0.6695248919452914,0.3847293656100893,0.5626014315599057,0.5639179208841081
w1164540825,,10_20,111,112,0.5081726950071265,0.4737949622734356,0.6362477288719727,0.6044425022207892,0.6353640871776535,0.37854177328890287,0.5556910470906091,0.5154330040882229
w1164540825,,20_30,118,117,0.47569015049781,0.43621012591210356,0.5734063581708774,0.5685359266202396,0.5920587679242207,0.37688347699045666,0.5013514251726683,0.46952146048267723
w1164540855,,0_10,163,163,0.35836728687707387,0.3415300133894709,0.5147842423129885,0.48289554258544864,0.5095150721541037,0.4473712574848401,0.5352006029540808,0.4436077690034177
w1164540855,,10_20,160,159,0.3466146899029041,0.3295329114254317,0.48124086609685685,0.453866895860892,0.49725423775629435,0.4149808820807499,0.49328377814180907,0.3996796363314115
w1164540855,,20_30,166,166,0.3350427810457153,0.3188765347295634,0.46256250500906226,0.4162390287266755,0.4623216963366937,0.3855407552635161,0.453559523557419,0.40427543989774267
w1164540856,,0_10,66,66,0.24080998375710588,0.2472677810049153,0.3422521048253311,0.37984270473399034,0.38364649370846227,0.26198661062941636,0.4648924514689281,0.30312396992225016
w1164540856,,10_20,76,76,0.27192327964268176,0.26049582800607923,0.37131765353662444,0.4356137868677498,0.4417717328771419,0.3088563427614767,0.4407687344000716,0.3657280083818948
w1164540856,,20_30,81,81,0.30914564890320584,0.2783486176088075,0.38727212564749847,0.4869914948894325,0.47313602544930466,0.32543224459137193,0.41285978232731924,0.382670556271158
w1164642154,,0_10,81,81,0.3152604045021191,0.297837292370268,0.4000067479811529,0.450647419684827,0.45784702693016893,0.4515840053642405,0.6701345170615711,0.7130961874523936
w1164642154,,10_20,76,76,0.3380837532661144,0.33316942196541016,0.4380201803807009,0.4625203441089465,0.4599016597647822,0.40636630430802473,0.5798360475418928,0.6268688275753925
w1164642154,,20_30,88,88,0.3289786176102647,0.32867017563641954,0.43446859335071414,0.4537651640911011,0.42764343499397306,0.3995401539767023,0.512268903643913,0.528237442098287
w1164667818,,0_10,116,116,0.31848674382808523,0.35223446640886114,0.4425796878388988,0.48929832287969627,0.46339650087193773,0.3633624410846257,0.4782082272345095,0.33603650997158774
w1164667818,,10_20,126,126,0.3293151397685763,0.3499666011394336,0.4227905871873389,0.49058106260652073,0.5236800829142826,0.3548994001976799,0.45000000544079527,0.33287616679655324
w1164667818,,20_30,129,128,0.3030379603756564,0.28899451804252607,0.3570025666220457,0.4245307226562407,0.4734440616470596,0.31956100913626545,0.41911425111830014,0.348571578020195
w116792836,Deepanjali Nagara Kere,0_10,52,52,0.3470390856119623,0.4157115579192766,0.4649841934537866,0.46513545876107965,0.49414726111084745,0.40258166615547175,0.5531344066166379,0.47069773349471394
w116792836,Deepanjali Nagara Kere,10_20,68,68,0.27671061738053854,0.3034689769934478,0.3719588572288358,0.39155794838895236,0.3975408871632591,0.3431056643694818,0.4580798488626783,0.4219424137972499
w116792836,Deepanjali Nagara Kere,20_30,63,64,0.22117172444858543,0.2534834008936373,0.30786693905170215,0.325018922473754,0.3279531144809725,0.295215479003729,0.3496225962490143,0.3546997530028173
w1168456336,,0_10,100,101,0.2879610201467657,0.20493256787738448,0.33389469518643095,0.3243033412256958,0.3451961489121047,0.23825843370161678,0.25715169465280185,0.2635022153012045
w1168456336,,10_20,106,105,0.3249783315555046,0.22914218769106973,0.37750486245392345,0.38126840225284897,0.41061587464082233,0.26079268026203606,0.28463831937136314,0.27657983379652895
w1168456336,,20_30,112,113,0.32795268921154086,0.25156922854631114,0.38571012491153656,0.38015918833317297,0.41873408973030884,0.26144475175340887,0.3018754453265586,0.2904468096888783
w1171487456,,0_10,148,148,0.2590283864784404,0.22967548623154768,0.3762649265890036,0.338208564652262,0.31929907147633235,0.28187503409694,0.293185224212984,0.2589901902529387
w1171487456,,10_20,150,150,0.27776720176395475,0.22904953810526596,0.4001231427136827,0.33587021173384546,0.3856138997721876,0.29415722233131203,0.33176385650752244,0.2826837343985831
w1171487456,,20_30,162,161,0.2907278674948036,0.22159777579088685,0.4053750130597486,0.3171162527966902,0.3936889001763098,0.28256671314855,0.32268537305584155,0.2832325362524733
w1172399294,,0_10,66,68,0.2473388788189869,0.28241527722901155,0.3564777961804805,0.3330897566037975,0.25402021314692963,0.28696825162792017,0.4068826540021471,0.4237936574972338
w1172399294,,10_20,64,64,0.2852654157108256,0.31263638190176823,0.3953306466132504,0.42961511617679926,0.4034389083426615,0.328099711939662,0.4500832604563697,0.45563071757459805
w1172399294,,20_30,76,76,0.3020052641989281,0.31778640046018924,0.4036213531434078,0.44030429510568697,0.43321062582128794,0.3238647278233239,0.4491719359910537,0.44042537333183224
w1173737831,Biijaji Lake,0_10,133,133,0.2754314680936,0.38138022021895107,0.4324215239460909,0.4658286018556379,0.46785135739159633,0.3715752344649332,0.4852907910018311,0.4198355082993333
w1173737831,Biijaji Lake,10_20,139,140,0.2955949634607308,0.40264272802646045,0.44759032982125435,0.4834949739991584,0.48936329577141036,0.3936126541522854,0.4996589298227689,0.45206715811017034
w1173737831,Biijaji Lake,20_30,150,149,0.2920163000200475,0.37292049097702207,0.4191981140883355,0.4510880114572098,0.4611621875185025,0.3639047916898355,0.46841756694085507,0.43304924121582605
w1174006322,,0_10,98,100,0.2956600701651951,0.3257251315867091,0.35942453407342795,0.34132571384675686,0.3138147123210561,0.27862911225369025,0.2959318456503191,0.2982774874738812
w1174006322,,10_20,106,105,0.2824338636618319,0.32339471591533325,0.3540971408448261,0.3246140151285037,0.3152509871339137,0.26989574589859067,0.3117046751556209,0.29439249663317973
w1174006322,,20_30,111,111,0.29171339692075743,0.34392968510787003,0.35463261860865725,0.3201847982412628,0.3161609154629135,0.26159209669941014,0.3365986755463548,0.2963765043091589
w1075575770;w1174054887,,0_10,182,183,0.27575392069478105,0.24942629346064946,0.3162152163272272,0.3097562327434431,0.12341108821853075,0.2796112879491427,0.29612651064861595,0.31840850098248596
w1075575770;w1174054887,,10_20,182,181,0.2920985660713534,0.2561086582474774,0.3364355532567414,0.3552919210137084,0.32804163865120106,0.33644435785233295,0.3370560054096979,0.35739039952303114
w1075575770;w1174054887,,20_30,183,185,0.3120998387145947,0.2892677495706828,0.3616058779559279,0.39098253021456736,0.41462751238564033,0.38084326350110803,0.3831740034102813,0.4142472892565337
w1174584396,,0_10,76,76,0.24717090993813606,0.268766640643786,0.32259343433090565,0.3834485215211722,0.365898153886489,0.339279611769933,0.401959946700202,0.442597442724119
w1174584396,,10_20,87,87,0.22409186985651666,0.23246157092724185,0.27314722187890045,0.3701371431270345,0.39209484783772497,0.30266420288555956,0.34885330152775135,0.3775317845418656
w1174584396,,20_30,86,86,0.23254823401503213,0.22746754064534971,0.2585273143367381,0.32874137960703637,0.3932585889582769,0.2877838790695922,0.32134082667395697,0.35009068183681685
w1174690174,,0_10,109,109,0.24642082728361547,0.2903631490099254,0.332230605783866,0.33862037446903204,-0.003030045099109252,0.2477769015186399,0.33764653653679594,0.3650063691196453
w1174690174,,10_20,99,99,0.2610653292246078,0.2851961354962084,0.32195257325144006,0.33269570508249785,0.12468216082817986,0.2739866397447265,0.33529532184515265,0.3703095014150276
w1174690174,,20_30,99,99,0.29622028999158545,0.31616119115966945,0.34501275966611283,0.3772055296711507,0.2254599175282751,0.3242006789835796,0.3593007923827988,0.39922037874258764
w1174697930,,0_10,91,92,0.3012483466046336,0.33307591957852745,0.3690606357925316,0.3554325333443966,0.3893669107026331,0.34631180025373715,0.4228670136491782,0.4099999914071738
w1174697930,,10_20,96,96,0.30075647202557276,0.34560053767148774,0.37529745657385627,0.3514257730147495,0.37251750033707637,0.32293385330720215,0.3912611382633652,0.3719407306334626
w1174697930,,20_30,104,104,0.2903749451148008,0.33272011417514763,0.35455008367173735,0.3466614544617413,0.35748295379220696,0.3097631492597669,0.364066382551789,0.3606334806010414
w1174750888,Bettahalasuru Lake,0_10,156,155,0.2785998451148903,0.23586084803968785,0.49088972389837127,0.4372819197049784,0.4808494411112891,0.48339724625169234,0.586602586849347,0.4595007054835293
w1174750888,Bettahalasuru Lake,10_20,152,153,0.3279278099464792,0.27568997644360854,0.48005530872162516,0.4727464917946342,0.48541686324899,0.4660065874864261,0.5160127302229203,0.5041014634610396
w1174750888,Bettahalasuru Lake,20_30,156,156,0.35097899239275904,0.2897501003632771,0.44672618159214667,0.4618512362314037,0.4711907375078693,0.43974055203437645,0.47059642046356903,0.4757581733205454
w1175521514,,0_10,135,134,0.28829248310602007,0.35284347298861785,0.4272579276268621,0.26792196958872405,0.3398158369429916,0.2624751816874004,0.31849105026656976,0.33009870514760736
w1175521514,,10_20,139,139,0.2989015647148664,0.3551685191883488,0.39955345369348844,0.329723985448997,0.33694736807645514,0.2966074195312182,0.3381498983221416,0.361748528070314
w1175521514,,20_30,154,154,0.30849560317850566,0.3498218577469475,0.38927052051006455,0.3925828279154923,0.36990278053649134,0.3411590424537152,0.38554360238723046,0.3976787429162196
w1175624139,,0_10,77,77,0.13142477974886252,0.152060003241115,0.2425987134911662,0.2294530747544485,0.23046342125967378,0.2143569714290971,0.22790888783443145,0.23577166887261292
w1175624139,,10_20,71,71,0.17519312843182583,0.17871396308915385,0.30153106292838633,0.3001817695798693,0.31590179193235857,0.2912901432814383,0.30903689551848534,0.3041033421592476
w1175624139,,20_30,78,78,0.1897741515593974,0.18789393158680417,0.30910250166701386,0.30637965794658634,0.32708386479973683,0.29569796084578875,0.30560791863180004,0.30669190299592364
w1175827114,,0_10,189,189,0.251874829646226,0.2608607621554493,0.3924337677288196,0.3660354828537617,0.38458939162502953,0.2684345049034336,0.3380481400694105,0.2768518147184519
w1175827114,,10_20,192,192,0.26158430373901914,0.2538795836551517,0.3633465065275568,0.3396068265343519,0.373486060042263,0.2654220095098549,0.3329949164688838,0.2608370561451769
w1175827114,,20_30,208,208,0.2426847457647433,0.24357777424642119,0.3463567524639314,0.3197970591846675,0.34445518237774786,0.2674266450332756,0.32721475702136193,0.26205412009398754
w1176314345,,0_10,94,93,0.2219553003234996,0.21830551417128083,0.3282218364046477,0.37603729980518763,0.43005695127403043,0.2703691834241914,0.30158121767785717,0.26564477362557554
w1176314345,,10_20,100,100,0.27744922504495734,0.26738841523154744,0.38058771426741067,0.357685459917708,0.4634926141817972,0.2998564630830342,0.317644488174489,0.2817695267738679
w1176314345,,20_30,108,108,0.2848116410351136,0.27680634715086555,0.38471503163307796,0.3670886246233656,0.4546085513817005,0.3098661628247484,0.323168141501209,0.3119471026137787
w1176324759,,0_10,76,77,0.24974026860342183,0.2422885679003794,0.3696653684233042,0.2781080348630871,0.42397818242115975,0.2548546323280008,0.3529362561879499,0.29501563522382007
w1176324759,,10_20,79,78,0.25763470476223677,0.24941868085325547,0.3750928145869666,0.3192529987424688,0.44307476713807364,0.263093187239233,0.3742557923463868,0.30489054880216315
w1176324759,,20_30,85,85,0.2554669236345424,0.2396356800929128,0.36130264042499,0.3089816068211536,0.4138789492540013,0.25658136932690523,0.3566465388916616,0.28576216204793436
w1176349373,,0_10,92,91,0.049562263736798166,0.03748584601457394,0.007032874468171721,0.03708385354678647,-0.0030482243076618482,0.05051992297219246,0.05836784634013313,0.05585741291346599
w1176349373,,10_20,98,98,0.058773717539201804,0.030361118675033775,0.028432719873896093,0.05589283895391807,0.055580008310922524,0.07082170266660708,0.08440568601419955,0.09495153133730032
w1176349373,,20_30,103,105,0.06421274051179907,0.03031466759644873,0.04261381471858097,0.07626325045109299,0.0782643479785819,0.08962063798214923,0.09855229112815175,0.10632139142080284
w1176513382,,0_10,93,94,0.1865778598605006,0.2400233470844549,0.27583919128956025,0.2534856575084881,0.24536186677770666,0.259801251236987,0.3037995252268533,0.2945719640060739
w1176513382,,10_20,100,99,0.20317419267646297,0.24808912642867706,0.28278912313536736,0.2875632199997621,0.30526616918012717,0.27516617250564684,0.3110583063763102,0.30609002124340373
w1176513382,,20_30,100,100,0.20621142946950335,0.2513249340648105,0.2923269634907644,0.315343702354496,0.3389350436209914,0.2961102150208103,0.3281499632547685,0.3151229837440079
w1176521842;w1176525308;w1176525309;w1176525310;w1176525311,,0_10,170,171,0.29510864263286146,0.27734994329585805,0.4055494609713819,0.48542820269739023,0.4945206614200686,0.3521877132171594,0.1522961909931193,0.17834916563033074
w1176521842;w1176525308;w1176525309;w1176525310;w1176525311,,10_20,173,173,0.3041194073839359,0.28296845500898654,0.3766314603690301,0.4360005680455161,0.468727833644482,0.33246031624570366,0.2542910944077403,0.26094021472008416
w1176521842;w1176525308;w1176525309;w1176525310;w1176525311,,20_30,181,182,0.33003964167967,0.3071678166767202,0.38534669823444256,0.4115263619738472,0.4345165265271758,0.3231376115581274,0.3457152438181088,0.3162147353942992
w1176526192;w1176526193,,0_10,168,168,0.2939122596406774,0.3041242362576419,0.39661157389151025,0.38437998796943307,0.3918961852183578,0.3133742636914764,0.19190852722658172,0.18366954234321325
w1176526192;w1176526193,,10_20,171,171,0.2846754476288719,0.3039993434984946,0.37435716880592945,0.34943321248815296,0.3830613047874018,0.3122879487940177,0.2755916387390679,0.23560223811511652
w1176526192;w1176526193,,20_30,176,176,0.29060296234623045,0.3008067318038877,0.3607629195207949,0.35516357498847384,0.3824976841870018,0.31589807301507905,0.324859062119203,0.2594131188238695
w1176529193,,0_10,157,157,0.23389282135861492,0.2685281962755384,0.3013483054324056,0.30351757621272835,0.32330658050165617,0.3127506499051918,0.36542385863765703,0.3538158797719831
w1176529193,,10_20,128,128,0.22807025175480378,0.2725578697540084,0.28380503193844575,0.3095860577563766,0.33234327831475485,0.2937185697104562,0.33785103500849056,0.3010599650343172
w1176529193,,20_30,127,127,0.2184413616988945,0.26246528277413095,0.2574793548158751,0.2719722655069514,0.3077198726581133,0.26051582915346216,0.2988071584230506,0.2619206591444072
w1176855688,,0_10,63,63,0.15301441554614634,0.20514754615644462,0.3268304521219308,0.3106383547624645,0.35865559555255566,0.2850488510211309,0.29966092288754387,0.3082800342346232
w1176855688,,10_20,68,68,0.16455987229132613,0.21326880204816703,0.3324758341786667,0.3258742735666483,0.3298361625306284,0.2830895255601594,0.32699711356942657,0.28811674794979447
w1176855688,,20_30,73,73,0.16831057655104956,0.20746022336531642,0.3250046432240587,0.2979876653106061,0.2810998350698877,0.2443343221086387,0.28719941428695733,0.252749907735089
w1176859303,,0_10,64,63,0.03296060509741397,0.022843676531762655,0.0360222404387729,-0.058412618602771096,-0.032258762107700956,-0.003615018616568222,-0.09194022685688708,-0.15963459135771063
w1176859303,,10_20,63,64,0.04090833755555853,0.048243173274247354,0.05432843288287781,0.017397779820613628,0.026855843311748846,0.021322031034950444,-0.005992738549149364,-0.11476287396451175
w1176859303,,20_30,64,64,0.05235437955568885,0.055840522722009005,0.08065475735433378,0.05917775700303138,0.05695375355734862,0.05507340053206132,0.02463347474911128,-0.07685249218394716
w1177178155,,0_10,67,67,0.3522305542732405,0.22078311200854892,0.43321226286730224,0.43477920974496215,0.47789625747740966,0.3333249526724765,0.4117549637532291,0.2503964841864745
w1177178155,,10_20,71,70,0.2835260838298358,0.1954280584178174,0.34566596405189803,0.34549117831610504,0.3641154468869575,0.2708101678076258,0.31761334125323293,0.22446123417567887
w1177178155,,20_30,80,79,0.25295969203543867,0.22766895589600028,0.3279760942349125,0.3120967822640659,0.32723687989998856,0.26721337282359237,0.2751773156195833,0.21861056809887502
w1177473328,,0_10,247,246,0.3006584236017402,0.2598009809330355,0.40151619019674994,0.3795133159350399,0.4473353589827347,0.3185831579270692,0.32730366512696507,0.284560652392178
w1177473328,,10_20,198,198,0.34721886985858474,0.2876368747272172,0.4384852761891178,0.41438124831773265,0.4789831680885087,0.37682810442935616,0.3557591209596386,0.31284805501980756
w1177473328,,20_30,196,197,0.36375548252284823,0.28824670307180716,0.44176915146530926,0.41248826358500856,0.46345257719033933,0.3956142974844568,0.3526196330373773,0.312247153473106
w1178402458,Sakalavara Lake,0_10,141,142,0.3102239090024887,0.3820302381900471,0.4707141002115817,0.43327085343244076,0.4024431977753552,0.29752233189469607,0.3415128285752186,0.37517589131170637
w1178402458,Sakalavara Lake,10_20,149,148,0.2806159297573133,0.264508876074313,0.38241650157052165,0.3686963154697816,0.3749216109674713,0.3174731600514454,0.3284308067040411,0.35489947724709997
w1178402458,Sakalavara Lake,20_30,152,152,0.2757119748803028,0.2306199828969638,0.3445729576852184,0.3262682987886014,0.3545860020705727,0.28956944394770306,0.2756405552237256,0.3197192533920326
w1178402475,,0_10,98,98,0.3096786552092493,0.36898761583442435,0.4701846231121453,0.4340757606827717,0.3908849415356146,0.2396865112562291,0.3676498080382648,0.3500970121439706
w1178402475,,10_20,113,113,0.28291315643254583,0.34496008754433344,0.45086611556354794,0.41173430739356526,0.3867452535773407,0.24579968892126294,0.33995434218444387,0.30827869424210863
w1178402475,,20_30,117,116,0.2539573992095634,0.2920424582100044,0.41051393865057756,0.3592566261874202,0.35533501391295974,0.22973278747918324,0.3020432815533507,0.2666786699072752
w1178402476,Chittekarepalya Lake,0_10,56,56,0.5336368538501455,0.5237596519321329,0.5715293215143461,0.4601782576248441,0.5455759649467882,0.48849740930824437,0.4586410396736322,0.46193885914924676
w1178402476,Chittekarepalya Lake,10_20,56,56,0.4762973658160234,0.4925494343894545,0.5081209042944187,0.43243169848221574,0.47722263078868293,0.39234594514290855,0.39001538039048894,0.3593359002413072
w1178402476,Chittekarepalya Lake,20_30,66,66,0.5083206133756383,0.5467212004965342,0.5511894353919865,0.47363781941128014,0.5157433626225284,0.4368585073659395,0.43347621200875547,0.39709990488933433
w1178402477,Hommadevanahalli Lake,0_10,98,98,0.31091313445425545,0.36289633944795147,0.47103182063856397,0.4549700268980663,0.49195774302278616,0.40822654691312515,0.4672243862786582,0.4176658229410757
w1178402477,Hommadevanahalli Lake,10_20,102,102,0.32151492854650154,0.35303341440478975,0.4443197345924311,0.4128869595255195,0.428983156184559,0.3451145245323089,0.40179505669187643,0.3636173766644159
w1178402477,Hommadevanahalli Lake,20_30,110,110,0.31781277295498206,0.33049026913134777,0.42105220795990395,0.40085671780660964,0.41089080093734365,0.3126479624214616,0.34705611643648626,0.307629097161381
w1178402478,,0_10,54,54,0.30142081051607666,0.3597844939843372,0.46659467235433577,0.48307503461564777,0.5512427192403041,0.45588144317853757,0.47608899839337265,0.5417136922969994
w1178402478,,10_20,58,58,0.32128330766221336,0.3507155374046366,0.4334110139211952,0.45186840069521267,0.5309084242079615,0.42131817640968594,0.35697652275052016,0.3927345637921047
w1178402478,,20_30,65,65,0.3241069556766617,0.34525184798721975,0.37453495073245285,0.3745417359229492,0.45196602146098674,0.3488553299170929,0.26628472239238254,0.2895933667599609
w1178402479,Mylasandra Chikka Kere,0_10,55,55,0.24509082080016995,0.2858737929377183,0.2752431968310079,0.256060565839104,0.23994012711394944,0.2147516468142669,0.21443637724639925,0.2932626003061653
w1178402479,Mylasandra Chikka Kere,10_20,57,57,0.24138197730667202,0.2864241887798994,0.269243150189097,0.2548110167036126,0.23721358992755445,0.18048401757789512,0.16286504057782294,0.23372338413286514
w1178402479,Mylasandra Chikka Kere,20_30,64,64,0.236620784068524,0.2847205240161982,0.28145360426877,0.24803933139833678,0.24454950061229871,0.1576190205849881,0.14769207358661282,0.22075303240026561
w1178402480,,0_10,63,63,0.18371808894596925,0.270517632313798,0.35178210258413856,0.37968705402061353,0.3521691906870956,0.28813449792266027,0.4262656490364679,0.318892119301523
w1178402480,,10_20,68,67,0.20527960986215543,0.2239981555799584,0.3125274650241831,0.37392571513060974,0.3942571816008708,0.28393088970895136,0.3940903163526974,0.2677173050143947
w1178402480,,20_30,76,77,0.1963219814096043,0.19305018351827433,0.276693375468078,0.3341472122944726,0.39441986996535916,0.2707939090141,0.41230532031633693,0.25551912471540766
w1178402481,,0_10,53,53,0.23828754613208375,0.268988351732473,0.4281674902568825,0.39795272955483413,0.3841130736983044,0.32814652247446774,0.19807289320120633,0.27220718059391086
w1178402481,,10_20,61,61,0.24470240883864353,0.2037421181792593,0.35269819697033217,0.32305823974799375,0.27081273385757554,0.2651756491509639,0.19783299580462205,0.2053835149077311
w1178402481,,20_30,65,65,0.2145949511224606,0.19126825852157767,0.30009904017473943,0.2875680090027797,0.2222591601207117,0.2259234739264697,0.22384483603767363,0.18815549006577503
w1178402482,,0_10,85,85,0.40893378722624696,0.48252225062564535,0.594965562394472,0.5391846426203434,0.16700777983590287,0.22919688757475112,0.3541440239247611,0.27554652428775617
w1178402482,,10_20,92,92,0.384666964905103,0.35416760386404184,0.5227692326571477,0.5038070580147876,0.1898537125038043,0.2261511186607385,0.3494781011237144,0.32321968925841577
w1178402482,,20_30,95,95,0.33349641256331675,0.27249256499755403,0.42492549229949755,0.4341976854442893,0.24560318153659927,0.21561995009528911,0.29840689164828893,0.3080805693764582
w1179957484,,0_10,68,70,0.23962554170873993,0.21427226857315684,0.3533770907103884,0.39483644122918427,0.40444885478584797,0.2729789893093393,0.36176600057475994,0.14908563366046335
w1179957484,,10_20,80,78,0.22849167956586194,0.20833839772247523,0.3180571743486898,0.3534448253606809,0.3373892451802183,0.25681710542252845,0.3357301505088662,0.19755196831111196
w1179957484,,20_30,84,84,0.22393936435748957,0.20761256479890894,0.2978747792251643,0.3301740834664647,0.31498682989990245,0.2586641677993226,0.32067604732439775,0.23573341017264773
w1179986847,,0_10,179,179,0.27887549253446975,0.2567925737544616,0.3715952014709306,0.3331188554840764,0.33095803344418645,0.27495886612399234,0.2858613952767277,0.25554676799299064
w1179986847,,10_20,169,170,0.3106969184165215,0.28590076405791437,0.40680438857264944,0.3671879195404647,0.40486093578709786,0.29988456335626623,0.33024022815052606,0.2917818580643547
w1179986847,,20_30,187,187,0.3218703973271012,0.2810525366079026,0.38556608974368856,0.3588864949246424,0.4001388941152498,0.2979159283158258,0.3174896114291076,0.31201315333587604
w1180240726,,0_10,115,115,0.32786756762025526,0.30094702929903017,0.38380018620644124,0.3840346460581262,0.33204959078138696,0.2922374749147964,0.29675925923816315,0.2833995399722021
w1180240726,,10_20,128,129,0.34332143445943036,0.30973520424534734,0.4054804907566034,0.39332982647804254,0.3429253167737704,0.30186864963218435,0.2917364263583263,0.27072547187202406
w1180240726,,20_30,128,127,0.33402655128250625,0.2887373566184615,0.39045947855420066,0.3595876926042443,0.35262346170528036,0.30073546770431936,0.2969834157688745,0.27438921639063074
w1180257382,,0_10,75,76,0.45087858803958897,0.4627869305219477,0.5410823547941559,0.5884433575491567,0.5092820714017021,0.44193448213525055,0.4432457378744309,0.3844252173377919
w1180257382,,10_20,74,73,0.3892923704360603,0.4328282466843238,0.5187216860726501,0.5542706408655919,0.4854888520912894,0.44523204881145906,0.4447735115955377,0.3775976182954279
w1180257382,,20_30,82,82,0.35248344648799695,0.40375107786786646,0.4783164980088516,0.49127300713923555,0.4694035125106479,0.40664448270095765,0.3994251521519677,0.34374414464134717
w1181417682,Chikkabettahalli Lake,0_10,74,74,0.0868866914744704,0.11501831249221017,0.14093452690763067,0.13799817320967422,0.18409055401555346,0.2087897939352069,0.2577017540128444,0.2567385113148057
w1181417682,Chikkabettahalli Lake,10_20,83,83,0.11146274653470316,0.1183010255440333,0.1434654671155862,0.15196936752994744,0.18038571814898297,0.17653450788835567,0.211168487374172,0.22300148269688871
w1181417682,Chikkabettahalli Lake,20_30,84,84,0.1156964693141486,0.11086420108410285,0.13788934721843815,0.1462883298306147,0.1636438150911131,0.14807282750239922,0.17065486657288273,0.20309164059875884
w1181441789,,0_10,110,111,0.39304479470419984,0.41081824105829107,0.4380878925555542,0.469025596466626,0.44216502530293195,0.40036094879815226,0.4498700779830716,0.4196562724644802
w1181441789,,10_20,117,117,0.3645274525803284,0.3808838279035713,0.42572959991764175,0.4304550250773017,0.4315400715340896,0.3592664057519902,0.4044505194074636,0.39187449579231176
w1181441789,,20_30,124,125,0.32222068041458457,0.3348782165806119,0.39135804819886066,0.37711747162311676,0.38125578142232225,0.30365998439254527,0.34297460434015115,0.344565703742004
w1181720335,,0_10,65,66,0.133692366999144,0.14271213737029828,0.17875974335444475,0.18861443159569352,0.15241070499741616,0.21764606286988114,0.2154247949615925,0.17571834256008487
w1181720335,,10_20,66,66,0.19130471522794226,0.18143886110952293,0.23138097505661123,0.2490956112270123,0.21828187349515135,0.30647815435522646,0.26685157272906385,0.20402478949553327
w1181720335,,20_30,70,71,0.18907799038604234,0.1709428784972757,0.22081369406758977,0.24190191772547776,0.21997172579888272,0.3019099613424366,0.2602015714089895,0.20966027182781197
w1181958955,,0_10,87,88,0.24407994450274384,0.24178492716006394,0.3449434287086474,0.31804021275696287,0.22081296601620437,0.1738114618036826,0.2825876970262177,0.3098575236900105
w1181958955,,10_20,88,88,0.2619649713626815,0.24080693120282692,0.3877766182417575,0.30732872974712183,0.24186216885071385,0.20317858890436666,0.26574797371481407,0.2884376437698668
w1181958955,,20_30,92,92,0.27660847909920294,0.2418524713272388,0.39237506787869536,0.3137459716349036,0.266939667191807,0.2314370200592073,0.27913304912835846,0.2874302947021675
w1182812730,Huvinayakanahalli Lake,0_10,164,164,0.2837507692462605,0.28834002848547674,0.366883667594786,0.33010281091366167,0.26307587013961964,0.27777937631750715,0.2934478942352304,0.33084479287033997
w1182812730,Huvinayakanahalli Lake,10_20,179,179,0.3133637165126267,0.304606833677801,0.3912834673673332,0.37054747222636525,0.3789553788091737,0.3104359638766766,0.3522432028419572,0.34947273895266284
w1182812730,Huvinayakanahalli Lake,20_30,176,177,0.3068440165901808,0.28651326363452717,0.37812058349411115,0.36784887422603696,0.40529215587977846,0.31398274499654777,0.35379494000052014,0.32965929248847126
w118415616,Krishna Nagara Lake,0_10,120,119,0.26932944685981713,0.3257407414944093,0.3190486471135504,0.33384031623290455,0.3498223200203929,0.3141555236586972,0.36612599001552687,0.41805762431203747
w118415616,Krishna Nagara Lake,10_20,122,123,0.3829115362397714,0.41150442253008274,0.3952323889934196,0.41077350428716186,0.4409770951360305,0.4116851717205753,0.4581191673585467,0.48657402580683645
w118415616,Krishna Nagara Lake,20_30,131,130,0.34948035226525126,0.39016210999419154,0.41473302769049825,0.39629669313605914,0.4255368695865877,0.39379440496348916,0.42307058537558184,0.4437766989778924
w118415657,Avalahalli Lake,0_10,140,139,0.1320096589671036,0.1921051462659381,0.28750480230276465,0.2836798445519472,0.23857857363755258,0.22423178354473994,0.3492473618316019,0.3109425623141734
w118415657,Avalahalli Lake,10_20,137,138,0.1776676081961784,0.23367278088965399,0.2975983351350843,0.2810947270327351,0.26225595746477504,0.2597740741687574,0.3452824729381854,0.3471256670450069
w118415657,Avalahalli Lake,20_30,152,152,0.25660134392882084,0.317865541659081,0.3443393113830129,0.3228621044745893,0.3072557087067014,0.29782768738136195,0.3465021506433934,0.35810786307342257
w1180261091;w1186340189,,0_10,226,222,0.2276820256423582,0.24863269162112356,0.3426912539521396,0.34838187540919596,0.3058592672868085,0.2604297720191954,0.33245519146010977,0.29417588115410226
w1180261091;w1186340189,,10_20,234,236,0.23759447451195218,0.25943976522744294,0.3661508076705717,0.35610277755303654,0.34952086741044225,0.2859258491040921,0.35647459645822566,0.3243700331494812
w1180261091;w1186340189,,20_30,241,241,0.253758601642685,0.2774927158600175,0.38779679788547733,0.39043210210953666,0.3737921896285694,0.32274437811527934,0.3638033663053638,0.34450558424849187
w1186908539,Sarjapur Doddakere Lake,0_10,420,419,0.26817654596038976,0.30830608693989825,0.3903016239568658,0.3706222328862338,0.3949098070975031,0.3543197500726288,0.42595751165849277,0.41689313149712864
w1186908539,Sarjapur Doddakere Lake,10_20,427,429,0.2491006637556422,0.27049464931938005,0.33838109726892535,0.3090187551011499,0.33047060447997223,0.30608897868739393,0.351737756331094,0.35277393437846855
w1186908539,Sarjapur Doddakere Lake,20_30,430,428,0.2405161915465555,0.24757270273717463,0.31571645255081493,0.275738487583297,0.3030801085110654,0.2733230421820765,0.3162204703518143,0.31315104585093345
w1187853074,,0_10,170,169,0.2087783582270714,0.19814743598336998,0.2787220714011265,0.2616108282860236,0.32380017180405896,0.26771774445943164,0.302625284720508,0.20029279372947312
w1187853074,,10_20,174,175,0.24882728197660497,0.25790617141857447,0.32956696248873557,0.34283841174789187,0.39184233864278284,0.29398873118498076,0.3302230077967133,0.2630828642073399
w1187853074,,20_30,171,171,0.2414791325447786,0.2701959540420629,0.3252871148196581,0.3406325020053248,0.39054116372468883,0.29382903069234256,0.32348368242174336,0.3009889556440218
w1187853143,,0_10,101,101,0.19604629209537078,0.11399969397724262,0.09010985924020207,0.026998054003372077,-0.00436590864261921,0.054658216214042946,0.061762642377372626,0.08647644116400934
w1187853143,,10_20,107,107,0.2437302078785069,0.20663758468628085,0.2373543639738323,0.23046794386805,0.206370768477414,0.201805130877412,0.2484226133104761,0.29502889629766993
w1187853143,,20_30,113,113,0.2393117699050575,0.2403262901058213,0.27809578980409994,0.2964277286237471,0.28675224071882055,0.24627348306606184,0.30834343595273295,0.34476200515227345
w1187853144,,0_10,272,269,0.25758449916565845,0.16942796137343782,0.2079547915195722,0.20329568696109424,0.05972725355277677,0.20216373472152743,0.24669158710737832,0.26138993185638437
w1187853144,,10_20,266,269,0.27597393597158776,0.19535868982192106,0.24434474491175362,0.26667854015911924,0.17721345857969387,0.2337182152608048,0.28693864415993725,0.27467067437267684
w1187853144,,20_30,286,284,0.28757981273216043,0.24579022737340409,0.2997852177398563,0.307959648165098,0.2668601302503121,0.27397802760857265,0.32679843406955933,0.2988835110446922
w1188681265,,0_10,174,174,0.30409148408197895,0.3329826949700143,0.4407859281073943,0.43795883540195224,0.3957570172697675,0.30802069304060214,0.39267629462110665,0.3994065836049184
w1188681265,,10_20,169,168,0.2943161182117972,0.3307521094682913,0.4285453863940469,0.4222364682473189,0.43584143988057666,0.3296402989766768,0.3980867575858924,0.3954511595081417
w1188681265,,20_30,167,168,0.29338989917023983,0.33298911910114637,0.4157980417208834,0.4269409883567769,0.477972393067719,0.35540695101658204,0.42343996239312276,0.4077766084936842
w1188681266,,0_10,53,52,0.2525457301607365,0.28238546345249643,0.3766207954135649,0.28347752432222717,0.28356025764986903,0.27117414626766256,0.3169122735506918,0.4181931695645564
w1188681266,,10_20,54,54,0.273076529702709,0.30109090482669254,0.3781958992881602,0.35781192408365353,0.3877695702741825,0.26745748126463903,0.33759798293460963,0.39975786337092933
w1188681266,,20_30,61,61,0.2715271445490324,0.29592486322068184,0.34006641165625207,0.3532222182901117,0.4006329610516208,0.24662279931133535,0.3027629947769313,0.3454810716313007
w1188681267,,0_10,109,109,0.2702256273000307,0.34589871388614324,0.39676324326854634,0.34633164526009386,0.39112534406834054,0.3068892568258485,0.3628114133496002,0.3955610983748913
w1188681267,,10_20,108,108,0.2744645997242892,0.3405675573033115,0.37416877443903357,0.34641386884178,0.404932274581035,0.3064784797309563,0.3771686620251777,0.3844342597979709
w1188681267,,20_30,112,113,0.2711738524280191,0.3438982259494872,0.37323502912061507,0.3671750901631293,0.4350265693973347,0.33780577069285095,0.4115976729026955,0.4049274866848989
w1188681268,,0_10,63,63,0.31720755136222567,0.3980334167963428,0.44711377671669456,0.40168894776915204,0.42165022558779924,0.3393704673195253,0.45159974980568596,0.44169391717403766
w1188681268,,10_20,67,67,0.30398615465887574,0.3669677240844907,0.4296049235192167,0.3947544500176489,0.43602984017978674,0.3244232873280214,0.41425350068790545,0.3952339447787304
w1188681268,,20_30,79,79,0.32064616764744264,0.3730008617908044,0.44696271564784534,0.40985265469293874,0.4727535430439962,0.3369257878683116,0.4141314084806271,0.4042082152358741
w1188681269,,0_10,45,45,0.24300215254454854,0.2949304346290381,0.3409790161971326,0.3363517231403826,0.2235082707936675,0.30277862314860493,0.299204656962923,0.3406210075590689
w1188681269,,10_20,52,52,0.2663808913583551,0.3051257592370052,0.36103453009622366,0.33862034443738764,0.350678389033639,0.32837795519980095,0.379911891952513,0.35269274625907165
w1188681269,,20_30,58,58,0.24470222530404917,0.2711183669714038,0.3166760429017424,0.2975524698768762,0.32875738664139337,0.304280249058471,0.3403347948714737,0.2987316787664367
w1188681270,,0_10,68,68,0.3080361733958876,0.34756887893130445,0.41883203740291924,0.37875807761559266,0.32904720858273967,0.21618752525660997,0.25204360212879734,0.29870322206588745
w1188681270,,10_20,74,74,0.34581663599553514,0.39877402307643717,0.4577631217448266,0.3844900774243777,0.3742903594615641,0.27301108988610917,0.32000244873436084,0.3111830017307017
w1188681270,,20_30,77,77,0.3926275825046346,0.47681384593086334,0.5210226084471349,0.4501928640852543,0.4194855375854116,0.3420281299535296,0.37575998409248085,0.32489579378995875
w1188681271,,0_10,115,115,0.3068113147804064,0.31375167485870276,0.3421718824040221,0.35601021721143095,0.19959379702214783,0.21357910746205153,0.23540833437523093,0.2670213864578306
w1188681271,,10_20,126,126,0.35005787075953143,0.3543887373494221,0.42918806915472935,0.4049692778986744,0.31401863710778044,0.27129603132163843,0.3258452915257078,0.3281515102011228
w1188681271,,20_30,126,126,0.3544022883358884,0.37367949678696744,0.4455351687262508,0.416302322468661,0.37967806040806173,0.3119651377527141,0.3619243978882745,0.3553865905319255
w1188681272,,0_10,110,110,0.27653295879173906,0.32325326650005953,0.31063733127941956,0.288499782350514,0.29750327204668847,0.2645717683455282,0.23547761363222583,0.29456449552316744
w1188681272,,10_20,110,110,0.3066653782314789,0.32678428662656633,0.3646613995110486,0.339883875536749,0.3654589035856647,0.32871625461195647,0.2617691565304182,0.3284333168481169
w1188681272,,20_30,123,123,0.31437011159949124,0.32982581102723457,0.3550688461759673,0.2973550795220847,0.3315602937910744,0.3067281183793477,0.2684095145748978,0.3357970565948472
w1188681274,,0_10,70,70,0.33957811606238353,0.3973982583788601,0.4851628901814414,0.45232081850890016,0.4183553297506088,0.39054810111394117,0.49872812894737667,0.5053554748135712
w1188681274,,10_20,76,76,0.34840285568608836,0.41582203504119136,0.5099201332935813,0.49067251198362716,0.48561730032753836,0.4199912354305252,0.553981364135625,0.5343012676172475
w1188681274,,20_30,82,82,0.3287752182368569,0.4045239151594543,0.49560591607074883,0.48596384772637957,0.49317728570921765,0.4134297813234893,0.5581416524558219,0.5280784376692504
w1188681275,,0_10,123,123,0.2901114217241339,0.3129048794597869,0.3992569017038104,0.432118892964003,0.45645394909271053,0.39609071723424566,0.47508770657898175,0.18441339454661201
w1188681275,,10_20,122,122,0.3094978576369276,0.33931965931675373,0.4043498992088214,0.4277680639753468,0.45724958522270637,0.3756495280704304,0.4390844904910663,0.2646489903509661
w1188681275,,20_30,126,126,0.3084711516850939,0.3401514174967792,0.412778341490878,0.4205070974033894,0.4347559435185535,0.3598234206819185,0.43073540649199127,0.3309514675434603
w1188681276,,0_10,249,249,0.34569172032533696,0.32565785306557404,0.40986088965532386,0.4414394839160758,0.3856047557785676,0.3225535368510446,0.41255253146677473,0.437339225729505
w1188681276,,10_20,247,249,0.3429015816073211,0.3548579046013948,0.3917868170227703,0.4192942413755406,0.4245332870739616,0.35384071969342046,0.42995753397540215,0.43350467535674386
w1188681276,,20_30,249,247,0.3371179086229271,0.3668452762218667,0.3905778084468009,0.4194570914380395,0.4588707300679507,0.37287112335039246,0.4255260079073791,0.41416430362939916
w1188681278,,0_10,51,51,0.34717991914840696,0.25561652878599306,0.34457555865894013,0.3890456517452888,0.39660673299305477,0.2697039854885994,0.3137920491355154,0.3337977823308346
w1188681278,,10_20,62,62,0.35698260650871205,0.3431362572687379,0.4382377531577701,0.437254459372428,0.4311093538977011,0.3086165013594822,0.3996049854848195,0.37053170074943426
w1188681278,,20_30,62,62,0.3545522003237219,0.3368538530887018,0.4348673460044985,0.4264902802315102,0.43441752766642167,0.3068204227105114,0.430316593458448,0.37834955553317484
w1188681279,,0_10,147,147,0.19067787519109822,0.22553219611052278,0.28262716753896,0.24993248143577623,0.2523924275903168,0.22839590055033526,0.25990611465595587,0.26576600606581424
w1188681279,,10_20,136,136,0.20921020060052692,0.23419784015558898,0.30537110275748125,0.29475068691790973,0.30994014830495364,0.23605043903713654,0.2850865809100312,0.2765684822384036
w1188681279,,20_30,147,147,0.22227399323224156,0.23701475865057994,0.3171669002344936,0.30685194344126693,0.33123078703778175,0.24573828316307728,0.3037857739952041,0.28145367881052297
w118906503,Chudahalli Lake,0_10,388,387,0.3129546612482631,0.4116385602992852,0.46297899443401364,0.44320922942134605,0.4699041646811738,0.38073153468205434,0.47096137551007,0.43176502682120643
w118906503,Chudahalli Lake,10_20,394,394,0.30524091987938917,0.38700470974213863,0.450732338132648,0.4253376130714631,0.46065401334828726,0.36401802529767086,0.43465534083690477,0.40404257329083915
w118906503,Chudahalli Lake,20_30,390,390,0.3107327422297724,0.38856299968520763,0.45799348210550345,0.43055486704490076,0.4670622226518994,0.3651902393163294,0.42418172561435397,0.3940428788215278
w1189065715,,0_10,120,121,0.4056269072448179,0.3891286873855928,0.5724997990484711,0.5748651684296794,0.6103601399080462,0.4158026994544554,0.5075122602432874,0.363651797959563
w1189065715,,10_20,139,139,0.4128450194173794,0.3762085450721059,0.5593634182595898,0.5400012431097299,0.5935408233366499,0.3944108869234591,0.49626519413198394,0.35139243832694045
w1189065715,,20_30,123,123,0.4172928657842568,0.37008710246661797,0.5299750391585322,0.49571849603312834,0.555124302045554,0.377759685243239,0.48237319183148136,0.3450227656535513
w118910872,Doddakalasandra Lake,0_10,120,122,0.48341899628354096,0.5426580830018755,0.28532529861441563,0.37991524667525683,0.41949915780366803,0.3819924249729803,0.46094080953292,0.5424148693130073
w118910872,Doddakalasandra Lake,10_20,132,130,0.42946916269353314,0.47754003809507883,0.358181238158918,0.38788527879055223,0.4190014490295393,0.40475635552445605,0.43859636573153044,0.5039847089126451
w118910872,Doddakalasandra Lake,20_30,122,124,0.3101964767106856,0.34963210104968606,0.31552123706140184,0.31320379303539314,0.3359755905719575,0.31715033684719357,0.34442940933143973,0.3849692511590666
w118910873,Vasanthapura Lake,0_10,77,77,0.3385054640581232,0.3646729579758385,0.36451992480606726,0.3289977418947433,0.3550441879382697,0.366183674053346,0.3948688674632776,0.3994253749533847
w118910873,Vasanthapura Lake,10_20,85,84,0.282935893570501,0.2690068340110321,0.30036817352758627,0.26421953353941546,0.2847619345035226,0.28447853910393844,0.3199492759257386,0.32635800290343
w118910873,Vasanthapura Lake,20_30,88,89,0.2773177179974505,0.27085940133901165,0.2967365947265861,0.2502103585084602,0.2844679252692864,0.27457762474873754,0.3330615794233631,0.3216321777949345
w1189440572,,0_10,68,68,0.46114819477128566,0.4408340823729071,0.586584418833833,0.22258826879302962,0.18311463771043318,0.21675465260341875,0.2905751595523865,0.3731469462810942
w1189440572,,10_20,76,76,0.42727106740586135,0.45501252277359433,0.5525710121258278,0.29879707688407225,0.24900666967715282,0.27090540721443396,0.33410691726567093,0.35973977926235645
w1189440572,,20_30,81,81,0.39319401771562185,0.44802619443456926,0.4952508158892962,0.3353389862483282,0.29132072889541655,0.313352417037788,0.35811612657943515,0.35518710496744543
w1189923475,,0_10,150,150,0.20337733286148688,0.2447767997986739,0.42437110576196396,0.3801635999257796,0.3766667663369446,0.3537554654124379,0.3897697408478543,0.38024151935790534
w1189923475,,10_20,153,153,0.19341867637178045,0.2332014983001768,0.3893340294283877,0.33913703415767693,0.34610065502336834,0.3157655561334374,0.3216355576571551,0.3225485242853763
w1189923475,,20_30,161,161,0.17794231151641776,0.2243003311219945,0.36113903787366547,0.3211951619814954,0.31690303523430335,0.3009186503396853,0.28628477177384043,0.30194432788925524
w1190086717,,0_10,167,166,0.2848826197093566,0.30903956034283264,0.38698458221111875,0.42768566962893434,0.4810397434541718,0.3552803579313355,0.4492041509405736,0.39760368494062215
w1190086717,,10_20,174,173,0.2838880352734791,0.28965894198993314,0.3712574194178889,0.3967872533533761,0.44231632120748343,0.33191681306747495,0.4190662096073715,0.3663732161404317
w1190086717,,20_30,180,180,0.2960812450127854,0.28418297602071985,0.3674411160024264,0.3699621666695156,0.4237277164357113,0.3299918322074012,0.4036538115058748,0.3574168694856902
w1190086718,,0_10,116,116,0.2806451104496591,0.3247027003832699,0.3641966398191997,0.4479942913150539,0.4115430608082503,0.36604334636040514,0.4271242097129972,0.3829607551301753
w1190086718,,10_20,120,120,0.24598557873687402,0.3009854135448057,0.34944558653226054,0.4377514135466822,0.44074011939209573,0.34533721916601295,0.3745956912473742,0.3236287295422927
w1190086718,,20_30,132,132,0.22689406268540266,0.2933061159460448,0.34484518682459475,0.4257662111084516,0.417556778971854,0.3370487660694665,0.3465373681971218,0.31234423858781774
w1190848302,,0_10,147,148,0.25798260032639636,0.27162683694849576,0.3488005425100303,0.25069455496354703,0.1352463100172178,0.18857584431770205,0.14455526348425068,0.20065501674106356
w1190848302,,10_20,130,130,0.2727569931689747,0.2918671967346638,0.35167718998318975,0.3042198299249418,0.2161468736330437,0.2196960290516282,0.1935744426446935,0.2450104657467054
w1190848302,,20_30,127,127,0.2718289738372835,0.27730588217798424,0.34854759110165995,0.311173759944051,0.2624951553376888,0.24006318639475013,0.23150528991467317,0.2657748882914785
w119132391,Rayasandra Lake,0_10,241,241,0.38580180233253875,0.4636694405351388,0.5665427823222099,0.5346931040357723,0.5446010814622084,0.4438862634251817,0.5379624810817749,0.5328981126917427
w119132391,Rayasandra Lake,10_20,256,256,0.34877309048589344,0.4117565436920011,0.5069473412161055,0.4883441079863711,0.4594047459848152,0.3748286716833346,0.420212674642266,0.4058037752546664
w119132391,Rayasandra Lake,20_30,255,254,0.32708291583016713,0.379883095302688,0.47284487684884374,0.4471549214711338,0.43844159002357064,0.33788965597739473,0.36579060618180015,0.3489006801724514
w119132971,Chikka Beguru Lake,0_10,177,177,0.36832375148998175,0.27035083240737207,0.33833665170818533,0.3194767444226714,0.4234833797662334,0.34474131623494464,0.3537737419820836,0.2926738374574768
w119132971,Chikka Beguru Lake,10_20,180,181,0.21451413840267528,0.20032824593729812,0.2700295292266372,0.2780394846058031,0.34087579966660225,0.2688773475962048,0.3049417549780461,0.2532933380097405
w119132971,Chikka Beguru Lake,20_30,184,182,0.17050736009972992,0.17872329348073931,0.2462074790546712,0.2500347905383078,0.2915745053968014,0.22889709364242092,0.27920317579873843,0.22745799260902314
w1196979987,,0_10,167,168,0.2633546148394309,0.256034242526739,0.3599893651451079,0.3593090638131649,0.354864153640726,0.2719773445424253,0.3243815482741435,0.3227033459901991
w1196979987,,10_20,160,160,0.2942614121025279,0.28120766782906836,0.36726016478915147,0.3815148303291464,0.4080680033249733,0.31520860443917853,0.3432368610559673,0.3523736472169439
w1196979987,,20_30,167,166,0.31384653893276293,0.2870299972580405,0.3721047651762886,0.3699269171730835,0.38996160925955314,0.34781723492797384,0.3509414048207691,0.36524525627342874
w1197463454,,0_10,228,229,0.27162959740955356,0.2841979706560775,0.3245920581409167,0.3776971160764538,0.4423708811999793,0.33866013353968366,0.4134299721700494,0.40773582557092336
w1197463454,,10_20,242,242,0.27718770799959674,0.2684254310699742,0.308140733811378,0.3514465720100557,0.3864328585093686,0.3496642954704836,0.4005156731938971,0.35922536826381946
w1197463454,,20_30,242,242,0.2932584444986423,0.2896879793054652,0.313419822411202,0.3532379045617524,0.3751866612678092,0.3534200649168169,0.380344721717378,0.33386299256173063
w1199400807,Basavanapura Pond,0_10,69,68,0.3851287373856369,0.47886778994528356,0.28349201927719997,0.1892438597209871,0.21225035696456193,0.2672503816138752,0.39697397285470043,0.36592812451970125
w1199400807,Basavanapura Pond,10_20,73,74,0.38317750858305205,0.4267013122285309,0.3462876317275619,0.20164070828418384,0.25763456928373923,0.23845662944891102,0.34904222251959033,0.3295777144088957
w1199400807,Basavanapura Pond,20_30,84,83,0.3267304575316026,0.3490700528261183,0.3642087034299738,0.21645137218784957,0.27513114160354923,0.24030712136783464,0.3431897236432487,0.32341760653138296
w1199400889,Chandrasekhar Layout Lake,0_10,61,61,0.3619623186721211,0.47257216495350785,0.4782329929428861,0.45108198583013265,0.45006234730039246,0.35485232808697265,0.38243977938365936,0.35930093842203586
w1199400889,Chandrasekhar Layout Lake,10_20,65,65,0.2529633339607492,0.31528079902324857,0.34367659311568743,0.34209257783593133,0.3443580510606599,0.34052750123801095,0.36535174562200284,0.3628009510674912
w1199400889,Chandrasekhar Layout Lake,20_30,74,74,0.18625883120412795,0.23877798506375247,0.28460041693570903,0.2918456957298681,0.3056840784759722,0.2979384507761328,0.342983919741845,0.3369815378634697
w1204457738,,0_10,90,90,0.31938320030187684,0.33981393029925805,0.36104678788755534,0.3641183877164902,0.3186484099439748,0.3079298875354576,0.399895275279868,0.40936652560834214
w1204457738,,10_20,93,93,0.3242591881541433,0.3060400630049381,0.34916896006837056,0.34887479955361256,0.3483082789482265,0.2929684544139566,0.34585275551775135,0.3658254106106509
w1204457738,,20_30,104,105,0.34342051938863183,0.3138676082569242,0.34689665864302976,0.3477060656167886,0.3644144755515849,0.2907269861928812,0.3407952495170585,0.35786969344027786
w1204642038,,0_10,62,62,0.10274780151212815,0.1276621220719744,0.17415568355546848,0.17324484596264395,0.19997319850204087,0.129798133358857,0.036054429332393174,0.1344810303139403
w1204642038,,10_20,66,66,0.14074390756474423,0.16984062658966995,0.22428061608918695,0.21950309083458955,0.24400037752003495,0.1805483740272054,0.1597968655763254,0.17098863875625606
w1204642038,,20_30,71,71,0.16426921671064054,0.18777862585964308,0.2516687165925092,0.23569807622909877,0.25703187076466305,0.18185818021232847,0.1781958349553254,0.1684191504585415
w1204642039,,0_10,111,111,0.09190508004571638,0.11348062489548218,0.15093586647771254,0.15255257115245222,0.17512669989900476,0.1364463327816352,0.1476335571377107,0.14006971026506135
w1204642039,,10_20,85,84,0.14430281922390456,0.17188540925751525,0.23078693245727633,0.2148320129059535,0.2379631095397105,0.18042193500058626,0.20184955177263952,0.18355880411613604
w1204642039,,20_30,94,95,0.16414800068963742,0.2049217449677718,0.26483006739112763,0.2486483843594378,0.263068983903394,0.19871405690658442,0.22721764503920253,0.19686328401547623
w120904870,Kundalahalli Lake,0_10,155,155,0.27002882687699403,0.3596628079401686,0.5026146276240725,0.5685499859577056,0.58504592071739,0.5641739235734645,0.578545045379198,0.44539656898343755
w120904870,Kundalahalli Lake,10_20,149,149,0.24175459742340752,0.29995142117057755,0.45342293969203107,0.5296572898256088,0.5323955451255072,0.5112557528845834,0.463481859362824,0.3631460931726899
w120904870,Kundalahalli Lake,20_30,155,155,0.2278392104440882,0.27171752768139285,0.3666048311103475,0.4272784779559282,0.4184564278258007,0.3806503518476354,0.3477852685608731,0.27466030055032703
r14671536;w1210203298;w1210203299,Thubarahalli Lake,0_10,165,166,0.44030640914040997,0.46583471704300317,0.4074188570679485,0.21369612088673653,0.26245726572120043,0.1836002144188545,0.21897449126234306,0.22471163852323892
r14671536;w1210203298;w1210203299,Thubarahalli Lake,10_20,162,161,0.4298441965368191,0.4205436013671127,0.41624511472859055,0.27955291754029493,0.3241840026050449,0.25799143698948007,0.3322592642103369,0.2986787813718316
r14671536;w1210203298;w1210203299,Thubarahalli Lake,20_30,162,162,0.42258463418967956,0.3897977822262744,0.39671892089327554,0.3173045750256552,0.3387865819624891,0.2801981001311289,0.34891897173418657,0.3125798757783211
r6030715;w1214107286,Sankey Tank,0_10,220,221,0.36220164027164764,0.38629974629263386,0.36068183427785905,0.29740109777445367,0.3286863047091443,0.32976835048028225,0.38394268414067156,0.3374626382395163
r6030715;w1214107286,Sankey Tank,10_20,218,217,0.45738370908627857,0.479495576077372,0.43974383577476,0.4123551144541779,0.4294168388253346,0.45273941726090144,0.49608744743109917,0.46244021537845054
r6030715;w1214107286,Sankey Tank,20_30,224,224,0.512123246860398,0.5652607649179661,0.5326445700149991,0.5150818236478435,0.5314336477760455,0.5436686401037853,0.5732075547642184,0.5360351247724124
w1215967893,,0_10,169,169,0.2666478702411679,0.26820476953540257,0.4141384174833752,0.45238593254652026,0.3833795989595869,0.32814266489079674,0.34054573364075785,0.3448323055374555
w1215967893,,10_20,156,156,0.2412859101900514,0.24457811419181774,0.3365260622065429,0.3835659915530392,0.36255397740808426,0.30819139236896165,0.3280297356863376,0.32684191275003116
w1215967893,,20_30,152,152,0.2670640808610117,0.25569844562124705,0.3331712927724427,0.35864428561095957,0.3226995502101036,0.2991354303752991,0.3189443242666029,0.29619422766969183
w1216749667,,0_10,340,340,0.23141491574948447,0.2316481496134231,0.33257583042795685,0.3444601000656296,0.3586422017290537,0.21625157381542315,0.38143591977540564,0.36420448650546594
w1216749667,,10_20,342,344,0.271942764071448,0.251341957485002,0.349980680157302,0.34826602836371584,0.35566619798372334,0.22651893353541644,0.35708572205164857,0.3233817213101772
w1216749667,,20_30,357,356,0.30241595103276514,0.27946419865008226,0.37567609108846384,0.3669377450562185,0.3732211017772808,0.2504223499584373,0.352402268240342,0.331699981007987
w1221252644,,0_10,123,123,0.17125295250912873,0.15294074865205667,0.22299823717221864,0.11894140825388663,-0.09542888270225244,0.14246609650112704,0.031176697689074374,0.22695856121309313
w1221252644,,10_20,121,121,0.20858753122680065,0.18573460229598085,0.2768405102215553,0.24360622597741438,0.04407856309537199,0.16921334305630553,0.12903124728510706,0.26366613584544113
w1221252644,,20_30,118,118,0.23178299362680238,0.20966851466110867,0.30242074199719143,0.26318217870680705,0.12663537572708733,0.1734189502274679,0.1401411611205249,0.263398745637251
w122129754,Pattandur Agrahara Kunte,0_10,91,90,0.453750575288337,0.5126793969050601,0.578529647748346,0.5291712250702839,0.5989834092879871,0.5188925952064052,0.5986123648714242,0.6267551558423634
w122129754,Pattandur Agrahara Kunte,10_20,90,90,0.41334044939219045,0.47028750899656696,0.5308622199037768,0.4992322926382444,0.5353011207881345,0.4615672875574112,0.5156673520669282,0.5477189136880393
w122129754,Pattandur Agrahara Kunte,20_30,96,96,0.3553820988700522,0.4158677314637072,0.4539511133716127,0.4437192094779201,0.4500880852322487,0.38611006294026656,0.42589374543401237,0.4583278394261865
w1226525966,Yerappanahalli Lake,0_10,110,111,0.17778572270470144,0.2582194361776311,0.3763832209029497,0.19848002820376875,0.09168874814585286,0.13723456801717807,0.1779823733565712,0.20085993095404642
w1226525966,Yerappanahalli Lake,10_20,112,112,0.3040735379398538,0.29750563443165146,0.4102148439584537,0.25913976853977994,0.2555422981755426,0.23539484589224743,0.30039296684334765,0.29883754668659845
w1226525966,Yerappanahalli Lake,20_30,121,121,0.3076128999879434,0.2901517871446766,0.3940922698625497,0.3008768405988299,0.34663178101423636,0.27164469872970565,0.33809242735234324,0.3178387516387898
w1233282888,,0_10,234,233,0.25520644734933856,0.2663247283842986,0.44389969398571716,0.3556400794128958,0.45789081201826515,0.2796662081417302,0.43754288770220334,0.5034533599011034
w1233282888,,10_20,220,220,0.299027317278179,0.26170513229438247,0.4321825066592332,0.40149026231537926,0.49883037460555907,0.3100565831061675,0.4244543439685181,0.4516505462368752
w1233282888,,20_30,222,222,0.29299914741682803,0.2452973140675191,0.3947562637389829,0.4056372436440148,0.48116421009099153,0.32381390554249956,0.40353559307743875,0.3923469659816171
w1235801132,,0_10,156,156,0.2277984931930093,0.23398127013845632,0.34981047966079803,0.3071556186325528,0.281777584568547,0.23347381825193572,0.28362962082847937,0.272201540997876
w1235801132,,10_20,143,143,0.22292779179272854,0.2185233408951914,0.3425874168488678,0.3192672366170258,0.34731997381344487,0.23376814903135165,0.27805234316124094,0.27133727991208084
w1235801132,,20_30,148,148,0.2450705051026304,0.21959027454208266,0.36414939827741666,0.3715070996177353,0.387800500447872,0.24173041117300043,0.28043186308440926,0.26751949089599675
w1237972006,Thathaguni Agara Kere,0_10,129,129,0.42949437353802744,0.4736636052921603,0.5629603125225883,0.5185291426143668,0.509707308210937,0.4825869728141896,0.5498064754845976,0.5134508017173536
w1237972006,Thathaguni Agara Kere,10_20,136,136,0.4212011463348387,0.45209528418795386,0.5316788097072236,0.49407863109388755,0.49750783957007305,0.45434883616644833,0.5039414907872173,0.49322917459877674
w1237972006,Thathaguni Agara Kere,20_30,141,141,0.39298506658882637,0.438635674412636,0.5156164055809986,0.47087661471094083,0.4861065214910532,0.43294882654731354,0.48349099829858183,0.4739010318383769
w1241600166,,0_10,89,90,0.21417242550653198,0.20177996858075176,0.311039810336693,0.2513225854513052,0.24676751226928595,0.22885597050326562,0.3441207390161787,0.24006755050962972
w1241600166,,10_20,91,91,0.23324954206940807,0.22041374581413756,0.3215009983879773,0.2542017205143575,0.257754436647125,0.25925442389556297,0.29958030006623,0.21014789516469293
w1241600166,,20_30,97,97,0.24778306338540293,0.22452962619616235,0.323689704768703,0.25981665030802314,0.23804479103843185,0.27799082096340805,0.2957084841968489,0.2286092992355583
w124551169,,0_10,106,106,0.38095734768738065,0.41877858875998886,0.4479280630991645,0.4662980857180683,0.49777162970337,0.3432683820572745,0.4273874514072045,0.43824425773527437
w124551169,,10_20,109,109,0.3894339524154479,0.4160872894051476,0.43868318074253687,0.4703792019599826,0.47975202139301565,0.3530015688444425,0.4340428790483135,0.4383123266175749
w124551169,,20_30,112,113,0.35745245175492113,0.37900295042796384,0.4037911310484911,0.4382106612219767,0.4514360158112614,0.33327863348773545,0.42340234312777564,0.4185447727476216
w124797587,Agara Lake,0_10,294,296,0.31697856870084495,0.4228229059484372,0.4455524564556173,0.3045523251663625,0.26880233948119914,0.30252599802923985,0.4824028126004753,0.44312504731169955
w124797587,Agara Lake,10_20,292,290,0.3865265053156271,0.4359954511801127,0.4848406991683695,0.4008711719344913,0.3987580530710802,0.3874891984091539,0.48851497922323156,0.438116053209689
w124797587,Agara Lake,20_30,293,293,0.40303752789646563,0.44251853115817097,0.4865499034548464,0.4318833986959863,0.45198759763696705,0.41224877689023226,0.4834707964876378,0.43490476450257576
w1248136351,,0_10,57,57,0.30509333745268025,0.5404036660154345,0.507123258980392,0.4218834342924632,0.5436692301064385,0.4347711883407452,0.46815723585056,0.3862220739114534
w1248136351,,10_20,68,68,0.310099218982261,0.494409732328523,0.49451159147006923,0.4416488559326994,0.5126858321765704,0.3794542808722718,0.4041799101835921,0.3916893172742646
w1248136351,,20_30,68,68,0.3129945502528871,0.5008301136809027,0.5359567439408965,0.4493175122577647,0.5093251130915037,0.3650536486864018,0.37719301975957675,0.3591356886351674
w1252307869,,0_10,187,187,0.2545489912776536,0.25520353691364356,0.3677584932784847,0.36294156007295786,0.38556696958727693,0.23526902944819217,0.30222990015554757,0.2578259441484284
w1252307869,,10_20,196,196,0.26031327330192683,0.260630642384474,0.3744599594567867,0.3388947947163579,0.34791810965947173,0.25236203402182866,0.3176766154427569,0.2761776360493492
w1252307869,,20_30,196,196,0.28764453448262733,0.28606758741004956,0.3924095266289238,0.339216103971641,0.3836825429562447,0.30636976814065525,0.3576132846931167,0.3242040959898641
w1253477235;w1253477236,,0_10,96,100,0.17125751215830343,0.18388566443692,0.28894253126557934,0.32367535357375893,0.3390091937003649,0.26847132839527127,0.3144383952490432,0.3283725087485916
w1253477235;w1253477236,,10_20,104,104,0.18226759190631509,0.20248814777106544,0.2909069122507117,0.2952186370195981,0.3036001064433775,0.2771064410432943,0.34682643219506953,0.37132578321386167
w1253477235;w1253477236,,20_30,108,108,0.1703384692631592,0.19214437101094933,0.2666493853558435,0.28271042212610015,0.28019020737259615,0.26903302012109875,0.33496563231187015,0.36946422735993967
w1254929805,Lakshmipura Lake,0_10,69,69,0.4524916744261804,0.551471168119595,0.5992107485758575,0.5766815726469794,0.5600550422998098,0.21735555920558103,0.10658046327443137,0.20294580635394932
w1254929805,Lakshmipura Lake,10_20,80,80,0.3815589413798972,0.4352674290484141,0.47313476275765004,0.4563257493944189,0.4605337050736898,0.19493579746239334,0.13608348874562598,0.18143334837364106
w1254929805,Lakshmipura Lake,20_30,80,80,0.3056582353439562,0.3165420178691,0.38259207846957766,0.3518585034621923,0.3765997028940094,0.22191573677888696,0.19050593741273955,0.20640500078416418
w1254929806,,0_10,59,59,0.28385903306428856,0.37263812344321745,0.431409963750005,0.4138211538601237,0.3949051029954179,0.2941805962991935,0.2963094258124173,0.14460452171899843
w1254929806,,10_20,67,67,0.30103117144574343,0.38897567532555594,0.44936480529268047,0.4355196388093473,0.37208550831011633,0.2322661221829775,0.2725271415388722,0.14716902805635296
w1254929806,,20_30,73,73,0.35205347279574656,0.4149883977699687,0.47961259833027686,0.4797758723434099,0.37092000781099643,0.21280748285343906,0.2400493684278488,0.17330871807294126
w1254929807,Bylakere Lake,0_10,102,102,0.2839740117264771,0.3148378164782308,0.35785279446961726,0.41310668491337343,0.3491924472565218,0.2409400331805257,0.33443361632492846,0.18404441835316715
w1254929807,Bylakere Lake,10_20,111,112,0.27875807123517143,0.3024520570663592,0.34336794725304604,0.42416989852812464,0.3532715622625345,0.20813310534123045,0.25268960417443964,0.1831321710419654
w1254929807,Bylakere Lake,20_30,113,112,0.2796052987377147,0.2806857038525924,0.32659331098785394,0.39729518538818903,0.3524125565109991,0.1898683471693859,0.23004116491709084,0.15440473437136437
w1255316382,,0_10,481,480,0.4683928236424914,0.5073756512798195,0.5271456325736034,0.5310027615154617,0.5456139623211774,0.5045102003299352,0.5304650648056556,0.5077797213535308
w1255316382,,10_20,481,482,0.43749659815168457,0.446547527178206,0.4832652534359755,0.49736766586468584,0.4985429437164661,0.45002412883347814,0.4684408393563816,0.46443656962134233
w1255316382,,20_30,487,486,0.424601563528946,0.4286561173541834,0.4600789038752615,0.4690275968983867,0.4686503567287628,0.42318429568134036,0.44154002205321924,0.44086641464889165
w1256459767,,0_10,66,66,0.4340904091473918,0.4697933505343875,0.5009833094729247,0.4612308573096483,0.5244919650614333,0.4299564647168834,0.47394575362821745,0.4692582495061318
w1256459767,,10_20,74,74,0.37675700252840744,0.4131623613498029,0.5050450275481159,0.4770487801070543,0.5293732680639378,0.40594487477361507,0.44398535991070087,0.43352429178255514
w1256459767,,20_30,79,79,0.34828742166716764,0.3856427857337554,0.5010832382128249,0.4750939179912262,0.5138141408500665,0.368113505227468,0.4267858210422907,0.39563300574256505
w125758396,Gattahalli Lake,0_10,271,272,0.25925626820348174,0.35488127598187397,0.5269572519720882,0.5376284321765072,0.5716790460533796,0.5792226380771682,0.5979218096667799,0.6696125027225569
w125758396,Gattahalli Lake,10_20,266,266,0.32658757050399323,0.3939201893141423,0.5138433676292621,0.4820168589208045,0.49804771319329727,0.4923002533322904,0.5045073158853526,0.5389969288981789
w125758396,Gattahalli Lake,20_30,265,265,0.31036706494892513,0.36372363959542897,0.4800778467300722,0.44744585576306073,0.4577906427599509,0.4168089489700988,0.4346826191949371,0.44871439590411594
w1259570063,,0_10,66,66,0.19196724830943365,0.21072979762200272,0.29775552293096436,0.28389620974202406,0.09380096275642458,0.19147798228654492,0.1541396355570803,0.24130609793653046
w1259570063,,10_20,70,70,0.20581438798769855,0.20356270717379427,0.2990176297347091,0.26160948495371816,0.18379331885828654,0.22704968180156257,0.24047592444511703,0.24698534098162242
w1259570063,,20_30,80,80,0.19699100238208478,0.20819397979758114,0.3151934706213443,0.21631536046692307,0.19031576526763586,0.23440354460546856,0.23279531139475268,0.221747712839081
w1261593074;w1261593075,,0_10,137,136,0.2760009500613061,0.3072001568871594,0.39535822200145226,0.3190014230755252,0.3403255120227531,0.23569304868561455,0.3075519029961117,0.3452047419314175
w1261593074;w1261593075,,10_20,134,135,0.23902523370477644,0.2634382895776457,0.3431031633910548,0.2877674711341809,0.3352976526577704,0.2214443639585817,0.31494793123229226,0.36108028527473685
w1261593074;w1261593075,,20_30,144,144,0.22894635268704194,0.2581149697590368,0.3193828138470562,0.29073099523434487,0.33705976611260113,0.21850115885869156,0.2994269834711066,0.3570678837044878
w1264709151,,0_10,64,65,0.22005050855834957,0.20286298634587543,0.3199987836600302,0.29397224296570346,0.14897464383149686,0.1376696557168533,0.14706147379857964,0.1717850695813257
w1264709151,,10_20,72,70,0.1901903092644489,0.20892967202303137,0.3018958652275341,0.28581532909646934,0.2035583992310752,0.19674618742157599,0.2189011477718046,0.2093410602527017
w1264709151,,20_30,76,77,0.1816759408209709,0.21203194319727767,0.2941055310018113,0.2764054935785373,0.22881956917861823,0.22159449537623874,0.24530379525821353,0.22516497865288632
w1265780959,,0_10,88,87,0.27840740990613666,0.32189390808893553,0.32733103026334043,0.35288914191795884,0.37603964189494765,0.26065732621505994,0.32032620865813877,0.31856158719825567
w1265780959,,10_20,94,94,0.26141813180745943,0.30653351735061357,0.3130794491316233,0.32505859061051173,0.35789403556848287,0.2530399622228348,0.2981425953496809,0.30196287633149316
w1265780959,,20_30,104,105,0.26336185417133945,0.31078747626151687,0.31949268871298314,0.3287580746010633,0.35736931264335126,0.255597969882552,0.2832441574236726,0.29202647619538036
w126890297,Akshaynagar Lake,0_10,58,58,0.33850969847842416,0.48424328278679224,0.5931960023703945,0.5451389032721665,0.5041418455281379,0.523209682620069,0.6241414530066798,0.6067449632052192
w126890297,Akshaynagar Lake,10_20,68,68,0.3388863708857858,0.47838242286796046,0.5459535243548453,0.5144838385254654,0.5098833674052337,0.5113711316742816,0.6090277789132813,0.5818407468594243
w126890297,Akshaynagar Lake,20_30,74,74,0.29226683009739557,0.3604376694199034,0.4316043318889067,0.4157719079934558,0.4172563866632096,0.39844025095594515,0.47884478898509103,0.4674150317798916
w1273317568,,0_10,73,73,0.23157957912568722,0.3107080918092426,0.3884169232528796,0.5443929611197094,0.6256570153144332,0.5319115192049266,0.6160642508655496,0.6295084049675594
w1273317568,,10_20,84,84,0.27185431024983564,0.3542589187200112,0.44020981783028246,0.49387199699115036,0.5338538341973065,0.37946190429157467,0.4923559434418515,0.5299709617937491
w1273317568,,20_30,79,79,0.3013057020709063,0.3587396001042018,0.4566951127933116,0.4473047193564306,0.46673719372039046,0.3405328244241666,0.4566961248554984,0.4805930326172084
w1281359323,,0_10,72,72,0.47423583810105985,0.47512441086821827,0.570105459939636,0.5605249550018904,0.5809064385286319,0.43653183382994426,0.514807372219716,0.49343630761297175
w1281359323,,10_20,77,77,0.4576357107034066,0.45356567157774763,0.550191046371874,0.5518812802116397,0.5849053242475274,0.4649129042777918,0.541198206695229,0.4936569751005745
w1281359323,,20_30,77,77,0.41851385983860034,0.4160601330983344,0.5120079235820678,0.5187765960235603,0.547172189972087,0.4354395230962646,0.5101692224154526,0.44826143546565556
w128229795,,0_10,62,62,0.5061224626924409,0.5077952599228012,0.49113894010159237,0.4439462538192448,0.44679906752175885,0.43720063148543165,0.48098969851350665,0.5255826841843211
w128229795,,10_20,67,67,0.5060148374453478,0.5064596162151731,0.4853645107890813,0.448626382242121,0.44879777959289935,0.44085750138092566,0.47546532134003944,0.5149151856220302
w128229795,,20_30,76,76,0.46729581191623587,0.48948208922324876,0.48588115707179097,0.46540383768644134,0.4570618027957167,0.436804955504191,0.4716853736460417,0.5008215759932356
w128310896,,0_10,53,52,0.48000956190089933,0.5298665169148175,0.5268100258558135,0.5419228926854316,0.42332390458830776,0.37537632465111614,0.48260752555209646,0.4757046381035592
w128310896,,10_20,56,57,0.45537762295984563,0.49338165639282305,0.500859865785118,0.504389241217783,0.4620922190993229,0.4022403867382305,0.47114571073864775,0.48734700393702357
w128310896,,20_30,58,58,0.39930117433577805,0.4342392867974405,0.47084365192767874,0.4639383795914785,0.46425021978522285,0.3801686121374787,0.4280613887982282,0.44447906236862095
w1283528231,Chikkadasarahalli Lake,0_10,92,92,0.24586975476055334,0.1787474997076167,0.29664130494985963,0.34244547638831563,0.3470585736508138,0.2564505803159018,0.16308455692986493,0.25918213211994207
w1283528231,Chikkadasarahalli Lake,10_20,94,94,0.26240335921454855,0.20386383385596102,0.29154097677994467,0.3180591953066669,0.3791930780973119,0.2508252529494287,0.26854860810127446,0.2526067511401292
w1283528231,Chikkadasarahalli Lake,20_30,97,97,0.27727353084543244,0.2257938848766052,0.29788116185121855,0.30412422974898573,0.3624715309395211,0.24815399439629046,0.2799386523919407,0.25993923147647324
w1283528232,Yamare Lake,0_10,154,154,0.36222871727637884,0.4266031772030188,0.5057156604046854,0.5192512476335426,0.5508871394690339,0.5006501300365396,0.5731698014651546,0.5659898721554466
w1283528232,Yamare Lake,10_20,161,161,0.34220556176984773,0.37346740047037014,0.4448124410706037,0.45938355978273515,0.48455882249360516,0.43676354555954966,0.5204939830825419,0.49818657045521747
w1283528232,Yamare Lake,20_30,171,171,0.31880077665921747,0.33410886192358724,0.4118627713944196,0.4044153956508839,0.42560730905689514,0.3832597641512198,0.45511671794180236,0.4309700713430997
w1283528233,Sompura Lake,0_10,174,174,0.281243352102826,0.3324914593075609,0.43497492018344047,0.4511644983186628,0.5000242410405242,0.4118403189143155,0.45023363581935083,0.4016848461779286
w1283528233,Sompura Lake,10_20,196,197,0.23899960203018175,0.26788108704708585,0.366500775759672,0.36354405508413845,0.42933074614240213,0.3301999913082598,0.35424776291082105,0.3098933257034609
w1283528233,Sompura Lake,20_30,194,192,0.2259494096188284,0.22841969113623384,0.32150827060186626,0.31301234999014793,0.3794200730576669,0.2726283066077619,0.29533231944939625,0.2572913073012751
w1283528234,Ittangur Lake,0_10,178,179,0.28434832339327737,0.3006126123943642,0.37578025813369403,0.42095340295015693,0.47637806798413,0.39551082291278583,0.4385725976729609,0.4075674397830675
w1283528234,Ittangur Lake,10_20,194,193,0.2584386659543616,0.27501431854038716,0.346598863703987,0.3611958045635946,0.39542843719662496,0.3388551238484736,0.3585124940487731,0.3134087538054758
w1283528234,Ittangur Lake,20_30,193,194,0.2634194774780771,0.2861980704660937,0.3510626482034277,0.344039670527802,0.36178194279215786,0.31267472478859437,0.3398688637720919,0.31669864307963996
w1286010899,,0_10,73,73,0.21343713605512818,0.3232386912715417,0.4370971186598993,0.3655376834923675,0.49359837560932673,0.26386115754586176,0.33316449982795376,0.27066217732812436
w1286010899,,10_20,82,83,0.16880337264252732,0.2590933645154004,0.3296154592507993,0.251876609572256,0.3219985361427283,0.21451227827970376,0.2814943350721957,0.2335158344186455
w1286010899,,20_30,95,94,0.17409110624731572,0.272862830770119,0.3561949095262551,0.30646851010619536,0.33501492697046625,0.2328556163253076,0.30744930314118635,0.2636335378941624
w1293616839,Kakolu Lake,0_10,610,612,0.3779399943910956,0.40898157284759107,0.44611033193368793,0.49185970696298154,0.406503564489881,0.41761556162045066,0.4799986829285498,0.5180488184430366
w1293616839,Kakolu Lake,10_20,619,620,0.3581390277241932,0.3809224130614233,0.41506345066469824,0.4603477261426174,0.4155242215806817,0.40116423376843185,0.4613109010167768,0.4761256335784545
w1293616839,Kakolu Lake,20_30,651,649,0.32752907224289524,0.34763393245605934,0.3780969408689833,0.4190246613616176,0.39902730865593244,0.37012629674481423,0.42345319812310056,0.423700671305288
w1297658634,,0_10,80,79,0.1630198877734668,0.21588172000027517,0.34966531490930797,0.3521409522809449,0.33467679139368917,0.2876209473873531,0.32658845574243156,0.3531030337635966
w1297658634,,10_20,89,90,0.19036407389563778,0.22965159909178143,0.3715971952856788,0.3636252319200268,0.34304789145219516,0.289361041012871,0.32920846346828064,0.3697737094155348
w1297658634,,20_30,92,92,0.21404429677319153,0.2373992461454642,0.3687120927135429,0.368050214246372,0.343479527442382,0.2913458073688125,0.32462282506453144,0.3708893266396818
w1298349248,Cheemasandra Lake,0_10,144,143,0.22304726240210596,0.2620135996048482,0.3605033648074464,0.364166668736997,0.37930534508646235,0.27719428468960994,0.41258695178075416,0.2497588115900327
w1298349248,Cheemasandra Lake,10_20,144,145,0.19482922236414335,0.22473751998522304,0.2788892294163913,0.2900801014647763,0.3029789750851065,0.23990814304492722,0.2992724959519303,0.21304967814433431
w1298349248,Cheemasandra Lake,20_30,157,156,0.18496765844436638,0.22072838126687594,0.23670268966187444,0.24454250021900384,0.25518271203243625,0.19927827317723834,0.23941975712901054,0.19237067653529208
w130111880,Nallurahalli Lake,0_10,173,174,0.4727004026818406,0.4748790502122581,0.16771296253592735,0.21174159688419386,0.23530137420792388,0.18903916697444834,0.22916554459320634,0.22459872344469958
w130111880,Nallurahalli Lake,10_20,175,175,0.4047210991045079,0.4294466066917893,0.26939383657506144,0.2794998907862889,0.3088217718334861,0.26456070327091863,0.31292556513540093,0.302129071588974
w130111880,Nallurahalli Lake,20_30,176,176,0.44828443913372895,0.4554591110719637,0.35829765404575303,0.36136915526777386,0.3611054521769612,0.31067142018987476,0.3580253802576437,0.3407616259770561
w1303226385,,0_10,87,86,0.24742382149463488,0.2773369610948888,0.28956778147837164,0.3435327664295728,0.34641847339507625,0.20171468938259401,0.277477786614047,0.26765137986188164
w1303226385,,10_20,97,94,0.2657759621426499,0.2804364795222733,0.2902702579012395,0.3350179776770334,0.3514133919866228,0.2466588827423745,0.2890521678850163,0.2698468911754381
w1303226385,,20_30,99,102,0.284676264989807,0.28435878803788056,0.30335046959048934,0.3347181063258461,0.3562234792774464,0.27141691046326,0.2861811749472571,0.25844941115626685
w1303226404,Adde Vishwanathapura Lake,0_10,166,167,0.2964436371196115,0.3279906599774408,0.36357150671261335,0.43499617597978235,0.4582850626084453,0.39817044459937023,0.48134510695811356,0.48793202741332703
w1303226404,Adde Vishwanathapura Lake,10_20,165,165,0.3215339904784268,0.347425693071484,0.3906128302616244,0.45665804507169766,0.47465150046498433,0.39826586271415965,0.4668025190081013,0.4859360637150553
w1303226404,Adde Vishwanathapura Lake,20_30,179,179,0.32101744370056684,0.3414406296819956,0.3790279783898973,0.4232588435207867,0.42130833574470616,0.35537180926190204,0.4078043182831648,0.43808391762844606
w1308260482,Byalakere Lake,0_10,103,103,0.3900835318575699,0.438914548221095,0.49439051485767266,0.5390976719334957,0.5590830949108302,0.4682004448655039,0.48675738782791006,0.33544372715745197
w1308260482,Byalakere Lake,10_20,112,112,0.35234884923794896,0.3952854804388609,0.44260822677740175,0.49288359734853915,0.5040486228837932,0.43109746512817937,0.3996203211115055,0.35923893017917113
w1308260482,Byalakere Lake,20_30,117,117,0.34707764191676405,0.38626475717770997,0.42093646089687514,0.47769910731001103,0.4755302395013309,0.4092331856825391,0.36100051585259896,0.3620912474608852
w1308260487,Byalakere Lake,0_10,138,138,0.26214479532079615,0.3323067987580719,0.36689559083575013,0.41419746116897754,0.4681753004184989,0.3339542522733,0.4088989839230834,0.22254696493669568
w1308260487,Byalakere Lake,10_20,142,143,0.24654703465638692,0.30373210431881276,0.35167429138083944,0.38861795606646266,0.4231525878061241,0.29136760747811863,0.3538285720782437,0.24218277770987004
w1308260487,Byalakere Lake,20_30,149,149,0.23628160830338982,0.2831685405001966,0.34031370334322353,0.3720430387376756,0.39226472217311165,0.26079187783671776,0.32876605349696925,0.24118856896539015
w1320965775,,0_10,49,50,0.47538335637222323,0.46069536393532545,0.49202532957031353,0.32933324503041717,0.2847790236024167,0.32362250143787025,0.2827378404970118,0.29548953659802535
w1320965775,,10_20,58,57,0.47135750018341954,0.4537402765284607,0.5704342252327108,0.46710761777053783,0.43145656269413746,0.4647120110672525,0.4007932509318518,0.39544043306118104
w1320965775,,20_30,63,63,0.40974928093403495,0.4106201488066299,0.5392237603377789,0.4916134525927827,0.43481971335109654,0.43861812469638733,0.37581917623312777,0.36434805754153704
w1329403181,,0_10,67,68,0.23382909141839722,0.29548075182077405,0.32083997536071557,0.32630689870353324,0.353524007171906,0.31967921070391286,0.4152579798161963,0.41695389081935613
w1329403181,,10_20,69,68,0.2242798873363092,0.2623319984874429,0.30903419147969935,0.2861134875693888,0.3254336877808587,0.2950612744698226,0.3803371227217687,0.369416686202225
w1329403181,,20_30,77,76,0.21831843754021488,0.24318446850885592,0.28659472080125237,0.24383196074393965,0.28285339891976163,0.2661042286297906,0.3170883314621546,0.32077344531601015
w132997931,Halagevader Halli Lake,0_10,75,75,0.45619408149673274,0.48808713942959514,0.5364654665969382,0.5264408696235644,0.49552334428784517,0.44303188837933,0.5835596717295187,0.5489025903816224
w132997931,Halagevader Halli Lake,10_20,83,82,0.37435274542725033,0.3886776101511114,0.4324980470619271,0.4020256494276586,0.39820091540790314,0.363847647850545,0.46917496898522715,0.45119587819195994
w132997931,Halagevader Halli Lake,20_30,85,86,0.3699660828905682,0.37259888575753847,0.41286817271732956,0.3826446204006992,0.3515025243298952,0.3275472538037761,0.40370100953952465,0.3847435652142155
w1330922585,,0_10,141,141,0.32961456016376217,0.34820531048229064,0.39457969790678615,0.4339263329511754,0.45007001281897085,0.2906106231977451,0.4005186637149727,0.37589540064041393
w1330922585,,10_20,149,149,0.33441128160577815,0.35711453365009355,0.40824978069459994,0.45378164798347104,0.47138150493872993,0.3296962284983549,0.4175745540222784,0.37590702394986386
w1330922585,,20_30,146,146,0.33096563767467685,0.3601879429212671,0.4192506933545869,0.45553414423660193,0.47003422578221216,0.3648024008100218,0.42767783644294965,0.3814694440418424
w133125939,Hunasemaranahalli Lake,0_10,133,133,0.25197415690113595,0.21659097986525805,0.14588491049176044,0.2838294965863143,0.18455755690972753,0.28723652062818567,0.35060995182445076,0.4046850556251151
w133125939,Hunasemaranahalli Lake,10_20,128,128,0.20092234789969055,0.19132075728118741,0.17326396005067643,0.25120266915333345,0.205175537515405,0.2591787242821707,0.2920397698953406,0.3402113022279529
w133125939,Hunasemaranahalli Lake,20_30,150,149,0.18250402194469711,0.19236661092856014,0.2105658046261776,0.23823870481292675,0.23742464644372296,0.23186255243482753,0.24951902682627766,0.26321859516006374
w1331923007,,0_10,129,129,0.3243662923094164,0.4063346330164734,0.4376538797763692,0.48656530611748555,0.4762984884410707,0.44524686658805945,0.4091203498764484,0.4437099203580784
w1331923007,,10_20,140,140,0.3205758162004685,0.38890967157886225,0.4612523793236072,0.4813666927337257,0.4722073493114662,0.4466809199720909,0.3863661093633696,0.42223676821603656
w1331923007,,20_30,139,139,0.3268266212817283,0.3848553166281823,0.4734680473565173,0.47987319898960906,0.47247004035602486,0.45409324118471545,0.422809197044981,0.43668462854303236
w1333664338,,0_10,225,226,0.3653640701008835,0.4271311069980524,0.32421336461286615,0.3056043793911503,0.31404027708513355,0.32235118782357497,0.40908835573530505,0.40277823168543436
w1333664338,,10_20,207,208,0.4061041365401818,0.43214967661670484,0.38510604114227664,0.39427887327462585,0.4025090785332307,0.3333373794259217,0.4204361112249855,0.392351494288869
w1333664338,,20_30,178,178,0.3871571129763392,0.38705996144093013,0.43051177977126925,0.4264167484041983,0.4215530007129162,0.31089849737704434,0.3804944301828761,0.3496328410444596
w1333666287,,0_10,72,71,0.36202146360744303,0.43546035927967824,0.45883233361390374,0.4564201596834637,0.5193087735052956,0.4148968127739573,0.4801380794662913,0.446971155963924
w1333666287,,10_20,75,76,0.3790876709633689,0.42621702753514623,0.43156914082887804,0.4280175361833156,0.4803242000573857,0.4092470782471511,0.48480272363587307,0.40805008213947636
w1333666287,,20_30,83,83,0.3673927878929025,0.396721086111968,0.4076486367138435,0.3863309363188658,0.4388813529005475,0.38579371608682905,0.46281179456763616,0.37186563927716154
w133729401,Hosakere,0_10,217,217,0.20656944087756415,0.2649475328201864,0.35032852966106054,0.3604644287073,0.3582463298476899,0.3649152541112324,0.4944609640190942,0.4663159216401538
w133729401,Hosakere,10_20,226,224,0.24031381843221467,0.3271644560108598,0.43645514193164997,0.4336519130232982,0.42079845160649815,0.3273142987771783,0.47063850944921565,0.45008019204529554
w133729401,Hosakere,20_30,231,232,0.28315274205775576,0.39511198730030067,0.5078073517263372,0.46753360621974704,0.44645509545790063,0.30676043017879984,0.44949654550219426,0.42539522109355576
w133729402,Singasandra Lake,0_10,63,63,0.33446483880249434,0.46308725839236875,0.5628136257640382,0.5037641347542787,0.4555288783639091,0.43553291545217965,0.5480030506185702,0.5266939263884888
w133729402,Singasandra Lake,10_20,75,75,0.28108588837804843,0.3206145685517449,0.38083318688083423,0.35954741560500475,0.30289555961233494,0.29994249544514473,0.366581761589842,0.3545004042489337
w133729402,Singasandra Lake,20_30,79,80,0.20447789032428462,0.23038599572604931,0.25816454413116285,0.25402483913880963,0.20517412457613035,0.21223099481565288,0.22933242533216033,0.215044238665123
w1344973950,Lingadeeranahalli Lake,0_10,60,60,0.4011938970871332,0.35503966988020136,0.4798956488106955,0.4997108151863255,0.4886509724164083,0.16878991024085238,0.19095862661646165,0.2199967220320009
w1344973950,Lingadeeranahalli Lake,10_20,64,64,0.3694644353908974,0.32232355730874784,0.4422816648600557,0.45737978920662226,0.43742070676609013,0.23539147563727317,0.2649411761141979,0.28998107029730735
w1344973950,Lingadeeranahalli Lake,20_30,76,76,0.3518718621782266,0.3125548385878149,0.41590176492815056,0.43164398527007203,0.4043526289182878,0.2665312973827491,0.3101800241940599,0.3110299433666151
w1346134985,,0_10,48,47,0.28741095810281075,0.3252492426890461,0.42702865852034705,0.400127212679558,0.4184817602903903,0.3583723685315939,0.37160025999442076,0.3791544839513165
w1346134985,,10_20,51,52,0.28788948496062333,0.279263681676661,0.3476987810883234,0.3490903947114021,0.35456840562261094,0.279338756026186,0.3545337599604842,0.32864203135663783
w1346134985,,20_30,64,64,0.25614433420518445,0.25679614588076044,0.33357478784484895,0.3110891638722115,0.3054084125643685,0.2434122582877933,0.3112578723073393,0.30322117461454845
w1346841565,,0_10,50,50,0.23194408180311016,0.26382995255120245,0.3824034729486,0.4046274321253571,0.42443998164880015,0.326160857042353,0.389232911434738,0.19602446880135507
w1346841565,,10_20,55,55,0.22168495653282472,0.23711473376738454,0.357139966698326,0.38862249884161565,0.4164356256132358,0.29759711156790963,0.34928034913521605,0.20407716962685518
w1346841565,,20_30,62,62,0.21086818448874584,0.22209826925335668,0.3482313613170372,0.3984595106952681,0.4153717143523381,0.26016321862409536,0.32973034301228366,0.23713200208022867
w1348507985,,0_10,102,102,0.5801629417623417,0.5931077032412347,0.6015384953724144,0.5519707413769592,0.6234405144025011,0.5914368181734897,0.5796046763293584,0.5810899191106506
w1348507985,,10_20,109,109,0.5224157717085043,0.5086342052663158,0.5556033477667777,0.5154580026295134,0.5757116811859521,0.5235469296021228,0.501467387931654,0.5294369039509433
w1348507985,,20_30,96,96,0.4720287957019578,0.4491979399930213,0.5120803577939722,0.4653231614148304,0.5074022318444112,0.43349164914321875,0.4292302988553561,0.4656720612466712
w1348507986,,0_10,92,92,0.4934481124002659,0.5517784271684166,0.5456251056084732,0.4935728603397457,0.5525779887977089,0.5190752813724228,0.5577833054495739,0.5415553786620403
w1348507986,,10_20,102,102,0.5098940327638942,0.5297850520883259,0.5528584860994168,0.4985266930774616,0.526090042424695,0.5081161841592976,0.5401336888707549,0.5278227622201086
w1348507986,,20_30,85,85,0.46180937355114476,0.48662932024248995,0.531400082720817,0.47283609219661127,0.4965641334902535,0.4515452751387695,0.49640330206291033,0.49804702533947054
w1348507987,,0_10,71,71,0.29014664413942265,0.38128916163066834,0.5668403632543937,0.41593568666858866,0.5012851212372664,0.3095218734522568,0.4579080793624206,0.4230178898934269
w1348507987,,10_20,61,61,0.3057546724339185,0.3541780143659338,0.4562645846060186,0.3642978072504856,0.4258122913032869,0.287360757842936,0.36328276341264637,0.3500060141562305
w1348507987,,20_30,62,62,0.3207867633901705,0.381662106667711,0.4549769961791561,0.3833052767127334,0.42461421370970587,0.3040121714113039,0.3731021403798284,0.3611631667400151
w1348507988,,0_10,108,108,0.3907268376524121,0.47506679975490346,0.40936779317985234,0.29548569090261634,0.409046623522169,0.25579346291717714,0.3558348917570875,0.34870259655173746
w1348507988,,10_20,103,103,0.3222276601230089,0.37371820463479016,0.3530786042919418,0.28933910504976035,0.35905525998729554,0.250767674042277,0.2986986457558192,0.2968308719867694
w1348507988,,20_30,102,102,0.2951085192546204,0.3437800085321304,0.3757850062519785,0.3210895497866555,0.370119345611853,0.2603410018825893,0.3070214627486412,0.3115728949350243
w1349913931,Beratena Agrahara Lake,0_10,110,110,0.4207939833596288,0.44784559394772383,0.5309966311903132,0.5275322231382553,0.48504722040302506,0.45384218758837497,0.43610917849134234,0.4192275780198578
w1349913931,Beratena Agrahara Lake,10_20,115,115,0.39838850708110224,0.410390402386399,0.48149815622488495,0.4867667991123646,0.4356183753505935,0.39528440384056684,0.4103791864059041,0.36943811677705457
w1349913931,Beratena Agrahara Lake,20_30,121,121,0.40802858944835124,0.43410517744446475,0.4665767207226094,0.48371683014049954,0.430508819531801,0.38971476123402,0.4378829391250885,0.3623545575712869
w135051892,Hoodi Lake,0_10,104,104,0.21628633457570828,0.13503989407210584,0.22023317318904564,0.1588351321848987,0.19595514181995163,0.20428945888181024,0.293849135664972,0.31507043007118113
w135051892,Hoodi Lake,10_20,103,103,0.21211804315262658,0.20215101098209706,0.2867258318718381,0.24537068257653563,0.27854372171757835,0.2712142191485908,0.36601365196730457,0.3579009892608126
w135051892,Hoodi Lake,20_30,109,109,0.21373786160120342,0.23547912394038878,0.31286808477796707,0.29696743354060673,0.3076925289885836,0.2668964906668232,0.3639344805802999,0.328619433735006
w1352492210,,0_10,79,79,0.16530353217940158,0.21436551391569297,0.2685396833569921,0.2979845454881541,0.33076670395977137,0.3444599286083203,0.3693534003852202,0.4298474967620838
w1352492210,,10_20,83,82,0.17943871937845365,0.19032926734350603,0.31440489687350304,0.2909091400457819,0.32590566656602715,0.36255212348077537,0.36108092480992454,0.4400408573829168
w1352492210,,20_30,91,92,0.18216135439330067,0.17487906010099713,0.2933373669416492,0.2757321519003328,0.32943135646667693,0.35002280240413497,0.3423789342572638,0.41994872826062485
w135267829,Kammagondanahalli Lake,0_10,132,132,0.18915859253368839,0.2782512175217616,0.44014295961896693,0.48850162166605543,0.4934377817435196,0.41191806242152557,0.5468191186491868,0.4956465684358372
w135267829,Kammagondanahalli Lake,10_20,133,132,0.23004061677312757,0.29996752492807477,0.46430778220736596,0.481603947588749,0.504288357849313,0.4436369497619622,0.5551209295048317,0.505297530552822
w135267829,Kammagondanahalli Lake,20_30,136,138,0.2485173079907847,0.3002858679924767,0.4095964642570342,0.407904736785621,0.4205289085249758,0.36374045636884444,0.43126735708378844,0.40026171048510234
w1353425192,,0_10,188,188,0.36375000308478034,0.38388619768099025,0.34052209864722244,0.40241764213463155,0.3341094940993589,0.3391861909972815,0.3657989364173462,0.3540056931374926
w1353425192,,10_20,197,197,0.2598776961770441,0.2926133186176706,0.29217907733824133,0.28962431618016465,0.28828664613148497,0.25418590908843053,0.28326791859026546,0.26057399593015157
w1353425192,,20_30,189,189,0.22224677502301785,0.24316501176219354,0.2562610836326917,0.24763991700268526,0.25370358278470795,0.21777115080126996,0.238960248092528,0.23151699270192352
w1054489002;w1054822214;w1353425196,Nagarbhavi Thorai,0_10,3022,3015,0.3723719778771949,0.4184058363379743,0.4323535174160787,0.39225393523601154,0.40387726991520867,0.39141595442468474,0.42743053126912683,0.4264685396747323
w1054489002;w1054822214;w1353425196,Nagarbhavi Thorai,10_20,3034,3033,0.34822372953835984,0.3786123430640571,0.4099242368792529,0.38323633354027575,0.38360316346471807,0.3555312988861162,0.39125974179881157,0.3850541374113069
w1054489002;w1054822214;w1353425196,Nagarbhavi Thorai,20_30,3008,3011,0.3182874869304579,0.3464250784297876,0.38409928464406484,0.3618383707196487,0.3594328397672542,0.3192973150189129,0.3552074179620338,0.34599373272772754
w135398428,B Narayanapura Lake,0_10,55,55,0.1741101067779355,0.25576176357708824,0.40746293771486264,0.45785845089059757,0.4619529987871869,0.3640700762710461,0.3630601267467047,0.3924176795888363
w135398428,B Narayanapura Lake,10_20,69,69,0.14941554427938333,0.20730012788171928,0.2839361896135071,0.3046084569521543,0.26227657221709,0.23791636042551534,0.2666134507205523,0.28508423670141153
w135398428,B Narayanapura Lake,20_30,66,66,0.12367755297040697,0.17089441766768254,0.22461942184372602,0.20144498640318098,0.13543944602469368,0.1280797499337435,0.16414018107876013,0.17589976880158828
w135783242,,0_10,54,54,0.3745406401152564,0.4862611567553885,0.44321088312837453,0.448093661473703,0.43994277637957624,0.3898248944208466,0.3117493060845106,0.3938115767798568
w135783242,,10_20,59,59,0.4768226051690744,0.5532385705862094,0.5812257010562708,0.5330747399271054,0.5431823644980311,0.4214092900664601,0.359148487890211,0.4156149208022108
w135783242,,20_30,68,68,0.4608927212815744,0.5186687106926334,0.5785125600623824,0.5342040768004169,0.5676535499579207,0.42969748249011464,0.4008063974891088,0.4296447021976686
w1362803098,,0_10,128,128,0.27542943764921396,0.2270722699283627,0.338104786839929,0.40433097168435583,0.395874758517255,0.33260372912225006,0.4696282148755477,0.21171449952990376
w1362803098,,10_20,129,129,0.28559986861333636,0.2572007699314703,0.38074564690525065,0.4531671646435252,0.4655685379693553,0.36046358507757503,0.5131464617821919,0.304168709460816
w1362803098,,20_30,140,140,0.2586577413623852,0.25321927140117495,0.37057113107260314,0.40811257557722425,0.45301657209085994,0.35384283171931435,0.48800922314854356,0.38934801708941175
w1362803102,,0_10,113,113,0.34724234238907586,0.40524345137093615,0.47364394304160734,0.5358503634641021,0.5775974706059448,0.4877198413433705,0.6032206133593223,0.47785886503288527
w1362803102,,10_20,131,131,0.32872107025080766,0.3482845128858744,0.4287526212999266,0.45510462252566425,0.5185284748776388,0.4353306960673545,0.5288204257229747,0.43179635160244206
w1362803102,,20_30,125,125,0.3024212722852301,0.3034454826150946,0.39991299177947337,0.39714819887527397,0.4580260173426735,0.3895006009161698,0.4700160549048183,0.40176415496847917
w1362839966,,0_10,179,179,0.3793730779479427,0.40485439446185584,0.41537137837387694,0.4288025482194677,0.4631869891675642,0.33387818899844396,0.44655204791751407,0.41749247790899086
w1362839966,,10_20,180,180,0.3757183845122907,0.3851451294651139,0.39015822006629847,0.4001961093122275,0.4221057588385748,0.3363852860144272,0.42286939561197534,0.40084467514831945
w1362839966,,20_30,193,193,0.37342548323854813,0.37361676360636753,0.3887814580144265,0.397986119716354,0.40689214317088424,0.3441932476194081,0.3967977872468617,0.3865124314146112
w1362839980,,0_10,114,114,0.3320155455512049,0.3271862126723921,0.36225265039161,0.36965205253463645,0.39068995175353194,0.3119764372598801,0.3842579394640301,0.38647813621536126
w1362839980,,10_20,124,124,0.3091563861137334,0.31714844815972953,0.3544437748455723,0.36131738252311213,0.40774594692116184,0.3117306443142974,0.36319846297529673,0.3883484525295746
w1362839980,,20_30,132,133,0.2735101038020908,0.2915719964507634,0.33491000831978207,0.33886984157957606,0.3908268069325684,0.3098716127290764,0.344833960083086,0.40060321937123244
w1363011942,,0_10,88,88,0.28942548546210034,0.35307339804229776,0.37022635728606096,0.4023846659719389,0.3858876199612233,0.3474164565754892,0.40412482069894184,0.44824668175568677
w1363011942,,10_20,89,90,0.2918138491456626,0.34541404085081495,0.35512937022796287,0.377670330546301,0.38010545862712214,0.32537253158343893,0.370722007235026,0.4032317382442158
w1363011942,,20_30,97,96,0.2950086792415779,0.3425861509088695,0.35248596106387997,0.3686229962776478,0.37802575334954075,0.2770929293766933,0.3409524255981349,0.3493502409469498
w136445345,,0_10,131,130,0.3915230126140986,0.43286409064097897,0.48710939450626567,0.5020377925656806,0.5510621837057145,0.5189587971921461,0.5634709541056183,0.5775132057892368
w136445345,,10_20,143,142,0.36121750014626935,0.39106404590444915,0.4528222440500616,0.4399306824301585,0.4577970158318206,0.4178708646882228,0.4578662013885213,0.45291333148530183
w136445345,,20_30,141,142,0.298057164126157,0.3106099756723154,0.3666718145069537,0.36371944449021404,0.3755148266928648,0.3363050917106973,0.3668019133891261,0.36301811341742235
w1366035445,,0_10,72,72,0.3658764822848316,0.46140363646032345,0.46935855662392256,0.46659638303342454,0.48241984655321396,0.38017415024435475,0.4722774800381212,0.45819222154797934
w1366035445,,10_20,81,82,0.34107108784467904,0.43331824308978484,0.4050346311561939,0.4419207138755459,0.4483790997142048,0.33548908111343234,0.39452003239705113,0.39464405544723224
w1366035445,,20_30,83,82,0.30165871673394884,0.40473071979825576,0.37837440190268967,0.40177720364353053,0.42691445915035997,0.29531147443657724,0.3702084668974761,0.3402463291357106
w1366035446,,0_10,92,92,0.3416909258767571,0.4445420762093918,0.4410357617931601,0.4368253904171624,0.36596468272297067,0.34717057608667223,0.4228997042664816,0.40148094394018347
w1366035446,,10_20,105,105,0.36796270768013567,0.43866179415734635,0.45523594246474414,0.4240745529074,0.43877482243931626,0.3568535557225621,0.4016832437107101,0.3918514068697757
w1366035446,,20_30,106,106,0.3867312694153387,0.46212986186638727,0.4895346335824196,0.43711551895265505,0.4613611183609501,0.3696750568273046,0.42356607514162203,0.42066306603754844
w1368339289,,0_10,51,51,0.3929970583804783,0.43024129811991085,0.4762599896276088,0.4271294641434171,0.4999766716318179,0.3931707846308156,0.4517187654051398,0.4285561770138514
w1368339289,,10_20,60,60,0.39576624628648377,0.42357913555190024,0.48452891792293007,0.43165807593642075,0.47140125507802305,0.37190002559987195,0.4263882949670254,0.4100166342191059
w1368339289,,20_30,67,67,0.39098995901571976,0.4330300205835928,0.4826565514129204,0.4225275005694114,0.4521745286754483,0.351790689390134,0.3780536111375119,0.3765604256386442
w1368604682,,0_10,62,62,0.29310875988041707,0.2869228946919308,0.37848513102422143,0.3981050063290469,0.384208625477869,0.22203275427899538,0.2449985908985737,0.24985382264460798
w1368604682,,10_20,67,67,0.2828422080530711,0.2916695418477607,0.3936831294700399,0.39334928968745264,0.39643144961865734,0.23377000219645294,0.2744288724221155,0.26110536189411776
w1368604682,,20_30,73,73,0.277750697784353,0.2775870838297659,0.36630820615423426,0.375245107774699,0.36907285006596113,0.2216936134086886,0.27659826211705574,0.262944609726793
w1368604683,,0_10,107,107,0.3035987969961804,0.2985414153629118,0.30002119205218725,0.34225090669784064,0.3264738391797404,0.243209274783302,0.2941017131370571,0.2909855686708816
w1368604683,,10_20,113,112,0.2856838498305829,0.2677404713437496,0.2938204288183618,0.3382721599561567,0.31777912333281294,0.23334520333427505,0.2901641700716561,0.2880084799446986
w1368604683,,20_30,111,113,0.2633687424688596,0.23535065542928182,0.26545269611697536,0.2921339169871021,0.28242139663709315,0.22260986283427903,0.2533379835107839,0.25188046618271165
w137539703,Basavanapura Kere,0_10,82,81,0.15752454928883963,0.1529162272446813,0.19952394612278618,0.21967970362406877,0.2375118875709811,0.25714139846256096,0.34105113591410885,0.41855866021966304
w137539703,Basavanapura Kere,10_20,86,87,0.16240588269987682,0.13583698044803247,0.21078260941797342,0.24655222096772847,0.2468309306118343,0.25444464679499695,0.28800248692684766,0.33292223605173005
w137539703,Basavanapura Kere,20_30,94,94,0.20174196647927542,0.18042789071383078,0.2734399853697091,0.2902293057694859,0.2466740372552773,0.22857493109180296,0.260265898091596,0.2691978330618442
w137539770,Bhattarahalli Lake,0_10,83,84,0.13162489528605956,0.17354121311917625,0.1614561086788556,0.16672969591127565,0.19521494829063343,0.17727547617768208,0.27460359664317785,0.32590250008157057
w137539770,Bhattarahalli Lake,10_20,87,87,0.1791516889230394,0.22584353390916778,0.20210021116632954,0.24304500713861732,0.26351668582137044,0.22031193198570936,0.30212823163342173,0.3273979771639665
w137539770,Bhattarahalli Lake,20_30,91,91,0.19109047468257384,0.24320666087645276,0.2847973417893773,0.3158667184444741,0.3310415983944928,0.25478818794049574,0.2973230589387498,0.300028844036126
w1382288524,,0_10,78,78,0.2868231238855029,0.3448697621742289,0.4311576944224264,0.4451115644934957,0.34476691455841046,0.2624381865959834,0.3509553775097139,0.28251638440540683
w1382288524,,10_20,80,81,0.31401621578150707,0.3379072434420485,0.39456671935823545,0.4043233196973154,0.32699669292099776,0.2614838183875229,0.29958997009158533,0.2550224801456695
w1382288524,,20_30,88,87,0.3016791524468695,0.30552922958079237,0.35742805168016206,0.36096506444211524,0.3228103580647242,0.2687143461058296,0.30679345188505486,0.25783209197174484
w1390619967,,0_10,53,53,0.16810873140203306,0.23032357718296484,0.33435066996399115,0.2640324985805045,0.27731285062716415,0.22092151871565235,0.253755735820758,0.2764303658440402
w1390619967,,10_20,61,61,0.2008834688719481,0.26229235501049564,0.38534982384226774,0.28035400493689944,0.32630247403006696,0.2497532066546142,0.2946854094321832,0.325497361879905
w1390619967,,20_30,58,58,0.19720619412653517,0.2497017449114906,0.37011597701439636,0.2649901747750741,0.3052799774328979,0.24140055974000926,0.29370499217438295,0.32487631912193937
w1391741013,,0_10,68,68,0.36460266672022285,0.4232289831110434,0.3453528377803642,0.3943257044926578,0.38392318733057973,0.29961265163906503,0.37265243324777303,0.4183033892055216
w1391741013,,10_20,76,74,0.30753872518094777,0.3591058489478833,0.3453214564481728,0.35150817642959825,0.35304335900857325,0.2786673964030241,0.3512035550596903,0.35794499300630606
w1391741013,,20_30,77,79,0.24856602747555717,0.2913098401243531,0.3036347287570746,0.2990614908061659,0.2962487177794446,0.24823624970574354,0.31627874475436424,0.3167487804699216
w1395880731,B Channasandra Lake,0_10,59,58,0.36029677163973733,0.4240417417746337,0.5315677563361583,0.5532385065390376,0.5360479905611414,0.4099860771452462,0.3193565729744416,0.3507618054520529
w1395880731,B Channasandra Lake,10_20,63,63,0.3010192040909404,0.3548016003930764,0.45372463926594625,0.4440983584545977,0.4209563843212592,0.3422134771728504,0.29280537968085896,0.28629012997271364
w1395880731,B Channasandra Lake,20_30,68,68,0.2670666512337446,0.30879627495679285,0.37796773675507456,0.3703675051037205,0.3416041158876169,0.30078021852895553,0.30244869240640865,0.270749710855983
w1409396203,,0_10,169,168,0.26942861797990375,0.32098463570326957,0.35458963556164236,0.3600886856239773,0.3812621429707863,0.33502516750048095,0.37621011242415575,0.3606319633567366
w1409396203,,10_20,184,184,0.3035325600872342,0.3426173495907023,0.38531621990319975,0.36953572067817647,0.3862199594427403,0.3121146554657813,0.3751875893514603,0.3478766213736865
w1409396203,,20_30,179,179,0.32128875622115904,0.36509591156093524,0.4213128488708924,0.38314227963546504,0.38799102100859945,0.30769764309257613,0.40106241748826366,0.35717601802674553
w1409426375,,0_10,67,67,0.25360127054952203,0.3002826814086497,0.35923021018910894,0.3784960786025549,0.36792867434277926,0.19250776559285843,0.14170989383345461,0.1920552765759925
w1409426375,,10_20,73,73,0.23029978791498007,0.2592718376562063,0.32453068607758984,0.3489211224071945,0.3491893193185275,0.1904187247809492,0.15118901737616988,0.19264709261496554
w1409426375,,20_30,75,76,0.2103792997005153,0.23269621551771583,0.29583985055459333,0.32462596567325813,0.32472183216501793,0.17415627685838544,0.15604793945534998,0.17830816923193113
r19751547;w1409994956,Bellandur Lake,0_10,1508,1509,0.6526976443022825,0.452222932140293,0.3250759501699153,0.3205355495335377,0.29449056442336524,0.2806709838419759,0.4355959327607793,0.2469801270874935
r19751547;w1409994956,Bellandur Lake,10_20,1230,1231,0.5658569670868138,0.33542788535233653,0.36021672093549567,0.35951845982180536,0.3605938099508628,0.33787026644295215,0.443836979711004,0.27932696976715893
r19751547;w1409994956,Bellandur Lake,20_30,1194,1192,0.5164485584323738,0.357993188353076,0.43598637290816006,0.4318352506733019,0.4461064005370377,0.3898956465558413,0.4992895468643068,0.35335816095735273
w1421391125,,0_10,83,83,0.30609915046994157,0.3226909627272415,0.4739353070024121,0.2767954185278463,0.40239360075599934,0.3867758883866684,0.48324590783861954,0.35858761500192804
w1421391125,,10_20,84,84,0.29480839359694117,0.3111304501290211,0.4612091870579076,0.24652737397598795,0.33774121118072764,0.3350616903096523,0.4373166088282493,0.32883385025308826
w1421391125,,20_30,93,93,0.26616525337409214,0.28004385354303407,0.40514529829254203,0.28520800071009356,0.2866969599247184,0.2860379415521387,0.3995468666298214,0.26763535035359554
w1421748891,Devara Kere,0_10,96,96,0.38774868136934043,0.4292622817571296,0.4953674813276203,0.5663440662916498,0.5640497807898703,0.4705174968281973,0.29199219916385194,0.31266497513697417
w1421748891,Devara Kere,10_20,101,100,0.3223311761018867,0.36030322652190633,0.41424869084385557,0.45645774425487223,0.4658625286488206,0.39889737478701237,0.3006430776015157,0.31633166710305916
w1421748891,Devara Kere,20_30,110,111,0.25088262746693507,0.3074452743334241,0.3483897262447707,0.3434276453744582,0.3669727913737372,0.3310996507438613,0.28987917108554273,0.3148628898885395
w1422345954,,0_10,63,63,0.3553930199108519,0.43369848908109615,0.49281242973454464,0.4913093055073442,0.38025714107761166,0.3079779202835055,0.4200228002884867,0.3403986399707658
w1422345954,,10_20,70,71,0.31022390105979974,0.3576605734139392,0.4415257387537581,0.4156876678861295,0.39555367413851406,0.3048100580248419,0.3915877053655713,0.35419412578656284
w1422345954,,20_30,76,75,0.2763406689381135,0.3149311979645709,0.4023414902495417,0.3735598831192571,0.4110706403295988,0.28117317823988985,0.39466880006522054,0.3474261671417469
w142298792,,0_10,75,75,0.33117389262331587,0.3771340247628528,0.4184746230459523,0.389009293200773,0.4146489219253043,0.38482900748504634,0.39818997918849425,0.37829092187062285
w142298792,,10_20,82,82,0.24400970065951472,0.27955469469655825,0.3311030210530344,0.2981595211756194,0.3252440290715838,0.294449874289365,0.30971211881333516,0.2973443685742761
w142298792,,20_30,82,82,0.1815999902351267,0.20272491670654824,0.24280191996989772,0.220406291428101,0.24024155032128583,0.2117901269969492,0.24217996298820088,0.22238268290494945
w1428242268,,0_10,129,129,0.3324369902829132,0.3391087184692583,0.4157029361007014,0.4629519915073321,0.4949681059845605,0.4330413907353255,0.5148682886327296,0.4692891986954133
w1428242268,,10_20,130,130,0.33993108762944946,0.34290603736373243,0.41094540041105,0.4487116977392168,0.48014439164632805,0.4038377932510494,0.47666015412745194,0.4411526615904914
w1428242268,,20_30,137,138,0.35530053275550566,0.35339430801274563,0.4118683440188751,0.44969970740928744,0.4846989763757697,0.4079858277509514,0.46860108138362766,0.42201216906175354
w1428242307,,0_10,109,108,0.26877229211188364,0.2760568287335199,0.399471305869296,0.32474030634085127,0.3518337528893857,0.2789209186300377,0.36875310819390045,0.3309604804277385
w1428242307,,10_20,118,118,0.22948247718926526,0.22879782555089787,0.30554348483080956,0.2763702675707936,0.2891450627356725,0.21998044667283273,0.28762299661293583,0.26290495927571117
w1428242307,,20_30,124,125,0.22793437741878791,0.21577261054199745,0.295060531041755,0.27171067775564384,0.29126728409553865,0.21108374368065438,0.26216963641780544,0.2506967770585799
w1428242507,,0_10,99,100,0.27879911485174375,0.32927029413344494,0.4643064609438058,0.4317583378955128,0.4479818223403079,0.41950839299174525,0.4850717776071661,0.4428429235209914
w1428242507,,10_20,106,105,0.2798761969615635,0.3154017836081847,0.4695273209188599,0.4163441285697,0.4507962589110573,0.39581326586388854,0.48943225720876443,0.43056960699498675
w1428242507,,20_30,115,115,0.2878013604053563,0.32316765891247623,0.46454973093250473,0.4158968008292626,0.4519478103115719,0.39803139694966905,0.48842755891666406,0.42625871157369544
w1428287179,,0_10,118,118,0.33270503513833716,0.3176349413944193,0.41301875737662924,0.45065240908034504,0.49523703931732205,0.3492025075592166,0.4590038816473453,0.36692355084346345
w1428287179,,10_20,124,124,0.318926727365184,0.3063170124298428,0.3872481570233888,0.39287701086482724,0.4435044554250751,0.3211472097102131,0.4171064951073903,0.319635056132535
w1428287179,,20_30,130,130,0.32216757347675473,0.2939454223856505,0.36379741762673345,0.34907878459088565,0.4183327326851367,0.324625188596769,0.39741561557088856,0.30451742122367836
w1428287181,,0_10,195,194,0.23945240263595594,0.24027614760314708,0.3172877690143529,0.35787561938355844,0.3863881908246674,0.30443647532807583,0.4333166955975284,0.35870523654088576
w1428287181,,10_20,200,200,0.26966910405356553,0.2629555611424091,0.3335238247321425,0.3839688428581169,0.4061717741701638,0.32595933569782054,0.44907211622660037,0.3605953225924505
w1428287181,,20_30,210,210,0.27588737356828735,0.26479313201874816,0.32274392237117616,0.3576113824971071,0.3743303343478361,0.31838118553198713,0.42225920275225093,0.3576727345584126
w1428287227,,0_10,106,106,0.37364587372230595,0.3513274933123575,0.40860364418596745,0.44228347615814617,0.4593457144701868,0.27504578959443504,0.3836900960577126,0.3768274636086773
w1428287227,,10_20,105,105,0.32681132575244876,0.3013723265385311,0.38651019859864116,0.39889435362516135,0.4110118712530862,0.26733793848751747,0.35893631344579063,0.32659706740542094
w1428287227,,20_30,117,117,0.33492288678361115,0.316334411379719,0.44133380251161286,0.39993408820021287,0.3954508125271895,0.29668128108780367,0.3671689169840936,0.330176588443358
w1428287261,,0_10,98,98,0.26657754851916327,0.2818442833273766,0.35834759607246097,0.3605096546865359,0.3588954266309359,0.20011550637852382,0.29614376892355004,0.262752942688008
w1428287261,,10_20,103,103,0.2848867834068958,0.29415711676952006,0.3814854228652199,0.38385146593029634,0.3790042274782372,0.2523353908481425,0.32305779870025253,0.28615696060509954
w1428287261,,20_30,111,111,0.27669234521300384,0.2762765786971707,0.37183717246477654,0.36437629452950526,0.36740454504807735,0.2801171118986498,0.33211767468625,0.28977085793960106
w1428287262,,0_10,121,120,0.2531696457208891,0.27455063918582384,0.3629394903064314,0.42147865300356074,0.4621651318205739,0.3185166462714642,0.40877279046981524,0.3744139281085194
w1428287262,,10_20,128,128,0.25539047034947604,0.2773153404595863,0.35867159444484153,0.3749945365652363,0.42279229605466895,0.2983910789486862,0.36952027990070635,0.34553002580010633
w1428287262,,20_30,134,134,0.2389797812062939,0.26170058084881975,0.34150404518965055,0.3279460539326752,0.37977336289915614,0.26334930839194953,0.32432412552288126,0.3031567534047629
w1428537948,,0_10,55,55,0.2907612951162926,0.2888638369149356,0.4086470096970818,0.40163535018888574,0.4255873966667464,0.3556643582321952,0.452308753830561,0.32313255062207663
w1428537948,,10_20,64,64,0.2956507141921845,0.3059978089351769,0.4170940933796152,0.39709906472637946,0.45535087905052324,0.369286084204747,0.46890350620594884,0.3160199468360113
w1428537948,,20_30,68,68,0.31378667358460083,0.33829691628032543,0.4566599502474964,0.4237942644314068,0.46958631199752343,0.37173743451876756,0.45206868192931576,0.30130630713172185
w1428544425,,0_10,122,122,0.36383383021566823,0.3209288822049854,0.4345499828721381,0.42774994363223423,0.49343327808886545,0.36606372349276844,0.4158166945940407,0.3441672970180145
w1428544425,,10_20,115,115,0.366374440422239,0.32916968971576427,0.4191303357760135,0.40812291380533033,0.4787979897391496,0.32681733325914764,0.41580675805717743,0.34349923591351406
w1428544425,,20_30,129,128,0.3944502212845256,0.3544680118731535,0.4305686598525348,0.4138553799969993,0.4636347219270004,0.33350039085886946,0.43433415293034233,0.3672069560405764
w1434880597,,0_10,85,87,0.20819231438593563,0.26579245406899316,0.36455087627373256,0.33760248637051876,0.3956187165460054,0.31909804044972995,0.19476626489463997,0.16453535259418978
w1434880597,,10_20,93,92,0.2259659971673877,0.27745015108585414,0.3760146213653655,0.3349168471738265,0.3764334984718439,0.3004522805104207,0.20412645736989235,0.16493597917286115
w1434880597,,20_30,94,95,0.20553679832844515,0.25367291360572125,0.35803664653701617,0.3095846809492517,0.33039446692487606,0.2621776973074496,0.2089204075128093,0.16180408707025593
w1435133939,,0_10,84,84,0.39917866755839765,0.40890511573746413,0.49541674785697687,0.566284910566426,0.596474906368114,0.5869013229524709,0.59178539977766,0.4825390618256563
w1435133939,,10_20,90,90,0.3599938541069684,0.37553894975760327,0.46409490283169114,0.5084873728613032,0.5477737709259363,0.5087946497419592,0.48054166664671466,0.4231457018985471
w1435133939,,20_30,97,97,0.31275756852590464,0.3303412812011065,0.40007884465449745,0.42595981598179666,0.4900582757744694,0.3909381838193616,0.38637100169019334,0.3587950399889119
w1435693673,,0_10,170,170,0.30983869885473925,0.2963834925478338,0.3902505705092503,0.383440659686508,0.4797168632229376,0.3386922742528482,0.42141255766473645,0.37525488902322734
w1435693673,,10_20,181,181,0.30384036938244136,0.29084072366522645,0.38240659082686307,0.3808147916206223,0.4557421944696868,0.335539092102504,0.4041272235795497,0.35591908493512747
w1435693673,,20_30,176,177,0.3038377773790313,0.29259801510369193,0.37076034574979,0.3567170159565956,0.4118656374174675,0.32656718945738256,0.38598762318467605,0.32555636785409425
w145430164,,0_10,149,149,0.28461327274391296,0.3245053215330796,0.3787708787324183,0.3779208864975584,0.28956237060104234,0.21125635690647787,0.2475157870975548,0.26042592906053275
w145430164,,10_20,150,150,0.2895067430660077,0.31442513045479453,0.35977716152026756,0.3616918403380404,0.27710230467112446,0.22117012373909262,0.25936058519405175,0.2629829547006219
w145430164,,20_30,153,153,0.2779922737862855,0.2910176106131132,0.31729783320270843,0.31743620552564367,0.290553643114635,0.22633538404628736,0.265845482683299,0.2629455064946425
w145513538,,0_10,60,59,0.29859486987471756,0.32997719305253614,0.444776344325043,0.47463325659934125,0.4836600582217089,0.4030942670844391,0.562482133563009,0.4992858004416093
w145513538,,10_20,64,65,0.31867708025458547,0.40378498804845325,0.504670374798217,0.5292454215404296,0.5456352106000715,0.43514539374368383,0.6194081719200583,0.5305018258465988
w145513538,,20_30,67,67,0.33475679449856616,0.4348640948038138,0.5053338176525485,0.5172440855157754,0.5088577622023958,0.41067530037879685,0.5587809152797046,0.48667771961483614
w145513549,Andrahalli Lake,0_10,77,77,0.33305233770063686,0.4364432740107258,0.41580383660202247,0.45743232735823713,0.4908305635523931,0.38919650318386256,0.43722716244959875,0.33582642938292584
w145513549,Andrahalli Lake,10_20,83,83,0.337610512599403,0.5045340270828219,0.5050076260316143,0.5454353192364096,0.5298599948481449,0.40260542102099267,0.4977907320441946,0.3704570092489583
w145513549,Andrahalli Lake,20_30,88,87,0.3182192879650553,0.45262832010851817,0.4710827362761585,0.505423314956525,0.48096946831904175,0.383165352548375,0.474450962886155,0.3689122723494687
w1457101313,,0_10,123,124,0.30058293581935025,0.2825385189742219,0.4499613307494121,0.44099564469366553,0.482182004702908,0.3770687803549152,0.41562391953005495,0.37495252584652006
w1457101313,,10_20,130,130,0.30688378003530603,0.28418928890623846,0.44460155381175215,0.4189283339146659,0.4687636864400045,0.3838576854910558,0.420305271536943,0.40683624603029156
w1457101313,,20_30,133,133,0.2813971223509929,0.2625957866649879,0.43049191306230217,0.397163517945805,0.4444838933068496,0.3590858466512356,0.4175317688065082,0.41744353385979843
w1457101314,,0_10,128,128,0.05264828908327261,0.04739247285824049,0.06988444668293485,0.08152080435527834,0.0752701274572922,0.05358719885329108,0.06804920051736695,0.06277329093530093
w1457101314,,10_20,134,134,0.0708793184855866,0.06660972364812717,0.09776967754694185,0.12603021574636317,0.13615984865809935,0.08875264362865705,0.12733412032902183,0.12461977383410175
w1457101314,,20_30,145,145,0.11851461340765221,0.12202079033567632,0.16874749408612233,0.20511118708697615,0.21959547560288276,0.13839587884827176,0.20735387149225326,0.19182241697237518
w1457563139,,0_10,68,68,0.07954369508655537,0.08171055489614737,0.10638989787940852,0.10530466420824927,0.10785621009553417,0.08663755779015384,0.11393802447860213,0.08812716065778753
w1457563139,,10_20,79,79,0.09179431933314885,0.09590821794031773,0.12100770668469271,0.12793541845727976,0.13909110973995903,0.10618949927482305,0.12945587400755218,0.09866702517212741
w1457563139,,20_30,85,85,0.10403697871315155,0.1091859290971624,0.1417954873862719,0.14780932383520012,0.15811560830640223,0.1077212986303911,0.13869043323251282,0.10229323138965359
w1458008252,,0_10,55,55,0.29312039704334314,0.34711791658231744,0.33517164164224006,0.3264430850738682,0.404879706683666,0.30432659298862275,0.3832859172706394,0.42904780231410083
w1458008252,,10_20,61,61,0.29874711301417956,0.3202907695772718,0.2992498249940911,0.29647288765573687,0.339514653660406,0.252757519473594,0.3481339390912126,0.36952480104924107
w1458008252,,20_30,66,66,0.31737743489045195,0.34025361002739135,0.3281127595242536,0.33159932460613323,0.3518430269914844,0.23793372470128862,0.36022666503080797,0.37179091582634316
w1459998543,,0_10,119,119,0.3150201963211042,0.3724956575850067,0.4083288275967586,0.44201222881730495,0.44597858330136775,0.24991633446353112,0.27913065889052324,0.3314839814678666
w1459998543,,10_20,127,125,0.3256594823064371,0.3449568536253488,0.39552245142095394,0.42661450515285004,0.4261943597994156,0.24948349308345097,0.26286576298421044,0.30074620619033404
w1459998543,,20_30,128,130,0.3162089480010527,0.31222081105704536,0.37824399636405065,0.3997283229549541,0.40654158555511377,0.24753011433343422,0.2542296711792448,0.27901660000186557
w1459998544,,0_10,59,59,0.3219619744040361,0.36983183947982873,0.4007771712603873,0.3811537103672386,0.35904904589721576,0.25258654590781887,0.3353985591390719,0.3481053556187831
w1459998544,,10_20,55,55,0.2708455675329775,0.3103607687859836,0.32800280362673834,0.3513139580988936,0.3408170547918869,0.23596320244649388,0.3084198921607575,0.31179466236210407
w1459998544,,20_30,69,69,0.2632565713263693,0.3086527415929286,0.32194722738592396,0.3646216940780994,0.3720664655840819,0.253637964155082,0.30058752092516233,0.31655817082498755
w146003047,Kachohalli Kere,0_10,213,213,0.3391276440312233,0.4144617000702799,0.4004903956034431,0.32440387427213274,0.34429306004243215,0.3061161675346888,0.34195713659013405,0.3223227673931156
w146003047,Kachohalli Kere,10_20,219,218,0.2524113069897373,0.3097471943546066,0.3100957809960531,0.26162088681350026,0.2737170369029744,0.24408035236775505,0.2751334572124832,0.24891317598495213
w146003047,Kachohalli Kere,20_30,228,229,0.2237700335553612,0.2679185775494348,0.2819490953655554,0.24066440289829863,0.2531185396900261,0.22894891936609071,0.25688624627579726,0.22589626209093044
w1460247116,,0_10,92,92,0.298831030826582,0.34670992334315226,0.4045652681144026,0.41674053708089215,0.5024751670696946,0.3921008575468703,0.44894675960144154,0.48655757281095485
w1460247116,,10_20,103,104,0.24547891832467014,0.2768367673948363,0.3378332168386906,0.3467964042860574,0.4262589668824326,0.3304842523545206,0.3821475312695297,0.4015935816357417
w1460247116,,20_30,105,104,0.21635904599517503,0.24102841715960655,0.30590497584764403,0.32455889116750325,0.4091820179329882,0.302336561385718,0.3534428916201425,0.35708701509479085
w146447556,,0_10,271,271,0.28549490903950603,0.2955164418839402,0.38457547043418344,0.5034087390724719,0.48452929347415413,0.44597933089311625,0.4701959498084124,0.45536726417460577
w146447556,,10_20,280,278,0.28582186034888774,0.2921572280205267,0.3825406268604153,0.4322227826265725,0.39990058835255365,0.3793533778808896,0.3987193290361239,0.3898050460971948
w146447556,,20_30,290,292,0.27592752819779615,0.28650403200877705,0.36776134198702354,0.3912836532075843,0.3695989462863389,0.3406996206802978,0.371172607794159,0.3484719558283701
w146447604,Ullal Lake,0_10,161,161,0.27982105065952123,0.3250937787363411,0.42461817438322563,0.4526528850939567,0.4841022141292493,0.38379456477118973,0.5002660129729386,0.4900276434584977
w146447604,Ullal Lake,10_20,175,175,0.31568791409067803,0.34897109404887705,0.4418019261694224,0.44437448904888877,0.4787508713234637,0.39564717378315467,0.5008514607697797,0.4932982638405469
w146447604,Ullal Lake,20_30,177,177,0.3304888906918196,0.3583139857133701,0.43813448340144656,0.42748383243549365,0.460472905210181,0.4071699725561394,0.4879091237504716,0.48032617174057557
w146752354,Manganahalli Lake,0_10,53,53,0.25174509172827314,0.3391131881975679,0.43439350266308474,0.395192664817636,0.32180097918849976,0.24313712559795658,0.30717971901944413,0.2978701466337085
w146752354,Manganahalli Lake,10_20,58,58,0.22916673306315286,0.3235325917301562,0.3808963504218604,0.35533904123100324,0.3255914332292619,0.2646865296163227,0.33384484190254926,0.3063199405378012
w146752354,Manganahalli Lake,20_30,65,65,0.22994897572436945,0.3245285482712531,0.378455454537146,0.3464999232328073,0.3473690140050932,0.2757921402736502,0.32308035853581285,0.29024361622514366
w146767843,Sheegehalli Lake,0_10,84,84,0.41175037676475784,0.5030236356813171,0.506630651235338,0.4550635504832434,0.5023524694439777,0.4878706519114739,0.49439282340096935,0.4491590939744186
w146767843,Sheegehalli Lake,10_20,99,99,0.36126242371392514,0.42612549197273347,0.48445673117999577,0.4464123801603287,0.47291938108867937,0.428478761951565,0.4514108933378815,0.423623867402983
w146767843,Sheegehalli Lake,20_30,98,98,0.3215333852046349,0.3619307730257813,0.448072533451739,0.41775927722809003,0.4261162058713542,0.3682129210471339,0.4088927300855685,0.3723028233079093
w146767872,,0_10,53,53,0.31044785151988175,0.3697351893759875,0.42881387853907843,0.4560767637558867,0.423979675146893,0.3388514444545332,0.4129745472607425,0.4201964334845204
w146767872,,10_20,56,55,0.2633283291955304,0.29846630694663245,0.38446251123373293,0.38936155528969324,0.3285946197971638,0.2545972106669663,0.30800251254640176,0.2942967063997198
w146767872,,20_30,65,66,0.2637800557775698,0.28801473239511527,0.3813907550502808,0.38649926801512247,0.33119841925204363,0.23420814703848217,0.2730025592096299,0.2656715051503071
w148216683,Gunjuru Lake,0_10,217,217,0.402249483368757,0.4154221954732742,0.45345640816066823,0.5029549222920343,0.4888243136032399,0.178084650109991,0.17379161103265373,0.14438688187346368
w148216683,Gunjuru Lake,10_20,231,231,0.4151670489309316,0.4430359483318219,0.4627912596011011,0.5062412362922852,0.45770453700355057,0.21798779477750616,0.2436508462516205,0.1877086896056697
w148216683,Gunjuru Lake,20_30,231,230,0.3804210451956263,0.39546386326582306,0.40877621646690404,0.436357295016502,0.3887217991465885,0.24357612228626752,0.28118006654829497,0.22795817697331297
w1490036085,,0_10,80,80,0.28681116470414925,0.36237028924623915,0.4167627500847001,0.43365897921300156,0.40095655545070336,0.3213138109716979,0.4425378188921295,0.41925325135531655
w1490036085,,10_20,84,84,0.27610154915116825,0.3359930008287266,0.3907812629887642,0.3884161272742033,0.34584410395459825,0.2809560188828584,0.3965472451481261,0.3976607111045715
w1490036085,,20_30,90,90,0.26258438805900075,0.3079605979099176,0.38186531915994987,0.36641830875760806,0.3260829396217988,0.26002101192023475,0.37340282944182324,0.3895664582411009
w1493868578,,0_10,105,105,0.19884414078469698,0.1809129084308737,0.2904072046899799,0.30017963614187143,0.30227940319961916,0.2611109632786134,0.33035652844169217,0.2940332879731856
w1493868578,,10_20,107,107,0.2121186252810649,0.18928513271990832,0.31365323105076137,0.322575465587818,0.3595447121865218,0.2726067278168873,0.35390061163661435,0.29313782443704983
w1493868578,,20_30,104,104,0.2169744357602546,0.19994348637583093,0.3218458102478391,0.32301527508012534,0.361238904241711,0.2762733205117376,0.33023059786265563,0.28198177056331997
w1501275484,,0_10,168,168,0.27963573237820144,0.3748595550849129,0.41326871516466357,0.43060538003077464,0.3820445564727904,0.35060108474267154,0.42961716881468814,0.44348956996891564
w1501275484,,10_20,178,178,0.28428398297714524,0.39446546514181374,0.4451455715591773,0.47166379268866854,0.45449806547459576,0.38223957838316003,0.44549668434540585,0.4280185592565909
w1501275484,,20_30,183,183,0.26844338070481316,0.37570040810929617,0.42709140566369164,0.45225869446803973,0.45474729466224467,0.36477532639964994,0.43416889657653884,0.397726131282121
w1512357739,,0_10,111,111,0.31358324677566607,0.37434716587758926,0.4407846564062281,0.44194631632982945,0.45811643143290326,0.2676557264958045,0.35027166328669307,0.32463239870656213
w1512357739,,10_20,118,118,0.3132628969601346,0.3633055964615619,0.4363383807209181,0.4279966490895735,0.4489861206347136,0.2821383293745346,0.35861390988600217,0.3324427139233066
w1512357739,,20_30,121,121,0.32618920363261633,0.371282031538649,0.4338820960969295,0.4201407514245435,0.4397231934766184,0.2745172720014102,0.3527310607878558,0.3259874107485902
w1512357826,,0_10,104,103,0.3392489540462711,0.3976055297346472,0.4460814345747324,0.41269451652074235,0.3841241136259294,0.35496342833868905,0.4152669363341617,0.44940210848414064
w1512357826,,10_20,120,119,0.38849084964603137,0.46363976397064766,0.5108881718951299,0.47496771952180994,0.45610210118585204,0.4273663748363497,0.47376985101168007,0.493975691341312
w1512357826,,20_30,122,123,0.4002269930762202,0.4918547357982646,0.5135189573703337,0.4722189436545016,0.49728060554814,0.4510764524392474,0.4895297391963454,0.48471472243209623
w1512678693,Kadiganahalli Tank,0_10,83,83,0.4458977273628603,0.49388705542459627,0.5286609708559954,0.48092592305237836,0.4933829473629487,0.5229500812057913,0.08694886842788813,0.16450285001931655
w1512678693,Kadiganahalli Tank,10_20,83,84,0.2682871829298965,0.30812606036255485,0.35811101787231747,0.27166849435249724,0.29888213060015256,0.3539028955847775,0.09847013679697798,0.11029668641555941
w1512678693,Kadiganahalli Tank,20_30,89,88,0.2539116300146523,0.27196546610028477,0.3225502031173032,0.22987590039194658,0.24946545797408756,0.3066811000504457,0.1331123163460031,0.16791463077997226
w1524240214,,0_10,80,82,0.36833866648796404,0.37834118042979104,0.45160803801344124,0.531686723922808,0.4869287234251065,0.4436972123420261,0.5104999909126433,0.4659517630065783
w1524240214,,10_20,88,86,0.32864028314043275,0.34031512757911175,0.401380253847395,0.4587706215014897,0.43109697440899025,0.38827813369849296,0.43904317826284023,0.40143805486844925
w1524240214,,20_30,96,97,0.3102472651865529,0.322270009798045,0.3834014146459886,0.41096862627698844,0.4184691458148911,0.37150329955880895,0.40969144056362716,0.3730158523586305
w1532541092,,0_10,139,140,0.3280262501345846,0.3676198185754758,0.40979808010684393,0.47081804518497766,0.36650304722318044,0.3069697855924335,0.33890813308039536,0.39236652030279107
w1532541092,,10_20,134,134,0.31776836293821886,0.3515964756155138,0.37479729774949117,0.4335851933409374,0.39664065362814604,0.3137073559301386,0.29523753599984937,0.3424752112140268
w1532541092,,20_30,147,147,0.28974409466750606,0.34036994002387183,0.3420059761162995,0.38713903959874957,0.3774528123605451,0.3149405932043759,0.2717962338878233,0.3093748238781607
w1054822215;w1054822222;w1537476866,Nagarbhavi Thorai,0_10,1400,1397,0.26524490879800616,0.2827974215456007,0.2979813441308407,0.2898689787405558,0.30732078910152844,0.29077905130953935,0.333019658532662,0.3314866673941701
w1054822215;w1054822222;w1537476866,Nagarbhavi Thorai,10_20,1395,1395,0.2239200062770841,0.2462619615922363,0.2728259875904991,0.2560339426477235,0.2610693568545672,0.24362675210027873,0.27393659300909445,0.26424338598137964
w1054822215;w1054822222;w1537476866,Nagarbhavi Thorai,20_30,1385,1387,0.19334060883680687,0.2138349859186865,0.23876788647993769,0.22358435342645563,0.23060282101675242,0.21065404637563365,0.23024789119935493,0.222307757052734
w1174584174;w1545077865,,0_10,81,81,0.1241384187000157,0.17127386070028497,0.19706585944696603,0.18675744154815566,0.1937467924348119,0.1690101916603644,0.18913679289668447,0.17493709982509212
w1174584174;w1545077865,,10_20,92,91,0.15718643242126812,0.21055185650293448,0.24038362916663938,0.23525734651578167,0.2464949865600871,0.2131102021820996,0.24339145836639717,0.2345913274694286
w1174584174;w1545077865,,20_30,96,97,0.18351020741346277,0.2344550622630184,0.2535138005739552,0.25395363767095375,0.2674819827034741,0.22766769918502902,0.25975241142388544,0.25209210291305667
w1547872070,,0_10,95,96,0.25323768184733747,0.3289922353933276,0.4187328544103681,0.4177265466242437,0.4512193147982453,0.3136293779512029,0.3157776798730422,0.1388024606119627
w1547872070,,10_20,99,98,0.24470454182403054,0.30641589019306015,0.3860022746341661,0.36568592408305484,0.4049850345820073,0.30228997691273424,0.31004844517235153,0.16436769001443816
w1547872070,,20_30,104,103,0.2255003696372442,0.2707836377368977,0.35438241867230297,0.3136113860232975,0.3563195710699315,0.2640804191087243,0.30825103241113677,0.21283253212515202
w169987367,,0_10,55,55,0.3146784317776965,0.3769009761314829,0.48307164098348615,0.4669227172110205,0.4960855095082267,0.3562592952703227,0.5275437583767468,0.525218034127828
w169987367,,10_20,66,66,0.3278685071417241,0.36578384712941553,0.4461655415303456,0.45792019667153994,0.4545555115614282,0.29655214115018486,0.44842032040057817,0.4434244639588778
w169987367,,20_30,68,68,0.22075034739980365,0.23040561163795265,0.2893263999972246,0.30880791271820895,0.2784765741782834,0.1664221863781679,0.2638557187967488,0.26923061914313384
w170311560,Yarandahalli Kere,0_10,83,83,0.3742220884139902,0.3514577685506156,0.4409646565471424,0.35000720557001447,0.28816609028263207,0.29574009642223986,0.31211985855907887,0.2550207320580078
w170311560,Yarandahalli Kere,10_20,93,93,0.3103147545289509,0.32067844053284916,0.4134456549599061,0.31039412065968813,0.28466662353211425,0.2665532662192083,0.27212334933366067,0.22574786200836933
w170311560,Yarandahalli Kere,20_30,97,97,0.30071330681134517,0.3011708909261153,0.3908175316479954,0.3035953851036227,0.28673824369269213,0.25779487272786994,0.2670378207497123,0.23258910562855628
r15546653;w170333546,Kitthiganahalli Bommasandra Lake,0_10,135,134,0.4174961650556563,0.4522069057693495,0.1161418914029371,0.17652621905852395,0.21921232634304988,0.20205504031165233,0.3686955177996372,0.35355262968491097
r15546653;w170333546,Kitthiganahalli Bommasandra Lake,10_20,143,144,0.41912265049153996,0.44342232552325167,0.1732113293757995,0.22676293835192293,0.27560293394759644,0.22842098084641854,0.3451320955395182,0.3318035251736704
r15546653;w170333546,Kitthiganahalli Bommasandra Lake,20_30,147,145,0.3860898364839043,0.4201735765101643,0.2757003113122361,0.2806225224208201,0.3312363481373962,0.24708444868645502,0.3532814435991278,0.33300385200254556
w170447464,Vittasandra Lake,0_10,105,105,0.25491128222218123,0.2580927831524986,0.3349238504619536,0.30151684121745714,0.41157480643553046,0.34656373891779957,0.41976563863191857,0.38778972238208276
w170447464,Vittasandra Lake,10_20,117,118,0.282476112915091,0.3339120531685799,0.4127477565076099,0.35701320685039534,0.41383249378137144,0.3266887457533257,0.4081392787376693,0.3712949318339462
w170447464,Vittasandra Lake,20_30,122,122,0.2661633990467407,0.33477259881529287,0.3977015385251519,0.3449588584300165,0.37711796921436613,0.2762246230037703,0.36480402475782026,0.3229474527139625
w171771792,Shikaripalya Lake,0_10,77,77,0.38790120104720505,0.38119413126292073,0.3641502679034178,0.20183358013796296,0.2682879374514739,0.19028776221948432,0.28273017272823486,0.18257458821037717
w171771792,Shikaripalya Lake,10_20,93,92,0.3236825772936417,0.31125692408234995,0.32083910580658864,0.2037423467510777,0.2453402720409473,0.18336362852190174,0.243895098233985,0.18238947715285303
w171771792,Shikaripalya Lake,20_30,84,85,0.313745335266199,0.29507179985861975,0.3208898280021178,0.22128307746064768,0.23622105249254263,0.1843548344242928,0.24469621614926024,0.20144712004217874
w171780901,,0_10,129,128,0.4393061600019227,0.43650606701451206,0.19213970661168112,0.27927667212131324,0.32536647520767126,0.26858948001725974,0.34291795975197564,0.3310455952516669
w171780901,,10_20,132,132,0.41936682621799143,0.38684661142867566,0.18622704516506372,0.2550581089945027,0.31553976981101334,0.24975717448877124,0.32367476006660245,0.3326223788000443
w171780901,,20_30,130,131,0.3962706916588168,0.34643616811868466,0.2303995360190788,0.25754544222453957,0.32735914754227674,0.2459713208510946,0.3140265330176863,0.3371606104495477
w171780903,,0_10,158,157,0.16977920553622844,0.2413373286375879,0.3171569052545019,0.3027642572091564,0.3215193560848431,0.23626131404087597,0.287731360519393,0.3581644712728184
w171780903,,10_20,148,149,0.22767686979893204,0.30866463808181727,0.36973382375211655,0.3224841899918368,0.31969793542145203,0.25358607358282453,0.29286967315029055,0.308861301638538
w171780903,,20_30,159,158,0.25824951099132776,0.3237419196498345,0.365059726079756,0.31944588290248704,0.30700649750684006,0.25445502277033366,0.30144053962410544,0.2905079537469964
w172651048,Uttarahalli Lake,0_10,84,84,0.3933839110488031,0.3993387893391291,0.4303948395359318,0.4678755087376487,0.4702128175790706,0.43950787907889016,0.516750096846353,0.5226369024773122
w172651048,Uttarahalli Lake,10_20,96,97,0.2848133931661724,0.2837873547088291,0.31698401037076085,0.3273476014290162,0.34732994058120525,0.31478551623227985,0.3718561412780932,0.3717448251318998
w172651048,Uttarahalli Lake,20_30,97,96,0.25610441532418077,0.25904582997298503,0.28768370652328973,0.27972610454800023,0.3042926969217961,0.2734111034627937,0.30686246322263,0.30317181963873113
w172651056,Sunkalpalya Lake,0_10,103,104,0.47748486558386616,0.4526377436220846,0.5404331523025193,0.5327350618684119,0.5571431733776415,0.46031634210596173,0.486064962098066,0.5018041843726764
w172651056,Sunkalpalya Lake,10_20,109,109,0.47800222353347066,0.4699066349340156,0.5609946321793912,0.5409514751759391,0.563734556131527,0.4611884000136658,0.5106931866718327,0.5124865771513907
w172651056,Sunkalpalya Lake,20_30,120,120,0.45974941436541183,0.4519237555210885,0.5472250256354685,0.5266744827068462,0.5420468404162987,0.43070236497653347,0.4838941778536387,0.48027764691321173
w172651060,Mylasandra Tank,0_10,84,83,0.5193748741211328,0.5476099367818695,0.6119282708744697,0.49574975053346343,0.4409220438428632,0.3671745721435848,0.38010129412844534,0.37036241209656723
w172651060,Mylasandra Tank,10_20,87,88,0.4812442991810576,0.46468369782475655,0.5296354539757332,0.45575228130129886,0.4254072269564592,0.35457860249218054,0.3827840577833588,0.37764203777331423
w172651060,Mylasandra Tank,20_30,96,96,0.42259043338918834,0.3791428242730556,0.4526986511308854,0.39086662153621804,0.379802131911692,0.30878070736636837,0.34764006578714407,0.3532917894828442
w172671189,,0_10,54,54,0.4340537767941405,0.4409558639105826,0.5133684278544979,0.459676998689288,0.4976499318332562,0.4078691164824474,0.46588660788958897,0.47880920770850977
w172671189,,10_20,63,63,0.3578496368892538,0.37491943820503526,0.4548184715176318,0.4114977655900089,0.4444013267279947,0.3486589593446334,0.4171421863611498,0.4029260093101376
w172671189,,20_30,65,65,0.30804665881497184,0.3261722424497069,0.41266463229629147,0.37503748744678816,0.4171716662723518,0.3331173988674528,0.4134681992822743,0.37979098629443303
w172671192,Konasandra Lake,0_10,144,144,0.3061748283473358,0.3646740192693707,0.44465070608965834,0.4542223942183157,0.49425628092521534,0.36486645342839913,0.3997506368438477,0.384743559849747
w172671192,Konasandra Lake,10_20,155,155,0.3051795140807389,0.34815604773483677,0.430797727928528,0.43290101385826957,0.4618908678645643,0.36945688911460367,0.38526993627108747,0.3486657591123811
w172671192,Konasandra Lake,20_30,154,154,0.30800027085447723,0.34811593199740626,0.41113763572560924,0.395182466133456,0.42000159033964035,0.3458034376584666,0.36675499314289306,0.3276057776011809
w172845847,Lalbagh Tank,0_10,282,282,0.42304379776844275,0.43850945880659914,0.4969094598238476,0.42651406046378876,0.4426769195722516,0.43143583645888567,0.46533032354637643,0.4469776390768179
w172845847,Lalbagh Tank,10_20,230,229,0.5081881673233882,0.5149185348548247,0.5602201674495859,0.506644838157349,0.5075984957028137,0.4829807343262687,0.535430950486522,0.4933981653029983
w172845847,Lalbagh Tank,20_30,214,216,0.5449992414281435,0.5485423811324938,0.5966336154298005,0.5509864500189028,0.5430988970675362,0.5060019414847261,0.5789498221907325,0.5278476198987755
w172938152,Byrasandra Melina Kere,0_10,109,109,0.6095483844600864,0.6300394043528285,0.6383051947192566,0.5961847220060966,0.6312426772739974,0.6314012482922987,0.6363000857836082,0.6180374915151912
w172938152,Byrasandra Melina Kere,10_20,111,111,0.4863656599142134,0.5066230550397827,0.5112632849909873,0.47401724362315467,0.5091492973846174,0.508690597941465,0.5304573813447375,0.4992624537227718
w172938152,Byrasandra Melina Kere,20_30,117,117,0.41919034347581746,0.4372446768910169,0.44345812864260314,0.421615569385048,0.45149757810622754,0.4439405166772198,0.4714918197999769,0.4446162723874582
w172954317,Kacharakanahalli Lake,0_10,125,124,0.2516287961950097,0.19789955051808653,0.2672663133757747,0.3217137765444152,0.2364507840654876,0.23510520741638272,0.20524544670181924,0.16182039271246257
w172954317,Kacharakanahalli Lake,10_20,135,136,0.24885735497817005,0.18308681768683385,0.24377751466310005,0.2763810517415498,0.21665539742771223,0.21754259376988566,0.21361173366376712,0.1759065468309211
w172954317,Kacharakanahalli Lake,20_30,137,137,0.23607545047555709,0.18570010703867348,0.2449166524345587,0.25783941809238453,0.22401377159676858,0.21257174899830292,0.2066180353144118,0.19093402848827026
w175293916,Palace Grounds Lake,0_10,86,86,0.5125436066468397,0.6020148266874167,0.6348675995556786,0.6004573241217426,0.5760344724654176,0.5719698079174778,0.6548752575401561,0.6425878696564326
w175293916,Palace Grounds Lake,10_20,89,89,0.5750217004256462,0.6518371818852354,0.6839401897103433,0.6477652421432729,0.623896624012264,0.6134719778904527,0.6909501063582156,0.6878575180118554
w175293916,Palace Grounds Lake,20_30,95,95,0.5946450533537491,0.6571338666225933,0.7007441335451893,0.667127545860597,0.6428268621955205,0.622354450565767,0.7043432531849726,0.6952911045399685
w175396211,Virasandra,0_10,100,101,0.2202911688004354,0.27432981629680286,0.3256976370173162,0.2937607870190589,0.3092558296777384,0.2569985801428509,0.2750285662322611,0.25978973052080806
w175396211,Virasandra,10_20,101,100,0.21355655536821327,0.268053871164137,0.3624025946774641,0.307420758586508,0.31951449932589265,0.2671606168237743,0.2636550894383208,0.24976988614359263
w175396211,Virasandra,20_30,102,102,0.23684949428490182,0.2969167024373723,0.41214592300660835,0.3536373873179754,0.33412726299282797,0.2886483542378689,0.3227664609018778,0.2860756608495418
w1178233871;w176779907,,0_10,334,335,0.2858300374249024,0.29170401188890044,0.3665368501137605,0.2912625968224325,0.36304548621254396,0.25417789993541884,0.35359490972582613,0.2990317546165847
w1178233871;w176779907,,10_20,344,343,0.2992480575788519,0.29368371500722407,0.3645765053994755,0.30953271864854753,0.39326764252732344,0.28019838253680707,0.362626601366568,0.2963312948842352
w1178233871;w176779907,,20_30,347,348,0.3256163509854191,0.3212448157177522,0.38366352389131186,0.3504544679188473,0.4115459123400128,0.32423481376628016,0.39304332580458123,0.32011301677560183
w182177278,Kadiranpalaya Kere,0_10,98,98,0.36478333046958034,0.4010737364852021,0.4578347698068005,0.45097787604894274,0.45039387337813913,0.4447204086171569,0.5183013670463741,0.5087057785043462
w182177278,Kadiranpalaya Kere,10_20,95,95,0.3521819122032072,0.3469772024943665,0.40488838364123586,0.4411717270904396,0.4147906093587165,0.44889975681292765,0.5040097516272273,0.5148775601208867
w182177278,Kadiranpalaya Kere,20_30,112,112,0.3559959490812762,0.33673622160109723,0.34363108942210957,0.37778904974949507,0.3482025394380119,0.3745075234245751,0.413797840156664,0.4262370070525909
w183869113,,0_10,91,91,0.3423368452656078,0.3239943496209144,0.3603343650125314,0.3532954609323035,0.3386350489184264,0.3125355291986655,0.34724096649463965,0.3814183688126318
w183869113,,10_20,101,100,0.28880229637553045,0.29501250567250814,0.3451572370981528,0.32018861228931284,0.3124240826578531,0.2667483232730464,0.2930309657957428,0.32919332297703263
w183869113,,20_30,105,106,0.23033222232145947,0.2551306738350505,0.3075532509384363,0.24838641233600875,0.21991084599263902,0.19086088599035397,0.22038927745931192,0.24099762467817257
w185479477,Nimbekaipura Lake,0_10,149,148,0.29983048148089164,0.35109090803363263,0.4195746311950878,0.3645138075700041,0.3905351876193051,0.2972700540970633,0.13931972016383587,0.22021589696606947
w185479477,Nimbekaipura Lake,10_20,150,150,0.2764110574579707,0.3052855169832309,0.40455649833611024,0.31590486290672715,0.3078028483763271,0.22989991290161232,0.22783957949598915,0.2739809277260272
w185479477,Nimbekaipura Lake,20_30,161,161,0.27744668465325023,0.2981657504900647,0.39480362045684186,0.328897592156949,0.29221471430058654,0.21515732150865685,0.2967991465969205,0.2839724167487608
w190584885,Mallasandra Lake,0_10,110,111,0.33704524094552396,0.37550190928979754,0.3811552812946321,0.39363244760008725,0.43950316897869796,0.40672671785786624,0.4779266342883775,0.3955776169973643
w190584885,Mallasandra Lake,10_20,103,102,0.25173131326157633,0.26317981299903687,0.2792907886077934,0.3072154224921845,0.3348288944789006,0.314651401778979,0.3730790506780285,0.3047737726246046
w190584885,Mallasandra Lake,20_30,113,113,0.2551189118895387,0.26809579692320384,0.2831967951436569,0.3161064200424637,0.35513549103979714,0.3248038595911795,0.39296329513850653,0.30112321167890627
w193671225,Katamanallur Lake,0_10,82,82,0.24722687096004137,0.2203019130999124,0.3332410970786023,0.2699561233302075,0.16420557887650894,0.1766182626384019,0.281180099838573,0.35614550587221416
w193671225,Katamanallur Lake,10_20,89,89,0.20989463740699996,0.1742526702241361,0.26017800160149157,0.2099123285790591,0.16693837915510013,0.17370082487119784,0.19806700128363738,0.22894608729777288
w193671225,Katamanallur Lake,20_30,97,97,0.191103310713923,0.16045233655957222,0.2241768933042095,0.18678463260675526,0.18194116621589002,0.16885494572434545,0.17376707710353087,0.17521085758152324
w202765836,,0_10,202,203,0.24215770561844951,0.22717857317547122,0.3438872719407083,0.3457455724260523,0.21091761648560328,0.1562641229461863,0.2779767194189543,0.2821760358672174
w202765836,,10_20,213,213,0.2698309281415721,0.23569156195766047,0.3199337405661428,0.32473322688881884,0.280066271649661,0.18702415895672594,0.2637849447558099,0.26526799761318937
w202765836,,20_30,218,217,0.2883858624429455,0.24631591061507238,0.3035407307138589,0.3157812939056093,0.3506563613903549,0.23345511102123342,0.2890644697384869,0.284018527593235
w202765837,,0_10,241,242,0.2627536185998986,0.26515134688902037,0.3878092162683755,0.3341077892856607,0.3471304087125085,0.252097582893747,0.33238673177110695,0.27104992074841266
w202765837,,10_20,256,256,0.3002530898714074,0.29904759243972867,0.3999998882147111,0.35204178106318534,0.399654708117782,0.2725744353085413,0.34603813221280877,0.2829131670973592
w202765837,,20_30,254,253,0.30687383536156215,0.301796806425662,0.39696177871483634,0.3509284263902652,0.40366597482850025,0.28316111466662125,0.3503489907985844,0.28285231058573973
w227097881,Doddkammanahalli Lake,0_10,142,141,0.4499536942296386,0.645424462898852,0.36401932921470687,0.1830456334195336,0.2461905689768247,0.19101869182933284,0.1856120307783833,0.19808037747383564
w227097881,Doddkammanahalli Lake,10_20,144,145,0.4281486768562777,0.5475167144751846,0.45514769453370335,0.29271238742707184,0.3663412815717654,0.27724045277521514,0.32192151934527796,0.3100051924718336
w227097881,Doddkammanahalli Lake,20_30,151,150,0.3803206702833268,0.4467448223850522,0.44585183656840643,0.30279429016862897,0.37222816253092406,0.2709005112139234,0.33410537293963793,0.3262007823784484
w23000626,Hulimavu Lake,0_10,324,323,0.40848703293560107,0.38520421885145967,0.500397391049749,0.44865676850613523,0.3293836942661121,0.3150747966113892,0.26513381532010993,0.22552711958656457
w23000626,Hulimavu Lake,10_20,347,347,0.3035784366320648,0.30459651999542486,0.4065402664266122,0.36537904946561395,0.33303630177954363,0.3086787963092478,0.2928247806963939,0.2566761858349832
w23000626,Hulimavu Lake,20_30,331,331,0.2727200554772294,0.3021833632693873,0.36102693248750506,0.33762832954199556,0.32650556595455416,0.2995346133264698,0.30052282823891835,0.2733026974931306
w231286369,,0_10,138,139,0.4683062220261279,0.4379023957207175,0.5202392169335951,0.5057354983765381,0.49711877004196153,0.4182214676379996,0.4965243784785014,0.46673451724959086
w231286369,,10_20,144,143,0.4101061674214956,0.3875665608630104,0.4296594073196123,0.4452081807895823,0.43756700657232034,0.3666555421203692,0.43501152906062523,0.4066996644389213
w231286369,,20_30,151,151,0.36319841292472205,0.32885692160592905,0.3728419614208296,0.3840824645773925,0.37765680173238975,0.3084035847945883,0.3684957750292962,0.3401536315319063
w232880644,,0_10,106,105,0.3519913007274028,0.4512399842379567,0.4098891401993525,0.48283136841960556,0.4684372186830512,0.23044727820051458,0.3167344483460589,0.20371190849352633
w232880644,,10_20,105,106,0.2854344660861173,0.37637101231698367,0.33523939354904375,0.40492009310058114,0.3661421241339455,0.21489799287738004,0.22935566843213398,0.11958232534649946
w232880644,,20_30,113,113,0.2790649532596707,0.3517566280343065,0.36292787916278496,0.4187680039458515,0.28990865527254944,0.2304969225039207,0.19710060528128037,0.11336022750399886
w232981265,Ambalipura Lower Lake,0_10,68,68,0.5432330813463982,0.6404587930750543,0.660734823441215,0.6085840549993401,0.6301899617820131,0.594115407714664,0.6625327206537275,0.6209834550235463
w232981265,Ambalipura Lower Lake,10_20,72,72,0.4246090231985423,0.47685927268651607,0.5175140304694305,0.4972375237904509,0.5026047866010004,0.4635995362435152,0.509772705596095,0.4827815413159342
w232981265,Ambalipura Lower Lake,20_30,81,81,0.2876220756091567,0.32163833711455997,0.3609587261268709,0.34089640017257444,0.34367408141152034,0.31799260811322133,0.33917822261722314,0.3351024633541273
w239873610,,0_10,110,110,0.2594389570137246,0.2863544630680979,0.30185340727973853,0.3222822586198179,0.3115709294580961,0.29523185395092816,0.3388822856482336,0.33454039332056784
w239873610,,10_20,123,123,0.1718792450619472,0.18007680587863412,0.19348124842624814,0.18960818981088814,0.18181529785465111,0.16570206206885904,0.19310233927337553,0.18589843221578992
w239873610,,20_30,120,120,0.13967352939002034,0.1421484766679031,0.16205590356110736,0.15647139573530938,0.15331312703648284,0.12672915786399563,0.13954008827225697,0.13594876531681163
w24430851,Gottigere Tank,0_10,207,208,0.1785137537611337,0.16733570928924427,0.2513683988399903,0.28149447944013883,0.3224841574516523,0.3023930342785004,0.2631195462813007,0.22996401800905983
w24430851,Gottigere Tank,10_20,212,212,0.24834161106036065,0.25195301529204345,0.3382856723277682,0.32462714830163264,0.36558994620630947,0.33976696512366417,0.34022292117581265,0.3031242104249382
w24430851,Gottigere Tank,20_30,211,211,0.25512755579628194,0.2836298060875007,0.3477661973483777,0.32559434986299635,0.3584145593990096,0.3138674084554147,0.32444432118235983,0.29110434757749265
w251275243,,0_10,137,138,0.2600684885011132,0.2590106140559959,0.3625526957354531,0.34597177517719696,0.2118600256631739,0.280925340679594,0.3340728125559243,0.2943034907796361
w251275243,,10_20,142,142,0.3261114010615405,0.31219036255748106,0.4263061769135396,0.4190375854736314,0.3371287789071862,0.34156748628497635,0.3857563045675431,0.32759576398425105
w251275243,,20_30,150,150,0.349536557299921,0.3347198590208,0.4405841929101725,0.43875347201960135,0.38539847752999146,0.35094823626385413,0.39083327635564535,0.33125063622436934
w251505658,Sarjapura Lake,0_10,290,289,0.19909535808371015,0.2125340452564127,0.2764523279223415,0.27811922993045923,0.3368242131780532,0.2088599327282204,0.2791096894652223,0.20013394256864137
w251505658,Sarjapura Lake,10_20,291,293,0.2173569301217872,0.2374957213281113,0.30013005268468,0.296421146265155,0.3400334881968163,0.2379215018213725,0.30430660117394887,0.23348782889605865
w251505658,Sarjapura Lake,20_30,301,301,0.20339328718703842,0.2379535210934936,0.2996157434350713,0.28952176538850083,0.3159609053209418,0.24893256752516066,0.315598702707704,0.2717156429685235
w251505668,,0_10,129,128,0.3178056673550566,0.3448461467645911,0.4059360314022609,0.4326690463994732,0.4895977094855709,0.4846997384863169,0.5330607832801169,0.45555308832136265
w251505668,,10_20,131,132,0.3703603747452532,0.3877057149414748,0.42519667816189227,0.47582604439140636,0.5098809875818998,0.47821034410243224,0.5191494144893246,0.48874816038928287
w251505668,,20_30,137,137,0.3658901904301398,0.3961551739040226,0.42662223954930734,0.49224513019903354,0.5077833929883404,0.47053432702231146,0.5160179660484071,0.5070263769612177
w251506097,,0_10,211,211,0.2254455437196956,0.25952755169933767,0.30411799920384136,0.3458365094191558,0.3876365560585018,0.2913557676709468,0.38595514736654957,0.3167053538884819
w251506097,,10_20,214,213,0.2234307948020819,0.2637866960001145,0.3038910927718712,0.3280869608430426,0.375804658157956,0.28752310281045024,0.3719175003558504,0.30923486157317737
w251506097,,20_30,225,228,0.22287987577277926,0.26629900520129146,0.30311026032844823,0.3176221981669652,0.3463413347793147,0.2822631252013658,0.35432917321090796,0.30351553151768706
w253596652,Bheemanakuppa Lake,0_10,362,361,0.1485335411121963,0.07829207517694838,0.15205940185508487,0.23058161667752541,0.20286244631580735,0.26495934791536846,0.24005566724912483,0.28285351398422914
w253596652,Bheemanakuppa Lake,10_20,364,365,0.18154004060755763,0.1527815471291342,0.19443365441724555,0.25842880626669523,0.24795316793931652,0.28319061815479,0.2870020213666258,0.3211248544788754
w253596652,Bheemanakuppa Lake,20_30,362,362,0.23511249339125426,0.24182707371830994,0.2748571565890453,0.3185881456384834,0.32694532214422173,0.3241387359683108,0.35628908149571714,0.3742203377434727
w259175023,Yelenahalli Lake,0_10,55,55,0.41765668434877024,0.5942273956639006,0.3061457969015057,0.23970416415184717,0.23686313720725136,0.22517974511211333,0.3335625728897231,0.34617880047758404
w259175023,Yelenahalli Lake,10_20,66,66,0.3412085046029505,0.4527915298719025,0.3853375173893298,0.311334126639852,0.323757732870499,0.2899476285689322,0.41538476085566484,0.3979548785036143
w259175023,Yelenahalli Lake,20_30,69,69,0.2885872166873313,0.37753759469863646,0.40209444206912137,0.3358901893513158,0.33656965197687266,0.30420842023223293,0.38810057428203404,0.3699107753302034
w261178468,Hosakere Lake,0_10,350,349,0.30260645035578343,0.32505935426373944,0.39187109254394403,0.38072308967462015,0.41723946086178915,0.3398628356121661,0.32771301751135856,0.3389036124364875
w261178468,Hosakere Lake,10_20,336,336,0.303444400895211,0.32542125792302234,0.3881487037143034,0.3862125673600892,0.40549358255059575,0.3321072612166248,0.3580071404146369,0.3589803486002602
w261178468,Hosakere Lake,20_30,328,329,0.2825612130037017,0.3065997372652969,0.3605702866678802,0.36200566656817695,0.3836985266675686,0.30307513651658474,0.3371901800038569,0.33477885477209685
w27993463,Chikka Bellanduru Lake,0_10,199,200,0.28705121282965496,0.3496693862414484,0.3983236682404444,0.41631354248428903,0.4300985470629919,0.3451071042276942,0.42659811575537687,0.43617872687980364
w27993463,Chikka Bellanduru Lake,10_20,211,211,0.2836148355234361,0.32193877517873376,0.3715637773231293,0.3923872096802605,0.42574100877847915,0.3495229200184711,0.42486551923916815,0.431757053814662
w27993463,Chikka Bellanduru Lake,20_30,216,216,0.3072608499610161,0.33652677241129114,0.378004839940223,0.3995931646876658,0.46268613311272794,0.358440777089085,0.4239423437703434,0.4257094923852211
w27993527,Carmelaram Lake,0_10,82,82,0.39742905277349067,0.43161279062693764,0.4720060861097742,0.5399678199706842,0.45871759137274376,0.16399376603610122,0.22758659137380066,0.22340494349209633
w27993527,Carmelaram Lake,10_20,74,74,0.4352646512899432,0.42394404979441697,0.4755315292646098,0.525035537835257,0.4116929381328151,0.28441318055582815,0.3553435797470774,0.32570112583408894
w27993527,Carmelaram Lake,20_30,88,87,0.37163513551302085,0.36318508483396533,0.42758520443829806,0.4560988362838013,0.39847280032932064,0.3760000031438782,0.4519087392478119,0.3995168381756174
w27993889,Ambalipura Upper Lake,0_10,86,86,0.2757327238750112,0.3216112885123014,0.4068976471624408,0.451267744811764,0.47639195181947797,0.39038139428288987,0.4515671997976927,0.4107915204143943
w27993889,Ambalipura Upper Lake,10_20,95,96,0.2303108266468317,0.2957110867339962,0.35303227116532415,0.39121901680352095,0.41912868415398913,0.3270258094165154,0.38116133990441875,0.3359421299612419
w27993889,Ambalipura Upper Lake,20_30,90,89,0.21797470355529358,0.26441313344239675,0.31355750104078617,0.3508451621392296,0.38063412317859613,0.2896431983110855,0.34532594438347597,0.30802227454643455
w28069711,,0_10,367,369,0.28732968541506326,0.10453385650884728,0.38363356008304417,0.5406312235748653,0.47786574726949854,0.35579233539354777,0.49386789800780834,0.570758386065672
w28069711,,10_20,374,374,0.28290123926056704,0.12106952171606575,0.3892486549027869,0.5186771243920526,0.48061881740772194,0.35301214280025284,0.47216059042254394,0.5348098712378584
w28069711,,20_30,384,382,0.2726340572200127,0.14576119355828046,0.38945104238214895,0.5013859909141253,0.4683862944173903,0.34823604456440654,0.4571561916918923,0.49637376841313946
w28069768,,0_10,473,472,0.24025015587130447,0.23174047552264512,0.3082000523110371,0.32070620610293904,0.2862212060118098,0.32428072909514527,0.35870556144661314,0.4439699844482679
w28069768,,10_20,455,457,0.24773433564979472,0.2507882956154535,0.3339688442470152,0.38894073772750626,0.3480484989301498,0.35960986213744994,0.3497726873876536,0.4359016996009519
w28069768,,20_30,484,483,0.2315374091269276,0.25094008835875864,0.3340431468050751,0.38360591107046704,0.35651963980970397,0.36573941161262485,0.3262495329692933,0.409373416173033
w28076109,Hebbagodi Lake,0_10,153,155,0.20356240110971077,0.38542096159935635,0.33762760840504175,0.2242918027956794,0.2525614055830286,0.2185828322328993,0.26329896016747256,0.28465661211488036
w28076109,Hebbagodi Lake,10_20,155,154,0.22570307294393116,0.31894753195094205,0.33189282129268716,0.25291849654534937,0.2878481389273401,0.3264294462485857,0.3986059533520699,0.3822842694391412
w28076109,Hebbagodi Lake,20_30,170,169,0.28592721809270777,0.31852713821275114,0.3581566484031588,0.30660753010513353,0.3287467353614129,0.35848220867247266,0.422004126640836,0.3986418117359206
w28076168,Maragondanahalli Lake,0_10,74,74,0.24403587605665528,0.4807545897580365,0.6798706380638705,0.12320082908535071,0.5236473647301614,0.48386564099014906,0.6133058956534847,0.5570795355004943
w28076168,Maragondanahalli Lake,10_20,66,66,0.28545549537026527,0.4567183097417133,0.5559391732483538,0.1488921728896609,0.44655036370961104,0.4433485093379404,0.5390464589873162,0.5141072979838082
w28076168,Maragondanahalli Lake,20_30,66,66,0.3081722560479781,0.4052725822450911,0.4169863939631752,0.18477830164930717,0.3458365073098971,0.38050826992941505,0.4535160627423484,0.4157799877003546
w28076391,Nanjapura Lake,0_10,456,455,0.3854956086429539,0.4205708927633544,0.5461393062450958,0.5039790950282713,0.5045228241791536,0.47507249852466926,0.5945006170473488,0.5903938538748915
w28076391,Nanjapura Lake,10_20,475,476,0.38490865603929364,0.4231558597922161,0.5263721208772097,0.4860199857955445,0.4934542046427485,0.4529416643602059,0.5459813727079186,0.5218658145574117
w28076391,Nanjapura Lake,20_30,477,476,0.38777857167246976,0.425544277412384,0.5270306723114838,0.4875022635697524,0.4986203070087884,0.46276128721783444,0.5385902766145418,0.49175175426333556
w28076443,Bidi Lake,0_10,295,294,0.34407129604062386,0.36120040561594574,0.40331518571136343,0.4283930379266506,0.44933191245923404,0.4237618379537767,0.5191232869294178,0.48206240982112364
w28076443,Bidi Lake,10_20,296,297,0.35844810169853625,0.3629475877520523,0.41475532828195466,0.4310340529923254,0.4416992075777667,0.39640002192908036,0.484537230740389,0.4584662146250333
w28076443,Bidi Lake,20_30,308,307,0.33837212692894597,0.35040332291998333,0.4092306262057542,0.3949639455123793,0.4014769767389668,0.34772047156773755,0.4120613489160885,0.39277877643025133
w28076488,,0_10,153,153,0.3246532609388107,0.3772520322535664,0.37676965182039696,0.3370723602110208,0.391143889122882,0.31189543332919567,0.35070134998010544,0.33335810502500307
w28076488,,10_20,157,157,0.35665654323260404,0.424061828202751,0.4500364209021065,0.406720360397342,0.43906131172876084,0.33255641154903504,0.37706021158105585,0.40784660691822006
w28076488,,20_30,158,157,0.3630169551085809,0.4286016799681228,0.4765489109370447,0.4349766701555043,0.4481047665832606,0.3471274535297117,0.39427521019184025,0.41122124027961443
w28076551,,0_10,43,43,0.22923895729897634,0.30008398645821016,0.26476996335511127,0.18770559293811862,0.13234846641387443,0.24717694842227306,0.24630245150548216,0.2077857686472007
w28076551,,10_20,57,56,0.3527468262465813,0.44203717682920773,0.4414204962138357,0.3544663842967126,0.31092305571688234,0.3304527411707701,0.38509933521232814,0.3381961317686142
w28076551,,20_30,58,60,0.40644073854125673,0.4756360676006359,0.5001052687391121,0.42263486369284914,0.41130645817893274,0.36463455962400965,0.45980535154608587,0.42297985721339604
w28076586,,0_10,52,52,0.10905316266143979,0.040580216557285824,0.5963522090835793,0.1598894738988159,0.1280004911862792,0.024316830763729036,-0.03615339605393572,0.08466000204037759
w28076586,,10_20,58,58,0.20733050712542206,0.1872796320089982,0.6056851121058751,0.2539479754626999,0.22847404609426883,0.13658700027269582,0.16346927070802644,0.24376093388053324
w28076586,,20_30,62,62,0.28070451594715073,0.33110630428130133,0.6017143183271061,0.33884484952429295,0.3073369458560945,0.21600478990817412,0.2720255631946385,0.3586887863252482
w28091209,Yellamallappa Chetty Lake,0_10,815,819,0.49256895987050825,0.5274184425209902,0.5576918892075214,0.5120251284374325,0.5502229854156563,0.48188409161467993,0.5407100794073596,0.5659915854307235
w28091209,Yellamallappa Chetty Lake,10_20,810,811,0.4100869190305281,0.4293511638995866,0.45034759295619764,0.4154489150491255,0.45795420601882375,0.39401124945224814,0.44224099205959394,0.4575179512354293
w28091209,Yellamallappa Chetty Lake,20_30,785,781,0.381214469659934,0.3974381523225744,0.4241990361242224,0.39395257858244387,0.4397436931050379,0.3778462108273662,0.4119643850662502,0.42261136026753526
w28126428,Byrasandra Lake,0_10,66,66,0.2744122773598134,0.17376197562244236,0.24575262697964037,0.25688594579991075,0.3619957068373272,0.3703080203156066,0.4980297916552807,0.488484035091997
w28126428,Byrasandra Lake,10_20,71,71,0.24952632440298253,0.1717440711120922,0.20873957804149515,0.2434307559288555,0.3590409732821221,0.3735232100886825,0.45151422053032947,0.4385314833355892
w28126428,Byrasandra Lake,20_30,76,76,0.21256732453837437,0.15697331865415656,0.1891890155931527,0.24021448169671716,0.32346606573011805,0.3230962384183273,0.35753040474806413,0.3419127340094994
w287327440,Somasundarapalya Lake,0_10,63,63,0.08762225784898323,0.11376083206901313,0.16104939474746802,0.14624311622277616,0.19510971620327974,0.17376200967964842,0.2658104762903635,0.30322582252368546
w287327440,Somasundarapalya Lake,10_20,70,70,0.11976916812008993,0.16577081623521495,0.1901662405479053,0.15864015278937477,0.19709680621983092,0.1724420999906422,0.21395592229277066,0.2422869796549381
w287327440,Somasundarapalya Lake,20_30,75,75,0.13725407857613886,0.18863695943615488,0.19986160696706426,0.16456037618964162,0.20742095454426288,0.17176824917051833,0.1777612380212993,0.18679041632390941
w295768760,Kenchanahalli Lake,0_10,63,63,0.4450941521242426,0.46124832665163146,0.5010368779657955,0.46596421121624293,0.4427605550992067,0.38278279104403323,0.44353288599785917,0.43662015277954785
w295768760,Kenchanahalli Lake,10_20,70,70,0.39473477039381805,0.42389083940453165,0.47950912359907594,0.4239394569737358,0.38054164624933834,0.358698071205623,0.41149681153287637,0.41188599419453054
w295768760,Kenchanahalli Lake,20_30,75,75,0.3658389586063299,0.4120684776185875,0.4669056345501167,0.40631616571428436,0.3615238967119179,0.39094147705756394,0.4436129845760046,0.4373244844513802
w303580998,,0_10,87,87,0.2284979358708496,0.3007784632173099,0.34681733934206166,0.31194407988733963,0.3195168732200782,0.28655236095742925,0.3792270603336783,0.43156080421135795
w303580998,,10_20,90,89,0.3518388473094006,0.398578574687487,0.4654971241481892,0.4424260606911952,0.4668242813301894,0.38094587638992455,0.40939140638099153,0.4627988873367753
w303580998,,20_30,97,97,0.35645814625750505,0.4098896216346803,0.47090327211757366,0.4289480013195076,0.46551760629560107,0.3596333474389818,0.3984230585586465,0.43460120571319
w30414489,Nagawara Lake,0_10,290,291,0.3847773951991105,0.4853105015582082,0.5724510604691517,0.5696350774666387,0.568775053738496,0.5314558081216028,0.5402891577202912,0.3771839725042881
w30414489,Nagawara Lake,10_20,288,288,0.3928932324040996,0.443139578283377,0.5269613938654718,0.5401677951219584,0.5406863499068076,0.5111347450024779,0.48416666132467984,0.3946071151130619
w30414489,Nagawara Lake,20_30,302,302,0.3790389508357709,0.4294597224140095,0.48906852770342507,0.47982964237751,0.4738212740330941,0.4506111408081373,0.4272936813292944,0.38867415530392874
w1355958858;w217565211;w324206934,,0_10,520,521,0.23457301441482997,0.25178148123452926,0.28458649585109924,0.2865858216576603,0.2654659543964723,0.2728663799825772,0.2828502683870345,0.2920940315194721
w1355958858;w217565211;w324206934,,10_20,533,533,0.18774866609766364,0.18406688554280282,0.21186759413968773,0.20817080051910913,0.20950677901237394,0.20459867353441458,0.21406670511736445,0.20214822132383686
w1355958858;w217565211;w324206934,,20_30,526,525,0.194385161643688,0.18867956852349324,0.21722160506193208,0.2121406412232051,0.21319892916187655,0.20873736550407318,0.2201373846356013,0.20544835826928493
w326284753,Neraluru Lake,0_10,298,296,0.2860834291778085,0.38929363336177,0.5427931515544949,0.5404216621968584,0.6621624099189244,0.5147621480013318,0.5950109259690806,0.6568209178967481
w326284753,Neraluru Lake,10_20,311,313,0.25289057471010523,0.33545926613576327,0.47517783418107157,0.46825230934456274,0.5957188516996611,0.4641877193907421,0.5015080661458331,0.5700804713750772
w326284753,Neraluru Lake,20_30,301,299,0.24709699947239264,0.31372337713276177,0.42770756833780615,0.4001716053064588,0.5208685056428547,0.39564866141255145,0.4325733300336184,0.48605691111109245
w326284756,Huskur Lake,0_10,322,320,0.23116591277871934,0.28009064589436583,0.39533713836732975,0.39347109172130706,0.4124553305712574,0.39387937004997775,0.40075425082313887,0.3570278439654587
w326284756,Huskur Lake,10_20,320,322,0.24346095298226494,0.2724258747908668,0.3697402112075127,0.36008644909745235,0.37450165705392974,0.34497187482646163,0.3050099304660799,0.2742280340888645
w326284756,Huskur Lake,20_30,331,330,0.271119937582039,0.28242818712274803,0.37788270608444874,0.3597831814630925,0.3818334197483327,0.34540645919462104,0.3147107230417827,0.2762674324851962
w326284762,Muthanalluru Lake,0_10,726,727,0.5074482078349688,0.6453746395826703,0.779753634210393,0.7078680368015907,0.485026620677477,0.49562662466749935,0.685248066927842,0.5329602736639533
w326284762,Muthanalluru Lake,10_20,723,725,0.4915819782236843,0.6072986380176605,0.7173775892100518,0.6682856674751201,0.43979174630745227,0.43714338184436446,0.6048745678599508,0.46739067060044553
w326284762,Muthanalluru Lake,20_30,754,752,0.5105490530808648,0.5980739563109767,0.6930423623700515,0.6670677675042695,0.44346933598511246,0.41105476360238585,0.5935404447366085,0.44602477559330694
w326284763,Hennagara Lake,0_10,798,797,0.25376776889080765,0.3500670155200376,0.4344701647114616,0.4411234611789509,0.5861401537157035,0.38853117709032664,0.35096483430447034,0.4093438327912684
w326284763,Hennagara Lake,10_20,823,820,0.26688488421870243,0.3405826525461266,0.4522689417572462,0.4458729741489495,0.5717806851580087,0.35337577025497396,0.3165068211130582,0.34699396333785765
w326284763,Hennagara Lake,20_30,786,787,0.2998730027058317,0.3531544121763284,0.46675527145225665,0.46843131931662035,0.5684117194613405,0.3639238840884026,0.33622114929674973,0.3510918883336323
w326284768,,0_10,130,130,0.6271151846041904,0.5709421637731915,0.5918641514634688,0.5314304998287327,0.31228199675531954,0.34441555415146363,0.5183807331843726,0.5103596331506177
w326284768,,10_20,139,139,0.48124593234861684,0.45193223262639226,0.5035825781633385,0.41863692952769194,0.3047164706983117,0.3007455138053788,0.4369197871626688,0.40410874706517036
w326284768,,20_30,152,152,0.44499321869894937,0.4108697545958701,0.48371454257513985,0.39975727297343944,0.3271021596104243,0.3326867423357187,0.43314524554469785,0.4179829038389968
w326284770,,0_10,280,280,0.2728388728855293,0.30449207568303327,0.4305799217243888,0.41552276240743,0.4241352749874399,0.36601150093932266,0.46933797721891596,0.40417273389538844
w326284770,,10_20,277,277,0.25344112366557653,0.2685076189719871,0.38064374500892645,0.3560131541333135,0.3673833625758616,0.3200732568691857,0.39716061545895165,0.33250364178110575
w326284770,,20_30,289,287,0.26262640573665313,0.2805989448676854,0.3706868896856016,0.33446260146735207,0.36208489166554086,0.30913125081355514,0.38274117396903296,0.32981047176928147
w331515387,,0_10,180,179,0.4498835122033334,0.45384973959213337,0.4627139092842595,0.45313976296215414,0.45979515907041735,0.4231770751600697,0.4779888406623714,0.4403292161582004
w331515387,,10_20,188,188,0.4107739063128598,0.408943371984062,0.41659821541859526,0.42016100086850544,0.449908886669286,0.4054853292327598,0.44374937838151,0.4201285979208916
w331515387,,20_30,193,193,0.4114970928235785,0.4241070478803225,0.43207300693412404,0.42622682425097236,0.457534141838555,0.4019190246369725,0.4466932288088478,0.4328928750897002
w33300618,Hoodi Lake,0_10,137,138,0.40717709927887674,0.43539997767028477,0.4450906459010133,0.38926391179773845,0.32732473108173327,0.4378981169072252,0.30906851365599225,0.1257628576272036
w33300618,Hoodi Lake,10_20,145,146,0.4420575930102426,0.4393801910029663,0.3693327544342533,0.31488422105436703,0.322388629619012,0.3514555883687145,0.30256165253820644,0.16830514122363854
w33300618,Hoodi Lake,20_30,147,146,0.41363747857159305,0.40672434494580667,0.3465122641866928,0.3253290042057141,0.3501051447024786,0.36651141613491933,0.36889193784802904,0.27136603540500626
w33541358,Chunchagatta Lake,0_10,156,155,0.29790107031547985,0.28611440147462264,0.24309808502833205,0.2960688181801117,0.2690386742840896,0.298075197015382,0.3507360904704551,0.3695824235999162
w33541358,Chunchagatta Lake,10_20,166,166,0.26301730711527505,0.23425480466496615,0.22949472959817102,0.2679622657769464,0.2544417801380697,0.23812915056686515,0.2882600541318227,0.2665778120819608
w33541358,Chunchagatta Lake,20_30,163,164,0.21699159054286046,0.19695080316486127,0.20249174753215268,0.2167460305283016,0.21478616824622632,0.1841031488162127,0.20209169354197082,0.189306583593417
w350094187,,0_10,140,142,0.3361203789874815,0.4211183634138256,0.514422250756891,0.47618808843471633,0.45920200735814126,0.3315794047133495,0.4512001513113535,0.45352742689353315
w350094187,,10_20,159,157,0.31761959379512394,0.37935356312846136,0.4718565547061109,0.42856780722452215,0.37794594761584255,0.2939989438716393,0.3816864446331176,0.3674372297778043
w350094187,,20_30,152,153,0.2863571430512318,0.3305722800786149,0.4101627326713836,0.37715151085220144,0.3250247984556556,0.26331143137618074,0.326171045252006,0.3101556486738333
w350098022,Saul Kere,0_10,194,195,0.2939412045860739,0.4115547312441968,0.569042777037176,0.518375992111206,0.3881331758750625,0.45319654943328314,0.6446329651725716,0.41858343380113605
w350098022,Saul Kere,10_20,186,187,0.31244524810254676,0.38867853585579043,0.5233190779120206,0.49623575305768947,0.39749636659144244,0.40285858733418606,0.5620658371025131,0.4196891956806453
w350098022,Saul Kere,20_30,208,207,0.30449896539219085,0.365181384298004,0.5067445758076617,0.482930773686409,0.37656041629896825,0.37572565092708265,0.4823240877547002,0.37342737180566143
w350153647,Parappana Agrahara Lake,0_10,118,117,0.33397906174966024,0.32768637111285276,0.39226461588163003,0.4340363858327402,0.40920061333539803,0.3057524286652089,0.44579429950144883,0.49647536931250047
w350153647,Parappana Agrahara Lake,10_20,119,119,0.3524071604664639,0.40526814305574377,0.476623442730832,0.47782726910634504,0.42706332295909144,0.391060452116483,0.3946949827106121,0.48319940335119677
w350153647,Parappana Agrahara Lake,20_30,125,125,0.3356730853957537,0.40149042037433785,0.4521436273874727,0.42887434145684916,0.3354944931628769,0.31696038336930665,0.30928779708409604,0.41682574988857224
w350349745,,0_10,66,66,0.34542149365672215,0.4162854519445949,0.5661154955078441,0.5377803071088546,0.3627190238173438,0.29010244251440065,0.3865023849110702,0.37812652090222737
w350349745,,10_20,66,66,0.3097435019803771,0.3561723184118024,0.4881527583470655,0.43773620872586627,0.3449324129733241,0.24884083593252906,0.32814688844023066,0.2788146929835064
w350349745,,20_30,77,77,0.2610331021154486,0.29683654831988693,0.4074939535826474,0.3514434648086962,0.3084023139622521,0.19949803672172398,0.2820547524725777,0.2347013176414428
w35927597,Dodda Gubbi Kere,0_10,307,308,0.423899408440897,0.44471574904017774,0.49234337336166456,0.531889374231193,0.3104166917617878,0.2943414299829271,0.24230481358741887,0.24350243574201835
w35927597,Dodda Gubbi Kere,10_20,297,297,0.3966398658516264,0.41855400598921133,0.4521221604355412,0.5192735860994219,0.35482092994947534,0.3250564254389745,0.31269466701300824,0.2931352846000676
w35927597,Dodda Gubbi Kere,20_30,317,316,0.35591648173998114,0.38130493186227726,0.41698310582734627,0.49637695035798995,0.3800332336100133,0.33283327855503114,0.3547872688032214,0.3083502476864524
w35927607,Bidarahalli Lake,0_10,276,275,0.39377408395066976,0.37273860440995876,0.45195142102084807,0.47776001815530206,0.5289260317609474,0.4402421261123004,0.4396543655921434,0.3650078661743704
w35927607,Bidarahalli Lake,10_20,292,291,0.39941110559138315,0.3700331315580099,0.43887819399648037,0.45361488143788276,0.5061219302742966,0.4291875845399544,0.4302764674994257,0.35977875408768817
w35927607,Bidarahalli Lake,20_30,291,292,0.4014130496669792,0.3716134080171692,0.4260858812422085,0.4285611469575844,0.4596618673579866,0.3983405492002465,0.4150865597208308,0.3437307394957636
w363083915,,0_10,103,103,0.5176563358708262,0.5363504769804232,0.6191041919951807,0.5791652579604749,0.5842920700191703,0.5897056864234115,0.6038248386349828,0.6279532190807889
w363083915,,10_20,106,106,0.5268174131829869,0.5362075567495476,0.5891728573971974,0.5654973449166846,0.5456530530555177,0.5738128462402412,0.5664187020745842,0.5820024700569395
w363083915,,20_30,120,120,0.5128620086812204,0.5333228702819675,0.5891810764253216,0.5745912192349382,0.5227112725589462,0.5259252589864495,0.5376572790017516,0.5534632853333618
w367594183,,0_10,157,158,0.2046730461386191,0.30302979855169104,0.35604523148479017,0.42384773506008944,0.2622876294675835,0.24584217317210455,0.19783007200938774,0.14974769484091885
w367594183,,10_20,162,161,0.1858626482273859,0.2367054416231956,0.2868532388737077,0.2836874548686025,0.22916414773861263,0.199056952825206,0.14503276927608744,0.10556268827497547
w367594183,,20_30,165,165,0.15926488533655037,0.201324889411536,0.2548709919405163,0.21339039435513116,0.2031521756095575,0.18168730783317835,0.11133357969965264,0.08709887752953036
w368323661,Ramakrishnapura Lake,0_10,101,101,0.3603574679070488,0.38652077314492506,0.4476064967050193,0.4255281987042086,0.44920562336891123,0.41826386894562595,0.4921358855832388,0.4179945334163816
w368323661,Ramakrishnapura Lake,10_20,116,113,0.3027732412802919,0.3124222424598479,0.35066896243419926,0.3449412713603707,0.361462294527224,0.3476392942246611,0.4194231029607537,0.37785636375133635
w368323661,Ramakrishnapura Lake,20_30,111,113,0.2991643186587662,0.312811802358318,0.3488906882366047,0.3503907951649429,0.3603487331724204,0.3493001690022085,0.41233096172284384,0.3656130665454781
w368331355;w368331706,Rajapura Lake,0_10,271,272,0.34861231151185756,0.3564053488149144,0.44426461365757985,0.41699599096913886,0.40537507084874524,0.3616118101748591,0.4643518577887437,0.4186675477354379
w368331355;w368331706,Rajapura Lake,10_20,271,271,0.3488204388900267,0.3687304700649263,0.4376525535227524,0.4115980672228171,0.42018933577500606,0.3658047289898547,0.464818618550044,0.42803776585643905
w368331355;w368331706,Rajapura Lake,20_30,278,277,0.3258616952964816,0.35082782322514827,0.41500080075369766,0.3886570545714655,0.41239839902008557,0.3318007242494159,0.42895135711341004,0.3953623748152717
w37351648,ISRO Layout Lake,0_10,61,61,0.473667773712978,0.5107296821363249,0.5044174038696155,0.4464319083802704,0.5080579318717968,0.45332124184434075,0.5691511769304017,0.5421269184743306
w37351648,ISRO Layout Lake,10_20,67,68,0.4234845640162041,0.4599864538397091,0.4758043188751313,0.43210839642859705,0.4585814822413563,0.41669486590192545,0.5113186761283588,0.47264761902169555
w37351648,ISRO Layout Lake,20_30,73,72,0.3624104690585437,0.3853968807225846,0.40941775113346995,0.38180355467208216,0.40779776456541045,0.36986798016320016,0.44085119453532606,0.40258385903756455
w37351655,Dore Kere,0_10,144,144,0.5065314917028217,0.48659087596408557,0.5138812849480107,0.4549939591227426,0.4875949495394542,0.4853978217409296,0.5392294890152668,0.5571119767773216
w37351655,Dore Kere,10_20,146,146,0.4607217084714437,0.42858281612628557,0.4697477570454907,0.4202057331879285,0.43490425773465635,0.41498489852098913,0.4750591179627462,0.48252739370961306
w37351655,Dore Kere,20_30,154,153,0.39914985199967257,0.3508491231553509,0.3974577777510589,0.3648257667473108,0.37947756686438083,0.3416875134681668,0.3791502610575087,0.3806909124774962
w378405407,,0_10,46,46,0.34272395284381435,0.3879551753344945,0.46806452981902014,0.40813423249474823,0.16528035305751712,0.2559853962390979,0.3059133032553111,0.29396696881141543
w378405407,,10_20,57,57,0.29824081205143765,0.32067645912418713,0.3906109521089988,0.36790633913971715,0.2770392057558869,0.2930452680220087,0.34261352851365584,0.3261243933149012
w378405407,,20_30,60,60,0.3002926485141103,0.32024772548142905,0.396161062690329,0.372669579814395,0.3228751115142496,0.29697003708033376,0.3586954049803907,0.33936342841991923
w37898906,Mallathahalli Lake,0_10,204,204,0.38221140262201175,0.34008148796887444,0.48300852020482143,0.3029504322327937,0.13226531232256017,0.11806848708232776,0.29372578165500457,0.1796548308885492
w37898906,Mallathahalli Lake,10_20,185,185,0.34419887091762885,0.30941271278520527,0.4387800850275956,0.2740061043959788,0.1076194266351838,0.10910955926884874,0.192392421852868,0.12515752273499706
w37898906,Mallathahalli Lake,20_30,193,193,0.36063869366619095,0.35931814992257555,0.48433494770386,0.3015846376985067,0.15066251300427008,0.15330713636225918,0.2099832438183818,0.16352138305340136
w1175297452;w379036231,,0_10,441,442,0.2948496665663337,0.3226246996356584,0.36888855933465625,0.3980912287192022,0.40880933204245246,0.3515838812856626,0.430470304502586,0.3849844261123627
w1175297452;w379036231,,10_20,426,423,0.31350098676098787,0.34261088401911305,0.38444284131009376,0.41375024638806623,0.4300781507076727,0.36531252009973886,0.4574670849374351,0.4197296816857901
w1175297452;w379036231,,20_30,443,447,0.3166014541464208,0.3478807399236102,0.3833145870823031,0.402456536607836,0.43479927000500423,0.36295429764373655,0.4414186166053031,0.4128149241671118
w380067614,,0_10,212,212,0.3466913796463845,0.37644281374248223,0.45181377326790045,0.45178478285906465,0.4705958425447806,0.3442467833788658,0.4539616305462596,0.4329134543248227
w380067614,,10_20,215,214,0.3553910150615893,0.377451360351763,0.4467067009982115,0.44267189817723895,0.4595226761578084,0.33845007753633477,0.42429958366016735,0.41355026958717034
w380067614,,20_30,224,225,0.3633016111559861,0.38510704920073235,0.4470974490999725,0.44667582325778665,0.4572318432570292,0.3440826757805961,0.42208743023936424,0.407270082373639
w380067616,,0_10,314,316,0.287413443490207,0.34913132529276214,0.35603833966232284,0.39955196775955776,0.3997605259643958,0.30949267123451035,0.39068394927928185,0.3518087072107599
w380067616,,10_20,322,323,0.29735301105518386,0.36448872448499237,0.35382431692604005,0.40045275363056504,0.40025375557695303,0.30481603996976575,0.3808502416693593,0.3578187331612362
w380067616,,20_30,333,330,0.3053408280011167,0.3742083330961,0.34645859742605306,0.39225555478439833,0.3986104218273104,0.3111601360387972,0.3677697382589669,0.3572221430878184
w380067625,,0_10,352,354,0.3198136389922076,0.33306825511865173,0.40540670949407415,0.4088551026685828,0.3653299950132937,0.30839484103579157,0.3668819823902394,0.32965886285131296
w380067625,,10_20,378,376,0.3448323092020377,0.3525517740302176,0.4200248607410941,0.3924755235495599,0.40836222870477223,0.3142004249787761,0.4097779745025404,0.39187739460962967
w380067625,,20_30,362,361,0.3521325532642983,0.366642181473764,0.43636431094249784,0.3904077695320821,0.44024350325221884,0.30521726330023685,0.43473042340797485,0.411605097192056
w380102739,Nelamangala Kere,0_10,281,281,0.5575960833787812,0.5641093822585591,0.5782148013483107,0.5921068941669692,0.6189455571682728,0.5361343006894326,0.6253033018560555,0.6210083114154056
w380102739,Nelamangala Kere,10_20,283,283,0.508697412769755,0.5505050638325435,0.5557207415164134,0.5298857556533038,0.5520599451896081,0.4767228820283899,0.5650335114207218,0.5615085438211103
w380102739,Nelamangala Kere,20_30,282,283,0.48037024050026206,0.5362064545438977,0.5322232986903144,0.4963472368613523,0.505994867529335,0.4399617272639726,0.512798614282572,0.5075981694400395
w38047206,Kempambudhi Kere,0_10,146,145,0.4117897327991448,0.5139593185800732,0.5841122761036186,0.5781051675702672,0.4606945234757273,0.5183665457771564,0.6131150097763983,0.5737576408254694
w38047206,Kempambudhi Kere,10_20,153,154,0.44613338264358365,0.5984830098278248,0.6048683382363301,0.6089862559682496,0.5091226240400916,0.5502473854224477,0.640726856272342,0.5852902569243137
w38047206,Kempambudhi Kere,20_30,157,157,0.42081126225469556,0.5762334670107221,0.5614191162854166,0.57432010129897,0.5099794021227309,0.5188907864069908,0.6003173259911943,0.5523627443473205
w395505152,Kengeri Lake,0_10,180,179,0.369216973217621,0.4137459911306935,0.46566152384384024,0.4357703729502499,0.3065275151382992,0.29589871020838504,0.41157206709053407,0.38125842696293194
w395505152,Kengeri Lake,10_20,168,168,0.3067186403218334,0.33001752062676254,0.3727257931599723,0.34877035233276577,0.2979943071702477,0.2625063350650529,0.32383620845945194,0.30581160490880716
w395505152,Kengeri Lake,20_30,195,195,0.2114090692243374,0.22452398964221856,0.2696006500893104,0.25926218234089143,0.2533346710368311,0.19697025479011437,0.23154757271324106,0.23432890547861346
w401706558,,0_10,104,104,0.27618459322307326,0.3945294521576199,0.45817036332190025,0.4395092526795975,0.5092817223790894,0.4454566066156318,0.5133233690711713,0.4704354092158501
w401706558,,10_20,105,105,0.30788186765062264,0.40606635216821985,0.46476117679666323,0.42332749469059383,0.5043666041644626,0.434608672397176,0.4765268817702783,0.4586565218175717
w401706558,,20_30,116,116,0.3477284192514325,0.4384739324774767,0.4798958920182164,0.42568187474769853,0.5170617196537657,0.4438645044776369,0.47566384527330074,0.4555188869213857
w403081764,Konanakunte Lake,0_10,64,64,0.43964090134963757,0.5549580328688112,0.5856573205763862,0.5855038384455736,0.18382694220531842,0.26048848629972804,0.35109282797404995,0.41018936660274696
w403081764,Konanakunte Lake,10_20,68,68,0.38869445488783144,0.46117914433635304,0.49855376884716,0.49613298385241694,0.269332140351881,0.27078865263698626,0.34982654749140785,0.39474463710645163
w403081764,Konanakunte Lake,20_30,77,76,0.2852724970527337,0.3322147592340335,0.37955059452497814,0.3567658442319934,0.2746538939241936,0.2742782123068147,0.3456615192130573,0.355891074938764
w324206936;w411050617;w411050619;w411050622;w411050623;w411050624;w411050625;w411050626;w411050627;w411050628;w411050629;w411050630,,0_10,411,411,0.31078388863590495,0.32063957958375,0.3250564370541944,0.3295790893957974,0.31928385160240075,0.3457915452375494,0.3891003089184693,0.37386621215760996
w324206936;w411050617;w411050619;w411050622;w411050623;w411050624;w411050625;w411050626;w411050627;w411050628;w411050629;w411050630,,10_20,411,411,0.2768677160874677,0.2819349806976994,0.28661599347169014,0.28046916888789447,0.2815492754550444,0.2962834871305242,0.3214913031286686,0.29943202034578176
w324206936;w411050617;w411050619;w411050622;w411050623;w411050624;w411050625;w411050626;w411050627;w411050628;w411050629;w411050630,,20_30,386,385,0.23870396801943886,0.24118362458699616,0.24625389304413411,0.237503492117041,0.248175969764004,0.25428894271535146,0.2707865298792859,0.2516057687321644
w41189469,Gowdana Kere,0_10,70,68,0.34170541771013185,0.2883402064891078,0.31139720459371756,0.2661224573943705,0.24187088960462297,0.21701109664892967,0.25512154892067646,0.2676812735841101
w41189469,Gowdana Kere,10_20,77,78,0.2922719235902895,0.24979107406196796,0.292376960682502,0.29559849716376213,0.2940887416063359,0.264489726343681,0.31132044829364175,0.3046850249540257
w41189469,Gowdana Kere,20_30,82,81,0.23931237136229613,0.21494657996749175,0.246410904328716,0.24411689282524626,0.26617544738992116,0.24036812263921736,0.2733992923557848,0.27299127268762463
w41196197,Hosakerahalli Lake,0_10,194,193,0.30210931195161206,0.3278103727538178,0.40266028755654104,0.38191195958216984,0.323752076366287,0.3106289462064894,0.35673151300810535,0.34614310016311883
w41196197,Hosakerahalli Lake,10_20,202,201,0.27919336817265056,0.3031036217210909,0.35776199499768363,0.3383711491202527,0.2782114623709216,0.25935928910174455,0.2935970722135945,0.2986379775820859
w41196197,Hosakerahalli Lake,20_30,203,204,0.24992694803870127,0.27325303779393856,0.3189238603754771,0.2941515617086836,0.25135373599404837,0.2312382619603146,0.25522276229976076,0.27616760687807007
r16048376;w41206188,Allalasandra Lake,0_10,203,203,0.4598263535455025,0.48873214097163115,0.5325851541472945,0.5481999238519702,0.5212383863010912,0.5222771988183149,0.6031349793450277,0.5757685291507157
r16048376;w41206188,Allalasandra Lake,10_20,207,207,0.4007819965228399,0.4184253682549366,0.45696777045544,0.453694156535731,0.46334152313719795,0.4453969259963165,0.5163486695644054,0.4866015130672043
r16048376;w41206188,Allalasandra Lake,20_30,214,213,0.28441249512319977,0.296936804102169,0.31436793615189246,0.31845597490975486,0.32359752745210757,0.2931480948426739,0.3488520563379834,0.33558978184011984
w412909369,Ramagondanahalli Lake,0_10,147,147,0.20110117952329268,0.2470984989938515,0.32282029530921136,0.3108817401549819,0.3375108044740713,0.23563098107586528,0.2382429369611337,0.2285297925257238
w412909369,Ramagondanahalli Lake,10_20,149,149,0.21619939737706462,0.242507545529405,0.31334449106428874,0.30914679921744953,0.30667937463035616,0.22262724730240527,0.2357562918769218,0.2220027944900675
w412909369,Ramagondanahalli Lake,20_30,157,157,0.2698008964639248,0.296713250542087,0.3614517008696768,0.38089146437818056,0.3566740000690608,0.2354053043147048,0.24555593754650595,0.2376994085758793
w412922546,,0_10,120,119,0.2753819740811141,0.2609688142208872,0.3049489314156255,0.37841248270255606,0.39192443908614744,0.29408225755615924,0.348960912447433,0.30635262206786673
w412922546,,10_20,123,123,0.27269668030540123,0.25116434693738615,0.3254205633256634,0.35634729890347727,0.3993241703886929,0.2670700946039593,0.3147450387581116,0.2833920481821192
w412922546,,20_30,128,128,0.2581788867200302,0.24587570271588285,0.31267535197065255,0.3296926019703718,0.38495152629544027,0.2522227631838752,0.2812623520588284,0.27003901090039356
w412922548,,0_10,133,132,0.2536237515007085,0.20766717654475886,0.3097121968052048,0.3093800422728386,0.3215101275844194,0.2783735533800874,0.1523386902750743,0.2225698589818832
w412922548,,10_20,141,142,0.2412345691872128,0.21082947517922035,0.27553167900451087,0.25743730065601983,0.29461522464396717,0.25724128480990804,0.19222889357812908,0.2249350182976474
w412922548,,20_30,145,145,0.27916063234917865,0.2692762083871186,0.33269040941097416,0.3323930515352255,0.36132555105299685,0.3238793147497977,0.29841362388749726,0.26626398177147603
w412929393,,0_10,80,80,0.1177708395196578,0.11348701540782258,0.16192531150328668,0.15118173704746882,0.12301482112822178,0.10793566363182341,0.15811226701362477,0.1253016551686864
w412929393,,10_20,83,83,0.15909485170134932,0.16724037502640163,0.23838690249314992,0.23230608799942137,0.1891985956515059,0.16055154698575771,0.22154068277098693,0.17612749447920029
w412929393,,20_30,77,77,0.1926456600138245,0.20338179185578162,0.31302536820555965,0.300952757234385,0.239990459664357,0.21261797589652215,0.2790569339350156,0.2275422316917101
w412929449,Bingipura Lake,0_10,113,113,0.36555553027133175,0.40101943428009756,0.4980995534684146,0.3513220588806008,0.4330689173270241,0.3331355524789059,0.4314578242185181,0.42067925792836214
w412929449,Bingipura Lake,10_20,123,122,0.41434298433926414,0.4145105899133333,0.4748150081983355,0.33872920199516343,0.4072389020690759,0.33909685646387083,0.38318965876497374,0.3530201248371942
w412929449,Bingipura Lake,20_30,128,130,0.3996122653216409,0.3766547498755623,0.45527348810366786,0.3731527037865194,0.396871804489959,0.3744795008073002,0.41018887627424105,0.3342066814772921
w412940006,,0_10,112,113,0.3030486907052316,0.338651427105181,0.36409530685415575,0.3919482882309879,0.470003576898336,0.4150378439902785,0.41017714875730477,0.4112318795607522
w412940006,,10_20,119,119,0.3115600004124024,0.35214544547906973,0.35738715878489175,0.3576963876432355,0.38372811991396727,0.368700973169359,0.3022390657131422,0.3031311497373529
w412940006,,20_30,123,122,0.33579707382225554,0.38801677414144925,0.40265469763591794,0.4064902596250977,0.4023593742288717,0.37837497833801487,0.29437306009821806,0.3016597998987803
w413020103,,0_10,75,75,0.33752138318628044,0.42045429953810987,0.5542988147270566,0.5339228930159199,0.5011437741954374,0.18179023388629414,0.33406748506299533,0.42451729071627947
w413020103,,10_20,86,86,0.347919529450662,0.36162543044388845,0.4925189251548058,0.4719242843953685,0.4193682356550561,0.22572795891364822,0.3245727375816634,0.3382889686734231
w413020103,,20_30,88,88,0.3157463049713626,0.335916423886073,0.46274350111887014,0.4272496751393609,0.37999904497008746,0.2988186492900552,0.34868053736722254,0.3471592179544595
w413020104,,0_10,54,54,0.4118132867559621,0.40277152838208996,0.41253451276552305,0.410133033004449,0.20390715377368399,0.3392276848156151,0.40091546388123,0.38938181086696266
w413020104,,10_20,59,59,0.3109741618758214,0.2728668143313696,0.3161083114986914,0.2964266797639014,0.2185081037953896,0.25367692658772706,0.2827682183485446,0.2665233483890814
w413020104,,20_30,70,70,0.264956448618586,0.19714136694491777,0.2512042282373435,0.2334493316889892,0.22517988605231154,0.2105378928053796,0.22586561307539899,0.2202158161248747
w413020105,Amanikere,0_10,219,218,0.43013924453519187,0.42888244384785584,0.6337511388524474,0.604017095244904,0.6174495955343802,0.5495784538232643,0.5590708216197595,0.5852847174923536
w413020105,Amanikere,10_20,223,224,0.43344244783141983,0.4118870211498299,0.5697192451651819,0.5311858066358168,0.5489260403453924,0.4764130211200205,0.47902746002766916,0.5040621345790357
w413020105,Amanikere,20_30,225,224,0.44979045474141416,0.4006348821567582,0.5412801410226141,0.49553785611658346,0.5329620744544585,0.4714682886503073,0.46567229215608225,0.46134452303186047
w413020106,Mantapura Lake,0_10,191,191,0.30254675989078583,0.2897454505528366,0.36949263846866925,0.36578344484910896,0.40590500409319974,0.4450205252449258,0.4721256925124978,0.3562335188202144
w413020106,Mantapura Lake,10_20,203,203,0.30755761628588824,0.29239833783604546,0.37731163310680915,0.37732449678399865,0.42577141106698285,0.45904699030495594,0.495126558299704,0.4033620538966313
w413020106,Mantapura Lake,20_30,210,210,0.305491581949394,0.28600715130452425,0.3903966135488445,0.3757155072336749,0.4331959059185678,0.43154019548037076,0.4729649501425923,0.3882361774649192
w413529791,Singapura Kere,0_10,69,69,0.14029661866448037,0.11426131665527921,0.2219420327318553,0.26718865142269616,0.2603421729953569,0.2622368824679778,0.3684024235072721,0.37731152002667373
w413529791,Singapura Kere,10_20,79,79,0.16857777771077662,0.17652954758062,0.28850090181961113,0.2887319708697811,0.32831618601465395,0.3212849302046876,0.4093615899142195,0.4952422641755366
w413529791,Singapura Kere,20_30,78,78,0.23061297645052647,0.24733666170168667,0.32672838432111523,0.3223342778664276,0.3436046820251447,0.325175802410481,0.37311032712942116,0.39814527472148037
w41662639,,0_10,255,255,0.24134882724567608,0.29812769116908217,0.3403444012527672,0.3948786795978385,0.32020669442445465,0.27531743664669056,0.3608294517788314,0.37219051786583707
w41662639,,10_20,254,254,0.2412107170901295,0.285707021979307,0.3226234945004325,0.3590731718596851,0.3415838930028173,0.27264649353916814,0.3501749069775446,0.3589260023646019
w41662639,,20_30,262,262,0.24463065244967028,0.2860935064366374,0.31760746750513996,0.36443643758006056,0.3524751912922325,0.29460327528808866,0.357563928447247,0.36723680553214144
w41662642,,0_10,451,450,0.2856155739548436,0.3685714693298553,0.3943501764792646,0.4581536111518502,0.3406568102703161,0.38061377110564404,0.46129645283595916,0.4315349123891316
w41662642,,10_20,454,453,0.27590291525181426,0.35124627702420297,0.3753149876411904,0.4443966356711956,0.34778492371312975,0.3562520788932262,0.43783737794082156,0.4036488910614839
w41662642,,20_30,460,461,0.27034185956040546,0.3432617709811406,0.3690970871467552,0.4303422199258838,0.35005578596082326,0.34511469046822374,0.4195354679811115,0.3866398975197142
w41662647,Tarabanahalli Lake,0_10,253,252,0.24768124261673027,0.24740261965877858,0.37938498386891367,0.4513408637785553,0.5434258984912355,0.3948667839409791,0.33964630644346017,0.4311605441514126
w41662647,Tarabanahalli Lake,10_20,255,255,0.21622959964232907,0.2313465261231388,0.3302526250933698,0.3941718986958987,0.4825978512902739,0.31543546891290103,0.2945444578558751,0.3615454722820747
w41662647,Tarabanahalli Lake,20_30,246,246,0.21920123511901154,0.24580749529212081,0.32742698970529444,0.37670617923328126,0.4718646940836041,0.31128801607434536,0.30241128918122506,0.3578584326583041
w41662648,Navrathna Agrahara Lake,0_10,121,121,0.17028141945200462,0.21992405259871942,0.16342594924354475,0.19544856526501916,0.20687851809230345,0.23503494088289534,0.24338461040789622,0.22775917500933718
w41662648,Navrathna Agrahara Lake,10_20,127,126,0.1917025537749068,0.23284577177561092,0.22294013954979777,0.28050677258122847,0.3075879974976947,0.26923701455820703,0.26977662925088225,0.22632739965165993
w41662648,Navrathna Agrahara Lake,20_30,133,134,0.19903034683356735,0.23254129687574188,0.2588492017277631,0.3087781011892277,0.3554228359294284,0.29478299725930407,0.300347048332474,0.24916765844446903
w41662649,,0_10,332,333,0.24833550975268182,0.3013151534001141,0.37322645898993817,0.38785461397368776,0.413588363853663,0.24366551211265622,0.2813420566656213,0.32640983463646306
w41662649,,10_20,342,342,0.25952228692378443,0.30445357694756686,0.3546076616096225,0.3949262199867514,0.38261571836098235,0.2995730092874107,0.3156437688169549,0.3739336258654065
w41662649,,20_30,344,346,0.2572458517822006,0.2861685441670891,0.33096579105048596,0.3881183738187213,0.40173044157814475,0.3390125263185613,0.3300027178924068,0.39708510991932955
w41662651,,0_10,128,128,0.2656987741244794,0.2703726449737745,0.31270835058869384,0.3010706805494424,0.34269523111994826,0.24060121573312754,0.24111562718834673,0.2993788866923972
w41662651,,10_20,129,129,0.2705250534205467,0.2972709789678609,0.32582141458387653,0.32214195800407747,0.3868273520703884,0.2658505234600785,0.2661545984211545,0.3187264906189745
w41662651,,20_30,133,133,0.27216696078516384,0.30357901804487925,0.3205768468724276,0.32545166918068724,0.38145033483377755,0.2972364604557324,0.29654091390471476,0.35694428776102066
w41662652,,0_10,116,116,0.35294232107829177,0.37466489641512285,0.41442012980102827,0.4780231239622955,0.4094747630140223,0.3327875022186531,0.40930062672366835,0.4347195230720218
w41662652,,10_20,124,121,0.3394776258222912,0.3583344640241318,0.3973954019003449,0.45145963491929436,0.41539668025633425,0.36310600559538453,0.44422504726158807,0.46656419194559384
w41662652,,20_30,130,133,0.33993282931749674,0.3496462864793482,0.3823757734760977,0.43200528457310555,0.4115177120672804,0.3724015587837202,0.44034198451620665,0.482937804859994
w41662655,,0_10,219,221,0.31453155393093424,0.3281431145150902,0.3790467090206964,0.3780086461799863,0.3688197910484457,0.34484667282048864,0.4149030259364518,0.43511670652271384
w41662655,,10_20,219,220,0.33496069951035423,0.34354768615943654,0.39293195002332254,0.3904716360848374,0.41455065663119034,0.35252821196277284,0.43893767967181235,0.45537059047833706
w41662655,,20_30,217,217,0.335962636214531,0.3521117111127813,0.39479346143262695,0.3745027840136278,0.4089700279970872,0.3521188921078421,0.4154964234675792,0.43154542917346017
w41662657,,0_10,120,119,0.3864981182219461,0.421083665000126,0.4153050946809802,0.428252215568334,0.4466457939472161,0.39912149995289126,0.45746199772164686,0.41130042432265596
w41662657,,10_20,115,115,0.37189091618180414,0.4100922502114159,0.38722486136449524,0.391949328703498,0.4187963178581064,0.37403021022746735,0.4260735173544301,0.3743373665445825
w41662657,,20_30,130,130,0.36404554393693006,0.3983823986880865,0.36185079282261867,0.3669321119074271,0.3790205318971593,0.3450031743903409,0.3912513237190379,0.3441567003438279
w41662658,,0_10,238,237,0.3226038270015561,0.36036035598833627,0.41412618573716437,0.44308570488484167,0.4796366485885936,0.40010110250908226,0.463055000981989,0.4491788955627137
w41662658,,10_20,251,253,0.30652820963495664,0.331824620960201,0.3830584013830717,0.4172527431957051,0.4438341916908111,0.38059578071947514,0.43013093372085265,0.4318408036133795
w41662658,,20_30,246,246,0.30010114582160363,0.3182673018751554,0.3617800448871924,0.39794720776403425,0.4055289789898359,0.3546680647666178,0.40611348625180965,0.4089993947775016
w41662659,Hesaraghatta Lake,0_10,1656,1656,0.2975017696918728,0.33008963920837947,0.345151680781944,0.39944284983149675,0.3682601156447542,0.32455672720048134,0.4329608381340404,0.4221544227271772
w41662659,Hesaraghatta Lake,10_20,1664,1664,0.2961912284746154,0.3294355132382082,0.3460852442502451,0.4024829566696786,0.3856682726916594,0.33374101209733964,0.4422329498450146,0.4211858654600763
w41662659,Hesaraghatta Lake,20_30,1687,1685,0.30051348496699515,0.3366750707895402,0.35499204379336696,0.40901359433420487,0.4005952375180468,0.3515453926430744,0.45390343020264057,0.43362870371171414
w41667619,Gummanahalli Lake,0_10,444,441,0.2568209386505371,0.26782492072254993,0.3616019463473409,0.5157279817309075,0.41977210637528045,0.3158691117789515,0.45499905102613497,0.4497809971605339
w41667619,Gummanahalli Lake,10_20,440,439,0.2675876483394484,0.3097517378890108,0.3834974844466337,0.5216419457644574,0.42283587884560986,0.331531031267449,0.4482659838821616,0.410302659873025
w41667619,Gummanahalli Lake,20_30,438,441,0.28524062028330044,0.34588852264372494,0.38767770623856096,0.5271367482742818,0.42255049273615347,0.3513006602379589,0.44905431728305784,0.385177221569536
w41667620,Doddajala Kere,0_10,275,275,0.25832317280491424,0.26185344872238625,0.4396120770132775,0.4104002763068408,0.4151653380325127,0.3803037118460603,0.471534407555529,0.49863554669628435
w41667620,Doddajala Kere,10_20,269,269,0.2679745071784485,0.2751649142924581,0.43530800453028606,0.4040102879287988,0.42165021569469335,0.37553687439790395,0.4525553515359962,0.4857592152666321
w41667620,Doddajala Kere,20_30,287,287,0.27094206316301533,0.28521793001646745,0.42511823865168447,0.415368738210609,0.43368261812819825,0.3935542148306061,0.4538868184046452,0.4633522039360868
w41667621,Chikkajala Lake,0_10,210,210,0.27242118173491764,0.2847694988854405,0.4279629961048984,0.3905266768457692,0.3464255937263294,0.3089374621757504,0.37692159586707324,0.32704070250319767
w41667621,Chikkajala Lake,10_20,213,211,0.26775616590014434,0.28604914241656676,0.4090466747630658,0.3956223174846195,0.3307977854898708,0.2881266961892437,0.3348041121179774,0.3314783458691346
w41667621,Chikkajala Lake,20_30,224,226,0.24588261472487086,0.2601978905638296,0.3811971286863957,0.38168287404321954,0.30362783714487596,0.26366444391771726,0.2994043864800355,0.2941291200338456
w41667648,Nagadasanahalli Lake,0_10,506,509,0.26578258639671637,0.27784847659691325,0.35467833064165494,0.39459335398356543,0.35593274829883365,0.37549767476462387,0.4864596515089999,0.48902163070726196
w41667648,Nagadasanahalli Lake,10_20,519,516,0.2745912081552496,0.28071747613514414,0.3546250080308023,0.3823144848864132,0.37796923140246425,0.36647194662906746,0.4623468767836535,0.4764567698852013
w41667648,Nagadasanahalli Lake,20_30,517,520,0.29492084525241363,0.30446599668055724,0.3636656242780586,0.3847867748172642,0.38977193593805576,0.3651641706226325,0.4596964448719121,0.4652471677929806
w41667649,Gantiganahalli Kere,0_10,268,267,0.2238019539535552,0.28546437701480304,0.34351029053561843,0.4006405776872543,0.30648603227567744,0.38891543990575295,0.48577980797452414,0.4647842225188068
w41667649,Gantiganahalli Kere,10_20,285,285,0.23838521981411906,0.31144681210223957,0.35362237926631285,0.41677225933854856,0.3837567125994342,0.3840308626314434,0.4473668828751031,0.41675540547796386
w41667649,Gantiganahalli Kere,20_30,281,281,0.25575177382432973,0.32594467341229144,0.3662605096152053,0.4033208516223614,0.39064411029907803,0.36042551154919,0.41298837911188396,0.3912350949568756
w41667650,Gantiganahalli Lake,0_10,238,238,0.2444478670703955,0.1897300227101753,0.30138839085983155,0.3239049631565765,0.3232830918800622,0.31512461361399263,0.4108496619643563,0.45073849297343543
w41667650,Gantiganahalli Lake,10_20,247,248,0.293013918161996,0.21849870477350547,0.32127309278380994,0.3413074475356597,0.37739515290721276,0.3282029861206557,0.42348592919718936,0.46955420824783556
w41667650,Gantiganahalli Lake,20_30,254,255,0.35589631712191644,0.3532305855248589,0.44582132363789007,0.47472374075458423,0.5023115335655703,0.4269086691364864,0.5524453231756555,0.5629944899227217
w41667652,Veerasagara Lake,0_10,165,166,0.33522400257465823,0.3876573659442883,0.4601727186030473,0.4324061285056528,0.4217579828551695,0.29677205682574526,0.3918055069970292,0.4321831215385302
w41667652,Veerasagara Lake,10_20,170,169,0.2905704283577111,0.34020915465025003,0.38095959595889606,0.41455970340469017,0.4068685972635017,0.32073322039145974,0.3867575335815955,0.39858651126996264
w41667652,Veerasagara Lake,20_30,159,159,0.2741657597734904,0.29996603971706753,0.33317007374127283,0.3705782977199244,0.362226393450005,0.28910641322853314,0.3361185890523902,0.3505842939009226
w41667653,Singapura Kere,0_10,159,159,0.30685844184243954,0.3517329023707852,0.43332213108904605,0.40843672730163844,0.34005913461348336,0.2775861701218107,0.1860705564718885,0.21141491513199492
w41667653,Singapura Kere,10_20,156,156,0.2960208381539345,0.32221781141423256,0.3658537394721045,0.362542851584928,0.3409676210202029,0.2801299532053004,0.2605254135563543,0.2459540998984003
w41667653,Singapura Kere,20_30,173,173,0.27685860328044554,0.281892574433992,0.32192703966121694,0.318875552920412,0.32579305734287045,0.2677354928845241,0.27518102821329377,0.2580933538827787
w41667654,Abbigere Lake,0_10,167,167,0.4651070987714029,0.5821892053347322,0.6090475531582398,0.5639261866164098,0.2725551035027962,0.22548139085393126,0.19898011197074844,0.2090257791941839
w41667654,Abbigere Lake,10_20,172,172,0.41609110877592886,0.4962049366019682,0.5318937852459324,0.4973080758904381,0.3263033290782761,0.25118293563231225,0.2785475116207044,0.23423712579182623
w41667654,Abbigere Lake,20_30,177,177,0.370212701874393,0.430079940189432,0.4642192874084568,0.4317307223689309,0.4024375407656642,0.3014337061449356,0.35456411366360885,0.2952191797000732
w41667655,Mylappanahalli Lake,0_10,109,109,0.3697432511313266,0.3521999374104051,0.28271167432568467,0.3127156184753282,0.25882710032456213,0.28005433244559985,0.3366054914415998,0.35777091039925096
w41667655,Mylappanahalli Lake,10_20,109,109,0.37361430781931054,0.3451153154434943,0.3420612708866855,0.35359643070856805,0.31215170084432103,0.2904066018908109,0.3597091217240469,0.3325634153790777
w41667655,Mylappanahalli Lake,20_30,122,122,0.35238147078810844,0.3331532926367868,0.3630449420456235,0.34578956154478435,0.3181271098384051,0.27983250022407763,0.32944474594062956,0.2967349203853172
w41667656,Kogilu Lake,0_10,253,252,0.27902676756767575,0.30498108526497614,0.38158347021792133,0.47503299310881825,0.531720321834293,0.46079642472653826,0.5773162963438627,0.3294726484443359
w41667656,Kogilu Lake,10_20,255,257,0.31005685899237545,0.31584696730771517,0.3947675818826549,0.4473887083861599,0.47886841573756145,0.4505769930746932,0.5321838592603467,0.3827848126911707
w41667656,Kogilu Lake,20_30,265,263,0.245963194190015,0.23332125253062608,0.30235066770453484,0.33513902710865323,0.359787889456307,0.3375353367727331,0.3903325374636201,0.309664670815561
w41667728,Hosakote lake,0_10,1175,1173,0.31969656894864573,0.32246571311570593,0.41476757540391473,0.308681139712509,0.21233667139613133,0.22503023353627044,0.35458779119691214,0.3372170732324859
w41667728,Hosakote lake,10_20,1174,1175,0.300596358520207,0.3101599516926896,0.38640205233607483,0.2554521139184656,0.1646105564485368,0.1917590950804585,0.32783181976322007,0.337296636157891
w41667728,Hosakote lake,20_30,1178,1178,0.3032826419684801,0.311178622924377,0.3782391510924277,0.23231955336376267,0.14421824940448424,0.1772649231730807,0.32357955422941287,0.34345188497634005
w41668666,,0_10,249,250,0.250939723766569,0.2846130895740502,0.3534769204599983,0.38333889094547746,0.32494834275268736,0.28763958734406947,0.37361219149051134,0.3191637507698525
w41668666,,10_20,264,262,0.24824498166245382,0.2943537675967195,0.3601172369891823,0.38562216221210244,0.34718905482544266,0.29808694832444943,0.3982524830698307,0.34211882967216917
w41668666,,20_30,237,238,0.25107274524837264,0.29621190637595934,0.3574954700093069,0.38031686356082856,0.3524866231451659,0.3001364032294623,0.398589181932328,0.3470593560529877
w41668667,Dasanapura Kere,0_10,193,193,0.4430180343597139,0.53235117975939,0.504408077328237,0.5227087775270943,0.5705096349930793,0.4925891914911351,0.5599629682331776,0.5102464405706215
w41668667,Dasanapura Kere,10_20,191,191,0.4213069846929493,0.4862458311415438,0.45211256739665634,0.47605477392377704,0.5068002366498028,0.43400532517267,0.5082197845107003,0.4647099820355311
w41668667,Dasanapura Kere,20_30,201,200,0.3862923674822783,0.4504596905119198,0.42726889155921444,0.4501815838385751,0.47463392929010056,0.39815893851381823,0.4824216108394741,0.43243937468249416
w41668668,,0_10,70,70,0.22937889733873779,0.2927937158707766,0.3261584715622963,0.312370786986625,0.1933367544406598,0.18057669670685084,0.12384925851657572,0.22474577068045187
w41668668,,10_20,80,80,0.2634213941235553,0.32355373138922655,0.3507178835792046,0.3361943722463773,0.25981882575036824,0.21628749023541777,0.19042808381075285,0.25867470950501814
w41668668,,20_30,84,84,0.3182841165643717,0.3828552746838115,0.40588620509914813,0.3892425529848597,0.3750370603946171,0.2730903047520173,0.28638955907785735,0.3264568032736773
w41668669,Alur Lake,0_10,308,307,0.29931760543103136,0.3674499884496603,0.3959685783668318,0.38263791519913337,0.3246475679231541,0.30428026825235954,0.3407848297104145,0.33751035491588427
w41668669,Alur Lake,10_20,306,303,0.2898852980263419,0.3503846138739738,0.39047716615981654,0.3820946224553572,0.3415045316188709,0.29349038455842436,0.35485629343177694,0.3321343361799259
w41668669,Alur Lake,20_30,311,310,0.2780671788972416,0.33919370098118895,0.3804441941363814,0.38030725518482783,0.34263670616530684,0.28605435158770115,0.35759373827386065,0.3276789025423296
w41668781,,0_10,124,124,0.3551154700927729,0.4108400152927472,0.4593834344003801,0.46135569895800627,0.4232404266160824,0.24078347883722293,0.42391640087012916,0.36169263934962326
w41668781,,10_20,122,123,0.3865998086787035,0.4306877435858122,0.47172072094163886,0.4743045253461421,0.45325648836217675,0.27069946656037824,0.43882956750434565,0.39197863495248253
w41668781,,20_30,130,130,0.3865684404039654,0.44262745273537085,0.4769207191541417,0.46875869954204685,0.4707241613861958,0.30445215264327125,0.4459734044123135,0.4245404456761529
w41668782,,0_10,90,90,0.3807066112079038,0.41881098275943046,0.4461540515299538,0.41186347712398425,0.44526477724999186,0.28842767069600433,0.392989646601411,0.3278232024140885
w41668782,,10_20,97,97,0.3720316154492995,0.3963609899457827,0.4282112648965586,0.43275231113605694,0.4482035350837862,0.28216002498295467,0.37504601641713264,0.3087956935058686
w41668782,,20_30,105,107,0.3379938545126971,0.3408213362163145,0.381292811416567,0.3964472148324937,0.40495898700206456,0.2568398079394594,0.341070169264867,0.27378822441824685
w41669913,,0_10,323,323,0.3527263494181117,0.314300507498473,0.3957376990201715,0.400162794897894,0.49427470332905915,0.40402197109500426,0.49551970708280285,0.3913476176204495
w41669913,,10_20,337,337,0.3592555952327475,0.29578816775758,0.37170089729169525,0.3991722086395472,0.4795651987318219,0.37922373335861154,0.4476983908798484,0.3830908395803956
w41669913,,20_30,329,330,0.36409550432541016,0.2810897054685708,0.36620344840755503,0.41319735590203166,0.47333409287427275,0.35871130976394916,0.4136404192357635,0.38190663197872227
w42407836,BEL Lake,0_10,104,104,0.3704137465206649,0.4795930424003336,0.6036549190880026,0.5623033129934014,0.5648331507456762,0.47858414424131734,0.5884354666631468,0.5777826556270541
w42407836,BEL Lake,10_20,111,111,0.3961084087784335,0.48516659612622065,0.5912880175777917,0.5421166869895064,0.5454479596474606,0.4865463406282748,0.5824625771036293,0.5690448643211027
w42407836,BEL Lake,20_30,120,120,0.3689787875151876,0.4361218046375639,0.5306632596425802,0.4857477218826417,0.4995190951189862,0.45061562068227784,0.5415062614704514,0.5194184656497474
w427568008,,0_10,84,86,0.34637062070329516,0.37182951585887886,0.2738133948504264,0.39696061997900584,0.2580655789286096,0.2762335593463425,0.4025089004287198,0.3770734556645399
w427568008,,10_20,90,89,0.3325394062147722,0.36546127549969204,0.3362219736686843,0.3696265453769469,0.313054741949281,0.3112329899974143,0.43301894844846295,0.420716377159901
w427568008,,20_30,100,100,0.34892554892439764,0.38594015108181745,0.37651895560866194,0.3814806386506241,0.35888478331709367,0.3374693921079937,0.4415082841662952,0.4247714117892768
w42857728,Chikka Gubbi Kere,0_10,81,80,0.2457881236361407,0.2732390642504195,0.36867985959304594,0.1778285482809347,0.14737323129257507,0.18905940912457786,0.3260839357618924,0.3581541091406519
w42857728,Chikka Gubbi Kere,10_20,88,89,0.25597440303272334,0.2987905185055286,0.39155802556102387,0.26427161977327535,0.2441596799044263,0.2721931558409479,0.37328339169761143,0.3801491119306408
w42857728,Chikka Gubbi Kere,20_30,91,91,0.2018265574863906,0.2349402096936626,0.3156957191749392,0.30752251297022665,0.3249126372494609,0.3123657159228343,0.422438677875508,0.43977890457457186
w42858281,,0_10,155,154,0.26821979958254183,0.2918715723134711,0.43202854043334615,0.4025795656701201,0.40607628055011125,0.37703208854722237,0.4470142379672326,0.39198785866849106
w42858281,,10_20,149,150,0.2432220243867142,0.2526152490143977,0.3451629956915801,0.32467736406578157,0.33753452199567574,0.30196471409283715,0.34685220920607945,0.30287511693163593
w42858281,,20_30,157,156,0.22518944327815582,0.22999544468997357,0.311508757672846,0.2887467629103483,0.30585622315821037,0.2756205135685863,0.2957706932550393,0.2696925711462484
w43102038,Bagaluru Kere,0_10,434,438,0.29614204624506174,0.3725649265286674,0.4108594983938909,0.4223172406698715,0.2870088462201029,0.32140229881190485,0.35161106390324165,0.34183830237580465
w43102038,Bagaluru Kere,10_20,415,415,0.3176987269580444,0.411974053882333,0.4607990843580258,0.44072109363988904,0.3421380797325698,0.353527296983658,0.3997442972188793,0.38374762701526566
w43102038,Bagaluru Kere,20_30,418,418,0.31668111138963023,0.426621730040839,0.4700588427008488,0.4705892997459008,0.3768515831940102,0.3736548860630294,0.42514142607858973,0.40998426077549444
w43364365,,0_10,116,116,0.20279591844583808,0.23241916334919793,0.31578403322067333,0.2479943790957875,0.26375091839427184,0.2639205167206171,0.3492579276778061,0.37811824323563337
w43364365,,10_20,128,128,0.23387571226349746,0.24545846168475952,0.3234977254248752,0.2859695966543729,0.3169794732186821,0.2728111448416921,0.340708895247089,0.33379320815366764
w43364365,,20_30,130,130,0.27295806147546475,0.2672660007877586,0.3692139029274954,0.3361377716805688,0.39459704785513866,0.3031812741263541,0.3842899059253185,0.3565719963449199
w43609776,Thirumenahalli Lake,0_10,118,119,0.2210470743987589,0.2126049275861764,0.2791850434304638,0.2577819950413735,0.26876432713615445,0.3157160911266858,0.38099978608278234,0.38746469822960566
w43609776,Thirumenahalli Lake,10_20,131,130,0.2815280250894227,0.28806960628781353,0.3623938629371912,0.3741250843600965,0.3975234545770057,0.4132701154054461,0.47637098448169407,0.4383961240345347
w43609776,Thirumenahalli Lake,20_30,126,126,0.29971656863710533,0.2930172317928537,0.3836592542544568,0.4047214324191902,0.4253270451856741,0.3907179389977259,0.4230166471785938,0.35363178227330855
w43825194,Chokkanahalli Lake,0_10,76,76,0.17239637937997004,0.18633621354689553,0.2005889942875803,0.2081541523106092,0.221354869108318,0.20886618134904786,0.24914731953609315,0.22046766215407937
w43825194,Chokkanahalli Lake,10_20,72,72,0.21241140854135684,0.23589356137712036,0.2742699106658096,0.2804966075932198,0.28740409741565515,0.2827298147857906,0.32856219529479636,0.29882481531089583
w43825194,Chokkanahalli Lake,20_30,85,85,0.21004515502337864,0.23017195172792568,0.3110803094439737,0.30382817387138805,0.31332857618582877,0.29770771777529387,0.36079889402022924,0.31567384077397154
w43990804,Kattigenahalli Lake,0_10,107,106,0.27634842169404433,0.376468495333099,0.4704551891075794,0.43494833628383356,0.3373501299949385,0.4085271543402871,0.474106305798625,0.3221950211751137
w43990804,Kattigenahalli Lake,10_20,118,119,0.3481118506121787,0.39777739948734775,0.45615159259546295,0.40679947036316105,0.4012804004828398,0.4166084462065474,0.46579034851031187,0.36988313048158605
w43990804,Kattigenahalli Lake,20_30,122,122,0.3906794282009108,0.42479261430724774,0.46324216185158107,0.3879189887146704,0.4072989518467544,0.38861799795312507,0.4158694841993592,0.3544444604944512
w1180134190;w443837811,,0_10,268,267,0.23656508292493714,0.22795502830210956,0.29100130797601,0.33057493402095994,0.32350252112476324,0.2557355103812091,0.29595572841363693,0.2755584154385336
w1180134190;w443837811,,10_20,275,276,0.2753771037349602,0.252204611369649,0.3120258267523915,0.35027829145875705,0.3478658540783769,0.2678929693297949,0.30016808763754915,0.28260890944249273
w1180134190;w443837811,,20_30,278,277,0.275975724731127,0.2655931814271885,0.3184379363123978,0.3479060649690907,0.35448911599128696,0.27301061149527556,0.3059185276792185,0.28350451221134243
w44546800,Kowdenahalli Lake,0_10,134,134,0.39013617196315,0.5083787675902928,0.567312912070434,0.5375517711200186,0.5354393356828326,0.45765307721444465,0.5860870966346605,0.5962325920456464
w44546800,Kowdenahalli Lake,10_20,145,145,0.49653820339111726,0.6022687234310808,0.6580343532715193,0.6268677647715836,0.6261217536027495,0.5442678056825018,0.6467621994218304,0.6778736471773092
w44546800,Kowdenahalli Lake,20_30,150,150,0.5532819212674712,0.635515596839214,0.6729031054603255,0.6311053241708229,0.6412283122633841,0.5371400301012696,0.6445943267990577,0.6717370241159858
w44546801,,0_10,80,80,0.38384814164289455,0.5699330509282193,0.22148719982720144,0.1160960670560764,0.1351216261098963,0.12029688736015294,0.16358921926629882,0.1486502393468133
w44546801,,10_20,87,87,0.3107093219391573,0.3978159297971055,0.24475572976326435,0.16633831145051065,0.2112616741822387,0.1815858494827395,0.24015977139864111,0.21020361939587337
w44546801,,20_30,93,92,0.21116488818762086,0.2776978516921431,0.2514046470343297,0.20605744418872335,0.22445395292153747,0.18898307956506935,0.2380397567911641,0.20241632126537312
w44626723,,0_10,98,98,0.26419108726443113,0.2529006815978776,0.3406397228041118,0.32304150183859337,0.30812744583023455,0.30410893446149356,0.37045628464801655,0.34005656984661053
w44626723,,10_20,105,105,0.28264342959754774,0.2822389247083171,0.36352185950689886,0.40872082726071035,0.4269539066924166,0.3334244720959646,0.41564799580417516,0.37546547366680233
w44626723,,20_30,117,117,0.2918655243238078,0.2811497970096378,0.37070169749516546,0.43606431585949657,0.46997999286512493,0.3377746297128995,0.4336098180587432,0.40180249742706264
w44707273,Horamavu Lake,0_10,113,113,0.6168912366002464,0.6712056206248326,0.6794350869278256,0.6522152926622959,0.16324346280461985,0.10833247652431788,0.17901864495295206,0.19667118417582716
w44707273,Horamavu Lake,10_20,115,115,0.5124387613585709,0.5587542442284859,0.5870619611007342,0.5545395909935567,0.1702829255928363,0.10839537068533155,0.14620117606221766,0.16039909611652411
w44707273,Horamavu Lake,20_30,131,131,0.41517746452263393,0.4366836816716256,0.4705236798738087,0.444504979139392,0.21961226959869692,0.14937518027904265,0.19489494016057507,0.20171104976569149
w44707735,,0_10,122,122,0.24734454207241582,0.28483968840904617,0.3917875101665756,0.3829612805515166,0.43175874524181446,0.39747881250174283,0.21890633750773994,0.15653197769006139
w44707735,,10_20,118,118,0.2477813549962945,0.260179913545249,0.33671609972064964,0.3217693071904881,0.3510128645977987,0.30740986307971685,0.23152998655406815,0.1994278938395072
w44707735,,20_30,114,114,0.20775432538038624,0.21850607616283463,0.2652311282004736,0.25980155971592384,0.27261001306416416,0.2276064261437729,0.21388542100111355,0.19666283632940992
w448900751,,0_10,246,246,0.3070889556281356,0.31759924307950727,0.48475560428004694,0.48668711717967283,0.47086556115423955,0.27441749277678595,0.2997795086372613,0.2612397391272875
w448900751,,10_20,248,249,0.3096719476428386,0.28858610591672024,0.41358393679431327,0.4088448987040892,0.3917108286175277,0.2474701716509753,0.2887766357125366,0.26161260289642974
w448900751,,20_30,257,255,0.36036030330647006,0.3138485146595007,0.4362012626646561,0.4404776494017616,0.406188762145072,0.27066569121799244,0.31986598790818743,0.2859211605906345
w44999246,Devasandra lake,0_10,121,121,0.25510927699818836,0.3344453184342509,0.5047933410408852,0.40190582947970144,0.41483656859760853,0.3586350371194267,0.5130648289483677,0.49684772524431065
w44999246,Devasandra lake,10_20,128,128,0.23072208965739363,0.2671785684677618,0.3829986177540502,0.3212566224332378,0.34367045711380223,0.29700508736641357,0.39943189877284424,0.38888454785610016
w44999246,Devasandra lake,20_30,128,127,0.18658441977433285,0.1783213770432551,0.26790596790366655,0.21219149130992282,0.24391115153277065,0.1876824305406661,0.2554475583234829,0.23897092174774534
w450584259,,0_10,379,377,0.250578356068886,0.2685469208030045,0.3894344112185248,0.4075668648630142,0.3499322900543215,0.3547320587759911,0.43344314976118603,0.4163918054170752
w450584259,,10_20,379,379,0.20587263956275892,0.22528415312429423,0.3111395016209621,0.3315838407492292,0.2864321527715837,0.2531448526499079,0.32957058823199026,0.2926406998343558
w450584259,,20_30,392,393,0.20486882069988704,0.21136270485839875,0.28908342582385366,0.2943027547031512,0.2491520441683904,0.22489471837783412,0.28900957142450456,0.25086525702311163
w45099201,,0_10,136,136,0.2614923079523453,0.256787438952541,0.3707274771366506,0.3586262150143422,0.41309520429637786,0.3209062743436557,0.26039112864891945,0.24769737738053418
w45099201,,10_20,137,137,0.2884717051862063,0.30187202986182704,0.4342719355858088,0.3755896017556344,0.44708405180854327,0.355672760546538,0.34537252077377784,0.32318631550692795
w45099201,,20_30,147,147,0.30272921179752144,0.34194371895340653,0.46469845201387805,0.3734406750772736,0.43132154838953546,0.35901112154095494,0.4140539689629416,0.36352761207574835
w45099209,,0_10,54,54,0.4131869237161987,0.40785673052064597,0.5525212467088904,0.516428357133677,0.5406737967003585,0.5234130199717443,0.5958635079529718,0.5290319436322113
w45099209,,10_20,60,61,0.3426060812104826,0.32291277907355387,0.45404547890746816,0.4136038249556939,0.45379092006519967,0.40791377492794073,0.5002292876811516,0.41855806931764533
w45099209,,20_30,67,67,0.3185849625673404,0.2901960753818459,0.404620228136441,0.35281156994452745,0.40830232710362263,0.34964171528938864,0.4100343843183103,0.342114250188683
w45468355,,0_10,126,126,0.23292778107151219,0.22152152394746558,0.3108819358162343,0.3359667775002781,0.3924361684350207,0.2162267882288187,0.33682902468692527,0.358576624225923
w45468355,,10_20,122,123,0.2565747825588523,0.24748325405525298,0.36007361603871746,0.3528250440939453,0.4012954090735769,0.2431037924937304,0.33838477342129014,0.37502722713805914
w45468355,,20_30,126,126,0.25537456695880056,0.24715358023977213,0.3836603482418715,0.35958994507585673,0.3959978881449139,0.254762045366737,0.34739704131446975,0.3611993597619016
w45741726,Hosakere,0_10,304,302,0.20588855953697574,0.23894875384353992,0.3687364224870462,0.3654894605529822,0.32115279595051405,0.22776115567049546,0.2906500483498988,0.28606738439495183
w45741726,Hosakere,10_20,310,309,0.23314783615880713,0.27577269357466816,0.34852706854706306,0.3532918055612296,0.33235212034556993,0.26009515576443387,0.2826250125907265,0.2809668233783018
w45741726,Hosakere,20_30,307,309,0.23238091371075717,0.27245430922167396,0.31612433710947113,0.32031094673124755,0.30319296924087963,0.2501329195548255,0.27037247090343536,0.2684148530290807
w45741827,Dubasi Palya Kere,0_10,101,101,0.30918030739866537,0.378312166324255,0.44493467847906676,0.43288772636483724,0.42708915966305905,0.2269344796972091,0.3796824179342584,0.33199877865618194
w45741827,Dubasi Palya Kere,10_20,114,114,0.299617764200091,0.3555883723046881,0.4165498575938468,0.3892615078043863,0.37940212947292684,0.28453802545922036,0.4098995916477751,0.31702029531068
w45741827,Dubasi Palya Kere,20_30,112,113,0.2740530199342246,0.31226582254637125,0.3699056504435455,0.3537405778910148,0.3574745590512839,0.28634310141203906,0.3835892497639,0.32355341711782437
w457633317,Ganigarahalli Lake,0_10,151,151,0.30387600946830623,0.3568063795207153,0.4011131158343947,0.4029430467907387,0.44014400786050417,0.3989709930827053,0.42493507835014693,0.2923288521171933
w457633317,Ganigarahalli Lake,10_20,155,155,0.28984632865874393,0.3575098809623639,0.3966898316913113,0.3872935878550078,0.3919136835246264,0.315036557119215,0.3486102084951395,0.296664134935191
w457633317,Ganigarahalli Lake,20_30,166,166,0.29241032865743605,0.36031588962107297,0.40824879332256675,0.3867812825946608,0.3758531913494333,0.26548755378354366,0.30057506306083365,0.2855110853400013
w45860708,Sheelavathana Kere,0_10,120,119,0.3228145678708333,0.4125084904090065,0.42115659327472493,0.41125958161355375,0.49064802096759613,0.43583954257963986,0.5038759745324095,0.4629817782432157
w45860708,Sheelavathana Kere,10_20,133,133,0.30821122998381734,0.3440041533013222,0.3920639734305938,0.36946435579358083,0.39435984228128695,0.3763452479202128,0.4096141103503609,0.4412622631055261
w45860708,Sheelavathana Kere,20_30,133,132,0.2658327447573836,0.275100447901711,0.3142320122006909,0.2844812256913163,0.29131109056759014,0.27868455281508847,0.30183454914996727,0.34275975778456086
w45921399,Narasappanahalli Lake,0_10,252,253,0.33893655528078803,0.43496193438231473,0.47832811400486097,0.47505992089995325,0.49084167721730226,0.4201905730038298,0.3591931847907823,0.3082209415034808
w45921399,Narasappanahalli Lake,10_20,257,257,0.2688941175472407,0.3373712374728742,0.37075637666716793,0.37584299968432583,0.3929976614059752,0.31536010257767827,0.306732319770202,0.2685105509071541
w45921399,Narasappanahalli Lake,20_30,263,263,0.22597597741578315,0.279572367113205,0.30706913248650447,0.3208013195572462,0.31889713992087726,0.2542989477643815,0.2602916657093812,0.2234949086117402
w45921942,Gangondanahalli Lake,0_10,201,200,0.20369961861325261,0.26261669013514644,0.3383282535344748,0.37126364717159754,0.4266019154874362,0.27150642454759394,0.38185536482613924,0.32693083029372394
w45921942,Gangondanahalli Lake,10_20,204,205,0.2317024298896752,0.27761457217631624,0.31432267479816994,0.3480654061159365,0.3878406087318546,0.27033556268270803,0.3732775393095954,0.3322116354266696
w45921942,Gangondanahalli Lake,20_30,209,209,0.23519276703085634,0.2838672564352396,0.3243718730824658,0.33517141198365896,0.3605420614785599,0.26302012354024545,0.3538735171167108,0.3213100008789691
w45922001,,0_10,142,140,0.39945023572506716,0.37856867463653876,0.44994043224903396,0.4522007958559183,0.46950301287828733,0.44685113473260224,0.5278381716753474,0.5616900251311643
w45922001,,10_20,144,144,0.3928061652296827,0.3856479793891623,0.44068375038226565,0.4336818282392628,0.45072971411963825,0.420721760582669,0.5209048204830569,0.5260437209664688
w45922001,,20_30,156,155,0.4095031948946778,0.42833594174459816,0.4452633982569898,0.4447189194690672,0.45328010404882113,0.4068878759986937,0.5227093799833921,0.5006855406841921
w469279276,Kuppareddi Kere,0_10,85,85,0.5674788713050274,0.6729935921604668,0.7144350524029147,0.6212489417038088,0.6848586659793153,0.6422783549658175,0.6617216689508815,0.6361902000359768
w469279276,Kuppareddi Kere,10_20,97,97,0.5807182827750375,0.6517121802411115,0.7170589570696058,0.6416515107276146,0.6968889247108035,0.653253050473448,0.6720564024966621,0.6514078363298542
w469279276,Kuppareddi Kere,20_30,104,104,0.535573949350998,0.5966514339995688,0.6867061930219112,0.6200159139797781,0.6739549825296716,0.6025734749281109,0.6292181798395933,0.6138811718867928
w472975375,Bagalagunte Lake,0_10,83,83,0.13718450578574465,0.19209811643712815,0.21696499873241562,0.43607457242363823,0.42312805306353646,0.3379304714614391,0.4184161244166631,0.5353326329014165
w472975375,Bagalagunte Lake,10_20,87,87,0.17202419703613198,0.21088874304435137,0.23560142344799137,0.33469185875618346,0.36644970277064604,0.3288564754494373,0.39518093410270383,0.43228496773928443
w472975375,Bagalagunte Lake,20_30,89,89,0.17763691099425424,0.2010513253910452,0.22838019307329085,0.2426777204362414,0.2580389404659521,0.23190129991796282,0.27498737200519413,0.27915531268761634
w477154739,Hadosiddapura Lake,0_10,126,126,0.27396959163510115,0.24857184343357364,0.3177601739754587,0.31594773982902946,0.3304244617228483,0.3231112078063719,0.2924240161555848,0.396412321977568
w477154739,Hadosiddapura Lake,10_20,137,136,0.30647876311934846,0.32086794375762434,0.3867799811562871,0.34137801596140394,0.36788357293497104,0.35371826530974454,0.41675937813764025,0.48213728394315397
w477154739,Hadosiddapura Lake,20_30,141,142,0.3068030903125632,0.33571392899775016,0.46241951861583136,0.39054921136848925,0.40540317945846654,0.3633796170599494,0.4844594528333029,0.5127970705006343
w48876279,,0_10,53,53,0.3223910482391068,0.2969343753189655,0.39560629970478567,0.4347819810265295,0.3606845584207092,0.28692708267560824,0.32247222799922354,0.3895912214138393
w48876279,,10_20,61,61,0.27188055580006154,0.3056885788489886,0.4069895469639446,0.4342618049556824,0.3452070575578329,0.3244288811300622,0.3505681800116801,0.40619111432769756
w48876279,,20_30,63,63,0.31348675929591846,0.3738716132266876,0.45681731241075857,0.49541835496437076,0.3891050056955523,0.37871187937497125,0.3848996273126153,0.4317702902823108
w502944619,,0_10,146,147,0.12021303617459797,0.2118467463790227,0.28264462533632745,0.2324794904973555,0.14380466427703387,0.2544349862832683,0.3633909613303441,0.39315746930879086
w502944619,,10_20,146,145,0.1512133496188547,0.20147579254232048,0.2807615199676119,0.2570827235124868,0.21372381161767065,0.2290381134618789,0.32345402446079285,0.3340014555045666
w502944619,,20_30,152,152,0.21047714661352823,0.2235407385479371,0.3237901714130591,0.30899860218220454,0.3054896974971906,0.262428301080015,0.31521927699870517,0.33410330134277205
w507383156,,0_10,134,134,0.22710093195536332,0.21855796003444047,0.34787933037254226,0.3349689558205988,0.18946400666038998,0.27695743607202855,0.2143651366906668,0.23384678858803534
w507383156,,10_20,147,147,0.2804897992113471,0.2508052105464256,0.39045781253551026,0.3638297322544065,0.3012279512395913,0.3488642179216998,0.25445775909509966,0.25261120705731593
w507383156,,20_30,145,145,0.3209795786454472,0.27982068530195814,0.3968150027201546,0.37945167909396993,0.33782091561914973,0.39267435317135146,0.29007919367898766,0.26380357357328893
w54168583,,0_10,138,138,0.261286972121977,0.16553183754723463,0.17728776136886767,0.0914880863039476,0.09809709735297525,0.21225202055794207,0.3033542889613262,0.2789664989405412
w54168583,,10_20,161,161,0.276610129056966,0.23357078058767103,0.2556202456312773,0.18854638705835455,0.18590750093874997,0.23329537039488377,0.29999717846881907,0.27897383707217893
w54168583,,20_30,157,158,0.27939056880247326,0.29247190886764374,0.30795687218836315,0.24332764770067267,0.24052540639910475,0.2544329787717493,0.30147613541154555,0.27074278587487977
w54168585,,0_10,165,166,0.1780260577596855,0.3346017548913641,0.21127492004469609,0.1344054219438815,0.10910534646883774,0.1186861444298643,0.3353161491335447,0.28693315437654743
w54168585,,10_20,159,157,0.22065370280946114,0.32478749475039065,0.2789429639579335,0.2189359461277735,0.2029886961422425,0.1886758639283234,0.2993682634481298,0.2656910506162807
w54168585,,20_30,161,162,0.22409208780938888,0.2796621782121415,0.2716853431594693,0.25070334141620104,0.23989949697955043,0.18452391452180913,0.28026127107216786,0.25623370113884597
w54168586,,0_10,74,73,0.23439467893200405,0.4058803962102294,0.27829614130659386,0.13109061611646738,0.006391284925884921,0.2657107209708891,0.3297068510693965,0.2863446127936917
w54168586,,10_20,81,79,0.2715659974747542,0.4197653731528313,0.3232339972770197,0.19131156370730742,0.07587598631285315,0.2618022888019543,0.3219224614928259,0.2720134086454531
w54168586,,20_30,86,88,0.2495072540708735,0.3840112276166852,0.3124366526507167,0.18205918253698525,0.10408225396643749,0.26029719088377457,0.3060424936810739,0.2638447483684244
w54168588,Thattaguppe lake,0_10,315,316,0.2875285583235447,0.32185463103948303,0.33333033446175914,0.30988109556418014,0.33177374403015225,0.303772196593718,0.38415398683739127,0.3236524556613383
w54168588,Thattaguppe lake,10_20,328,327,0.30703884341175297,0.3590481778758046,0.3920513862592234,0.3588173258208151,0.39638929014541735,0.3283847235790408,0.39678702374167757,0.37286996618867735
w54168588,Thattaguppe lake,20_30,332,331,0.3157102530681336,0.37715102389981464,0.41816649853663335,0.3876651067400696,0.4178810021565798,0.34618305130346766,0.41246044458085623,0.38170820028047975
w54168589,Tharalu Estate Lake,0_10,217,217,0.35170826407254413,0.41736938115349936,0.45013130340120416,0.4092275887749968,0.4037528151041435,0.35999604064488033,0.44735241961810257,0.43575924986692877
w54168589,Tharalu Estate Lake,10_20,227,227,0.3695049388620275,0.4323708190513391,0.4715766973398722,0.4341125599733808,0.4435878362543602,0.38059449054047745,0.4625524026720308,0.4361786965526849
w54168589,Tharalu Estate Lake,20_30,238,237,0.357587822480173,0.4139250456871491,0.43039565916194084,0.4156407934663237,0.44709997387490547,0.3760572253210491,0.4591352381206873,0.4345911367311211
w54168590,,0_10,367,366,0.42057868056634834,0.47751143961102643,0.52178730603184,0.45723860231164065,0.4957724567349206,0.459190481533346,0.5428986216676579,0.5359779394136077
w54168590,,10_20,352,352,0.4341310513607459,0.489762223868644,0.5221188710979852,0.47454652229388916,0.5045931305029864,0.46640018752198953,0.5162324830008619,0.5029194108084608
w54168590,,20_30,372,370,0.4231545668082345,0.48086048743914245,0.5055913157303998,0.47402449461131907,0.4931222843707341,0.4504280700035473,0.4887550746664208,0.474300227636175
w560578739,Hulimangala Lake,0_10,296,297,0.2885172563459255,0.3262260844876122,0.42063695568422094,0.41601153199890034,0.4507242428034103,0.3757432958635252,0.4532458638234454,0.3207172599600499
w560578739,Hulimangala Lake,10_20,313,312,0.3016514042494494,0.3190974793019967,0.4041716873956606,0.4060113242600017,0.4403363780006758,0.3656157738549907,0.42941168307086314,0.331542677226927
w560578739,Hulimangala Lake,20_30,312,313,0.3172274031955893,0.3174705566054968,0.3977978398032707,0.3874357601822877,0.41542404668726635,0.34343708206020185,0.3915660440595681,0.31581541889189196
w560719107,,0_10,85,85,0.2881943346225048,0.35155357759961847,0.504209541740713,0.42834921079500066,0.11260842547089894,0.13337853165093969,0.1591439527694244,0.1671313253219075
w560719107,,10_20,89,89,0.22137188216373907,0.2678291120722657,0.38089353304883095,0.35052818247748563,0.17357718537099276,0.19243764927531523,0.21550864203445083,0.20071972596562768
w560719107,,20_30,104,104,0.16130696886905393,0.1997363556878013,0.29568865387308924,0.3000779300530349,0.2174060265721432,0.21973799314043269,0.2680585080872931,0.21322174709704053
w560721005,Komapana Agrahara Lake,0_10,102,102,0.3097123970458415,0.303428890586882,0.3972526701160634,0.35706585712810246,0.3873997526269684,0.3503060373508956,0.46115979681980096,0.4469059565849229
w560721005,Komapana Agrahara Lake,10_20,120,120,0.2287931576001937,0.23218303396441847,0.30734320699859796,0.2771922117936026,0.3115914426315759,0.26368043728649543,0.34117691955270235,0.32442859040772987
w560721005,Komapana Agrahara Lake,20_30,121,121,0.22985166772826782,0.22483944949175302,0.31375138147727355,0.28476309175183523,0.31110909654006147,0.24088341276107492,0.30215726868747145,0.27260866570281717
w570606226,,0_10,51,51,0.2580281774697966,0.29514181767869063,0.34495760489421695,0.36747165345655725,0.3932615360478691,0.35200478837374516,0.4145094544997021,0.15573127393264127
w570606226,,10_20,57,57,0.2403275316950789,0.2703128180069297,0.3298230713742898,0.3589100474499252,0.40023152750437235,0.335450991359314,0.41965290972110686,0.23816708668572678
w570606226,,20_30,62,62,0.22235017137949395,0.24433209576136697,0.31512241555885545,0.3431158637788371,0.3736421801091988,0.297310544489687,0.4003521383667198,0.25027803361116524
w579281807,Prestige Tranquility Lake,0_10,72,72,0.30736327398401353,0.4464459867973452,0.38836441534114013,0.5024280304217842,0.509185036582188,0.5430638067571015,0.6119458658968577,0.65079402067933
w579281807,Prestige Tranquility Lake,10_20,91,91,0.3555520554379865,0.42311541773032263,0.35163489207691284,0.4280704544066793,0.4298451215245265,0.44290496842163224,0.49408301679794153,0.520833022880404
w579281807,Prestige Tranquility Lake,20_30,84,84,0.3626217177599671,0.38955536597451706,0.372924714731936,0.3946886571830177,0.4138383975986204,0.4095484586739386,0.44459385552183683,0.45788503717176143
w597564903,Doddabidirakallu Kere,0_10,174,175,0.5738886390155221,0.2749798432009133,0.42804709367027904,0.4680676122713039,0.405403755666218,0.30938099631538885,0.2115233233172743,0.2250191548710288
w597564903,Doddabidirakallu Kere,10_20,181,180,0.4637589004735162,0.306443433486742,0.4405247578837984,0.43645139477879796,0.4371507292505896,0.33404287350368544,0.31659102570856973,0.29703595169497216
w597564903,Doddabidirakallu Kere,20_30,186,187,0.3564991778287885,0.31553796170436793,0.4008506946253684,0.38772625400864164,0.42336917300876825,0.32174431374915263,0.35394938115633956,0.3267630230582985
w62381586,Kasavanahalli Lake,0_10,183,184,0.34560853254455337,0.5057420363973077,0.5898684304437091,0.5174226367711331,0.5004002444466042,0.4235782501543575,0.5057264291138267,0.4345049960273166
w62381586,Kasavanahalli Lake,10_20,190,188,0.42471048082150864,0.5573191554617849,0.6222224045214853,0.588268741559334,0.5809267364731443,0.5131414355123133,0.6318610798672479,0.5071046090744283
w62381586,Kasavanahalli Lake,20_30,190,191,0.4255265875232002,0.5190538622120578,0.5470927293434542,0.5402083000339741,0.5436609158437253,0.4695504028518539,0.5842121285225947,0.46079095935174147
w627418163,,0_10,54,55,0.2905513847025891,0.35055167601378234,0.4318965706295465,0.4178648894973886,0.41752963375701946,0.27924520368734423,0.3512563199907635,0.38803059686220187
w627418163,,10_20,59,58,0.12499223936125445,0.14624154699279704,0.1786003543076445,0.17160360421576468,0.1758195913185028,0.14430362932354818,0.1677917071480738,0.18612294889893372
w627418163,,20_30,70,70,0.09392639281667689,0.09673867761429242,0.10602217996566989,0.10451881480636858,0.10337286451531703,0.10602332800264198,0.10876872252982173,0.1217613403570537
w666261980,,0_10,172,172,0.27037331530978287,0.26108904659264726,0.36683879886926013,0.35340856929690595,0.39642608082679653,0.2940555227981623,0.3767203086336819,0.32274533536432615
w666261980,,10_20,179,179,0.2381965198084888,0.22040452285705012,0.31088681813535,0.2830092055776498,0.3091003805662702,0.22230594639043164,0.27775212444377806,0.24252542584262216
w666261980,,20_30,177,177,0.24795934084615842,0.23018370887645218,0.3071070393511737,0.2770628500866519,0.29271477801714596,0.21126830974751826,0.24880464673258504,0.21488647752108636
w666480244,,0_10,96,97,0.23709238073478567,0.24118916633745774,0.324599686283125,0.37708346233025686,0.2641342107987998,0.24829403074055856,0.2599072581578696,0.2630757506433417
w666480244,,10_20,107,107,0.23685196074024922,0.24011529311162433,0.34178210911647966,0.37316033317979985,0.33797592898553436,0.3013866017706049,0.3195847828297307,0.30969645428418735
w666480244,,20_30,110,110,0.2536289158388953,0.2624040725720107,0.36868801072199264,0.3695873022193067,0.39490396107529147,0.352602144751588,0.38616786217725774,0.34152493428871367
w669794214,,0_10,142,144,0.35684279693226956,0.4142733630222471,0.42868295280845425,0.3469312711965109,0.3871752692195461,0.3747755136803111,0.27211628602308735,0.4029717556870006
w669794214,,10_20,156,156,0.37359309058107626,0.4264568757322459,0.47544753112229277,0.412161883010771,0.4595533464928682,0.40975725146630787,0.39018430511296653,0.4874031544425181
w669794214,,20_30,156,155,0.3433181080976725,0.37183885575952436,0.440587413044664,0.40430828621644976,0.43370975494583325,0.41738768085409456,0.38841512150627727,0.45982453859218664
w673791606,,0_10,51,51,0.5442245262829462,0.5419678343614627,0.5672424819166693,0.5611559311083957,0.5928250482015796,0.3770289851102204,0.4250538376684493,0.45192497545643373
w673791606,,10_20,58,58,0.5230991269015928,0.515869824390387,0.5321403410334503,0.5354529110983189,0.5606101364189814,0.43139257535196907,0.486042672204092,0.4612535751297591
w673791606,,20_30,64,64,0.5362226957838075,0.5267336624025313,0.5508107916242426,0.551437362055449,0.5692005786468118,0.4479609607412797,0.5063834502432344,0.4956579642206105
w673852352,,0_10,69,69,0.4703874468963024,0.5250123166508449,0.5935164710122971,0.4657390268936952,0.6269082095860088,0.27041432562368123,0.43897804011183034,0.46173134655765996
w673852352,,10_20,79,79,0.40230218868923157,0.44782499730684183,0.5201708804603523,0.4318815284665277,0.5763493670283596,0.3199118927300867,0.4511883930446365,0.44774052712149787
w673852352,,20_30,86,86,0.3512169770375978,0.40228124573378937,0.4533123330404732,0.398232710268651,0.5030193630933008,0.3685530202528662,0.46420998816999515,0.4447880092019369
w675250068,Vijinapura Lake,0_10,60,61,0.27944482457119124,0.32764612566191564,0.3436694047832808,0.35348967308124946,0.2998220471988674,0.29044652784312835,0.3441415595930095,0.3622449656753467
w675250068,Vijinapura Lake,10_20,64,63,0.23397170494160102,0.24473648161416633,0.26934823198790936,0.2769390404280097,0.24014280203224134,0.23017586051136757,0.2790531014350393,0.27459739860452287
w675250068,Vijinapura Lake,20_30,73,73,0.23349606622698652,0.245575311967806,0.25726551752324595,0.24540891236303755,0.22766213989905565,0.21853130457910913,0.26867580821573867,0.24169642382655976
w675387107,,0_10,94,94,0.35558080350407606,0.3373867556879089,0.3822116122096179,0.37962128755957053,0.43286721246856724,0.4620624469663193,0.33268227200600275,0.2860937264805082
w675387107,,10_20,90,90,0.3123689127305677,0.3327153301803472,0.3838827359853967,0.3877388257810302,0.43706023299528246,0.4316705455698558,0.3611891039754443,0.34974702282281284
w675387107,,20_30,83,82,0.36866460293769715,0.39776737737280315,0.49436974129912303,0.5104011088571041,0.5463157758598458,0.484068328955168,0.4411762163385237,0.40560935760730865
w675669761,,0_10,134,132,0.3672517696393862,0.4041650492078264,0.41278972502284766,0.4255294228759411,0.3730388742618688,0.2415296708417713,0.24161228990365158,0.2697160957956087
w675669761,,10_20,141,141,0.2536470653756449,0.3030102526713364,0.31555489230551564,0.30909477466715807,0.3177341256793207,0.2389683083840675,0.26671927786994615,0.27693050042256645
w675669761,,20_30,144,144,0.22209468503739446,0.25004091328664535,0.28746101015452136,0.2709060233669935,0.29297576626285204,0.23221711050285623,0.2762093442694867,0.2755832399186195
w675685126,Ramasandra Lake,0_10,60,60,0.42943627191683154,0.5032105329502392,0.2234092549991777,0.23809429793846495,0.27071687007401785,0.23035729387694903,0.27546574339365815,0.3057553930829373
w675685126,Ramasandra Lake,10_20,68,67,0.3533824105337823,0.41110682381826685,0.2687735723751157,0.2867321435902465,0.3190335516326429,0.29000877466218444,0.35940906735298817,0.36384316331750094
w675685126,Ramasandra Lake,20_30,73,74,0.2807735425269987,0.3305679418910539,0.24782876155714836,0.2584788699915997,0.297278030127692,0.2333061353838186,0.28560274428617966,0.2809179105329232
w675685139,Sulikere/ Herekere Lake,0_10,372,371,0.2693286063516352,0.31484080587788776,0.35500822727673365,0.30431390577309925,0.3571064661919182,0.29505664211808097,0.3586537555686484,0.41337647516866094
w675685139,Sulikere/ Herekere Lake,10_20,379,379,0.28981371156761593,0.3272366314652053,0.38607852131203163,0.3722438236267697,0.41155760020922977,0.33079064669361663,0.37708148518799994,0.40398229327209906
w675685139,Sulikere/ Herekere Lake,20_30,367,369,0.32086188389923953,0.35774409565296766,0.4076793234490043,0.4036082785454282,0.43110597394443184,0.35328533892432284,0.38183436315039077,0.39301756414982436
w741691452,,0_10,54,54,0.19955054188546337,0.21830065199770463,0.2846148518966977,0.2634689125329627,0.29120798475301396,0.29667490820335757,0.2497632970266931,0.2850955494390885
w741691452,,10_20,51,51,0.15113163724785697,0.15216415629760055,0.20411681303737256,0.19156942220178325,0.17832295125023107,0.20144131659228323,0.1945372983193278,0.1804975990841684
w741691452,,20_30,46,46,0.1428922268317541,0.1587482596989414,0.22360972537660648,0.17670837863947195,0.15268358578434924,0.15069499659172064,0.1812957499910848,0.1630572513594036
w750685724,Shivapura Old Lake,0_10,57,57,0.4865686914581493,0.4992447370590563,0.3956030008069158,0.3767483549738679,0.22785722827699834,0.20238771792355567,0.2244744977371975,0.2688101309730491
w750685724,Shivapura Old Lake,10_20,69,69,0.38862449787964143,0.4087749851059462,0.35729384395345454,0.33856533699117836,0.2748067250589109,0.24822384733361164,0.3003758952087093,0.2846863402150944
w750685724,Shivapura Old Lake,20_30,71,70,0.30724938164948057,0.334942017478664,0.3298006780254171,0.3090307837914579,0.3097729483021426,0.27099124059119045,0.32910998391896673,0.2833503116247229
w75610567,Chikkabanavara Lake,0_10,289,290,0.4107051337137026,0.5920286049230837,0.613736071381769,0.46728897322661106,0.588683569436203,0.5631644874141692,0.13814362283390544,0.16954819070898453
w75610567,Chikkabanavara Lake,10_20,294,292,0.40745779196520826,0.49306136686767443,0.5254531495406879,0.43858552661000644,0.5208653897347355,0.47690872228873965,0.20199330453060793,0.19570196625169098
w75610567,Chikkabanavara Lake,20_30,306,307,0.34601542550625825,0.41477281506996266,0.4414920032133222,0.37530307108658806,0.4293843075290492,0.3847633545695387,0.25785579015239923,0.23606503283650868
w779078393,Nagaraesh Nagenahalli Lake,0_10,58,58,0.4266912737793512,0.36042468137256095,0.31222969017901625,0.11536210800227523,0.10032100642985042,0.09456140167563025,0.09067868089408335,0.13941289738148233
w779078393,Nagaraesh Nagenahalli Lake,10_20,75,75,0.2576715308406954,0.2453302618982081,0.26121250627401416,0.1781809143429966,0.1591311994128389,0.15003380556409962,0.1626801144746162,0.15698618489827937
w779078393,Nagaraesh Nagenahalli Lake,20_30,67,68,0.25688475659368076,0.2668567484706044,0.2946247935753911,0.22379089586803777,0.19154519225954822,0.19037248959271577,0.19508999459049445,0.172402564471007
w780259624,,0_10,77,77,0.3368504336761474,0.39265024137841104,0.42754223893255283,0.45547378787728876,0.45670580480687434,0.30494657798455144,0.39869059333744516,0.4552982013256567
w780259624,,10_20,82,82,0.3223822574233979,0.37179691657295183,0.3874161061966976,0.43577922236560973,0.44054483933047944,0.3519067362837294,0.4087239751928567,0.4622290984850819
w780259624,,20_30,87,87,0.29159352686876516,0.3335052489532,0.3543568265875495,0.39131351057796554,0.3901989184520816,0.33741017052090805,0.39718956049916787,0.4569342783032698
w780259687,,0_10,137,137,0.2919569455456201,0.36665991601440834,0.3790346948269744,0.4311011002739708,0.39060413609914213,0.3424733994282543,0.3797528822920428,0.37242704382693637
w780259687,,10_20,143,143,0.3204741940941872,0.402857559937417,0.41051715946187267,0.4431019736228665,0.4146029518590764,0.37272989825012826,0.4266515662485297,0.375055620430658
w780259687,,20_30,139,139,0.3430659934956849,0.4172805619721774,0.43822718034359703,0.442088984203589,0.4307934119341908,0.4043136296569678,0.4645608077047689,0.3999153030445787
w781696169,,0_10,53,53,0.5095149619558527,0.5886134283511273,0.18941109017140106,0.29230082769696814,0.324058516515362,0.30823447116301367,0.36625546472763615,0.36035027837368955
w781696169,,10_20,62,62,0.3631651191599247,0.4367030543407542,0.2810172297723125,0.3187700699176747,0.36486655780702454,0.37616705979364795,0.42173960498693286,0.4109467840230349
w781696169,,20_30,67,68,0.28158742797352637,0.35400188198744786,0.30743539285371546,0.3013031280853875,0.32621347111140425,0.3259129521684244,0.36942542332487077,0.3594239425569836
w781696180,,0_10,68,68,0.2627407448862045,0.4215881341542086,0.44909683060341066,0.35264060900362015,0.2507538654148684,0.25207906142997877,0.389226935831412,0.2811460059855506
w781696180,,10_20,71,71,0.23946212463662594,0.36290052786100535,0.4854537100719788,0.4523526838515494,0.4653403721248925,0.38981096171503865,0.569522986427814,0.4485117800406006
w781696180,,20_30,83,83,0.2491593024162564,0.32696556281018413,0.4649725613052812,0.45556997942970145,0.5248508093500047,0.3847492074151832,0.5896429431371404,0.4915288650357252
w790389588,Bhoganahalli Lake,0_10,93,93,0.17434131443432507,0.1487693468101306,0.20429352374708035,0.21560821074623718,0.2252625904345415,0.21823390296554632,0.20376287063724224,0.24787371698552826
w790389588,Bhoganahalli Lake,10_20,103,103,0.2580850755578117,0.24117817570340028,0.28550413900443256,0.3308760639878452,0.3552697975812072,0.3132502614264269,0.30200014392671376,0.3066992700273202
w790389588,Bhoganahalli Lake,20_30,107,107,0.2775512168646987,0.2653643611222164,0.3376173361731708,0.38092927353616957,0.4038858950378801,0.35497280071026077,0.3437217592368461,0.34507859301080607
w796362857,,0_10,63,63,0.29384448403840185,0.33386994388891905,0.4350466974452317,0.41364755624324706,0.3688179822654825,0.2595376104658105,0.3179795185470632,0.4310956325983885
w796362857,,10_20,76,76,0.27768751920086904,0.30776729806365827,0.3993971493320952,0.4083353888929661,0.3763499576657937,0.23892935813512278,0.2673364468230337,0.310953630487737
w796362857,,20_30,75,75,0.25580414845205324,0.2735399476227984,0.36993279778626836,0.39196575000958717,0.3684089538873318,0.23363635640572747,0.26183541391864873,0.27725931756520067
w796365624,Kumbalagodu Lake,0_10,126,126,0.24499817680693567,0.2332024332814497,0.3194187479373062,0.3384393346268539,0.337123065077292,0.21939603559795826,0.26728095375038624,0.26360898204479233
w796365624,Kumbalagodu Lake,10_20,127,127,0.23884164762337362,0.21958138541179992,0.29487038657440806,0.3342720621180795,0.34434502377478304,0.2230471323658304,0.27239248716020237,0.25961377229297933
w796365624,Kumbalagodu Lake,20_30,144,145,0.24782033902416511,0.22331247992760267,0.3007618713735716,0.3237577593900095,0.33133370109217525,0.23234400411777872,0.2966456392079072,0.28625069595880087
w845255686,,0_10,91,91,0.26777511403198373,0.28090762794520474,0.3533043115667091,0.39920719991188164,0.4856195219331293,0.4114344672559064,0.5422932333469829,0.41314561514722153
w845255686,,10_20,95,95,0.28187258851660485,0.27343832654499967,0.33936894378119425,0.3517235514576365,0.3753750181678467,0.3381651770968029,0.39430053876744375,0.3629620514072673
w845255686,,20_30,103,103,0.2790199175943279,0.278556745958144,0.33217635153215186,0.3262790347779216,0.30302825566855995,0.2936570831568227,0.3390572691161876,0.3289900588231617
w866148184,Pattandur Agrahara Lake,0_10,127,126,0.43061496429836277,0.5060438013811008,0.6043710401812737,0.48430786263254827,0.5538692743524524,0.48743942632328613,0.41881424654600435,0.40472696710732287
w866148184,Pattandur Agrahara Lake,10_20,135,135,0.3302469607750516,0.3742323761226401,0.46750867293363346,0.36455636011107145,0.42392660326823534,0.37443207310084375,0.3385386341108987,0.3312551263935736
w866148184,Pattandur Agrahara Lake,20_30,132,132,0.299408085788558,0.32574698192299467,0.41399533487574913,0.31864702128664596,0.36954742793965584,0.3119893830532551,0.3032880158417649,0.30222226985356837
w870802287,Konadasapura lake,0_10,71,71,0.4052636423176266,0.48443313060553245,0.505734040656341,0.49085613919427507,0.5247772629664078,0.4012516348909921,0.3988893408407339,0.4335444222943623
w870802287,Konadasapura lake,10_20,75,75,0.3274690570312778,0.38359873788731474,0.4062314746178569,0.4010829988795754,0.44959300240568373,0.27493484749090075,0.2616595363413148,0.2947271023998092
w870802287,Konadasapura lake,20_30,75,75,0.28434441135507477,0.3480444569179283,0.36227489192741996,0.37676010955214284,0.41151973273472403,0.22294786605090824,0.2010674486815453,0.21621734163739997
w904374443,Palanahalli Lake,0_10,125,125,0.22378456510685085,0.27649197385590635,0.38013418248356945,0.38990108912753774,0.3994923085136874,0.39047362504113425,0.41011470259778554,0.4094244790861119
w904374443,Palanahalli Lake,10_20,138,138,0.2046255775767749,0.22886489703514312,0.2905737817800281,0.31577679689980676,0.3294124063449472,0.3533159947050942,0.3546081075215852,0.3447313144496221
w904374443,Palanahalli Lake,20_30,138,138,0.2290068398361496,0.23008741307461164,0.27977756980848284,0.2779755428560869,0.28202815895719147,0.272800694532383,0.27306623796199303,0.26508816839445365
w926197122,,0_10,92,91,0.27688820566670674,0.25989870882053245,0.37380457401142675,0.39808563880051234,0.4009516418748663,0.2999756475837295,0.4288462031674228,0.3312045968274128
w926197122,,10_20,84,84,0.28344365165762014,0.2779577331355439,0.38755147757124897,0.38952521027761505,0.3805983996850652,0.25353239552925466,0.37242627439475484,0.2933163894009129
w926197122,,20_30,90,89,0.30997947322104613,0.2954255594505896,0.399277684986135,0.4036354065794426,0.35570995114114107,0.24081412142578107,0.3364532645537044,0.2821673971687019
w95639129,Garudacharpalya Lake,0_10,61,61,0.21870398436251304,0.3008471138067005,0.38204802258318765,0.3435395200099661,0.37830658968987485,0.34282502499916256,0.4400510319754981,0.33334963694211117
w95639129,Garudacharpalya Lake,10_20,63,63,0.2066507571677579,0.24329162597996942,0.31248305840585455,0.30194822835324503,0.30984519680497585,0.2883567188480539,0.321702803029273,0.30920088662741574
w95639129,Garudacharpalya Lake,20_30,68,68,0.18203143995230797,0.19872284097314757,0.25411228362654503,0.23654131568371373,0.2366172341606991,0.20799751195985683,0.22825801790390424,0.240645719899699
w987608929,Kachanayakanahalli lake,0_10,143,143,0.31508198628987905,0.3139209523061087,0.34348032215647334,0.3172028196713424,0.36186086755672997,0.24749699180658827,0.33452349151196753,0.21316121059784704
w987608929,Kachanayakanahalli lake,10_20,145,144,0.3059492551854593,0.2962547068416984,0.3492897056716346,0.30183151531828895,0.34890060546309987,0.24628057193812014,0.31362257629394336,0.24166061612677472
w987608929,Kachanayakanahalli lake,20_30,151,153,0.32241816300860776,0.3146111127545408,0.37482603189769936,0.2852278840635928,0.3311914211531889,0.24504322111718616,0.31041723966748225,0.24392905937053339
w989166321,,0_10,80,80,0.20989327050085813,0.2618842665495008,0.2991227963989141,0.32347612319661667,0.33793613370625614,0.3130378974279421,0.3048978976072146,0.3253735420801738
w989166321,,10_20,89,89,0.21954945899996794,0.2660444609680595,0.2998889100104693,0.32677024162273943,0.3307794218618581,0.26542918515508157,0.3207100709446578,0.2932756498749455
w989166321,,20_30,95,96,0.232904764473888,0.2671114071581088,0.2923024863853509,0.32801024063287426,0.32241553629631126,0.2467998908734421,0.30888415178097023,0.272215216922441
w994901676,Subedharana Lake,0_10,97,99,0.4720672664667102,0.5787376450651125,0.5470202989298952,0.5580675826749513,0.5880427753372531,0.4961836553965156,0.5632413626326748,0.5438562701367993
w994901676,Subedharana Lake,10_20,105,104,0.35931620929017044,0.46637341350110256,0.48273241064949385,0.47116618868407545,0.46060234867752253,0.37052228467767695,0.44629542608485884,0.4560507243472337
w994901676,Subedharana Lake,20_30,102,102,0.2980004249009097,0.3638775436604393,0.43038548155452383,0.3998653595516273,0.38520985948596703,0.2885889507504117,0.3517868307414357,0.37124047850038805
