osm,name,ha,perimeter_m,px_0_10,px_10_20,px_20_30,clean_px,clean_wetland_px
w41662659,Hesaraghatta Lake,598.053,16660,1656,1664,1687,3351,0
r19751547;w1409994956,Bellandur Lake,315.798,17694,1508,1230,1194,2424,33
w41667728,Hosakote lake,307.297,11791,1175,1174,1178,2352,0
r19306126,Varthur Lake,154.323,13138,981,731,741,1472,7
w28091209,Yellamallappa Chetty Lake,137.738,8212,815,810,785,1595,295
w1293616839,Kakolu Lake,123.745,6193,610,619,651,1270,0
w326284763,Hennagara Lake,121.303,8036,798,823,786,1609,268
w326284762,Muthanalluru Lake,108.527,7242,726,723,754,1477,126
w41667648,Nagadasanahalli Lake,102.117,5062,506,519,517,1036,0
r10179602,Yelahanka Lake,96.12,6118,610,583,559,1142,114
r2310417,Madiwala Lake,82.841,7575,711,586,520,1106,11
w1186908539,Sarjapur Doddakere Lake,78.536,4163,420,427,430,857,0
w28069768,,77.545,4650,473,455,484,939,0
w28076391,Nanjapura Lake,72.486,4625,456,475,477,952,0
w41662642,,64.811,4461,451,454,460,914,0
w41667619,Gummanahalli Lake,56.906,4412,444,440,438,878,178
w43102038,Bagaluru Kere,52.893,4596,434,415,418,833,115
r19353942,Ramapura Kere,51.792,7187,597,376,382,758,76
w118906503,Chudahalli Lake,50.682,3823,388,394,390,784,0
r9321012,Jakkur Lake,49.695,5437,525,474,475,949,8
w1066603079,Shingena Agrahara Lake,48.92,3405,342,349,362,711,0
r17390865,Kalkere Lake,48.651,4401,435,405,388,793,2
w1029924034,,48.437,3401,338,347,353,700,7
w1175297452;w379036231,,46.173,4282,441,426,443,869,0
r8754543,Hebbal Lake,45.342,5023,457,428,398,826,0
r19509697,Begur Lake,42.834,3905,372,325,331,656,18
w675685139,Sulikere/ Herekere Lake,41.813,3687,372,379,367,746,0
w28069711,,41.654,3667,367,374,384,758,385
w23000626,Hulimavu Lake,41.148,3269,324,347,331,678,0
w41662649,,40.553,3318,332,342,344,686,0
w1216749667,,39.886,3405,340,342,357,699,0
w380067616,,39.084,3135,314,322,333,655,0
w1054489002;w1054822214;w1353425196,Nagarbhavi Thorai,38.925,30395,3022,3034,3008,6042,0
w35927597,Dodda Gubbi Kere,38.544,3000,307,297,317,614,0
r1857615,Halasuru lake,37.874,4659,435,343,300,643,0
w326284756,Huskur Lake,37.472,3325,322,320,331,651,0
r20742762,Doddanekundi Lake,36.694,3221,325,303,297,600,0
r6041559,Rachenahalli Lake,35.848,3535,365,346,350,696,48
w54168588,Thattaguppe lake,34.866,3205,315,328,332,660,0
r19063723,Doddabommasandra Kere,33.719,4196,388,325,309,634,0
w253596652,Bheemanakuppa Lake,32.731,3552,362,364,362,726,0
w75610567,Chikkabanavara Lake,32.294,2846,289,294,306,600,1
w1187853144,,29.607,2622,272,266,286,552,0
w41668669,Alur Lake,29.482,2977,308,306,311,617,0
w30414489,Nagawara Lake,29.238,2817,290,288,302,590,14
w28076443,Bidi Lake,28.258,2882,295,296,308,604,0
w251505658,Sarjapura Lake,28.129,2858,290,291,301,592,0
w119132391,Rayasandra Lake,27.3,2420,241,256,255,511,0
w368331355;w368331706,Rajapura Lake,26.918,2767,271,271,278,549,0
r8469370;w1109878805,Agara Lake,26.782,3233,316,270,262,532,0
w54168590,,25.9,3652,367,352,372,724,0
w41667620,Doddajala Kere,25.675,2667,275,269,287,556,98
w125758396,Gattahalli Lake,25.639,2631,271,266,265,531,0
w1180134190;w443837811,,25.393,2641,268,275,278,553,0
w326284770,,25.309,2726,280,278,288,566,0
w202765837,,24.806,2429,241,256,254,510,0
w35927607,Bidarahalli Lake,24.777,2755,276,292,291,583,9
r16673800,Thimmasandra,24.701,2900,284,281,279,560,0
w1069600852,Halanayakanahalli Lake,24.272,2682,276,276,288,564,0
w1178233871;w176779907,,24.172,3341,334,344,347,691,0
w41667656,Kogilu Lake,24.148,2491,253,255,265,520,0
w41662658,,23.962,2382,238,251,246,497,0
w1180261091;w1186340189,,23.256,2256,226,234,241,475,0
w41662639,,23.197,2474,255,254,262,516,0
r15989751,Attur Lake,22.534,2201,217,214,221,435,28
w146447556,,22.142,2711,271,280,290,570,16
r18129933,,21.709,3926,325,256,252,508,0
r5660111,Anchepalya Lake,21.494,3238,310,293,293,586,0
r9269383,Sarakki Kere,21.371,3176,303,289,276,565,0
w1188681276,,21.312,2500,249,247,249,496,0
w41662647,Tarabanahalli Lake,21.032,2634,253,255,246,501,0
w380067625,,20.841,3564,352,378,362,740,0
w148216683,Gunjuru Lake,20.615,2172,217,231,231,462,17
w326284753,Neraluru Lake,20.31,3064,298,311,301,612,0
w27993463,Chikka Bellanduru Lake,20.245,2007,199,211,216,427,0
w124797587,Agara Lake,20.178,2900,294,292,293,585,0
w146003047,Kachohalli Kere,20.146,2094,213,219,228,447,0
w560578739,Hulimangala Lake,20.143,2995,296,313,312,625,0
w448900751,,19.972,2419,246,248,257,505,0
w41667650,Gantiganahalli Lake,19.954,2386,238,247,254,501,0
w41667649,Gantiganahalli Kere,19.843,2778,268,285,281,566,0
w380102739,Nelamangala Kere,19.696,2726,281,283,282,565,0
w41669913,,19.593,3237,323,337,329,666,0
r17368637,Kannuru Lake,19.134,2552,227,205,216,421,19
w261178468,Hosakere Lake,19.058,3475,350,336,328,664,0
w41668666,,18.575,2549,249,264,237,501,0
w1092941893,Bhaktarahalli Lake,18.419,2001,204,206,211,417,0
w1197463454,,17.472,2309,228,242,242,484,0
w45921399,Narasappanahalli Lake,17.389,2489,252,257,263,520,0
w41662655,,17.307,2087,219,219,217,436,0
r6820030,Kaikondrahalli Lake,16.535,2107,213,204,200,404,54
w350098022,Saul Kere,16.531,1870,194,186,208,394,139
w413020105,Amanikere,16.067,2161,219,223,225,448,0
w380067614,,15.797,2057,212,215,224,439,0
w45921942,Gangondanahalli Lake,15.6,1959,201,204,209,413,0
r16071328,Kodigehalli Lake,15.405,2790,254,216,221,437,0
w41196197,Hosakerahalli Lake,14.984,1900,194,202,203,405,62
w41668667,Dasanapura Kere,14.647,1853,193,191,201,392,0
w1164135399,,14.415,2058,213,215,218,433,0
r17390866,Horamavu Agara Lake,14.408,2158,186,170,179,349,0
w54168589,Tharalu Estate Lake,14.364,2212,217,227,238,465,0
w1252307869,,14.351,1846,187,196,196,392,0
r16048376;w41206188,Allalasandra Lake,14.244,2011,203,207,214,421,0
w1054822215;w1054822222;w1537476866,Nagarbhavi Thorai,14.226,13914,1400,1395,1385,2780,0
r1853330,Vengayyana Lake,14.171,2769,274,233,231,464,0
r19422828,Kammasandra Lake,13.969,4016,402,256,248,504,43
w413020106,Mantapura Lake,13.926,1927,191,203,210,413,0
w1177473328,,13.448,2398,247,198,196,394,0
w133729401,Hosakere,12.882,2155,217,226,231,457,61
w37898906,Mallathahalli Lake,12.862,1968,204,185,193,378,0
r6030715;w1214107286,Sankey Tank,12.849,2200,220,218,224,442,0
w1088209009,Gunjuru Palya Lake,12.839,1642,173,158,166,324,0
w1283528234,Ittangur Lake,12.83,1798,178,194,193,387,0
w1187853074,,12.797,1718,170,174,171,345,0
w1435693673,,12.757,1673,170,181,176,357,0
w62381586,Kasavanahalli Lake,12.692,1780,183,190,190,380,37
w1089113278,,12.584,1989,191,195,184,379,0
w172845847,Lalbagh Tank,12.423,3150,282,230,214,444,0
r15055978,Gulimangala Lake,12.335,2092,201,174,180,354,0
w54168585,,12.213,1560,165,159,161,320,0
w45741726,Hosakere,11.941,3109,304,310,307,617,0
w1175827114,,11.876,1879,189,192,208,400,0
w1092941881,Dommasandra Lake,11.848,1576,162,163,182,345,0
r18772594,Kaggadasapura Lake,11.81,2653,253,218,215,433,0
w24430851,Gottigere Tank,11.75,2009,207,212,211,423,0
w1075575770;w1174054887,,11.725,1763,182,182,183,365,0
w1362839966,,11.48,1747,179,180,193,373,0
w597564903,Doddabidirakallu Kere,11.469,1711,174,181,186,367,0
w54168583,,11.293,1461,138,161,157,318,0
w412909369,Ramagondanahalli Lake,11.272,1409,147,149,157,306,0
w1303226404,Adde Vishwanathapura Lake,11.247,1609,166,165,179,344,0
r6586696,Kommagatta Lake,11.247,1936,185,174,181,355,0
w666261980,,11.172,1659,172,179,177,356,0
r8250847,Lal Bahadur Shastri Nagar Lake,11.153,3006,287,246,241,487,0
w457633317,Ganigarahalli Lake,11.142,1490,151,155,166,321,0
w1148284185,Tarahunase Lake,11.142,1724,177,181,184,365,0
w1119637970,Iggaluru Lake,11.119,1331,138,141,149,290,0
w1062555441,Chikkabelanduru Kere,10.779,2060,209,215,223,438,0
w1409396203,,10.745,1688,169,184,179,363,0
w172671192,Konasandra Lake,10.517,1432,144,155,154,309,0
w1147126248,Neriga Lake,10.49,1449,149,148,170,318,14
w1092686471,,10.029,1687,178,174,185,359,0
w41667621,Chikkajala Lake,10.007,2176,210,213,224,437,105
r6586695,Herohalli Kere,9.868,1660,162,162,164,326,0
w146447604,Ullal Lake,9.856,1606,161,175,177,352,0
w119132971,Chikka Beguru Lake,9.844,1714,177,180,184,364,0
w395505152,Kengeri Lake,9.787,1719,180,168,195,363,0
w1176526192;w1176526193,,9.642,1630,168,171,176,347,0
w1196979987,,9.619,1599,167,160,167,327,0
w1233282888,,9.566,2479,234,220,222,442,0
w41667654,Abbigere Lake,9.427,1653,167,172,177,349,2
w28076488,,9.296,1524,153,157,158,315,0
r20385748,,9.223,2794,291,286,272,558,0
w202765836,,9.203,2043,202,213,218,431,0
w1190086717,,9.057,1680,167,174,180,354,0
w251506097,,9.054,2080,211,214,225,439,0
w251275243,,8.995,1341,137,142,150,292,0
w1094215989,Kyalasanahalli Lake,8.945,1425,143,152,158,310,8
w45922001,,8.934,1370,142,144,156,300,0
w37351655,Dore Kere,8.927,1390,144,146,154,300,0
w130111880,Nallurahalli Lake,8.857,1660,173,175,176,351,22
w1188681265,,8.811,1719,174,169,167,336,0
w1092941882,Thiagalara Chowdenahalli Lake,8.771,1287,130,142,139,281,0
w1171487456,,8.766,1442,148,150,162,312,0
w1179986847,,8.756,1682,179,169,187,356,0
w412922548,,8.721,1303,133,141,145,286,19
w987608929,Kachanayakanahalli lake,8.721,1370,143,145,151,296,0
w1428287181,,8.716,1935,195,200,210,410,0
w1331923007,,8.693,1262,129,140,139,279,0
w1176521842;w1176525308;w1176525309;w1176525310;w1176525311,,8.682,1710,170,173,181,354,0
w1283528233,Sompura Lake,8.678,1792,174,196,194,390,0
w1164540855,,8.519,1560,163,160,166,326,0
w133125939,Hunasemaranahalli Lake,8.51,1243,133,128,150,278,0
w1457101313,,8.457,1194,123,130,133,263,0
w1092941890,Manduru Lake,8.456,1651,164,178,182,360,0
r15989750,Puttenahalli Lake,8.455,2608,248,212,210,422,14
w1077022610,,8.35,1223,121,131,143,274,0
w1164335684,,8.274,1690,173,166,176,342,0
w1173737831,Biijaji Lake,8.252,1308,133,139,150,289,0
w1182812730,Huvinayakanahalli Lake,8.099,1665,164,179,176,355,0
w41667653,Singapura Kere,8.083,1533,159,156,173,329,25
w1157120542,,8.058,1453,147,152,162,314,0
w41662651,,8.002,1221,128,129,133,262,0
w1174750888,Bettahalasuru Lake,7.985,1566,156,152,156,308,43
w412922546,,7.982,1147,120,123,128,251,0
w111563782,Haralur Lake,7.944,1564,157,164,179,343,0
w1532541092,,7.921,1301,139,134,147,281,0
w1189923475,,7.797,1464,150,153,161,314,0
w28076109,Hebbagodi Lake,7.782,1473,153,155,170,325,98
r9432609,Seegehalli Lake,7.777,1828,177,177,179,356,0
w350094187,,7.773,1427,140,159,152,311,0
w145430164,,7.73,1409,149,150,153,303,0
w33300618,Hoodi Lake,7.685,1344,137,145,147,292,24
w1298349248,Cheemasandra Lake,7.614,1395,144,144,157,301,0
w1283528232,Yamare Lake,7.588,1523,154,161,171,332,0
r15546653;w170333546,Kitthiganahalli Bommasandra Lake,7.551,1329,135,143,147,290,0
r17426667,Mahadevapura Lake,7.525,1300,131,129,135,264,9
r19509700,Arekere Lake,7.523,1625,160,152,161,313,0
w1178402458,Sakalavara Lake,7.523,1382,141,149,152,301,0
w120904870,Kundalahalli Lake,7.498,1546,155,149,155,304,0
w135267829,Kammagondanahalli Lake,7.465,1253,132,133,136,269,0
w1261593074;w1261593075,,7.462,1310,137,134,144,278,0
w1175521514,,7.458,1317,135,139,154,293,0
w1428242268,,7.434,1236,129,130,137,267,0
w1077022613,,7.397,1325,134,138,148,286,0
w502944619,,7.394,1456,146,146,152,298,0
w1215967893,,7.389,1787,169,156,152,308,0
w231286369,,7.336,1355,138,144,151,295,0
w1428287262,,7.314,1189,121,128,134,262,0
w904374443,Palanahalli Lake,7.31,1261,125,138,138,276,0
w1308260487,Byalakere Lake,7.258,1327,138,142,149,291,0
w1457101314,,7.135,1265,128,134,145,279,0
r14671536;w1210203298;w1210203299,Thubarahalli Lake,7.093,1676,165,162,162,324,17
w1235801132,,7.08,1786,156,143,148,291,0
w38047206,Kempambudhi Kere,7.067,1464,146,153,157,310,0
w1075569432,,7.052,1249,128,133,141,274,0
r17083906,Doddakannelli Lake,7.032,1662,148,141,146,287,4
w1088218590,,7.006,1459,144,154,169,323,0
w412929449,Bingipura Lake,6.983,1148,113,123,128,251,0
r19427514,Choodasandra Lake,6.966,1949,176,139,129,268,0
w1428287179,,6.9,1137,118,124,130,254,0
r19422830,Kammasandra Lake,6.883,1451,149,160,160,320,0
w1092680601,Sulakunte Lake,6.882,1150,119,124,133,257,0
w1512357826,,6.759,1067,104,120,122,242,0
w136445345,,6.739,1317,131,143,141,284,0
w251505668,,6.666,1221,129,131,137,268,0
r19579350,Heelalige Lake,6.664,1197,126,115,125,240,63
w44707735,,6.639,1183,122,118,114,232,0
w1092941895,Koralur Lake,6.62,1449,148,154,166,320,0
w171780901,,6.593,1265,129,132,130,262,0
w1119204854,,6.575,1174,123,125,133,258,0
w41667652,Veerasagara Lake,6.547,1628,165,170,159,329,0
w507383156,,6.516,1324,134,147,145,292,0
w33541358,Chunchagatta Lake,6.483,1539,156,166,163,329,0
w1362803098,,6.298,1233,128,129,140,269,0
w239873610,,6.281,1094,110,123,120,243,0
w1428242307,,6.223,1074,109,118,124,242,0
w1104465194,,6.12,1415,146,146,162,308,0
w1092941877,,6.116,1087,111,116,125,241,0
w1362803102,,6.097,1142,113,131,125,256,0
w1501275484,,6.044,1694,168,178,183,361,0
w172954317,Kacharakanahalli Lake,5.992,1233,125,135,137,272,0
w171780903,,5.989,1440,158,148,159,307,0
w41662648,Navrathna Agrahara Lake,5.953,1178,121,127,133,260,0
w477154739,Hadosiddapura Lake,5.941,1249,126,137,141,278,28
w780259687,,5.875,1318,137,143,139,282,0
r3127245,Benniganahalli Lake,5.843,1291,128,127,132,259,0
r16245927,Dasarahalli Tank,5.831,1295,129,130,133,263,0
w118910872,Doddakalasandra Lake,5.811,1154,120,132,122,254,0
w1176529193,,5.808,1745,157,128,127,255,0
w675669761,,5.806,1310,134,141,144,285,0
w1330922585,,5.802,1386,141,149,146,295,0
w42407836,BEL Lake,5.788,1021,104,111,120,231,0
w1164333627,,5.783,1500,156,155,166,321,0
w1120171569,,5.771,1147,119,125,123,248,0
w44546800,Kowdenahalli Lake,5.752,1337,134,145,150,295,37
w1084735141,,5.738,960,98,108,109,217,0
w43609776,Thirumenahalli Lake,5.664,1165,118,131,126,257,65
w669794214,,5.654,1437,142,156,156,312,0
w41662652,,5.632,1138,116,124,130,254,0
w1164132592,,5.596,1172,118,127,139,266,0
w1190848302,,5.592,1547,147,130,127,257,0
w1039322029,Medi Agrahara Lake,5.578,1276,133,136,144,280,0
r10741847,Hemmigepura Kere,5.572,1607,155,145,153,298,0
w1188681271,,5.55,1128,115,126,126,252,0
r18575411,Doddathogur Lake,5.509,1778,183,188,194,382,11
w1190086718,,5.465,1166,116,120,132,252,0
w43990804,Kattigenahalli Lake,5.464,1063,107,118,122,240,0
r21390988,Amruthalli Lake,5.458,1398,130,128,123,251,0
w1092680603,Kodathi Kere,5.438,899,95,101,105,206,0
w1092941855,Nanjapura Lake,5.421,1269,129,134,141,275,0
w1428544425,,5.374,1123,122,115,129,244,0
w666480244,,5.367,966,96,107,110,217,0
w1136162552,,5.359,1000,102,107,118,225,0
w41668781,,5.352,1171,124,122,130,252,0
w560721005,Komapana Agrahara Lake,5.332,1054,102,120,121,241,0
w326284768,,5.308,1312,130,139,152,291,47
w1333664338,,5.283,2203,225,207,178,385,0
w1254929807,Bylakere Lake,5.265,990,102,111,113,224,0
w796365624,Kumbalagodu Lake,5.22,1214,126,127,144,271,0
w1174006322,,5.193,943,98,106,111,217,0
w118415657,Avalahalli Lake,5.171,1322,140,137,152,289,29
w1349913931,Beratena Agrahara Lake,5.171,1063,110,115,121,236,29
w172651056,Sunkalpalya Lake,5.154,1030,103,109,120,229,0
w1348507988,,5.086,1153,108,103,102,205,0
w44626723,,5.033,964,98,105,117,222,0
w1164667818,,5.022,1195,116,126,129,255,0
w1162717386,,5.018,1104,114,119,127,246,0
w675387107,,4.999,943,94,90,83,173,46
w1512357739,,4.963,1078,111,118,121,239,0
w1077022622,,4.949,1136,117,124,130,254,0
w1025444560,quarry water,4.928,1193,122,126,135,261,0
w1428287261,,4.928,929,98,103,111,214,0
w1157120543,,4.909,1132,114,121,134,255,0
w1188681275,,4.906,1268,123,122,126,248,0
w1348507986,,4.872,936,92,102,85,187,0
w182177278,Kadiranpalaya Kere,4.867,916,98,95,112,207,27
w45099201,,4.864,1311,136,137,147,284,0
w1188681279,,4.821,1428,147,136,147,283,0
w227097881,Doddkammanahalli Lake,4.821,1361,142,144,151,295,0
w412940006,,4.816,1091,112,119,123,242,0
w1092680606,Hegondanahalli Lake,4.814,1147,111,127,130,257,0
w41662657,,4.736,1116,120,115,130,245,0
w1255316382,,4.731,4753,481,481,487,968,0
w845255686,,4.709,884,91,95,103,198,0
w1237972006,Thathaguni Agara Kere,4.695,1260,129,136,141,277,0
w1459998543,,4.677,1182,119,127,128,255,0
w1164540809,,4.667,1211,125,135,131,266,0
w44707273,Horamavu Lake,4.624,1119,113,115,131,246,0
w185479477,Nimbekaipura Lake,4.578,1440,149,150,161,311,0
w1178402477,Hommadevanahalli Lake,4.555,946,98,102,110,212,0
w1077022612,,4.551,1121,116,125,127,252,0
w866148184,Pattandur Agrahara Lake,4.527,1219,127,135,132,267,0
w43364365,,4.523,1172,116,128,130,258,0
w42858281,,4.51,1458,155,149,157,306,0
w1168456336,,4.509,976,100,106,112,218,0
r19556136,Thirupalya Lake,4.506,1093,108,108,108,216,59
w45860708,Sheelavathana Kere,4.474,1202,120,133,133,266,0
w368323661,Ramakrishnapura Lake,4.469,1018,101,116,111,227,0
w118415616,Krishna Nagara Lake,4.459,1193,120,122,131,253,9
w1174690174,,4.455,1023,109,99,99,198,0
w1428242507,,4.452,975,99,106,115,221,0
r18077306,Munekolala Lake,4.445,939,94,97,109,206,0
w124551169,,4.444,1008,106,109,112,221,0
w190584885,Mallasandra Lake,4.425,993,110,103,113,216,0
w41668782,,4.424,873,90,97,105,202,0
w363083915,,4.413,1013,103,106,120,226,0
w1069600838,,4.345,1059,108,119,115,234,0
w44999246,Devasandra lake,4.336,1172,121,128,128,256,0
r3816212,Mathikere Lake,4.315,2385,246,228,232,460,0
w1174584174;w1545077865,,4.311,804,81,92,96,188,0
w1076391830,,4.302,1124,113,128,126,254,0
w41667655,Mylappanahalli Lake,4.287,1046,109,109,122,231,0
w1144246453,Singanayakanahalli Lake,4.275,1022,104,113,120,233,0
r15989383,Agrahara Lake,4.273,1136,102,102,107,209,0
w350153647,Parappana Agrahara Lake,4.272,1113,118,119,125,244,57
w1127727172,,4.262,829,85,94,97,191,0
r1827922,,4.239,1638,157,152,157,309,0
w45468355,,4.223,1203,126,122,126,248,0
w1348507985,,4.211,995,102,109,96,205,0
w1303226385,,4.167,847,87,97,99,196,0
w1120291639,,4.165,925,97,104,104,208,0
r17062035,Panathuru Kere,4.156,1211,113,113,120,233,0
w1226525966,Yerappanahalli Lake,4.123,1061,110,112,121,233,0
w45741827,Dubasi Palya Kere,4.091,1010,101,114,112,226,0
w1180240726,,4.086,1154,115,128,128,256,0
w401706558,,4.084,1003,104,105,116,221,0
r19470041,Thalaghattapura Lake,4.078,1226,133,136,125,261,0
w172938152,Byrasandra Melina Kere,4.077,1027,109,111,117,228,0
w1075575782,,4.074,1029,108,112,116,228,0
w1174697930,,4.073,885,91,96,104,200,0
w1188681267,,4.068,1060,109,108,112,220,0
w1308260482,Byalakere Lake,4.041,1021,103,112,117,229,0
r18077307,Seetharampalya Lake,4.029,963,95,96,93,189,0
w170447464,Vittasandra Lake,4.025,1060,105,117,122,239,0
w1187853143,,4.011,983,101,107,113,220,0
w1164132591,,3.99,1102,115,118,128,246,0
w1368604683,,3.984,1011,107,113,111,224,0
w1176314345,,3.98,912,94,100,108,208,0
w1025447742;w1025447743,,3.963,1203,126,132,127,259,0
w1362839980,,3.96,1145,114,124,132,256,0
r9431132,,3.94,1290,127,123,128,251,0
w1434880597,,3.914,812,85,93,94,187,0
w1181441789,,3.906,1094,110,117,124,241,0
r9362927,Yediyur Lake,3.89,886,91,93,95,188,0
w1189065715,,3.88,1247,120,139,123,262,0
w172651048,Uttarahalli Lake,3.801,825,84,96,97,193,0
w1355958858;w217565211;w324206934,,3.797,5169,520,533,526,1059,0
w1143880775,,3.754,940,93,104,111,215,0
r17083842,Deverabisanahalli Lake,3.736,1277,107,98,107,205,0
w193671225,Katamanallur Lake,3.725,797,82,89,97,186,0
w790389588,Bhoganahalli Lake,3.684,905,93,103,107,210,0
r16551234,Subramanyapura Lake,3.662,1186,120,121,123,244,0
r16075392,Narsipura Lake,3.636,1401,136,136,124,260,8
w303580998,,3.629,805,87,90,97,187,0
w1204457738,,3.613,854,90,93,104,197,0
r19470051,Bidare Agrahara Lake,3.591,1178,118,112,124,236,0
w145513549,Andrahalli Lake,3.554,736,77,83,88,171,0
w122129754,Pattandur Agrahara Kunte,3.549,833,91,90,96,186,0
w137539703,Basavanapura Kere,3.532,784,82,86,94,180,0
w1460247116,,3.529,912,92,103,105,208,0
w1178402482,,3.522,815,85,92,95,187,13
w989166321,,3.509,785,80,89,95,184,0
w1435133939,,3.501,805,84,90,97,187,0
w1092941892,Kannamangala Lake,3.491,1045,100,106,110,216,0
w994901676,Subedharana Lake,3.484,917,97,105,102,207,0
w1286010899,,3.483,735,73,82,95,177,0
w54168586,,3.466,710,74,81,86,167,0
w1181958955,,3.461,801,87,88,92,180,0
w175396211,Virasandra,3.45,929,100,101,102,203,0
w27993889,Ambalipura Upper Lake,3.44,814,86,95,90,185,0
w469279276,Kuppareddi Kere,3.423,863,85,97,104,201,0
w1421748891,Devara Kere,3.423,936,96,101,110,211,0
w1120171566,,3.415,1016,102,114,119,233,0
w175293916,Palace Grounds Lake,3.41,817,86,89,95,184,0
w135051892,Hoodi Lake,3.402,964,104,103,109,212,0
r3507925,Puttenhalli Lake,3.4,1009,101,98,106,204,0
w450584259,,3.392,3767,379,379,392,771,0
r17379150,Nayandahalli Lake,3.391,845,82,86,98,184,0
w1178402475,,3.339,996,98,113,117,230,0
w1512678693,Kadiganahalli Tank,3.338,764,83,83,89,172,0
w137539770,Bhattarahalli Lake,3.33,782,83,87,91,178,0
w1428287227,,3.304,998,106,105,117,222,0
w1077022611,,3.299,736,76,79,86,165,0
w1164540825,,3.287,1237,124,111,118,229,0
w1366035446,,3.273,929,92,105,106,211,0
w1352492210,,3.271,746,79,83,91,174,0
w170311560,Yarandahalli Kere,3.232,835,83,93,97,190,0
w673852352,,3.228,682,69,79,86,165,0
r18077303,Kudlu Lake/Kere,3.221,1004,101,102,109,211,0
w1265780959,,3.2,855,88,94,104,198,0
w171771792,Shikaripalya Lake,3.19,775,77,93,84,177,0
w1188681272,,3.168,1138,110,110,123,233,0
w172651060,Mylasandra Tank,3.164,800,84,87,96,183,0
w1077021235,Hosahalli Lake,3.157,828,90,86,104,190,0
r17012230,Veerasandra Lake,3.074,1229,131,120,127,247,0
w1363011942,,3.068,810,88,89,97,186,0
w413529791,Singapura Kere,3.047,697,69,79,78,157,4
w472975375,Bagalagunte Lake,2.993,772,83,87,89,176,0
w183869113,,2.955,906,91,101,105,206,0
w1157366535,Sampigehalli Lake,2.944,752,82,83,92,175,0
w1241600166,,2.932,930,90,90,97,187,0
r2310400,Chelekere,2.909,1460,147,126,117,243,20
w1283528231,Chikkadasarahalli Lake,2.906,1002,92,94,97,191,0
w1188681274,,2.902,661,70,76,82,158,0
w232880644,,2.895,990,106,105,113,218,0
w1493868578,,2.89,1038,105,107,104,211,0
w111871740,Begur Kere,2.882,931,95,106,110,216,16
w1524240214,,2.857,775,80,88,96,184,0
w132997931,Halagevader Halli Lake,2.845,721,75,83,85,168,0
r17223075,Byrasandra Lake,2.837,1044,99,100,109,209,0
w1080799525,,2.829,932,92,105,107,212,0
w1366035445,,2.801,693,72,81,83,164,0
w1490036085,,2.799,745,80,84,90,174,0
w1547872070,,2.738,905,95,99,104,203,0
w1221252644,,2.737,1336,123,121,118,239,0
w1273317568,,2.664,751,73,84,79,163,0
w42857728,Chikka Gubbi Kere,2.649,769,81,88,91,179,0
w28126428,Byrasandra Lake,2.616,622,66,71,76,147,0
w146767843,Sheegehalli Lake,2.613,844,84,99,98,197,0
w1188681270,,2.613,647,68,74,77,151,0
w111871728,Basapura Lake,2.607,860,89,94,98,192,12
w1117566142,,2.606,875,91,95,104,199,0
w1333666287,,2.6,676,72,75,83,158,0
w560719107,,2.565,828,85,89,104,193,0
w1382288524,,2.524,718,78,80,88,168,0
w1421391125,,2.502,780,83,84,93,177,0
w28076168,Maragondanahalli Lake,2.491,711,74,66,66,132,0
w287327440,Somasundarapalya Lake,2.488,607,63,70,75,145,26
w579281807,Prestige Tranquility Lake,2.487,741,72,91,84,175,0
w324206936;w411050617;w411050619;w411050622;w411050623;w411050624;w411050625;w411050626;w411050627;w411050628;w411050629;w411050630,,2.486,4155,411,411,386,797,0
w41189469,Gowdana Kere,2.482,653,70,77,82,159,0
w1253477235;w1253477236,,2.474,957,96,104,108,212,0
w1177178155,,2.45,636,67,71,80,151,0
w1127727173,,2.415,690,73,76,86,162,0
w41668668,,2.412,674,70,80,84,164,0
w1281359323,,2.394,666,72,77,77,154,0
w1409426375,,2.383,629,67,73,75,148,0
w781696180,,2.382,640,68,71,83,154,0
r18077308,,2.365,839,88,75,66,141,0
r3120373,Iblur Lake,2.364,744,74,81,80,161,9
w1164642154,,2.34,834,81,76,88,164,0
w1176349373,,2.327,883,92,98,103,201,0
w1348507987,,2.315,720,71,61,62,123,0
w1176855688,,2.304,591,63,68,73,141,0
w427568008,,2.301,805,84,90,100,190,0
w1422345954,,2.264,607,63,70,76,146,0
r6183523,Chinnappanahalli Lake,2.259,769,71,76,84,160,14
r15912449,,2.245,1153,114,92,87,179,0
w1094218614,Vabasandra Lake,2.233,690,73,81,85,166,0
w780259624,,2.22,749,77,82,87,169,0
w111871772,Basapura Lake,2.2,708,74,79,87,166,0
w232981265,Ambalipura Lower Lake,2.197,645,68,72,81,153,0
w1391741013,,2.195,650,68,76,77,153,0
w796362857,,2.148,618,63,76,75,151,0
w1092680608,Hagondahalli Lake,2.137,621,64,71,71,142,0
r21057552,,2.1,1335,145,125,124,249,0
w27993527,Carmelaram Lake,2.091,702,82,74,88,162,0
w169987367,,2.088,542,55,66,68,134,0
w1297658634,,2.082,781,80,89,92,181,0
w413020103,,2.046,750,75,86,88,174,0
w1075569433,Channenahalli Lake,2.039,742,73,83,87,170,10
w403081764,Konanakunte Lake,2.037,604,64,68,77,145,0
w43825194,Chokkanahalli Lake,2.026,689,76,72,85,157,0
w675685126,Ramasandra Lake,2.019,576,60,68,73,141,0
w133729402,Singasandra Lake,2.011,640,63,75,79,154,18
w779078393,Nagaraesh Nagenahalli Lake,2.007,610,58,75,67,142,0
w926197122,,1.967,923,92,84,90,174,0
w1118946163,Gubbalala Kere,1.964,618,64,76,77,153,0
w1178402480,,1.951,591,63,68,76,144,0
w1188681268,,1.943,601,63,67,79,146,0
w1368604682,,1.913,588,62,67,73,140,0
w1025447749,quarry catchment,1.913,531,57,65,68,133,0
w1174584396,,1.901,761,76,87,86,173,0
w44546801,,1.899,770,80,88,92,180,0
w1179957484,,1.886,682,68,80,84,164,0
w1256459767,,1.885,641,66,74,79,153,0
w1164540856,,1.868,671,66,76,81,157,0
w1181417682,Chikkabettahalli Lake,1.867,723,74,83,84,167,0
w1254929805,Lakshmipura Lake,1.854,675,69,80,80,160,0
w1176513382,,1.852,873,93,100,100,200,0
w1458008252,,1.819,519,55,61,66,127,0
w118910873,Vasanthapura Lake,1.811,736,77,85,88,173,0
w1329403181,,1.774,609,67,69,77,146,0
w412929393,,1.77,757,80,83,77,160,0
w1344973950,Lingadeeranahalli Lake,1.754,571,60,64,76,140,0
w1164244330,,1.74,653,68,80,77,157,0
w1457563139,,1.719,691,68,79,85,164,0
w1395880731,B Channasandra Lake,1.704,544,59,63,68,131,0
r18077304,ITI Layout Lake,1.703,631,62,61,74,135,0
w1204642039,,1.695,1154,111,85,94,179,0
w37351648,ISRO Layout Lake,1.695,572,61,67,73,140,0
w675250068,Vijinapura Lake,1.676,560,60,64,73,137,0
w1199400807,Basavanapura Pond,1.675,662,69,73,84,157,0
r21373539,Vidyaranyapura Kere,1.651,884,76,73,70,143,0
w142298792,,1.646,759,75,82,82,164,0
w1189440572,,1.64,657,68,76,81,157,0
w1248136351,,1.634,546,57,68,68,136,0
w28076586,,1.629,484,52,58,62,120,0
w1264709151,,1.612,621,64,72,76,148,0
w1180257382,,1.59,685,75,74,82,156,0
w1029925474,,1.589,498,52,57,65,122,0
w1172399294,,1.566,622,66,64,76,140,0
w1259570063,,1.561,620,66,70,80,150,19
r17431112,Yelachenahalli Kere,1.552,564,58,61,63,124,0
w295768760,Kenchanahalli Lake,1.548,610,63,70,75,145,0
w750685724,Shivapura Old Lake,1.547,568,57,69,71,140,0
w1199400889,Chandrasekhar Layout Lake,1.516,576,61,65,74,139,0
w870802287,Konadasapura lake,1.512,686,71,75,75,150,0
w367594183,,1.51,1519,157,162,165,327,0
w627418163,,1.51,515,54,59,70,129,0
w1178402481,,1.504,512,53,61,65,126,0
w1120171565,,1.497,492,52,61,62,123,0
r19509702,Kalena Agrahara lake,1.491,878,78,84,88,172,0
w673791606,,1.474,500,51,58,64,122,0
w135783242,,1.468,513,54,59,68,127,0
w172671189,,1.463,531,54,63,65,128,0
w1353425192,,1.451,1823,188,197,189,386,0
w1459998544,,1.449,511,59,55,69,124,0
w1188681266,,1.445,480,53,54,61,115,0
w128229795,,1.441,598,62,67,76,143,0
w1176324759,,1.421,747,76,79,85,164,0
w116792836,Deepanjali Nagara Kere,1.417,525,52,68,63,131,0
w1025474624,,1.41,533,55,64,70,134,0
w1025447750,quarry catchment,1.403,485,50,57,64,121,0
w350349745,,1.399,589,66,66,77,143,0
w48876279,,1.392,498,53,61,63,124,0
w1178402478,,1.362,494,54,58,65,123,0
w781696169,,1.362,524,53,62,67,129,0
w1428537948,,1.359,541,55,64,68,132,0
w1254929806,,1.355,573,59,67,73,140,0
w1176859303,,1.346,566,64,63,64,127,0
w1390619967,,1.339,543,53,61,58,119,0
w1320965775,,1.33,472,49,58,63,121,0
w1110948089,Shikaripalya Lake,1.32,569,64,59,46,105,0
w1188681278,,1.318,532,51,62,62,124,0
w1075569422,,1.306,476,50,56,64,120,0
w1204642038,,1.3,699,62,66,71,137,0
w1368339289,,1.3,499,51,60,67,127,0
w570606226,,1.3,473,51,57,62,119,0
r17426666,Goshala Lake,1.269,642,62,66,72,138,0
w1346841565,,1.25,471,50,55,62,117,0
r15912410,,1.247,783,66,55,59,114,0
w135398428,B Narayanapura Lake,1.246,533,55,69,66,135,0
w1175624139,,1.235,800,77,71,78,149,0
w1114982297,,1.233,508,55,60,66,126,0
w145513538,,1.232,601,60,64,67,131,0
w1164130469,,1.225,680,71,73,82,155,0
w413020104,,1.224,503,54,59,70,129,0
w1178402479,Mylasandra Chikka Kere,1.212,481,55,57,64,121,0
w259175023,Yelenahalli Lake,1.205,542,55,66,69,135,0
w1188681269,,1.202,433,45,52,58,110,0
w126890297,Akshaynagar Lake,1.19,588,58,68,74,142,0
w1085948638,,1.182,468,48,56,64,120,0
w1082724729,,1.153,474,49,58,65,123,0
w1118844142,Andapura Lake,1.141,582,52,59,61,120,36
w146752354,Manganahalli Lake,1.136,500,53,58,65,123,0
w128310896,,1.121,491,53,56,58,114,0
w146767872,,1.116,486,53,56,65,121,0
w95639129,Garudacharpalya Lake,1.104,550,61,63,68,131,0
w1178402476,Chittekarepalya Lake,1.096,491,56,56,66,122,0
w741691452,,1.094,525,54,51,46,97,0
w331515387,,1.091,1751,180,188,193,381,0
w378405407,,1.082,450,46,57,60,117,0
w45099209,,1.058,497,54,60,67,127,0
w28076551,,1.05,433,43,57,58,115,0
w1082360487,Subrayana Lake,1.038,543,54,64,75,139,0
w1025474625,,1.03,407,45,45,52,97,1
w1181720335,,1.03,662,65,66,70,136,0
w1346134985,,1.013,445,48,51,64,115,0
w1493868586,,0.993,603,61,68,64,132,0
w1125864815,,0.968,503,53,59,66,125,0
w1446231689,,0.963,363,39,45,49,94,0
w1176859302,,0.958,602,62,60,60,120,0
w146211757,,0.95,580,58,68,74,142,0
w1195513695,,0.948,450,47,56,59,115,0
w1260668761,,0.935,395,42,47,56,103,0
w412922539,Leachate Pond,0.932,404,44,49,55,104,0
w1188681294,,0.927,476,51,58,63,121,0
w360994260,,0.919,411,45,49,59,108,0
w1493868579,,0.916,455,50,46,49,95,0
r18077305,Panathur Chikka Kere,0.907,438,45,50,58,108,0
w1132931951,,0.905,421,43,52,54,106,0
w1182174703,,0.902,561,47,55,53,108,0
w431601666,,0.897,430,42,48,53,101,0
w775470790,Nagarbhavi Lake,0.889,418,47,50,57,107,0
w1260668762,,0.884,476,46,61,62,123,0
w24543535,,0.884,414,46,50,56,106,0
w1460921125,,0.882,413,45,52,55,107,0
w1296932597,Harapanahalli Police Lake,0.869,395,44,53,51,104,0
w172671188,,0.863,351,36,44,53,97,0
w1431247728,,0.851,461,48,57,57,114,0
w1431247723,,0.842,492,51,58,67,125,0
w1182174705,,0.84,472,47,48,54,102,0
w926197123,,0.838,403,43,30,31,61,0
w1264709153,,0.83,365,39,46,50,96,0
w1189071007,,0.829,608,60,50,48,98,0
w431601653,,0.823,684,71,69,68,137,0
w1558797227,,0.811,441,38,33,42,75,0
w1344974015,,0.809,344,37,44,51,95,0
w1458683140,,0.808,372,38,48,54,102,0
w143369798,,0.805,389,42,50,50,100,0
w1174750885,,0.797,431,45,45,53,98,0
w1243757189;w1243757194,,0.797,1114,111,119,122,241,0
w1452539255,,0.791,394,48,48,55,103,0
w1264475600,,0.783,341,35,43,50,93,0
w1193255145,,0.775,416,41,44,46,90,0
w171780895,,0.775,328,35,42,51,93,0
w1353425191,,0.735,1217,123,129,130,259,0
w1025474623,,0.728,349,37,47,46,93,0
w385518307,,0.718,479,44,38,43,81,0
w1333116509,,0.717,598,60,67,75,142,0
w1204143845,,0.714,326,35,41,50,91,0
w295768621,Bheemanakatte Lake,0.712,356,36,46,52,98,0
w42857652,,0.703,330,35,41,49,90,0
w173051067,,0.7,354,39,43,53,96,0
w1558735596,,0.699,386,42,49,52,101,0
w1365463970,,0.691,1008,104,108,116,224,0
w1446231693,,0.688,320,34,38,52,90,0
w43263563,,0.677,345,36,45,50,95,0
w1110949290,Shikaripalya Lake,0.668,357,42,37,41,78,0
w1094549433,,0.664,312,39,36,48,84,0
w1219313043,,0.663,351,40,32,37,69,0
w726086470,Acharya Lake,0.662,356,39,45,50,95,0
w1243235925,,0.661,390,40,49,55,104,0
w1120171568,,0.66,324,32,42,45,87,6
w1241600240,,0.658,448,48,44,53,97,0
w1134262509,,0.656,771,75,68,69,137,0
w1164335685,,0.654,361,42,42,45,87,0
w52057922,Lotus Pond,0.651,363,39,46,50,96,0
w385518306,,0.649,295,31,43,42,85,0
w1178402473,,0.648,352,36,48,48,96,0
w1179995801,,0.641,567,58,61,61,122,0
w1548865635,,0.633,319,36,40,50,90,0
w1193255143,,0.632,418,42,40,43,83,0
w1120291634,,0.632,297,32,37,48,85,0
w259175024,,0.627,328,37,41,49,90,0
w1175264176,,0.623,683,76,74,81,155,0
w1267736389,,0.623,1004,105,108,108,216,0
w1025474622,,0.622,387,46,44,49,93,0
w1193255144,,0.62,334,33,26,28,54,0
w128310897,,0.612,451,53,47,59,106,0
w1390079362,Srigandakaval Lake,0.609,307,35,40,44,84,0
w1360684993,,0.608,343,38,42,50,92,0
w1114982303,Anchepalya Lake,0.607,314,32,41,48,89,0
w1353425193,,0.602,546,59,65,69,134,0
w1178022711,,0.594,363,36,41,48,89,0
w1446231694,,0.589,315,35,41,45,86,0
w1175631327,,0.589,356,35,43,45,88,0
w128310895,,0.586,298,33,37,40,77,0
w1458008255,,0.585,306,33,41,45,86,0
w1118946148,Jogi Kere,0.584,317,34,43,44,87,0
w1181720332,,0.583,450,49,45,55,100,0
w1123272056,Bharatnagar Lake,0.577,311,36,40,47,87,0
w570610423,,0.574,492,55,58,56,114,0
w251483868,,0.566,305,30,41,46,87,0
w1495902491,,0.564,355,38,41,48,89,0
w1119761885,,0.563,329,37,41,42,83,0
w1122444427,,0.561,340,41,40,52,92,0
w1176579509,Thippasandra Lake,0.556,274,29,36,47,83,0
w1176348274,,0.556,421,38,46,49,95,0
w675519796,,0.555,300,35,38,46,84,0
w1193255147,,0.555,289,32,37,43,80,0
w402023995,Acchegowdana Katte,0.544,326,39,41,49,90,0
w1120291643,,0.533,284,31,39,45,84,0
w1174604094,,0.528,345,33,28,34,62,0
w328435495,,0.526,271,32,34,44,78,0
w1127833851,Baiyannakunte Lake,0.524,293,33,38,45,83,0
w1418331298,,0.522,640,64,78,68,146,0
w385518305,,0.521,289,28,29,33,62,0
w1174750889,,0.511,297,31,18,27,45,0
w149418899,Brigade Gateway Lake,0.495,312,34,41,46,87,0
w477222112,Narayanapura Kere,0.492,293,34,38,45,83,0
w324206935,,0.488,750,76,86,83,169,0
w1175624138,,0.485,282,31,34,42,76,0
w431601664,,0.482,435,45,49,56,105,0
w1176513383,,0.48,299,35,37,45,82,0
w1164642157,,0.478,365,33,42,42,84,0
w171780909,,0.466,289,33,38,43,81,0
w1264709152,,0.461,332,37,41,50,91,0
w128310894,,0.46,286,33,38,45,83,0
w208958023,,0.46,291,31,39,47,86,0
w431601665,,0.456,485,54,57,60,117,0
w1179995971,,0.456,309,32,34,37,71,0
w1188323418,,0.445,357,40,44,48,92,0
w411052119;w411052122;w411052124;w411052125;w411052126,,0.441,914,95,104,101,205,0
w1452396113,,0.44,272,30,37,42,79,0
w1390619969,,0.438,255,29,33,43,76,0
w171780908,,0.436,277,32,37,43,80,0
w1421748910,Sulikunte Chikka Kere,0.435,279,30,36,46,82,0
w673948811,,0.43,338,37,42,50,92,0
w1174049095,,0.426,276,31,36,42,78,0
r19756732,,0.425,425,45,53,57,110,8
w1125864816,,0.425,371,37,40,39,79,0
w1168837722,,0.424,314,33,37,42,79,0
w45099198,,0.423,288,30,41,43,84,0
w1178019372,,0.419,269,32,33,38,71,0
w676052991,,0.413,352,38,46,50,96,96
w674201449,,0.411,268,29,38,43,81,0
w772906284,,0.403,251,28,35,40,75,0
w1181720333,,0.402,329,29,38,45,83,0
w1493868583,,0.398,334,35,39,41,80,0
w1025447744;w1025447746,quarry catchment,0.393,311,34,38,43,81,0
w1414809479,,0.382,258,28,26,33,59,18
w1241122334,,0.376,326,38,42,47,89,0
w871572934,,0.376,403,42,46,51,97,0
w1409396185,,0.375,243,25,33,40,73,0
w1243757185,,0.371,791,82,86,93,179,0
w1025474626,,0.369,273,28,35,36,71,0
w1125864817,,0.367,249,29,35,34,69,0
w1176386249,,0.367,260,27,32,39,71,0
w1164540852,,0.359,313,34,40,46,86,0
w1229020148,,0.356,248,28,32,43,75,0
w1554675793,,0.352,262,30,36,42,78,0
w1025474627,,0.347,307,30,25,17,42,0
w431601662,,0.345,315,34,42,46,88,0
w1174689504,,0.343,233,25,33,41,74,0
w1414809478,,0.342,286,30,35,39,74,18
w675486038,,0.337,237,26,35,37,72,0
w675662673,,0.336,241,27,33,38,71,0
w35940029,,0.335,241,29,33,39,72,0
w1179958611,,0.334,329,35,43,47,90,0
w1424765711,,0.332,331,38,33,38,71,0
w1456405931,,0.332,222,24,31,37,68,0
w111871802,,0.328,225,26,32,34,66,0
w1460088555,,0.326,263,26,37,40,77,0
w1458008254,,0.326,221,26,30,36,66,0
w1512354991,,0.322,345,41,43,49,92,0
w28076500,,0.321,256,29,37,38,75,0
w1537476844,,0.317,259,29,35,44,79,0
w1263542157,,0.316,216,24,32,38,70,0
w1181720337,,0.316,239,28,31,41,72,0
w525507452,Ground,0.314,244,27,35,38,73,0
w1175623560,,0.313,230,26,28,41,69,0
w1175824801;w1175824805,,0.308,273,30,37,42,79,0
w1178257744,,0.306,309,29,35,39,74,0
w1353425198,,0.302,324,34,40,44,84,0
w1458008253,,0.3,270,33,36,42,78,0
w1269012259,,0.3,294,36,39,41,80,0
w673640256,Karagada Kunte,0.299,244,33,29,41,70,0
w1175624137,,0.294,213,24,30,31,61,0
w128229794,,0.294,205,24,30,35,65,0
w1189065739,,0.291,217,25,32,39,71,0
w674699442,,0.291,210,25,30,34,64,0
w347428341,,0.29,192,21,27,28,55,0
w347428340,,0.288,191,22,25,27,52,0
w347428336,,0.284,190,22,29,23,52,0
w1243757182,,0.283,373,40,46,50,96,39
w1175262175,,0.282,270,28,34,40,74,0
w1177473327,,0.28,294,27,24,27,51,0
w1134262511,,0.28,225,25,34,34,68,0
r15055467,,0.279,483,36,39,45,84,0
w1257185812,,0.278,232,25,34,36,70,0
w1175628461,,0.276,241,25,32,38,70,0
w347428345,,0.275,187,23,22,30,52,0
w1175519123,,0.273,286,29,39,44,83,0
w39836125,,0.272,320,38,39,47,86,0
w1123272051,,0.271,195,23,28,35,63,0
w1252731180,Chokkanahalli Lake,0.271,195,23,29,35,64,0
w1177483940,,0.27,249,29,33,42,75,0
w1467203292,,0.268,218,26,32,36,68,0
w871572933,,0.266,233,26,28,32,60,0
w347428339,,0.264,183,22,24,30,54,0
w117076682,Vasantapura Temple Kalyani,0.264,209,24,30,37,67,0
w232207309,,0.263,236,26,33,40,73,0
w707652255,,0.259,228,25,30,37,67,0
w347428348,,0.257,181,22,23,26,49,0
w378470118,,0.257,181,22,28,30,58,0
w378470117,,0.257,181,21,25,33,58,0
w378470115,,0.257,181,24,21,17,38,0
w378470114,,0.257,181,18,30,26,56,0
w347428344,,0.257,181,22,26,29,55,0
w1204456615,,0.257,181,20,28,28,56,0
w1134262512,,0.257,258,32,34,40,74,0
w378470116,,0.257,181,21,24,28,52,0
w1174746484,,0.255,338,35,45,45,90,0
w347428350,,0.254,180,18,26,27,53,0
w364761310,,0.253,218,23,34,34,68,0
w411057596,,0.252,423,46,53,58,111,0
w1025447745,,0.251,279,30,31,35,66,0
w1176318611,,0.25,200,24,29,36,65,0
w372296370,,0.246,209,22,31,36,67,0
w431601663,,0.243,258,27,37,41,78,0
w1558735594,,0.242,224,28,29,36,65,0
w1495362227,,0.241,223,24,31,40,71,0
w1169514924,,0.239,200,25,29,36,65,0
w131610642,,0.237,225,26,32,36,68,0
w1182639772,,0.236,192,23,30,34,64,0
w1197276457,,0.235,194,22,30,36,66,0
w1175824109,,0.235,200,23,25,40,65,0
w1164642156,,0.232,217,22,30,26,56,0
w347428349,,0.23,171,20,25,30,55,0
w1269012258,,0.23,197,21,30,31,61,0
w675486043,,0.229,193,22,27,27,54,0
w1179654409,,0.228,216,24,30,37,67,0
w1511058424,,0.226,222,26,29,41,70,0
w400541828,,0.225,198,22,30,33,63,0
w675486044,,0.225,197,26,26,29,55,0
w1177458116,,0.225,193,22,29,35,64,0
w1173198969,,0.224,216,24,29,36,65,41
w673627533,,0.224,189,23,30,35,65,0
w1346135016,,0.223,181,20,23,24,47,0
w1243757186,,0.223,390,42,51,52,103,0
w1174592722,,0.222,202,22,30,35,65,0
w1185679713,,0.222,222,26,32,36,68,0
w1179656535,,0.219,185,21,30,34,64,0
w1187891468,,0.218,192,21,25,33,58,0
w1414809480,,0.217,207,23,25,33,58,5
r18850818,Bamboo Island Pond,0.217,427,42,44,37,81,0
w1236087648,,0.216,659,68,75,83,158,0
w1168249965,,0.214,201,21,30,35,65,0
w1175621419,,0.21,177,20,28,33,61,0
w412922538,Leachate Pond,0.208,213,25,30,37,67,0
w1237460196,,0.208,494,61,55,60,115,0
w471198008,Centenary Pond,0.207,179,21,27,32,59,0
w1415079186,,0.205,174,19,27,31,58,0
w1341166389,,0.203,180,21,29,31,60,0
w954826576,,0.203,160,17,23,25,48,0
w171780907,,0.202,189,22,28,29,57,0
w1164642155,,0.202,269,31,22,27,49,0
w1528087642,,0.201,190,22,27,35,62,0
w1179985723,,0.199,273,29,37,41,78,0
w1235755490,,0.197,170,22,24,30,54,0
w45065425,,0.196,263,29,34,41,75,0
w52059617,Sampangi Lake,0.195,177,22,26,34,60,0
w1274696702,,0.193,229,28,33,38,71,0
w1508990084,,0.193,242,26,34,42,76,0
w1244067854,,0.191,408,46,48,57,105,0
w1269012260,,0.19,171,22,25,31,56,0
w1177488760,,0.188,173,20,26,35,61,0
w555922191,PU Lake,0.185,183,21,27,32,59,0
w1179905980,,0.183,169,21,26,33,59,0
w1176554197,,0.182,172,19,26,33,59,0
w554224272,ISKCON Temple Pond,0.179,191,21,28,37,65,0
w1195998718,,0.179,180,21,16,25,41,0
w1180630100,,0.177,215,22,29,31,60,0
w347428351,,0.175,149,17,18,23,41,0
w1457543411,,0.175,154,19,24,31,55,0
w1558843914,,0.174,166,19,27,29,56,0
w1179992753,,0.174,187,23,28,33,61,0
w1186462892,,0.173,324,30,34,43,77,0
w1164240624,,0.17,157,18,24,34,58,0
w1372985166,,0.169,158,21,23,32,55,0
w1177574036,,0.168,197,23,26,37,63,0
w347428343,,0.168,146,18,18,17,35,0
w514073930,,0.168,232,25,33,38,71,0
w773155052,,0.165,348,33,43,46,89,0
w1179900059,,0.164,161,19,26,32,58,0
w1179642508,,0.162,155,19,26,29,55,0
w1424996435,,0.162,162,19,26,30,56,0
w675486037,,0.161,178,20,29,34,63,0
w1494195932,,0.161,154,17,25,33,58,0
w232214450,,0.16,151,18,25,32,57,0
w555922208,Dove Lake,0.16,177,21,23,29,52,0
w1425759166,,0.159,275,29,24,22,46,0
w1462868153,,0.159,153,20,21,28,49,0
w675486034,,0.158,148,18,24,30,54,0
w1289591437,,0.157,158,18,23,34,57,0
w331515385,,0.156,376,38,50,52,102,0
w1353425197,,0.156,211,23,25,32,57,0
w1168249966,,0.155,157,19,27,30,57,0
w1233527831,,0.153,387,38,46,45,91,0
w1180630099,,0.15,160,19,25,32,57,0
w555922194,Block 4 Lake,0.149,166,18,27,29,56,0
w1206768376,,0.149,248,28,31,36,67,0
w1425365486,Idle Lake,0.146,136,16,24,29,53,0
w1221252648,,0.146,207,20,28,33,61,0
w1181923847,,0.146,199,19,25,34,59,0
r1332093,NCBS Pond,0.142,221,21,26,32,58,0
w1174629010,,0.142,147,19,22,30,52,0
w1179985719,,0.14,141,17,22,27,49,0
w1197271734,,0.14,151,18,23,30,53,0
w181283414,,0.138,209,24,28,37,65,0
w324216294,Immersion Tank,0.138,148,14,12,12,24,0
w1178726636,,0.137,168,20,25,35,60,0
w1240738199,,0.134,185,24,25,36,61,0
w1511058427,,0.134,136,16,23,30,53,0
w1176344097,,0.134,154,17,27,28,55,0
w1087017021,,0.134,144,16,25,28,53,0
w557689489,,0.133,147,18,23,31,54,0
w1305737831,,0.133,165,19,26,32,58,0
w1424765712,,0.132,198,22,21,25,46,0
w570610422,,0.132,142,17,24,25,49,0
w1172956793,,0.132,137,18,23,29,52,0
w1025447748,,0.131,164,20,22,25,47,0
w1175212542,,0.131,157,19,17,19,36,0
w1176386250,,0.13,136,16,21,22,43,0
w1176853978,,0.13,157,19,23,29,52,0
w1271364128,,0.13,144,19,23,30,53,0
w406706623,,0.128,145,17,23,30,53,0
w1175212544,,0.128,156,19,15,17,32,0
w1164546818,,0.127,152,20,24,31,55,0
w1235996544,,0.126,345,37,45,50,95,0
w1507821949,,0.126,214,23,33,34,67,0
w1171666850,,0.124,141,17,24,28,52,0
w1164667821,,0.124,176,19,29,35,64,0
w1191240428,,0.123,181,20,25,31,56,0
w1110950020,Bingipura Lake,0.123,161,18,22,26,48,0
w366192439,,0.123,171,19,27,31,58,0
w1179905978,,0.123,135,17,24,29,53,0
w1243757187,,0.123,225,28,31,36,67,0
w201253298,,0.122,137,17,24,29,53,0
w334577396,,0.122,140,17,24,28,52,0
w1206768377,,0.122,150,19,23,30,53,0
w1164540810,,0.121,134,16,24,28,52,0
w1229019777,,0.121,140,18,22,31,53,0
w1175264177,,0.121,178,21,25,32,57,0
w1193255146,,0.12,133,16,22,30,52,0
w954826577,,0.119,123,15,18,21,39,0
w1174062675,,0.119,143,17,24,29,53,0
w1176386681,,0.117,139,19,24,29,53,0
w1173133411,,0.117,178,18,24,31,55,0
w1125347489,,0.117,278,25,26,36,62,0
w364761309,,0.117,183,19,26,31,57,0
w1134262510,,0.115,155,19,25,30,55,0
r9313016,,0.114,253,26,29,39,68,0
w1337340288,,0.114,123,15,20,30,50,0
w669794220,,0.113,152,19,20,25,45,0
w257478111,,0.113,166,20,23,35,58,0
w1175444856,,0.113,135,17,23,29,52,0
w1179995969,,0.113,150,19,24,29,53,0
w348102530,,0.111,118,14,16,17,33,0
w1176386682,,0.111,147,17,24,28,52,0
w1425759167,,0.111,153,18,24,23,47,0
w1239853301,,0.108,210,23,27,35,62,0
w1173732096,,0.105,130,17,22,26,48,0
w348099344,,0.104,115,13,16,20,36,0
w515235445,,0.104,188,21,25,30,55,0
w1495362210,,0.103,117,14,23,27,50,0
w348099373,,0.102,114,14,15,18,33,0
w1455401194,,0.102,131,16,23,26,49,0
w1175264175,,0.101,195,20,29,33,62,0
w1261518967,,0.1,195,21,22,32,54,0
w185473801,,0.1,123,15,21,30,51,0
w1174604093,,0.098,195,21,18,24,42,0
w1219569934,,0.098,111,16,14,17,31,0
w1219569935,,0.098,111,13,9,11,20,0
w138980171,Subramanya Swamy Temple Kalyani,0.098,126,16,21,30,51,0
w726595874,,0.098,111,13,10,10,20,0
w1110950021,Bingipura Lake,0.097,136,17,19,25,44,0
w570600507,,0.094,137,16,22,30,52,0
w431601659,,0.094,124,16,19,25,44,0
w1383962901,,0.094,123,14,25,27,52,0
w1175624142,,0.093,130,16,21,29,50,0
w1164667837,,0.093,144,18,23,32,55,0
w1174604447,,0.093,122,15,21,28,49,0
w1175212543,,0.092,125,14,10,12,22,0
w1164546819,,0.092,132,17,20,28,48,0
w431601660,,0.092,132,17,20,31,51,0
w726595863,,0.091,121,16,23,24,47,0
w1179982242,,0.091,143,16,23,29,52,0
r20959896,,0.091,182,19,22,29,51,0
w1267736390,,0.089,186,20,29,32,61,0
w1176847603,,0.089,152,17,21,25,46,0
w1175262174,,0.089,129,12,13,22,35,0
w1488662374,,0.089,123,17,20,28,48,0
w1511058428,,0.088,164,18,26,31,57,0
w1175212541,,0.088,123,15,12,10,22,0
w1510438594,,0.087,118,14,21,28,49,0
w1176855690,,0.087,126,14,17,20,37,0
w1223175869,,0.087,127,17,21,29,50,0
w257478112,,0.087,149,17,24,29,53,0
w1057089158,,0.086,147,17,22,28,50,0
w1174690175,,0.086,118,15,21,27,48,0
w1175212539,,0.086,122,15,16,17,33,0
w1229020391,,0.085,126,18,20,29,49,0
w1243757188,,0.084,202,25,29,34,63,0
w1025447747,,0.084,131,15,21,21,42,0
w1343713010,,0.084,147,18,23,31,54,0
w1176113943,,0.084,117,15,22,26,48,0
w1175212545,,0.084,119,15,15,18,33,0
w1164642158,,0.084,112,13,19,29,48,0
w1182174704,,0.082,142,19,22,30,52,0
w1176325030,,0.082,137,17,23,28,51,0
w1174677144,,0.082,113,14,20,26,46,0
w431601658,,0.081,128,18,21,29,50,0
w1181958952,,0.08,103,14,20,25,45,0
w669515509,,0.08,177,21,22,28,50,0
w1175626023,,0.079,107,12,21,25,46,0
w431601654,,0.078,111,14,21,25,46,0
w1164135398,,0.078,112,14,22,27,49,0
w1179995808,,0.077,114,13,21,28,49,0
w1173133412,,0.076,167,16,20,27,47,0
w1179995804,,0.076,110,15,21,26,47,0
w1305616374,,0.074,135,16,23,29,52,0
w1176520685,,0.074,122,15,23,25,48,0
w1164540848,,0.074,106,15,21,24,45,0
w1164332938,,0.073,121,14,23,27,50,0
w1164332936,,0.073,102,12,20,26,46,0
w1176346644,,0.073,110,14,20,30,50,0
w1495379463,,0.073,111,13,21,27,48,0
w1173733407,,0.073,116,15,19,30,49,0
w1346135015,,0.072,109,13,16,19,35,0
w128229793,,0.072,114,15,19,31,50,0
w431601657,,0.072,103,13,17,20,37,0
w1286010835,,0.072,117,15,21,30,51,0
w1164669521,,0.071,108,16,19,28,47,0
w406706624,,0.07,112,14,21,27,48,0
w774644017,,0.07,100,12,19,27,46,0
w437657911,,0.07,102,14,19,27,46,0
w1181938913,,0.07,129,16,21,27,48,0
w1076398556,,0.069,105,13,20,27,47,0
w1176525296,,0.069,105,14,19,26,45,0
w1368284551,,0.068,105,15,20,25,45,0
w235192544,,0.068,168,21,27,32,59,0
w1164669511,,0.067,111,14,18,24,42,0
w1495362207,,0.067,102,13,19,19,38,0
w1318316739,,0.067,113,12,11,12,23,0
w1216191640,,0.067,126,15,22,28,50,0
w1176853979,,0.067,110,15,17,23,40,0
w1268365616,,0.067,106,14,20,26,46,0
w431601661,,0.065,116,13,19,22,41,0
w1176053951,,0.064,101,12,21,25,46,0
w1552804496,,0.064,90,12,19,26,45,0
w1176859307,,0.063,119,15,18,26,44,0
w1174632118,,0.063,108,14,20,25,45,0
w1179988378,,0.063,101,14,19,26,45,0
w1164332939,,0.063,135,17,22,31,53,0
w1181720334,,0.063,120,13,21,28,49,0
w1180630435,,0.062,94,13,17,27,44,0
w1175407490,,0.062,100,13,20,27,47,23
w1176347713,,0.062,100,12,22,24,46,0
w1176113868,,0.061,96,13,20,25,45,0
w1180365100,,0.059,139,15,21,27,48,0
r15086084,,0.058,133,14,21,26,47,0
w1545450033,,0.058,97,12,19,25,44,0
w1175791291,,0.058,100,12,20,23,43,0
w1175428175,,0.057,101,15,18,28,46,0
w1179990960,,0.057,106,13,21,27,48,0
w1172956795,,0.057,96,13,16,23,39,0
w1194662286,,0.057,91,12,19,23,42,0
w1175625929,,0.057,160,20,22,28,50,0
w1169514921,,0.057,103,13,20,28,48,0
w1178509950,,0.056,95,14,18,26,44,0
w1174209047,,0.056,111,17,18,26,44,0
w1180240085,,0.056,95,13,20,26,46,0
w1189065728,,0.056,95,11,21,24,45,0
w1175824111,,0.055,144,17,23,28,51,0
w1216749665,,0.055,139,16,21,25,46,0
w1175440587,,0.054,95,13,18,26,44,0
w1164667816,,0.054,93,12,17,24,41,0
w169709332,,0.054,93,13,18,25,43,0
w1164546847,,0.054,94,13,17,23,40,0
w1171485254,,0.054,93,12,19,25,44,0
w1164669522,,0.053,110,12,23,27,50,0
w1173732097,,0.053,119,16,21,27,48,0
w1175734414,,0.052,101,13,19,27,46,0
w1179908699,,0.052,96,12,20,23,43,0
w1173133410,,0.052,98,14,16,25,41,0
w1176519539,,0.051,90,12,18,24,42,0
w1551919266,,0.051,90,12,19,26,45,0
w1558843839,,0.051,87,14,17,25,42,0
w1179908978,,0.051,91,13,17,25,42,0
w1164540849,,0.05,93,13,18,27,45,0
w1179987012,,0.05,90,13,18,23,41,0
w1180256142,,0.05,99,13,19,25,44,0
w1171486243,,0.05,94,13,20,25,45,0
w1176512306,,0.05,90,12,19,24,43,0
w1180240728,,0.05,89,12,17,30,47,0
w1179988373,,0.05,89,11,14,16,30,0
w1179995798,,0.05,90,14,18,23,41,0
w1188425442,,0.05,89,13,18,24,42,0
w1196236146,,0.05,87,11,20,23,43,0
w1179905981,,0.05,90,14,18,25,43,0
w1164667824,,0.049,88,12,18,24,42,0
w1221252647,,0.049,144,18,22,29,51,0
w1181958953,,0.049,82,10,19,21,40,0
w1113554302,,0.048,93,13,18,22,40,0
w1175212557,,0.048,88,14,13,24,37,0
w1172956792,,0.048,88,12,17,25,42,0
w1425759165,,0.048,82,13,14,14,28,0
w1164546849,,0.048,89,12,20,23,43,0
w555922211,Goose Lake,0.048,93,12,18,23,41,0
w1179985718,,0.047,80,11,16,19,35,0
w741215953,,0.047,87,12,18,25,43,0
w1174697401,,0.047,90,14,17,26,43,0
w35423467,,0.047,86,12,17,24,41,0
w1179903444,,0.047,81,10,19,24,43,0
w1174067154,,0.046,86,10,19,26,45,0
w1177777119,,0.046,85,10,21,23,44,0
w1173732095,,0.046,103,11,21,24,45,0
w1181923846,,0.046,92,15,17,25,42,0
w1419396938,,0.046,85,11,19,25,44,0
w1189927172,,0.046,91,11,19,25,44,0
w1191240333,,0.045,90,13,15,23,38,0
w1176319680,,0.045,91,13,17,25,42,0
w1182402651,,0.045,94,13,18,25,43,0
w1176124223,,0.045,98,10,17,26,43,11
w1176312177,,0.045,91,12,17,26,43,0
w1176125890,,0.045,85,12,16,25,41,0
w181986066,,0.045,96,12,18,26,44,0
w745361544,,0.045,85,11,18,24,42,0
w1174592724,,0.045,89,12,16,25,41,0
w1175856591,,0.045,79,12,17,24,41,0
w1173732100,,0.045,89,12,17,21,38,0
w1174208858,,0.045,85,15,18,24,42,0
w1176346298,,0.045,99,11,17,18,35,0
w1176520671,,0.044,84,11,21,21,42,0
w1533876183,,0.044,81,10,18,22,40,0
w1175631326,,0.044,83,11,18,25,43,0
w1174054888,,0.044,99,12,10,14,24,0
w1164540846,,0.044,84,13,18,23,41,0
w1180131860,,0.044,84,11,19,22,41,0
w1164540847,,0.044,84,12,19,22,41,0
w232207308,,0.044,91,11,19,23,42,0
w1173732099,,0.044,101,12,17,23,40,0
w1177574035,,0.043,83,12,16,25,41,0
w1174061482,,0.043,83,12,19,23,42,0
w1197463473,,0.043,96,13,17,22,39,0
w570611331,,0.043,97,12,20,23,43,0
w1176512329,,0.043,83,10,20,23,43,0
w1164332940,,0.042,90,14,18,25,43,0
w1180242330,,0.042,82,13,15,27,42,0
w1174057554,,0.042,83,11,19,24,43,0
w1180366323,,0.041,105,16,18,27,45,0
w1171446564,,0.041,81,10,20,23,43,0
w1175409239,,0.041,82,12,18,22,40,0
w1181938920,,0.041,83,10,18,22,40,0
w1176311880,,0.041,91,12,19,26,45,0
w431601656,,0.041,124,16,21,28,49,0
w1177879911,,0.041,81,12,17,25,42,0
w1196236145,,0.041,89,12,18,25,43,0
w1365989915,,0.041,93,12,17,23,40,0
w1164669513,,0.041,83,12,17,24,41,0
w1175212540,,0.041,88,11,16,16,32,0
w1179988376,,0.04,80,12,18,25,43,0
w1177458111,,0.04,80,11,16,24,40,0
w1558462452,,0.04,80,12,18,23,41,0
w1181718007,,0.04,80,12,19,23,42,0
w1164540822,,0.04,90,11,21,24,45,0
w1180135653,,0.04,80,11,17,25,42,0
w1164546810,,0.04,80,12,17,25,42,0
w1174209048,,0.04,80,11,17,25,42,0
w1169164945,,0.04,81,11,18,25,43,0
w1179978900,,0.04,80,11,17,23,40,0
w1164333623,,0.04,80,10,19,25,44,0
w1179908979,,0.04,80,10,16,25,41,0
w1176329252,,0.04,90,12,17,24,41,0
w1429653196,,0.04,79,11,16,21,37,0
w1177759412,,0.039,79,12,16,25,41,0
w1384438437,,0.039,79,12,18,23,41,0
w1177474969,,0.039,79,11,18,24,42,0
w1179680705,,0.039,79,10,19,24,43,0
w1179985724,,0.039,79,12,15,21,36,0
w1179995802,,0.038,78,11,17,23,40,0
w1164540851,,0.038,78,11,17,23,40,0
w1177453519,,0.038,78,15,17,22,39,0
w688590268,Oracle Tech Hub Entrance Fountain,0.038,88,12,18,26,44,0
w1178509951,,0.038,78,11,16,25,41,0
w1180162330,,0.038,78,11,18,22,40,0
w1176525288,,0.038,81,11,17,23,40,0
w1164546811,,0.038,76,10,16,24,40,0
w1164546830,,0.038,79,11,18,22,40,0
w1164667841,,0.038,78,11,16,24,40,0
w1173737900,,0.038,79,12,16,21,37,0
w1173733401,,0.038,92,12,20,25,45,0
w1182391014,,0.037,77,10,17,22,39,0
w1175624940,,0.037,77,12,16,25,41,0
w1164132586,,0.037,77,10,17,25,42,0
w1173732106,,0.037,80,11,17,24,41,0
w1174054889,,0.037,79,7,10,13,23,0
w1180255317,,0.037,77,11,18,23,41,0
w1164540813,,0.036,85,12,18,23,41,0
w1174067152,,0.036,76,11,15,26,41,0
w1177879909,,0.036,76,9,19,22,41,0
w1176310674,,0.036,76,10,16,24,40,0
w1171485253,,0.036,76,10,19,24,43,0
w1171487458,,0.036,76,13,18,22,40,0
w1164132587,,0.036,76,13,17,23,40,0
w1176855689,,0.036,111,16,16,26,42,0
w777638967,,0.036,77,12,15,25,40,0
w1176520656,,0.036,76,11,16,23,39,0
w1164540811,,0.036,78,10,17,22,39,0
w273780385,,0.036,82,12,17,25,42,0
w1180153908,,0.035,75,10,17,23,40,0
w1172956794,,0.035,79,12,16,19,35,0
w1173738117,,0.035,75,10,17,24,41,0
w1174697344,,0.035,76,12,17,24,41,0
w1174054147,,0.035,75,10,16,24,40,0
w1176859306,,0.035,85,10,17,22,39,0
w1189946100,,0.035,83,14,17,22,39,0
w1238825783,,0.035,75,11,17,25,42,0
w1164333624,,0.035,75,12,16,24,40,0
w1178007707,,0.035,89,11,19,23,42,0
w1179980911,,0.034,73,10,16,24,40,0
w1174496057,,0.034,78,11,16,25,41,0
w1127816676,,0.034,164,15,16,28,44,0
w1176589389,,0.034,74,11,16,22,38,0
w403476601,,0.034,75,10,18,23,41,0
w1176319506,,0.034,75,12,16,23,39,0
w1176316360,,0.034,74,10,17,24,41,0
w1179985726,,0.033,73,12,16,23,39,0
w1230817651,,0.033,73,10,16,24,40,0
w1176316167,,0.033,73,10,16,23,39,0
w1179995970,,0.033,90,12,18,25,43,0
w1176551811,,0.033,77,10,17,24,41,0
w1176343083,,0.033,88,12,16,25,41,0
w1558462263,,0.033,107,14,19,27,46,0
w1176512310,,0.033,73,11,17,23,40,0
w1558462453,,0.033,74,10,15,27,42,0
w1179757030,,0.033,73,11,17,22,39,0
w1528352400,,0.033,169,19,27,31,58,0
w1176125463,,0.033,86,12,18,22,40,0
w231567147;w231567149;w231567152,,0.033,141,17,22,29,51,0
w1528352404,,0.033,88,12,18,23,41,0
w1164546808,,0.033,74,10,19,22,41,0
w1176520674,,0.033,73,10,17,23,40,0
w673580191,,0.032,73,11,17,23,40,0
w1219569937,,0.032,64,10,16,19,35,0
w1259028677,,0.032,76,12,16,18,34,0
w1164639838,,0.032,77,11,17,23,40,0
w1164244332,,0.032,72,11,17,23,40,0
w1219569936,,0.032,64,10,14,19,33,0
w1175624141,,0.032,71,13,16,20,36,0
w1179903446,,0.032,72,11,16,23,39,0
w1176326695,,0.032,72,10,15,24,39,0
w1196257039,,0.032,71,10,16,22,38,0
w1176520660,,0.032,72,11,17,23,40,0
w1284192698,,0.032,100,14,18,27,45,0
w1176312986,,0.032,71,10,16,22,38,0
w1177474968,,0.032,71,10,18,23,41,0
w1164644224,,0.032,67,9,16,22,38,0
w1176512314,,0.032,73,10,18,21,39,0
w1164667835,,0.032,73,11,17,22,39,0
w1176542606,,0.031,66,10,16,21,37,0
w1176352153,,0.031,71,11,16,22,38,0
w1178268127,,0.031,70,10,17,22,39,0
w1164135397,,0.031,71,9,17,21,38,0
w1164667840,,0.031,70,10,15,24,39,0
w1164546831,,0.031,70,10,17,22,39,0
w1176386680,,0.031,85,12,15,23,38,0
w1175269585,,0.031,65,9,17,21,38,0
w1164546815,,0.031,71,11,15,24,39,0
w1189927021,,0.031,72,9,15,24,39,0
w1176526468,,0.031,71,10,17,22,39,0
w1189927028,,0.031,72,9,15,22,37,0
w1176348277,,0.03,62,10,14,23,37,0
w1176512321,,0.03,70,10,17,22,39,0
w1174697418,,0.03,69,11,17,22,39,0
w1180162331,,0.03,69,10,17,23,40,0
w1178257742,,0.03,62,11,14,24,38,0
w1475016475,,0.03,70,10,15,25,40,0
w856456080,Rainwater pit,0.03,72,10,16,24,40,0
w1164644110,,0.03,68,10,16,26,42,0
w1171063574,,0.03,70,11,15,23,38,0
w1164644107,,0.03,67,9,18,22,40,0
w1178268120,,0.03,69,11,17,21,38,0
w1189944601,,0.03,81,10,17,21,38,0
w1186494031,,0.03,71,11,13,26,39,0
w1557523254,,0.03,127,13,20,25,45,0
w1164667817,,0.03,69,10,16,25,41,0
w1164540850,,0.03,69,10,16,25,41,0
w1179978898,,0.03,69,11,17,22,39,0
w1164546816,,0.03,75,11,16,23,39,0
w1181710085,,0.03,77,11,14,20,34,0
w1177879910,,0.03,70,10,16,23,39,0
w1177544207,,0.029,68,10,16,22,38,0
w1327169692,,0.029,78,11,18,23,41,0
w1176512319,,0.029,76,10,17,22,39,0
w1179957508,,0.029,68,11,17,22,39,0
w1197318814,,0.029,68,9,11,10,21,0
w1164540829,,0.029,68,10,16,24,40,0
w1179981170,,0.029,68,9,18,22,40,0
w1164546828,,0.029,69,10,15,23,38,0
w1177488761,,0.029,69,9,17,22,39,0
w1176589501,,0.029,68,11,16,22,38,0
w1179978897,,0.029,69,10,17,21,38,0
w1173737898,,0.029,70,10,15,22,37,0
w1164546846,,0.029,72,12,16,20,36,0
w1178509954,,0.029,68,9,17,21,38,0
w1181712226,,0.029,70,12,16,22,38,0
w570607387,,0.029,71,10,16,22,38,0
w1179987010,,0.029,68,10,16,23,39,0
w1176859301,,0.028,60,10,15,21,36,0
w1180144618,,0.028,78,8,20,22,42,0
w1175715792,,0.028,68,11,17,20,37,0
w1164546842,,0.028,68,10,16,22,38,0
w1164540838,,0.028,67,10,16,22,38,0
w1533904210,,0.028,103,12,18,24,42,0
w1176319385,,0.028,70,10,16,23,39,0
w1174584922,,0.028,83,11,16,23,39,0
w1187891463,,0.028,99,12,20,26,46,0
w1189929794,,0.028,69,9,17,19,36,0
w1179903445,,0.028,67,11,16,22,38,0
w1176386253,,0.028,70,10,16,23,39,0
w1182391017,,0.028,72,9,17,24,41,0
w1174054145,,0.028,65,10,15,23,38,0
w1179905979,,0.028,67,10,15,24,39,0
w1164546803,,0.028,70,10,17,22,39,0
w1175264181,,0.028,66,9,17,21,38,0
w1361612981,,0.028,81,10,18,22,40,3
w1176525294,,0.028,66,11,16,23,39,0
w264103051,,0.028,60,10,16,20,36,0
w1177457962,,0.028,71,10,17,23,40,0
w1179995806,,0.027,66,11,15,23,38,0
w1178509949,,0.027,66,10,17,21,38,0
w1181710086,,0.027,71,11,12,22,34,0
w1182417192,,0.027,65,9,17,22,39,0
w1185431031,,0.027,66,12,15,23,38,0
w1383962908,,0.027,67,10,15,24,39,0
w1179995800,,0.027,66,9,17,21,38,0
w1178726635,,0.027,80,11,18,22,40,0
w1179656527,,0.027,66,10,17,21,38,0
w1533904211,,0.027,87,9,17,25,42,0
w1176124222,,0.027,83,7,13,22,35,4
w1176528211,,0.027,67,9,16,22,38,0
w1176525287,,0.027,65,9,17,21,38,0
w1176317608,,0.027,65,10,16,21,37,0
w1176520667,,0.027,69,10,18,20,38,0
w1176520655,,0.027,67,9,16,23,39,0
w1174049654,,0.027,66,9,17,21,38,0
w1172956796,,0.027,66,9,17,21,38,0
w1533904217,,0.027,100,10,19,21,40,0
w1164241842,,0.026,65,9,18,20,38,0
w1175212556,,0.026,65,9,13,23,36,0
w1177488762,,0.026,64,8,16,20,36,0
w1353889334,,0.026,64,10,18,20,38,0
w1174057553,,0.026,65,9,16,21,37,0
w1176512307,,0.026,66,10,16,22,38,0
w1164335690,,0.026,67,8,17,22,39,0
w1169789972,,0.026,65,9,16,23,39,0
w1176528210,,0.026,67,10,16,21,37,0
w1176054039,,0.026,66,9,17,22,39,0
w1262484057,,0.026,65,10,14,17,31,0
w1262484056,,0.026,65,9,17,21,38,0
w1173613615,,0.026,68,10,16,23,39,0
w1176085293,,0.026,65,10,15,23,38,0
w1177878872,,0.026,65,11,14,23,37,0
w1177879912,,0.026,65,10,16,22,38,0
w1259028676,,0.026,69,8,16,23,39,0
w1259028675,,0.026,67,10,15,17,32,0
w1176317592,,0.026,65,10,16,22,38,0
w257454069,Kalyani,0.026,65,9,17,21,38,0
w1175212555,,0.026,71,9,11,21,32,0
w1164333628,,0.026,63,10,15,22,37,0
w1164546840,,0.026,66,11,15,24,39,0
w1174699603,,0.026,89,12,20,23,43,0
w1174697936,,0.026,65,9,18,22,40,0
w1176522544,,0.025,74,11,17,23,40,0
w1196236147,,0.025,71,10,16,25,41,0
w1164540817,,0.025,63,10,17,21,38,0
w1174496230,,0.025,64,9,17,16,33,0
w1179757031,,0.025,65,10,18,20,38,0
w1174058222,,0.025,64,11,15,22,37,0
w1164667819,,0.025,69,9,18,22,40,0
w1178509955,,0.025,63,10,14,24,38,0
w1109877073,,0.025,73,9,15,24,39,0
w556663324,,0.025,70,8,13,27,40,0
w611102294,,0.025,63,10,17,22,39,0
w1179995794,,0.025,64,9,16,23,39,0
w1180365102,,0.025,66,10,16,22,38,0
w1176513395,,0.025,64,9,16,21,37,0
w1216191638,,0.025,64,10,16,21,37,0
w1180144620,,0.025,70,11,17,23,40,0
w1175795607,,0.025,64,10,14,24,38,0
w1176512322,,0.025,63,10,15,21,36,0
w1180171216,,0.025,64,9,16,23,39,0
w1164132590,,0.025,64,10,15,24,39,0
w1461512233,,0.025,67,10,17,21,38,0
w1178019368,,0.025,63,10,15,23,38,0
w1175212552,,0.025,64,7,9,17,26,0
w1179985721,,0.025,63,8,16,21,37,0
w1174058227,,0.025,63,9,15,22,37,0
w1171610575,,0.025,68,10,18,21,39,0
w1176290225,,0.025,73,10,18,23,41,0
w1177458114,,0.025,63,9,16,22,38,0
w1460084769,,0.024,62,8,17,15,32,0
w1181927464,,0.024,62,10,15,23,38,0
w1178268122,,0.024,62,10,15,24,39,0
w1176853980,,0.024,82,11,16,18,34,0
w1176589404,,0.024,74,11,17,24,41,0
w1176513475,,0.024,62,10,15,21,36,0
w1179988375,,0.024,62,10,16,22,38,0
w1164546832,,0.024,63,9,17,22,39,0
w1176847604,,0.024,93,12,12,20,32,0
w1221252642,,0.024,62,10,14,22,36,0
w1176512313,,0.024,62,10,14,22,36,0
w1178070210,,0.024,69,9,16,23,39,0
w556663323,,0.024,70,8,15,22,37,0
w1178008122,,0.024,62,9,15,19,34,0
w1177820726,,0.023,61,9,15,22,37,0
w1177239039,,0.023,60,11,14,23,37,0
w1216762497,,0.023,66,10,15,25,40,0
w1184906525,,0.023,61,9,18,21,39,0
w1177758713,,0.023,61,10,15,20,35,0
w775442596,,0.023,93,11,20,24,44,0
w1171913307,,0.023,61,10,14,22,36,0
w1164642162,,0.023,63,9,16,22,38,0
w1173734194,,0.023,60,9,17,22,39,0
w1175791289,,0.023,69,10,15,24,39,0
w1176332039,,0.023,56,9,15,21,36,0
w1173741441,,0.023,61,9,15,22,37,0
w1215962488,,0.023,61,10,15,20,35,0
w1180153907,,0.023,61,8,17,21,38,0
w1176520668,,0.023,60,10,15,22,37,0
w1179903448,,0.023,67,10,15,24,39,0
w1176520821,,0.023,60,8,16,21,37,0
w1230838854,,0.023,61,10,15,24,39,0
w1236087649,,0.023,108,14,20,25,45,0
w1179899303,,0.023,60,9,13,17,30,0
w1180131843,,0.023,66,9,17,21,38,0
w1176125766,,0.023,64,8,18,20,38,0
w1173480745,,0.023,61,9,17,21,38,0
w1175306076,,0.023,61,8,17,21,38,0
w1259028678,,0.023,65,10,16,20,36,0
w1179987011,,0.023,55,9,15,20,35,0
w1176318056,,0.023,60,9,15,22,37,0
w348099370,,0.023,54,9,11,6,17,0
w1176318136,,0.023,60,10,15,21,36,0
w1179988377,,0.023,61,10,14,21,35,0
w1176318339,,0.023,60,9,14,22,36,0
w1176318341,,0.023,60,9,12,24,36,0
w1164667829,,0.023,60,8,17,19,36,0
w1164641389,,0.023,60,10,16,21,37,0
r19599707,,0.022,107,12,20,23,43,0
w1176053967,,0.022,59,9,16,20,36,0
w1238825784,,0.022,59,9,16,21,37,0
w1164333621,,0.022,59,9,16,21,37,0
w1176312347,,0.022,59,9,15,22,37,0
w1176512318,,0.022,61,10,15,21,36,0
w1179654472,,0.022,59,10,15,19,34,0
w1177777377,,0.022,59,8,16,18,34,0
w1176113869,,0.022,60,10,14,22,36,0
w1164333629,,0.022,75,13,18,21,39,0
w1176289425,,0.022,60,8,15,24,39,0
w1176554201,,0.022,62,9,14,23,37,0
w1176323781,,0.022,59,9,15,21,36,0
w1176323811,,0.022,59,10,15,23,38,0
w1174697769,,0.022,60,8,18,19,37,0
w1164669517,,0.022,60,8,16,20,36,0
w1216200233,,0.022,59,10,14,25,39,0
w1164546817,,0.022,55,8,13,23,36,0
w1177455144,,0.022,68,10,15,22,37,0
w1178257740,,0.022,60,9,16,21,37,0
w1175715557,,0.022,59,10,14,21,35,0
w1182424150,,0.022,60,9,14,21,35,0
w1180153910,,0.022,59,11,15,21,36,0
w1180131844,,0.022,60,11,15,21,36,0
w1179892527,,0.022,59,8,16,20,36,0
w1180240727,,0.022,60,8,15,21,36,0
w1176521841,,0.022,59,10,16,22,38,0
w1178257741,,0.022,60,10,14,23,37,0
w1174057549,,0.022,60,9,16,22,38,0
w1176520664,,0.022,59,9,15,19,34,0
w1392651418,,0.022,54,8,16,20,36,0
w1455708462,,0.022,61,11,15,23,38,0
w1164546809,,0.022,60,8,17,20,37,0
w1164540857,,0.022,60,9,15,21,36,0
w1176554199,,0.021,56,8,15,22,37,0
w1176520681,,0.021,58,9,14,21,35,0
w1174697934,,0.021,59,8,14,23,37,0
w1169983882,,0.021,57,9,15,22,37,0
w1176317925,,0.021,58,9,14,22,36,0
w1178007703,,0.021,57,9,15,22,37,0
w1178007704,,0.021,57,9,16,21,37,0
w1176317808,,0.021,58,10,14,24,38,0
w1164132588,,0.021,58,9,16,21,37,0
w1188389046,,0.021,59,11,16,21,37,0
w1178509952,,0.021,59,10,15,20,35,0
w1178007714,,0.021,69,8,16,22,38,0
r21390340,,0.021,75,8,17,19,36,0
w1445695938,,0.021,52,8,14,22,36,0
w1176512327,,0.021,61,9,15,21,36,0
w1231877399,,0.021,61,9,13,17,30,0
w1171485618,,0.021,59,9,17,21,38,0
w1178009579,,0.021,58,9,14,22,36,0
w1176125462,,0.021,59,8,17,21,38,0
w1164667823,,0.021,59,9,15,18,33,0
w1179985720,,0.021,60,9,15,23,38,0
w1177458115,,0.021,58,9,14,23,37,0
w1177458113,,0.021,58,10,14,21,35,0
w1242730691,,0.021,68,8,16,20,36,0
w1182639771,,0.021,61,9,15,22,37,0
w1180127092,,0.021,59,9,14,23,37,0
w1169514922,,0.021,57,9,14,20,34,0
w1177546371,,0.021,56,9,15,21,36,0
w1176333532,,0.021,65,9,18,23,41,0
w1173729533,,0.021,58,7,16,21,37,0
w1512948235,,0.021,58,10,14,22,36,0
w1180365110,,0.021,58,10,15,20,35,0
w1180365111,,0.021,58,8,16,20,36,0
w1176326491,,0.021,60,8,17,19,36,0
w1164335691,,0.021,61,10,14,25,39,0
w1173730124,,0.021,61,10,14,21,35,0
w1176327649,,0.021,51,9,15,20,35,0
w1268357433,,0.021,106,15,19,26,45,0
w1189930573,,0.02,56,9,16,20,36,0
w1197463458,,0.02,69,10,14,24,38,0
w1164540836,,0.02,57,10,16,20,36,0
w1171486244,,0.02,58,9,15,21,36,0
w1174629011,,0.02,57,9,15,21,36,0
w1164641351,,0.02,57,9,14,21,35,0
w1176513653,,0.02,57,9,16,20,36,0
w1174719202,,0.02,57,8,15,21,36,0
w1194660534,,0.02,56,9,16,20,36,0
w1164540841,,0.02,57,9,15,21,36,0
w1177458117,,0.02,57,9,14,20,34,0
w1169789966,,0.02,57,9,14,23,37,0
w1178267621,,0.02,56,8,16,20,36,0
w1176512326,,0.02,58,9,14,22,36,0
w1238272370,,0.02,57,8,15,23,38,0
w1176526470,,0.02,57,9,15,20,35,0
w1164540821,,0.02,57,9,17,20,37,0
w1180394604,,0.02,56,9,14,21,35,0
w1176279682,,0.02,57,8,15,23,38,0
w1238272371,,0.02,57,8,16,20,36,0
w1171614243,,0.02,54,9,14,21,35,0
w1242730690,,0.02,53,8,14,20,34,0
w1221252643,,0.02,63,9,16,17,33,0
w1178008123,,0.02,56,7,15,21,36,0
w1495380803,,0.02,57,9,16,20,36,0
w1164540815,,0.02,57,10,15,21,36,0
w1164335688,,0.02,56,8,14,22,36,0
w1164335687,,0.02,57,9,16,20,36,0
w1175521515,,0.02,56,8,16,21,37,0
w1429653195,,0.02,54,8,13,22,35,0
w1261518968,,0.02,56,7,14,18,32,0
w1179656537,,0.02,57,10,14,22,36,0
w1178268129,,0.02,57,9,15,23,38,0
w1176520819,,0.02,56,9,14,22,36,0
w1176847602,,0.02,52,7,14,22,36,0
w1181258131,,0.02,56,9,14,21,35,0
w1176113808,,0.02,57,8,16,22,38,0
w1164540812,,0.02,57,8,18,21,39,0
w1191239411,,0.02,72,10,15,24,39,0
w1176520653,,0.02,57,9,14,21,35,0
w1174057759,,0.02,57,9,15,15,30,0
w1216749666,,0.02,56,9,16,21,37,0
w1197463457,,0.02,69,10,16,20,36,0
w1174496056,,0.02,63,9,16,21,37,0
w1178033823,,0.019,56,8,15,22,37,0
w1173733406,,0.019,55,9,14,19,33,0
w1174062671,,0.019,56,9,15,20,35,0
w1164642161,,0.019,55,8,15,21,36,0
w1182402668,,0.019,55,8,15,21,36,0
w1216200235,,0.019,56,8,14,22,36,0
w1176053787,,0.019,55,9,14,21,35,0
w1173198970,,0.019,66,9,17,21,38,2
w1178070199,,0.019,58,8,15,20,35,0
w1189944544,,0.019,65,9,14,21,35,0
w1179903447,,0.019,55,9,15,21,36,0
w1164639839,,0.019,56,8,15,21,36,0
w1182424149,,0.019,56,10,15,21,36,0
w1174057760,,0.019,55,8,15,22,37,0
w1181947123,,0.019,56,8,16,22,38,0
w1175304917,,0.019,56,9,14,21,35,0
w1197463456,,0.019,64,11,15,23,38,0
w1176520665,,0.019,56,8,16,18,34,0
w1181710082,,0.019,55,8,15,22,37,0
w1176319484,,0.019,56,10,14,22,36,0
w1179988374,,0.019,55,8,16,21,37,0
w1176319637,,0.019,56,8,15,22,37,0
w1176317887,,0.019,55,8,14,23,37,0
w1177775506,,0.019,55,9,16,20,36,0
w1164669516,,0.019,55,9,16,20,36,0
w1384438453,,0.019,57,10,15,21,36,0
w1164540858,,0.019,55,8,15,20,35,0
w1178008129,,0.019,55,9,13,20,33,0
w1177450760,,0.019,54,9,14,22,36,0
w1176320715,,0.019,55,8,15,21,36,0
w1176319442,,0.019,56,9,16,20,36,0
w1176331803,,0.019,60,8,16,21,37,0
w766601990,,0.019,72,11,15,23,38,0
w1169237661,,0.019,55,8,16,23,39,0
w1176829559,,0.019,49,8,15,20,35,0
w1164540845,,0.019,55,9,16,21,37,0
w1164667815,,0.019,55,8,15,22,37,0
w1164667838,,0.019,54,9,15,20,35,0
w1180261089,,0.019,55,9,14,22,36,0
w1176520823,,0.019,56,10,14,22,36,0
w1164644109,,0.019,56,8,16,20,36,0
w1173732094,,0.018,51,8,14,20,34,0
w1175262986,,0.018,54,9,15,21,36,0
w1169237660,,0.018,53,10,14,20,34,0
w1206768387,,0.018,63,9,16,22,38,0
w1182424146,,0.018,55,10,15,21,36,0
w1181938909,,0.018,54,9,15,21,36,0
w1164237313,,0.018,55,10,16,20,36,0
w1196236141,,0.018,54,8,15,23,38,0
w1366865111,,0.018,54,8,15,21,36,0
w1196257035,,0.018,54,9,14,22,36,0
w1164669525,,0.018,54,8,16,22,38,0
w1175264180,,0.018,64,10,15,22,37,0
w1178251132,,0.018,55,9,16,21,37,0
w1174058224,,0.018,55,8,15,22,37,0
w1176512325,,0.018,54,8,15,23,38,0
w1487667119,,0.018,54,8,14,22,36,0
w1176525285,,0.018,60,10,15,23,38,0
w1175628463,,0.018,53,8,14,21,35,0
w1177555963,,0.018,57,8,14,22,36,0
w1495362213,,0.018,53,8,14,21,35,0
w1176521843,,0.018,54,9,14,22,36,0
w1180365099,,0.018,65,8,13,19,32,0
w1175444355,,0.018,53,9,15,19,34,0
w1176520673,,0.018,53,9,14,22,36,0
w1176526469,,0.018,53,8,15,21,36,0
w1176328232,,0.018,54,10,14,22,36,0
w1181927463,,0.018,53,9,14,21,35,0
w1258849487,,0.018,54,9,14,21,35,0
w1174582609,,0.018,52,9,14,20,34,0
w1174604335,,0.018,55,9,14,23,37,0
w1180144254,,0.018,54,8,15,20,35,0
w1174697402,,0.018,54,8,15,21,36,0
w1174067153,,0.018,54,7,17,20,37,0
w1164335683,,0.018,53,9,15,22,37,0
w1164547282,,0.018,55,8,16,21,37,0
w1174062679,,0.018,54,8,15,22,37,0
w1176529577,,0.018,54,8,16,20,36,0
w1193681266,,0.018,56,10,14,22,36,0
w1178033820,,0.018,55,9,14,21,35,0
w1176527730,,0.018,54,9,14,20,34,0
w1177450764,,0.018,53,8,15,20,35,0
w1180146937,,0.018,54,9,14,22,36,0
w1176527729,,0.018,53,8,15,20,35,0
w1164639841,,0.018,51,9,13,23,36,0
w1164332935,,0.018,51,8,13,24,37,0
w1179993102,,0.018,55,8,15,21,36,0
w1177455149,,0.018,53,8,15,22,37,0
w1176053788,,0.018,56,9,15,21,36,0
w1173729536,,0.018,54,8,15,21,36,0
w1179992804,,0.018,53,8,15,21,36,0
w1176527726,,0.018,54,9,16,20,36,0
w1174062933,,0.017,53,8,14,21,35,0
w1175006747,,0.017,54,8,14,20,34,0
w1180127098,,0.017,52,9,14,20,34,0
w1164667828,,0.017,53,8,15,22,37,0
w1164540830,,0.017,52,9,14,20,34,0
w1174062672,,0.017,53,9,14,20,34,0
w1174057761,,0.017,53,8,14,21,35,0
w1180131842,,0.017,54,7,16,22,38,0
w1174719203,,0.017,52,8,14,22,36,0
w1177490486,,0.017,54,9,15,21,36,0
w1164540828,,0.017,55,9,13,24,37,0
w1175304915,,0.017,66,11,14,18,32,0
w1191344312,,0.017,54,9,16,21,37,0
w1366968746,,0.017,52,8,15,21,36,0
w545354286,Halcyon Swimming Pool,0.017,53,9,14,23,37,0
w1182391013,,0.017,52,8,14,21,35,0
w1164335680,,0.017,53,8,14,20,34,0
w1179908977,,0.017,55,9,14,23,37,0
w1164546823,,0.017,52,8,15,21,36,0
w1176512320,,0.017,52,8,16,20,36,0
w1173737899,,0.017,52,9,13,18,31,0
w1179986835,,0.017,52,8,14,22,36,0
w1180394605,,0.017,53,8,14,22,36,0
w1176323819,,0.017,53,8,14,22,36,0
w1176509743,,0.017,52,8,14,21,35,0
w1176314608,,0.017,53,8,15,20,35,0
w1176312757,,0.017,52,8,15,21,36,0
w1178267619,,0.017,55,8,16,20,36,0
w1179995807,,0.017,52,8,15,21,36,0
w1175824110,,0.017,56,9,12,16,28,0
w1176290222,,0.017,47,9,12,21,33,0
w1177555960,,0.017,52,8,14,20,34,0
w1164639843,,0.017,51,9,14,19,33,0
w1174049656,,0.017,52,8,13,23,36,0
w1177820725,,0.017,52,8,14,21,35,0
w1176520662,,0.017,55,9,15,23,38,0
w1181926952,,0.017,53,8,15,21,36,0
w1179982221,,0.017,52,8,16,20,36,0
w1176325832,,0.017,70,10,12,20,32,0
w1176529192,,0.016,54,9,15,20,35,0
w1170536307,,0.016,45,8,14,20,34,0
w1176318117,,0.016,52,7,15,20,35,0
w1164641350,,0.016,50,8,15,20,35,0
w1177450758,,0.016,50,8,15,21,36,0
w1180260340,,0.016,50,8,14,21,35,0
w1178020266,,0.016,51,8,14,21,35,0
w1174062678,,0.016,52,9,16,21,37,0
w1189927315,,0.016,53,8,15,21,36,0
w1179659387,,0.016,52,10,13,16,29,0
w1176315087,,0.016,50,7,16,19,35,0
w1176554200,,0.016,48,8,16,19,35,0
w1164540831,,0.016,51,8,14,22,36,0
w1164333630,,0.016,48,9,14,18,32,0
w1174697400,,0.016,50,8,14,21,35,0
w1174632117,,0.016,51,8,14,16,30,0
w1173134022,,0.016,52,9,15,20,35,0
w1178018335,,0.016,52,8,14,22,36,0
w1179655157,,0.016,51,9,14,19,33,0
w1173729131,,0.016,51,10,14,21,35,0
w1177458109,,0.016,50,8,14,23,37,0
w1197260007,,0.016,54,8,15,21,36,0
w1180171215,,0.016,51,10,15,21,36,0
w1180257381,,0.016,52,8,13,22,35,0
w1164667830,,0.016,51,7,16,18,34,0
w1176520654,,0.016,51,9,14,19,33,0
w1178268121,,0.016,52,9,15,20,35,0
w1197318813,,0.016,52,8,10,17,27,0
w1176513478,,0.016,51,8,14,22,36,0
w1173741442,,0.016,51,8,14,20,34,0
w1178554214,,0.016,51,9,15,22,37,0
w1180365104,,0.016,50,8,14,22,36,0
w1175304140,,0.016,51,8,14,22,36,0
w1487304236,,0.016,51,8,14,20,34,0
w1180183185,,0.016,52,9,14,22,36,0
w1179995809,,0.016,51,7,15,19,34,0
w1179986845,,0.016,50,9,15,19,34,0
w1176131977,,0.016,51,8,14,22,36,0
w1164546812,,0.016,51,7,14,19,33,0
w1176526467,,0.016,51,8,14,19,33,0
w1164667822,,0.016,51,8,14,21,35,0
w1174058226,,0.015,48,8,14,22,36,0
w1164643035,,0.015,47,8,14,19,33,0
w1173615214,,0.015,48,8,14,21,35,0
w1174056854,,0.015,50,8,14,20,34,0
w1164639842,,0.015,51,8,14,20,34,0
w1179982241,,0.015,48,8,14,20,34,0
w1173613616,,0.015,49,7,15,20,35,0
w1164667827,,0.015,47,6,13,20,33,0
w1180144255,,0.015,49,7,15,20,35,0
w1169983881,,0.015,47,8,15,19,34,0
w1180162329,,0.015,49,8,12,21,33,0
w1179985722,,0.015,48,8,15,21,36,0
w1181712225,,0.015,50,8,14,23,37,0
w1181716907,,0.015,46,7,16,19,35,0
w1182424147,,0.015,49,8,12,23,35,0
w1180365105,,0.015,49,8,14,20,34,0
w1174062674,,0.015,49,8,15,20,35,0
w1164667820,,0.015,49,7,14,21,35,0
w1182402665,,0.015,50,8,14,22,36,0
w1181960740,,0.015,49,8,14,22,36,0
w1182424153,,0.015,50,7,16,18,34,0
w1176855687,,0.015,49,8,15,21,36,0
w1175304139,,0.015,49,8,14,21,35,0
w1179649320,,0.015,49,8,14,22,36,0
w1164333631,,0.015,45,6,17,19,36,0
w1179650558,,0.015,49,8,15,19,34,0
w1164335692,,0.015,49,8,15,22,37,0
w1174719207,,0.015,49,7,14,22,36,0
w1174719271,,0.015,48,7,16,18,34,0
w1174746487,,0.015,48,9,15,19,34,0
w1176513392,,0.015,49,8,14,22,36,0
w1164130468,,0.015,49,8,13,21,34,0
w1176509739,,0.015,50,8,14,20,34,0
w1176509736,,0.015,49,8,14,22,36,0
w1178019369,,0.015,49,8,14,21,35,0
w1175440929,,0.015,49,7,15,20,35,0
w1176525313,,0.015,51,9,15,21,36,0
w1175407609,,0.015,49,8,15,20,35,0
w1176328770,,0.015,53,9,11,19,30,0
w1176513476,,0.015,49,9,14,20,34,0
w1178268123,,0.015,49,8,15,22,37,0
w1176324287,,0.015,50,7,15,22,37,0
w1197463468,,0.015,50,8,14,20,34,0
w1164540844,,0.015,49,8,15,20,35,0
w1216200228,,0.015,49,8,14,22,36,0
w1177820736,,0.015,49,8,14,20,34,0
w1164540833,,0.015,49,9,14,21,35,0
w1174697437,,0.015,54,8,16,20,36,0
w1174697489,,0.015,49,8,16,20,36,0
w1176554198,,0.015,50,8,14,22,36,0
w1176520824,,0.015,50,8,15,20,35,0
w1164335686,,0.015,51,9,14,20,34,0
w1177490485,,0.015,51,8,15,20,35,0
w1179654470,,0.015,49,8,14,22,36,0
w1174697935,,0.015,48,7,13,22,35,0
w1176322013,,0.015,49,8,14,20,34,0
w1189930486,,0.015,51,8,13,22,35,0
w1176312804,,0.015,50,8,15,21,36,0
w1175827115,,0.014,42,8,13,14,27,0
w469419561,,0.014,54,8,14,21,35,0
w1216200226,,0.014,50,9,15,20,35,0
w1164642160,,0.014,48,7,15,22,37,0
w1177747993,,0.014,52,9,15,22,37,0
w1099659540,,0.014,48,7,15,20,35,0
w1181940435,,0.014,48,7,15,20,35,0
w1173732104,,0.014,47,8,13,20,33,0
w1180365108,,0.014,47,8,14,18,32,0
w1177758712,,0.014,48,7,14,21,35,0
w1164240621,,0.014,47,8,14,19,33,0
w1180365107,,0.014,47,8,14,19,33,0
w1173734670,,0.014,49,8,14,20,34,0
w1177571876,,0.014,44,8,13,20,33,0
w1175795173,,0.014,48,8,16,20,36,0
w1175791210,,0.014,47,8,14,20,34,0
w1175827113,,0.014,42,6,15,20,35,0
w1181712227,,0.014,47,8,14,20,34,0
w1181926953,,0.014,47,8,15,19,34,0
w1216200229,,0.014,48,8,14,19,33,0
w1176317652,,0.014,47,8,14,19,33,0
w1178008125,,0.014,47,6,15,18,33,0
w1179986846,,0.014,50,8,15,20,35,0
w1176318536,,0.014,49,8,14,21,35,0
w1179990959,,0.014,47,8,14,21,35,0
w1252307871,,0.014,48,8,14,19,33,0
w1252307870,,0.014,48,8,13,22,35,0
w1179992754,,0.014,48,9,14,19,33,0
w1243259765,Kalyani,0.014,47,8,14,15,29,0
w1176324898,,0.014,48,8,14,21,35,0
w1178017536,,0.014,47,9,15,21,36,0
w1164333626,,0.014,47,8,16,20,36,0
w1176125891,,0.014,53,8,13,23,36,0
w1169789967,,0.014,49,7,15,22,37,0
w1174602142,,0.014,49,10,14,22,36,0
w1176352150,,0.014,48,8,16,18,34,0
w1176053994,,0.014,47,8,13,20,33,0
w1178042587,,0.014,48,8,14,21,35,0
w1173729534,,0.014,48,7,12,22,34,0
w1176510336,,0.014,48,8,14,21,35,0
w1216200232,,0.014,48,8,13,19,32,0
w1164644106,,0.014,47,8,14,21,35,0
w1197463471,,0.014,56,10,13,23,36,0
w1182390317,,0.014,47,8,12,22,34,0
w1176521844,,0.014,48,8,12,23,35,0
w1182402652,,0.014,48,8,16,18,34,0
w1164540824,,0.014,48,7,15,21,36,0
w1179654460,,0.014,49,10,14,22,36,0
w370527607,,0.014,45,6,15,21,36,0
w1164641349,,0.014,47,7,15,20,35,0
w1180240720,,0.014,49,7,14,21,35,0
w1164540843,,0.014,50,10,13,22,35,0
w1182424140,,0.014,47,8,15,20,35,0
w1174062932,,0.014,47,7,15,19,34,0
w1376513297,,0.014,47,8,14,20,34,0
w1528352403,,0.014,48,8,13,17,30,0
w1182424145,,0.014,47,8,13,20,33,0
w1179650559,,0.014,48,8,13,22,35,0
w1175212553,,0.014,50,7,10,17,27,0
w1182812732,,0.014,47,7,15,18,33,0
w1164540820,,0.014,48,9,15,20,35,0
w1174062680,,0.014,48,8,14,19,33,0
w1189927286,,0.014,49,8,14,21,35,0
w1164540816,,0.014,48,7,14,22,36,0
w1174697932,,0.014,48,7,12,21,33,0
w1197463472,,0.014,47,8,13,23,36,0
w1177878871,,0.014,47,7,16,19,35,0
w1164643033,,0.014,47,8,14,22,36,0
w1176513657,,0.014,49,9,11,11,22,0
w1426066755,,0.014,55,8,16,22,38,0
w1175554533,,0.014,48,8,14,20,34,0
w1164667831,,0.014,52,9,14,19,33,0
w1176520666,,0.014,47,8,14,18,32,0
w1178268128,,0.014,47,7,15,19,34,0
w1174057555,,0.014,47,8,14,21,35,0
w1179654473,,0.014,48,7,15,18,33,0
w1175306075,,0.014,47,8,15,19,34,0
w1175306074,,0.014,48,8,14,19,33,0
w1179680703,,0.014,47,8,15,19,34,0
w1176847607,,0.013,46,8,14,19,33,0
w1164546814,,0.013,45,8,14,20,34,0
w1383881668,,0.013,46,7,13,20,33,0
w1176527727,,0.013,50,8,14,20,34,0
w1180131855,,0.013,45,6,15,17,32,0
w1176325445,,0.013,41,6,14,19,33,0
w1180162324,,0.013,46,7,14,19,33,0
w1180162328,,0.013,46,8,12,20,32,0
w1176325431,,0.013,41,7,12,20,32,0
w594573482,Water Tank,0.013,47,8,14,22,36,0
w1169514923,,0.013,45,8,12,21,33,0
w1177777120,,0.013,45,8,13,21,34,0
w1177544206,,0.013,45,8,14,21,35,0
w1164669515,,0.013,45,6,17,18,35,0
w1176519593,,0.013,46,8,14,15,29,0
w1180261088,,0.013,45,8,13,21,34,0
w1176513389,,0.013,45,8,13,21,34,0
w1180258884,,0.013,46,8,13,21,34,0
w1180134191,,0.013,45,8,13,23,36,0
w1502467346,,0.013,47,3,5,8,13,0
w1180630101,,0.013,45,8,13,21,34,0
w1168249967,,0.013,47,8,16,19,35,0
w1168837885,,0.013,45,9,13,22,35,0
w1177473330,,0.013,46,8,14,20,34,0
w1177758714,,0.013,46,8,13,20,33,0
w1495380810,,0.013,44,9,14,21,35,0
w1176512312,,0.013,45,8,14,19,33,0
w1176352152,,0.013,45,8,16,18,34,0
w1169783545,,0.013,46,8,14,19,33,0
w1176525299,,0.013,45,8,14,20,34,0
w1176525306,,0.013,46,8,13,20,33,0
w1179995797,,0.013,46,7,16,19,35,0
w1180131848,,0.013,45,7,15,20,35,0
w1177820737,,0.013,46,7,15,20,35,0
w1179978896,,0.013,46,8,13,21,34,0
w1177878873,,0.013,46,8,13,21,34,0
w1186461716,,0.013,45,7,14,21,35,0
w1181926960,,0.013,46,8,14,19,33,0
w1186340000,,0.013,48,8,13,21,34,0
w1196236148,,0.013,46,7,15,22,37,0
w1193082967,,0.013,51,8,15,21,36,0
w1173733403,,0.013,45,11,13,21,34,0
w1178233875,,0.013,41,8,12,22,34,0
w1179915616,,0.013,46,8,14,19,33,0
w1174898576,,0.013,52,8,14,22,36,0
w1170534141,,0.013,45,8,13,20,33,0
w1027042157,,0.013,45,8,14,19,33,0
w1174049098,,0.013,46,8,13,21,34,0
w344688454,,0.013,45,8,15,19,34,0
w1182390331,,0.013,46,8,14,21,35,0
w1179681236,,0.013,45,7,13,21,34,0
w1175319248,,0.013,47,8,15,22,37,0
w1175306077,,0.013,40,8,13,20,33,0
w1194660044,,0.013,47,9,14,20,34,0
w1179900058,,0.013,49,8,14,20,34,0
w1197318812,,0.013,47,5,10,13,23,0
w1197271736,,0.013,45,6,6,6,12,0
w1175212554,,0.013,47,4,10,15,25,0
w1182402662,,0.013,48,8,14,22,36,0
w1164546833,,0.013,45,8,14,20,34,0
w1181926947,,0.013,45,8,14,21,35,0
w1196257038,,0.013,46,7,14,18,32,0
w1164241843,,0.013,45,7,16,19,35,0
w1173729535,,0.013,45,8,14,19,33,0
w1179654479,,0.013,46,7,16,19,35,0
w1181704893,,0.013,49,8,14,20,34,0
w1176315270,,0.013,45,8,14,21,35,0
w1176314766,,0.013,45,7,14,22,36,0
w1178011693,,0.013,46,7,14,20,34,0
w1178012605,,0.013,46,8,14,19,33,0
w1164643037,,0.013,46,8,13,22,35,0
w1181710084,,0.013,46,7,12,19,31,0
w1174495143,,0.013,41,7,15,19,34,0
w1174065308,,0.013,46,8,14,22,36,0
w1174065307,,0.013,46,8,14,19,33,0
w1164333625,,0.013,46,8,13,22,35,0
w1164333622,,0.013,46,8,14,20,34,0
w1173198861,,0.013,45,7,14,13,27,0
w1176123969,,0.013,48,8,10,13,23,4
w1176113867,,0.013,45,8,13,17,30,0
w1176113866,,0.013,45,8,14,18,32,0
w1179957505,,0.013,45,9,13,21,34,0
w1164242945,,0.013,46,8,14,19,33,0
w1176054082,,0.013,46,8,13,23,36,0
w1174062677,,0.013,45,8,14,18,32,0
w1221252646,,0.013,62,10,16,21,37,0
w1123288026,,0.012,44,6,16,19,35,0
w1180153909,,0.012,45,7,14,20,34,0
w1196236144,,0.012,52,7,15,22,37,0
w1367291522,,0.012,44,7,14,22,36,0
w1164540834,,0.012,45,7,16,19,35,0
w1164639840,,0.012,44,6,16,19,35,0
w1372337538,,0.012,43,7,12,21,33,0
w1182639769,,0.012,43,7,15,19,34,0
w1182424152,,0.012,43,8,13,21,34,0
w1461512232,,0.012,47,7,14,21,35,0
w1189944659,,0.012,43,6,15,15,30,0
w1182390319,,0.012,43,6,15,19,34,0
w1182402666,,0.012,44,7,13,21,34,0
w1307192730,,0.012,44,7,14,21,35,0
w1258849474,,0.012,44,7,14,20,34,0
w1164335681,,0.012,44,7,13,18,31,0
w1242730692,,0.012,46,7,12,21,33,0
w1241600843,,0.012,69,9,15,19,34,0
w1180630437,,0.012,43,7,14,19,33,0
w1164332937,,0.012,45,7,14,22,36,0
w1181926561,,0.012,44,8,13,21,34,0
w1180630434,,0.012,44,8,13,20,33,0
w1181926965,,0.012,43,7,13,21,34,0
w1181927462,,0.012,44,7,15,20,35,0
w1164546804,,0.012,45,8,14,19,33,0
w1182402664,,0.012,43,7,14,20,34,0
w1181940432,,0.012,40,6,16,18,34,0
w1181947122,,0.012,45,8,11,19,30,0
w1208101963,,0.012,51,8,15,20,35,0
w1528352410,,0.012,52,7,12,20,32,0
w1182390315,,0.012,45,7,14,20,34,0
w1182390316,,0.012,43,7,16,19,35,0
w1182391015,,0.012,44,6,12,17,29,0
w1504804945,,0.012,41,8,14,19,33,0
w1182402657,,0.012,44,8,14,21,35,0
w1182402660,,0.012,44,8,13,20,33,0
w1180134193,,0.012,44,7,14,20,34,0
w1164644105,,0.012,44,7,14,19,33,0
w1173732098,,0.012,46,7,15,20,35,0
w1168772129,,0.012,44,8,14,18,32,0
w1177775505,,0.012,45,8,14,18,32,0
w1177775502,,0.012,45,7,15,19,34,0
w1177775501,,0.012,45,8,14,20,34,0
w1177775207,,0.012,45,8,13,22,35,0
w1177775206,,0.012,45,8,15,19,34,0
w1176514490,,0.012,44,8,13,21,34,0
w1175411763,,0.012,44,8,12,20,32,0
w1176520659,,0.012,43,7,14,20,34,0
w1174604092,,0.012,50,7,13,19,32,0
w1175262995,,0.012,43,9,12,21,33,0
w1164643038,,0.012,44,6,15,20,35,0
w1177574040,,0.012,49,8,14,20,34,0
w1176520676,,0.012,44,7,13,21,34,0
w1175262985,,0.012,39,9,13,20,33,0
w1176520822,,0.012,45,7,15,18,33,0
w1174898577,,0.012,45,8,14,22,36,0
w1177775507,,0.012,45,7,13,20,33,0
w1175554535,,0.012,45,6,15,18,33,0
w1175827249,,0.012,51,7,15,20,35,0
w1175827458,,0.012,44,8,13,21,34,0
w1179992802,,0.012,44,7,16,20,36,0
w1179995795,,0.012,43,8,14,19,33,0
w1179995972,,0.012,44,9,12,22,34,0
w1178042583,,0.012,45,7,15,20,35,0
w1178018338,,0.012,45,7,14,21,35,0
w1173732101,,0.012,44,8,14,19,33,0
w1176125781,,0.012,43,8,14,19,33,0
w1178014161,,0.012,44,8,14,19,33,0
w1178233870,,0.012,44,9,13,21,34,0
w1178251130,,0.012,44,8,14,20,34,0
w1176352151,,0.012,45,8,12,21,33,0
w1169783548,,0.012,46,8,13,22,35,0
w1179978893,,0.012,44,8,13,22,35,0
w1176509737,,0.012,44,7,15,18,33,0
w1177820719,,0.012,40,6,14,19,33,0
w1179957493,,0.012,43,7,15,18,33,0
w1177547069,,0.012,44,8,15,19,34,0
w1164667832,,0.012,44,8,13,20,33,0
w1177178158,,0.012,43,6,15,18,33,0
w1179680704,,0.012,44,6,18,19,37,0
w1179892371,,0.012,43,8,13,21,34,0
w1174058228,,0.012,43,8,13,21,34,0
w1174057757,,0.012,44,8,13,21,34,0
w1164667833,,0.012,44,7,14,19,33,0
w1177239046,,0.012,45,8,14,19,33,0
w1176526201,,0.012,61,8,14,22,36,0
w1174057551,,0.012,44,7,14,19,33,0
w1177476564,,0.012,44,7,14,20,34,0
w1179915611,,0.012,45,8,15,21,36,0
w1176855962,,0.012,47,7,15,20,35,0
w1174056853,,0.012,44,8,12,21,33,0
w1179915622,,0.012,44,7,13,20,33,0
w1176847605,,0.012,47,7,14,20,34,0
w1176847601,,0.012,44,5,12,22,34,0
w1173741438,,0.012,41,7,14,21,35,0
w1174582357,,0.012,47,8,11,19,30,0
w1179992803,,0.012,44,8,14,19,33,0
w1179659389,,0.012,43,8,12,19,31,0
w1175262991,,0.011,41,8,14,19,33,0
w1181710083,,0.011,44,6,13,22,35,0
w1173133409,,0.011,46,7,10,17,27,0
w1179915615,,0.011,41,8,12,21,33,0
w1174056855,,0.011,43,8,13,19,32,0
w1169789968,,0.011,40,7,14,19,33,0
w1178251131,,0.011,43,7,15,19,34,0
w1179654468,,0.011,43,6,15,20,35,0
w1174718519,,0.011,43,8,13,20,33,0
w1174056852,,0.011,39,7,16,18,34,0
w1174049094,,0.011,44,7,14,20,34,0
w1176125461,,0.011,42,7,14,18,32,0
w1173741440,,0.011,49,8,14,18,32,0
w1189931400,,0.011,45,7,16,18,34,0
w1174697928,,0.011,43,7,14,21,35,0
w1214132958,Kaveri Water Tank,0.011,44,7,13,20,33,0
w1164546827,,0.011,41,7,14,18,32,0
w1173741439,,0.011,45,6,8,11,19,0
w1174697768,,0.011,43,8,14,19,33,0
w1172668760,,0.011,43,8,14,19,33,0
w1188427960,,0.011,42,8,14,20,34,0
w1179935920,,0.011,43,8,15,19,34,0
w1179988379,,0.011,42,7,14,20,34,0
w1173732102,,0.011,41,7,13,21,34,0
w1164242944,,0.011,42,7,13,20,33,0
w1182390320,,0.011,41,8,13,20,33,0
w1174584924,,0.011,46,9,10,19,29,0
w1175827248,,0.011,43,10,12,20,32,0
w1181926949,,0.011,41,6,15,18,33,0
w1175264182,,0.011,42,7,14,18,32,0
w1179642503,,0.011,43,6,15,20,35,0
w1196257032,,0.011,41,8,12,20,32,0
w1175304916,,0.011,44,7,12,21,33,0
w1178554213,,0.011,43,8,14,19,33,0
w1176315716,,0.011,41,8,14,18,32,0
w1182402654,,0.011,42,8,13,21,34,0
w1174062676,,0.011,42,7,15,19,34,0
w1171055850,,0.011,43,8,13,18,31,0
w1191343905,,0.011,44,9,14,20,34,0
w1173613617,,0.011,42,7,14,20,34,0
w1174632005,,0.011,43,7,13,21,34,0
w1175262179,,0.011,43,8,12,23,35,0
w1175554532,,0.011,42,8,13,18,31,0
w1164546836,,0.011,43,8,12,22,34,0
w1189946888,,0.011,47,8,12,14,26,0
w1175554534,,0.011,43,8,13,23,36,0
w1182390323,,0.011,41,7,13,19,32,0
w1175554536,,0.011,42,8,12,24,36,0
w1164132589,,0.011,43,7,12,20,32,0
w1181927468,,0.011,42,8,13,19,32,0
w1181704896,,0.011,42,9,12,21,33,0
w1176855963,,0.011,42,7,13,20,33,0
w1176520679,,0.011,43,7,12,22,34,0
w1176332607,,0.011,43,7,14,22,36,0
w1176345260,,0.011,58,10,13,22,35,0
w1180131861,,0.011,43,7,12,18,30,0
w1177591984,,0.011,42,7,14,20,34,0
w1176527565,,0.011,42,8,12,24,36,0
w1265771201,,0.011,43,8,13,21,34,0
w1177546368,,0.011,41,7,15,19,34,0
w1176520818,,0.011,43,7,13,20,33,0
w1177455145,,0.011,43,8,14,19,33,0
w1177535287,,0.011,42,7,14,20,34,0
w1176513652,,0.011,43,8,14,19,33,0
w1180162323,,0.011,43,7,14,20,34,0
w1176514486,,0.011,43,8,13,23,36,0
w1164669514,,0.011,42,7,13,18,31,0
w1177775508,,0.011,43,7,13,22,35,0
w1180144619,,0.011,43,6,17,20,37,0
w1180131862,,0.011,43,7,14,18,32,0
w1164667825,,0.011,43,6,12,19,31,0
w1164540819,,0.011,43,8,12,20,32,0
w1176521845,,0.011,43,8,14,20,34,0
w1164546821,,0.011,43,7,14,20,34,0
w1176820803,,0.011,37,7,13,20,33,0
w1176521847,,0.011,43,8,11,17,28,0
w1164540818,,0.011,43,6,15,19,34,0
w1164540832,,0.011,42,7,13,20,33,0
w1164546820,,0.011,40,7,13,20,33,0
w1164546813,,0.011,41,6,13,18,31,0
w1177571875,,0.011,42,7,14,20,34,0
w1180132972,,0.011,43,7,12,20,32,0
w1164546805,,0.011,41,7,13,19,32,0
w1176521164,,0.011,42,8,13,22,35,0
w1180132734,,0.011,43,7,15,19,34,0
w1178033821,,0.011,42,8,12,21,33,0
w1164669520,,0.011,43,7,14,20,34,0
w1174593565,,0.01,40,8,14,18,32,0
w1361612977,,0.01,65,10,15,21,36,1
w1177476567,,0.01,40,6,14,19,33,0
w1176318235,,0.01,40,7,14,20,34,0
w1188428094,,0.01,40,7,12,20,32,0
w1176525284,,0.01,39,7,12,20,32,0
w1176521848,,0.01,41,7,13,21,34,0
w1353889332,,0.01,41,7,13,21,34,0
w1177544205,,0.01,41,6,16,19,35,0
w1174697343,,0.01,40,8,13,20,33,0
w1179654484,,0.01,41,6,15,18,33,0
w1177476566,,0.01,40,6,15,18,33,0
w1179757029,,0.01,40,8,14,18,32,0
w1174592723,,0.01,39,7,13,21,34,0
w1176855685,,0.01,40,6,13,17,30,0
w1164540827,,0.01,40,8,13,20,33,0
w1173732103,,0.01,40,8,13,18,31,0
w1164643036,,0.01,40,7,12,19,31,0
w1176589340,,0.01,40,9,13,20,33,0
w1179915623,,0.01,36,8,12,19,31,0
w1164540835,,0.01,40,6,15,19,34,0
w1181958954,,0.01,41,8,13,20,33,0
w1176853976,,0.01,39,6,14,19,33,0
w1176853981,,0.01,39,7,11,20,31,0
w1176526195,,0.01,40,7,11,17,28,0
w1177476565,,0.01,40,8,13,20,33,0
w1174058225,,0.01,40,7,12,20,32,0
w1384438449,,0.01,41,7,13,22,35,0
w1174065941,,0.01,40,7,13,22,35,0
w1177455148,,0.01,41,7,14,20,34,0
w1177455150,,0.01,40,6,16,18,34,0
w1182424151,,0.01,41,10,13,21,34,0
w1174495377,,0.01,35,6,13,20,33,0
w1182639763,,0.01,40,8,11,15,26,0
w1179663648,,0.01,40,8,11,23,34,0
w1174697933,,0.01,40,6,11,19,30,0
w1350683662,,0.01,38,6,13,19,32,0
w1174746485,,0.01,51,8,17,19,36,0
w1174746486,,0.01,40,8,12,22,34,0
w1271363751,,0.01,40,8,12,23,35,0
w1271363750,,0.01,40,8,12,22,34,0
w1197463463,,0.01,41,8,13,20,33,0
w1178257746,,0.01,41,6,14,19,33,0
w1176124221,,0.01,40,6,12,21,33,0
w1178007706,,0.01,41,7,12,22,34,0
w1258849488,,0.01,37,7,14,18,32,0
w1176328782,,0.01,45,8,12,18,30,0
w1178233867,,0.01,40,7,14,19,33,0
w1178233866,,0.01,40,7,13,20,33,0
w1176125764,,0.01,40,7,14,19,33,0
w1176125765,,0.01,40,6,15,17,32,0
w1178014163,,0.01,39,7,14,20,34,0
w1178070211,,0.01,40,7,13,19,32,0
w1164546829,,0.01,39,7,14,20,34,0
w1176320018,,0.01,39,6,14,20,34,0
w1215971491,,0.01,40,7,12,20,32,0
w1216191642,,0.01,41,7,13,18,31,0
w1164335689,,0.01,39,7,14,20,34,0
w1216200225,,0.01,40,8,12,20,32,0
w1216749672,,0.01,40,8,12,22,34,0
w1216762492,,0.01,39,7,13,20,33,0
w1176315601,,0.01,40,8,14,18,32,0
w1271366383,,0.01,41,7,14,20,34,0
w1175824204,,0.01,40,8,13,20,33,0
w1177778874,,0.01,39,7,13,21,34,0
w1175262990,,0.01,40,8,12,23,35,0
w1495362224,,0.01,38,6,15,19,34,0
w1174750886,,0.01,35,8,12,19,31,0
w1352263718,,0.01,47,7,13,19,32,0
w1189931177,,0.01,41,9,13,20,33,0
w1189931394,,0.01,41,8,12,22,34,0
w1352263717,,0.01,47,7,13,18,31,0
w1191344309,,0.01,40,7,13,20,33,0
w1177555957,,0.01,40,7,15,18,33,0
w1175262984,,0.01,44,8,12,13,25,0
w1179649315,,0.01,42,6,14,21,35,0
w1177580915,,0.01,37,7,14,18,32,0
w1177777117,,0.01,40,8,14,18,32,0
w1176820805,,0.01,41,8,14,18,32,0
w1176520669,,0.01,40,6,14,21,35,0
w1175297284,,0.01,40,7,12,21,33,0
w1175297285,,0.01,39,6,14,18,32,0
w1177747994,,0.01,40,7,14,20,34,0
w1196257036,,0.01,40,7,14,19,33,0
w1176520663,,0.01,40,8,12,23,35,0
w1164641352,,0.01,38,6,14,18,32,0
w1164546807,,0.01,40,6,14,18,32,0
w1175457131,,0.01,39,7,14,20,34,0
w1180132737,,0.01,41,6,12,20,32,0
w1175262996,,0.01,39,7,13,19,32,0
w1169983878,,0.01,42,8,14,21,35,0
w1180131857,,0.01,40,8,12,20,32,0
r2683606,,0.01,125,14,15,23,38,0
w1164667836,,0.01,41,6,17,19,36,0
w1181258132,,0.01,39,8,13,14,27,0
w1164669524,,0.01,40,7,14,20,34,0
w1179993101,,0.01,40,8,12,22,34,0
w1181927460,,0.01,39,7,14,19,33,0
w1180111632,,0.01,40,7,14,20,34,0
w1181718706,,0.01,40,7,15,19,34,0
w1180162325,,0.01,40,8,14,17,31,0
w1179995973,,0.01,40,7,14,20,34,0
w1180131854,,0.01,41,7,10,19,29,0
w1180131856,,0.01,42,8,14,19,33,0
w1164667839,,0.01,39,7,14,20,34,0
w1181938906,,0.01,40,6,16,19,35,0
w1164644108,,0.01,40,7,13,21,34,0
w1181926954,,0.01,40,7,14,19,33,0
w1180133946,,0.01,39,6,13,20,33,0
w1173615212,,0.009,39,7,12,20,32,0
w1176315239,,0.009,37,6,14,19,33,0
w1178020279,,0.009,37,8,12,22,34,0
w1176318815,,0.009,38,7,12,19,31,0
w1177820727,,0.009,39,7,14,19,33,0
w1164546825,,0.009,39,6,13,20,33,0
w1174495123,,0.009,34,6,14,20,34,0
w1177820722,,0.009,37,7,13,19,32,0
w1176318954,,0.009,38,7,14,18,32,0
w1178036509,,0.009,42,7,15,19,34,0
w1186340157,,0.009,42,8,12,21,33,0
w1179986848,,0.009,38,8,12,19,31,0
w1179659390,,0.009,38,8,12,19,31,0
w1176295052,,0.009,38,8,12,20,32,0
w1178042588,,0.009,42,7,13,21,34,0
w1176318933,,0.009,38,6,13,20,33,0
w1176319190,,0.009,38,6,12,21,33,0
w1180627556,,0.009,38,7,14,20,34,0
w1176386251,,0.009,38,6,14,20,34,0
w1242736032,,0.009,70,11,14,20,34,0
w1176324784,,0.009,38,7,13,18,31,0
w1178017422,,0.009,38,6,14,18,32,0
w1178008127,,0.009,39,8,13,18,31,0
w1174495943,,0.009,38,6,15,19,34,0
w1258849473,,0.009,37,7,14,19,33,0
w1178017537,,0.009,39,8,12,20,32,0
w1178007711,,0.009,41,8,14,18,32,0
w1174582610,,0.009,37,8,13,19,32,0
w1216200234,,0.009,41,7,13,21,34,0
w1174582611,,0.009,40,6,14,19,33,0
w1182424148,,0.009,38,7,14,19,33,0
w1240738189,,0.009,50,8,14,23,37,0
w1239853300,,0.009,38,8,12,19,31,0
w1179757021,,0.009,37,6,14,19,33,0
w1178008126,,0.009,54,6,15,20,35,0
w1176290220,,0.009,38,7,14,19,33,0
w1178070200,,0.009,38,7,14,19,33,0
w1189931399,,0.009,46,6,13,20,33,0
w1189929796,,0.009,38,6,14,19,33,0
w1181720336,,0.009,33,7,12,19,31,0
w1175409432,,0.009,38,6,14,18,32,0
w1175407413,,0.009,38,6,14,20,34,0
w1181926959,,0.009,38,7,14,20,34,0
w1175212546,,0.009,39,7,12,18,30,0
w1175304138,,0.009,38,6,13,19,32,0
w1181926563,,0.009,38,7,12,19,31,0
w1179642506,,0.009,36,7,12,19,31,0
w1175624759,,0.009,38,7,14,19,33,0
w1175262994,,0.009,39,7,13,20,33,0
w1189945164,,0.009,37,7,13,21,34,0
w1170592507,,0.009,38,6,14,19,33,0
w1175262987,,0.009,38,8,12,21,33,0
w1191344368,,0.009,41,7,13,21,34,0
r20348377,,0.009,53,7,13,19,32,0
w1164546835,,0.009,38,6,13,20,33,0
w1171486631,,0.009,39,6,14,18,32,0
w1175624576,,0.009,39,8,12,21,33,0
w1175807745,,0.009,38,7,15,18,33,0
w1178070202,,0.009,37,7,14,19,33,0
w1178233865,,0.009,39,7,13,19,32,0
w1178070203,,0.009,37,7,14,19,33,0
w1178070204,,0.009,39,6,14,18,32,0
w1181704895,,0.009,39,6,16,18,34,0
w1528352425,Kalyani,0.009,39,7,12,16,28,0
w1181927469,,0.009,38,7,13,20,33,0
w1178070209,,0.009,39,8,15,18,33,0
w1206768390,,0.009,42,7,14,19,33,0
w1179655676,,0.009,38,8,14,19,33,0
w468620532,Small Pool,0.009,45,7,14,20,34,0
w1175824061,,0.009,39,8,12,22,34,0
w1179982240,,0.009,39,8,13,20,33,0
w1178267624,,0.009,39,7,14,19,33,0
w1164643032,,0.009,39,7,13,20,33,0
w1197463466,,0.009,33,6,12,17,29,0
w1178268124,,0.009,38,9,12,19,31,0
w1176113942,,0.009,39,7,12,19,31,0
w1189067115,,0.009,37,7,14,20,34,0
w1175824299,,0.009,39,7,13,20,33,0
w1174067638,,0.009,35,6,13,19,32,0
w1164546837,,0.009,38,8,12,21,33,0
w1176513455,,0.009,42,7,14,19,33,0
w1164667826,,0.009,43,6,13,19,32,0
w1164540839,,0.009,37,6,14,19,33,0
w1176526197,,0.009,39,7,13,20,33,0
w1182391022,,0.009,39,8,12,22,34,0
w1174062673,,0.009,38,6,14,19,33,0
w1177747992,,0.009,38,8,12,20,32,0
w1176520670,,0.009,38,6,14,20,34,0
w1174058223,,0.009,38,6,14,19,33,0
w1177580916,,0.009,38,6,12,19,31,0
w1180162326,,0.009,39,8,13,22,35,0
w1174057758,,0.009,39,7,15,18,33,0
w1177555962,,0.009,38,8,14,18,32,0
w1343713006,,0.009,36,8,12,18,30,0
w1164540840,,0.009,38,6,15,18,33,0
w1164669512,,0.009,37,6,13,17,30,0
w1173615213,,0.009,38,6,12,19,31,0
w1182390327,,0.009,39,8,12,20,32,0
w1177535292,,0.009,38,6,16,18,34,0
w1174057552,,0.009,38,5,12,20,32,0
w1180183186,,0.009,38,6,15,18,33,0
w1180131845,,0.009,37,6,16,18,34,0
w1176525283,,0.009,38,7,12,20,32,0
w1174049655,,0.009,38,8,13,19,32,0
w1180131851,,0.009,39,6,13,19,32,0
w1164643034,,0.009,37,7,12,21,33,0
w1182390318,,0.009,37,8,14,18,32,0
w1180131850,,0.009,39,6,15,18,33,0
w1179915610,,0.009,38,6,12,20,32,0
w1180170894,,0.009,39,7,14,20,34,0
w1164540842,,0.009,42,7,13,20,33,0
w777638983,,0.009,40,8,13,21,34,0
w1180131849,,0.009,37,7,14,19,33,0
w1179957492,,0.009,37,7,14,19,33,0
w1455708473,,0.009,39,7,14,19,33,0
w1176513656,,0.009,33,6,12,18,30,0
w1176528860,,0.009,37,8,13,19,32,0
w1164546806,,0.009,37,8,11,21,32,0
w1176853975,,0.009,39,7,12,20,32,0
w1164540823,,0.009,40,7,14,20,34,0
w1180137118,,0.009,38,7,13,18,31,0
w1180365095,,0.009,38,6,14,18,32,0
w450307520,Kalyani,0.009,39,8,11,16,27,0
w1177777118,,0.009,37,6,14,18,32,0
w1164644104,,0.009,36,6,13,20,33,0
w1179892370,,0.009,37,7,14,19,33,0
w1176527566,,0.009,39,8,14,18,32,0
w1176542368,,0.009,38,6,15,18,33,0
w1182402650,,0.009,39,7,14,20,34,0
w1176520657,,0.009,38,8,14,19,33,0
w1173734192,,0.009,37,7,14,19,33,0
w1179957489,,0.009,39,7,12,20,32,0
w1181926948,,0.008,36,6,14,18,32,0
w1180133947,,0.008,36,7,14,19,33,0
w1197463433,,0.008,38,6,13,19,32,0
w1169783569,,0.008,36,7,14,20,34,0
w1179978899,,0.008,36,6,16,18,34,0
w1176525304,,0.008,35,7,13,19,32,0
w1197463434,,0.008,38,7,13,19,32,0
w1176054058,,0.008,36,7,13,18,31,0
w1180132735,,0.008,37,7,14,19,33,0
w1179649323,,0.008,35,6,13,19,32,0
w1366865112,,0.008,35,5,12,19,31,0
w1175262993,,0.008,36,6,8,14,22,0
w1181718705,,0.008,37,7,13,21,34,0
w1176528209,,0.008,36,6,12,20,32,0
w1175856592,,0.008,36,8,12,17,29,0
w1179958610,,0.008,36,8,12,20,32,0
w1177450759,,0.008,35,6,12,19,31,0
w1179957504,,0.008,37,6,15,18,33,0
w1164667834,,0.008,35,6,13,20,33,0
w1178233869,,0.008,35,6,12,19,31,0
w1175715791,,0.008,36,7,13,20,33,0
w1179642497,,0.008,33,6,13,18,31,30
w1177450763,,0.008,33,8,12,16,28,0
w1180154680,,0.008,35,7,13,19,32,0
w1382054352,,0.008,36,7,14,20,34,0
w1180135652,,0.008,35,6,12,19,31,0
w1175824802,,0.008,35,6,12,19,31,0
w1175824803,,0.008,35,8,11,20,31,0
w1175824804,,0.008,35,8,11,19,30,0
w1181926564,,0.008,37,7,12,19,31,0
w1179978892,,0.008,35,7,13,20,33,0
w1170535053,,0.008,35,7,13,19,32,0
w1175625080,,0.008,36,6,15,19,34,0
w1178070205,,0.008,36,7,12,19,31,0
w1176525302,,0.008,37,8,12,20,32,0
w1169191632,,0.008,35,6,12,18,30,0
w1176320740,,0.008,37,7,12,21,33,0
w1177747998,,0.008,35,6,15,18,33,0
w1180630098,,0.008,35,7,14,19,33,0
w1176326621,,0.008,44,7,14,14,28,0
w1178014162,,0.008,37,8,13,20,33,0
w1178012611,,0.008,36,6,14,18,32,0
w1180111628,,0.008,36,7,14,17,31,0
w1178012607,,0.008,35,7,12,19,31,0
w1176514487,,0.008,35,6,13,19,32,0
w1169164946,,0.008,36,6,13,21,34,0
w1169783549,,0.008,35,6,12,19,31,0
w1557279968,,0.008,39,8,11,22,33,0
w1176125464,,0.008,43,6,14,17,31,0
w1177820738,,0.008,36,6,12,20,32,0
w1176514482,,0.008,36,7,13,19,32,0
w1176386683,,0.008,41,8,13,19,32,0
w1271367199,,0.008,37,6,14,18,32,0
w1271367198,,0.008,37,6,12,20,32,0
w1177820724,,0.008,36,7,13,20,33,0
w1177820718,,0.008,31,6,12,19,31,0
w1533904224,,0.008,45,7,10,18,28,0
w1533904223,,0.008,45,6,13,13,26,0
w1533904222,,0.008,39,6,12,19,31,0
w1176513391,,0.008,37,8,13,18,31,0
w1169783561,,0.008,35,6,12,20,32,0
w1241600168,,0.008,35,8,12,19,31,0
w1180258900,,0.008,36,7,13,18,31,0
w1321566496,,0.008,32,6,12,20,32,0
w1176525301,,0.008,36,6,15,19,34,0
w1177535284,,0.008,36,7,14,19,33,0
w1178070208,,0.008,35,7,14,19,33,0
w1181707375,,0.008,37,7,13,18,31,0
w1176131978,,0.008,37,7,12,21,33,0
w1176525286,,0.008,35,7,13,20,33,0
w1215962499,,0.008,40,6,15,19,34,0
w1181707374,,0.008,36,6,15,19,34,0
w1528352409,,0.008,41,7,13,19,32,0
w1177535291,,0.008,35,8,12,20,32,0
w1164546826,,0.008,37,7,13,18,31,0
w1181704894,,0.008,36,7,13,20,33,0
w1176521846,,0.008,36,7,13,19,32,0
w1216762493,,0.008,33,7,13,18,31,0
w1180194959,,0.008,40,6,13,20,33,0
w1181704892,,0.008,36,6,12,19,31,0
w1497591124,,0.008,31,7,13,18,31,0
w1181704891,,0.008,37,6,14,18,32,0
w1176520677,,0.008,35,6,13,20,33,0
w1164669526,,0.008,35,6,14,19,33,0
w1235801130,,0.008,37,7,12,19,31,0
w1176520672,,0.008,35,8,12,19,31,0
w1178018341,,0.008,35,6,12,18,30,0
w1173730698,,0.008,37,7,13,19,32,0
w1181707379,,0.008,36,8,12,20,32,0
w1179892526,,0.008,37,7,14,19,33,0
w1175212548,,0.008,38,6,10,20,30,0
w1173733405,,0.008,35,6,14,18,32,0
w1181972483,,0.008,38,7,13,20,33,0
w1179681237,,0.008,36,8,12,20,32,0
w1171614570,,0.008,37,7,13,19,32,0
w1174594856,,0.008,36,7,12,20,32,0
w1173734196,,0.008,36,6,13,20,33,0
w1174718518,,0.008,35,6,14,19,33,0
w1188256100,,0.008,36,8,12,19,31,0
w1181938902,,0.008,37,7,13,18,31,0
w1182391008,,0.008,36,7,13,20,33,0
w1182639760,,0.008,35,6,14,18,32,0
w1179654476,,0.008,35,6,15,19,34,0
w1186340219,,0.008,36,7,11,17,28,0
w1173960167,,0.008,36,7,12,20,32,0
w1181926963,,0.008,37,7,14,19,33,0
w1182639766,,0.008,37,7,12,21,33,0
w1182639767,,0.008,36,7,11,23,34,0
w1189927133,,0.008,37,6,14,19,33,0
w1179654469,,0.008,36,6,14,19,33,0
w1182639776,,0.008,35,8,12,19,31,0
w1181953989,,0.008,36,7,13,19,32,0
w1179663654,,0.008,35,6,14,19,33,0
w1181960737,,0.008,33,6,14,17,31,0
w1186339995,,0.008,36,7,12,20,32,0
w1183605755,,0.008,35,6,13,20,33,0
w1182390330,,0.008,37,7,12,20,32,0
w1174584923,,0.008,45,7,14,20,34,0
w1189929630,,0.008,37,6,14,19,33,0
w1181938928,,0.008,35,6,12,19,31,0
w1182391011,,0.008,37,8,12,21,33,0
w1181938904,,0.008,36,8,12,21,33,0
w1182424144,,0.008,37,8,12,21,33,0
w1174065942,,0.008,31,7,12,18,30,0
w1179656532,,0.008,37,7,12,18,30,0
w1182402659,,0.008,35,6,13,19,32,0
w1181927471,,0.008,35,6,12,22,34,0
w1164546848,,0.008,35,6,14,18,32,0
w1179757028,,0.008,36,7,12,20,32,0
w1174065944,,0.008,35,7,13,19,32,0
w1179654481,,0.008,37,7,13,20,33,0
w1182402667,,0.008,37,8,10,19,29,0
w1174054146,,0.008,37,7,14,19,33,0
w1182391018,,0.008,36,6,16,18,34,0
w1181938911,,0.008,36,7,13,19,32,0
w1175212550,,0.008,36,6,9,15,24,0
w1179892528,,0.008,35,8,12,19,31,0
w1179915619,,0.008,37,6,12,19,31,0
w1175212549,,0.008,39,5,14,16,30,0
w1172419306,,0.008,37,8,12,19,31,0
w1189945819,,0.008,33,7,12,17,29,0
w1179983286,,0.007,33,6,12,18,30,0
w1180630436,,0.007,33,6,13,19,32,0
w1230817644,,0.007,34,6,12,18,30,0
w1164333620,,0.007,33,7,12,19,31,0
w1180131852,,0.007,34,6,11,17,28,0
w1173613619,,0.007,35,6,13,20,33,0
w1186340156,,0.007,37,6,14,18,32,0
w1164642159,,0.007,30,6,12,19,31,0
w1230817645,,0.007,34,6,14,20,34,0
w1178042582,,0.007,31,6,13,20,33,0
w1179985725,,0.007,33,6,14,20,34,0
w1179663647,,0.007,34,6,14,18,32,0
w1181927467,,0.007,34,7,12,18,30,0
w1176289424,,0.007,34,7,14,19,33,0
w1177535281,,0.007,35,6,12,20,32,0
w1215962497,,0.007,34,6,13,18,31,0
w1176525289,,0.007,34,7,14,19,33,0
w1230817649,,0.007,34,8,12,20,32,0
w1178070206,,0.007,33,7,12,19,31,0
w1174594855,,0.007,33,6,13,20,33,0
w1178070207,,0.007,36,8,12,20,32,0
w1176131066,,0.007,31,6,13,18,31,0
w1181938896,,0.007,33,7,12,19,31,0
w1164547167,,0.007,33,8,10,15,25,0
w1178042586,,0.007,34,7,14,18,32,0
w1182390322,,0.007,32,8,12,17,29,0
w1176525295,,0.007,35,6,12,19,31,0
w1180192551,,0.007,34,6,12,18,30,0
w1230817648,,0.007,34,7,13,20,33,0
w1182812728,,0.007,33,6,12,19,31,0
w1230817650,,0.007,34,7,12,20,32,0
w1178020281,,0.007,34,7,12,19,31,0
w1178007709,,0.007,34,7,12,20,32,0
w1178007708,,0.007,34,6,13,20,33,0
w1178007705,,0.007,34,6,15,17,32,0
w1177878874,,0.007,31,7,13,18,31,0
w1179757023,,0.007,32,6,13,19,32,0
w1180127100,,0.007,33,6,13,19,32,0
w1182391012,,0.007,33,6,12,19,31,0
w1174209046,,0.007,35,6,13,20,33,0
w1177778876,,0.007,37,7,15,19,34,0
w1180365109,,0.007,32,5,12,19,31,0
w1327169689,,0.007,32,8,12,20,32,0
w1177778875,,0.007,33,7,12,19,31,0
w1177747995,,0.007,32,7,13,18,31,0
w1182402663,,0.007,34,7,12,19,31,0
w1182391025,,0.007,33,7,13,20,33,0
w1180365106,,0.007,33,7,14,18,32,0
w1177777379,,0.007,32,5,9,17,26,0
w1182402656,,0.007,34,8,13,18,31,0
w1180111624,,0.007,34,6,14,18,32,0
w1180111629,,0.007,35,7,12,19,31,0
w1169237663,,0.007,35,6,13,19,32,0
w1168837877,,0.007,34,7,12,20,32,0
w1177774578,,0.007,32,6,11,19,30,0
w1178007710,,0.007,34,8,12,20,32,0
w1178007713,,0.007,34,7,13,20,33,0
w1176348276,,0.007,34,8,11,13,24,0
w1182639777,,0.007,34,7,13,19,32,0
w1230817652,,0.007,34,6,14,19,33,0
w1230817653,,0.007,34,7,13,19,32,0
w1179663653,,0.007,33,7,13,19,32,0
w1231877400,,0.007,34,6,14,19,33,0
w1178020265,,0.007,31,6,13,17,30,0
w1178019371,,0.007,33,6,13,18,31,0
w1164546822,,0.007,37,6,14,21,35,0
w1183367119,,0.007,33,5,12,19,31,0
w1181926966,,0.007,35,6,13,19,32,0
w1178018339,,0.007,36,6,13,19,32,0
w1177547070,,0.007,33,7,13,16,29,0
w1178007717,,0.007,34,7,12,19,31,0
w1178015169,,0.007,35,7,14,19,33,0
w1178015167,,0.007,33,6,12,19,31,20
w1182639765,,0.007,33,6,12,21,33,0
w1180584267,,0.007,34,7,12,19,31,0
w1178012608,,0.007,32,7,14,18,32,0
w1176343636,,0.007,34,7,13,18,31,0
w1178012604,,0.007,32,7,13,19,32,0
w1176343808,,0.007,34,7,12,19,31,0
w1176344161,,0.007,34,8,12,18,30,0
w1180127102,,0.007,35,5,13,18,31,0
w1181927461,,0.007,35,6,14,19,33,0
w1176820804,,0.007,33,8,12,20,32,0
w1173619643,,0.007,34,8,12,19,31,0
w1176853974,,0.007,33,7,12,19,31,0
w1177457958,,0.007,35,7,13,18,31,0
w1170592505,,0.007,29,6,12,20,32,0
w1174045272,,0.007,34,6,12,20,32,0
w1196235421,,0.007,38,7,14,19,33,0
w1197318856,,0.007,33,6,12,10,22,0
w1175264179,,0.007,34,7,13,20,33,0
w1175266487,,0.007,30,6,12,19,31,0
w1170535052,,0.007,33,7,12,18,30,0
w1196257031,,0.007,36,8,12,19,31,0
w1179957501,,0.007,32,6,13,19,32,0
w1181926560,,0.007,34,6,12,19,31,0
w1179642498,,0.007,33,7,13,20,33,0
w1164540837,,0.007,35,6,12,19,31,0
w1173738443,,0.007,35,6,12,19,31,0
w1176114040,,0.007,34,6,13,20,33,0
w1197276452,,0.007,35,8,12,19,31,0
w1197276453,,0.007,35,7,12,18,30,0
w1197276454,,0.007,35,7,13,19,32,0
w1197276455,,0.007,35,6,14,18,32,0
w1197276456,,0.007,35,6,14,19,33,0
w1177239041,,0.007,34,8,12,19,31,0
w1177239040,,0.007,34,8,12,20,32,0
w1179958612,,0.007,34,6,14,18,32,0
w1176855684,,0.007,33,6,13,20,33,0
w1181938929,,0.007,34,8,12,19,31,0
w1169983880,,0.007,34,6,12,18,30,0
w1179957503,,0.007,34,7,13,18,31,0
w1179654463,,0.007,33,7,13,19,32,0
w1197463448,,0.007,34,6,14,20,34,0
w1189930593,,0.007,33,6,12,20,32,0
w1179649317,,0.007,33,7,13,17,30,0
w1176114041,,0.007,34,6,13,19,32,0
w1179649322,,0.007,35,8,12,20,32,0
w1177457961,,0.007,35,6,14,18,32,0
w1175212551,,0.007,34,8,9,12,21,0
w1177457959,,0.007,34,8,12,19,31,0
w1179957499,,0.007,33,6,12,18,30,0
w1169789970,,0.007,35,6,14,19,33,0
w1164546834,,0.007,33,7,12,19,31,0
w1180162327,,0.007,35,7,13,18,31,0
w1178267620,,0.007,34,6,14,20,34,0
w1189946904,,0.007,34,6,13,17,30,0
w1180133084,,0.007,33,6,12,18,30,0
w1178018340,,0.006,32,7,12,18,30,0
w1178012612,,0.006,30,4,12,17,29,0
w1180410389,,0.006,31,7,12,18,30,0
w1169783558,,0.006,30,6,12,19,31,0
w1169783555,,0.006,31,8,12,16,28,0
w1182639762,,0.006,32,5,13,15,28,0
w1180194963,,0.006,28,6,12,18,30,0
w1171487457,,0.006,32,6,12,19,31,0
w1179957488,,0.006,32,8,12,17,29,0
w1179663655,,0.006,30,7,12,20,32,0
w1178009578,,0.006,30,6,13,19,32,0
w1178008132,,0.006,37,6,12,19,31,0
w1179649326,,0.006,32,6,12,18,30,0
w1175306073,,0.006,32,6,14,18,32,0
w1180111622,,0.006,31,6,13,20,33,0
w1175262176,,0.006,28,6,12,19,31,0
w1180194961,,0.006,30,6,13,18,31,0
w1180111614,,0.006,33,6,15,18,33,0
w1174584176,,0.006,44,7,13,20,33,0
w1176855683,,0.006,31,7,13,17,30,0
w1182639768,,0.006,31,7,12,20,32,0
w1182639770,,0.006,31,6,12,18,30,0
w1182639761,,0.006,31,7,13,17,30,0
w1191343811,,0.006,34,7,13,17,30,0
w1178018337,,0.006,32,8,12,18,30,0
w1181938907,,0.006,28,6,14,18,32,0
w1174495760,,0.006,30,7,12,19,31,0
w1180132733,,0.006,32,6,12,18,30,0
w1182402649,,0.006,27,6,11,19,30,0
w1175262178,,0.006,30,6,14,17,31,0
w1178008130,,0.006,33,6,12,20,32,0
w1176847611,,0.006,32,6,13,19,32,0
w1182391027,,0.006,31,7,12,18,30,0
w1175262992,,0.006,27,6,12,18,30,0
w1182391024,,0.006,32,6,13,19,32,0
w1177574039,,0.006,32,5,12,18,30,0
w1177820721,,0.006,30,6,13,19,32,0
w1177820720,,0.006,27,6,12,18,30,0
w1174209045,,0.006,31,6,13,19,32,0
w1168756311,,0.006,30,6,14,18,32,0
w1181926567,,0.006,32,7,12,18,30,0
w1182391016,,0.006,31,6,12,18,30,0
w1176456024,,0.006,31,6,12,19,31,0
w1179649318,,0.006,30,6,13,18,31,0
w1189945475,,0.006,34,6,13,19,32,0
w1193681388,,0.006,31,6,6,8,14,0
w1174067150,,0.006,32,7,12,18,30,0
w1271367196,,0.006,30,6,12,19,31,0
w1180111620,,0.006,30,6,12,20,32,0
w1175262989,,0.006,32,6,14,19,33,0
w1177820729,,0.006,30,6,13,19,32,0
w1177820732,,0.006,31,6,12,18,30,0
w1196979650,,0.006,32,7,13,18,31,0
w1179957487,,0.006,32,6,11,22,33,0
w1175262988,,0.006,29,7,11,20,31,0
w1176527734,,0.006,31,6,12,20,32,0
w1177759334,,0.006,35,8,13,18,31,0
w1164644111,,0.006,31,5,12,17,29,0
w1180111615,,0.006,30,4,12,18,30,0
w1182391010,,0.006,31,6,12,18,30,0
w1181938903,,0.006,31,6,12,20,32,0
w1180134192,,0.006,27,6,12,19,31,0
w1177820733,,0.006,30,6,14,18,32,0
w1180111616,,0.006,30,6,13,17,30,0
w1259656096,,0.006,30,6,13,19,32,0
w1182402658,,0.006,32,6,12,18,30,0
w1173733404,,0.006,32,7,13,17,30,0
w1173734193,,0.006,32,7,12,20,32,0
w1178018343,,0.006,30,6,12,19,31,0
w1176513477,,0.006,30,6,12,18,30,0
w1179757022,,0.006,32,6,13,18,31,0
w1177458112,,0.006,27,6,11,20,31,0
w1179657040,,0.006,28,4,12,16,28,0
w1177535286,,0.006,30,7,12,19,31,0
w1179656534,,0.006,30,6,11,21,32,0
w1179915613,,0.006,30,6,13,18,31,0
w1181707372,,0.006,32,6,12,18,30,0
w1216200227,,0.006,28,6,12,18,30,0
w1181926964,,0.006,30,6,13,19,32,0
w1180131846,,0.006,32,5,14,20,34,0
w1181938918,,0.006,31,6,13,19,32,0
w1175827250,,0.006,33,8,12,18,30,0
w1178070197,,0.006,30,6,12,18,30,0
w1177546365,,0.006,32,7,14,17,31,0
w1176522543,,0.006,31,7,12,19,31,0
w1355314257,,0.006,30,6,12,19,31,0
w1176522542,,0.006,31,7,13,19,32,0
w1182390321,,0.006,30,6,12,22,34,0
w1175827247,,0.006,31,6,11,18,29,0
w1181938914,,0.006,31,6,12,19,31,0
w1216762491,,0.006,32,7,12,16,28,0
w1179915620,,0.006,32,8,12,17,29,0
w1173959243,,0.006,28,6,12,19,31,0
w1179915614,,0.006,31,6,14,18,32,0
w1215971490,,0.006,31,7,12,19,31,0
w1178036514,,0.006,31,6,13,18,31,0
w1197463444,,0.006,30,7,13,18,31,0
w1176124354,,0.006,32,7,13,19,32,0
w1174049097,,0.006,31,8,12,16,28,0
w1169789969,,0.006,30,5,15,18,33,0
w1164333171,,0.006,29,6,13,19,32,0
w1174677275,,0.006,32,6,13,16,29,0
w1177458110,,0.006,28,6,12,19,31,0
w1174049096,,0.006,32,6,13,19,32,0
w1179655081,,0.006,29,6,12,20,32,0
w1181707378,,0.006,32,6,13,19,32,0
w1189065318,,0.006,28,6,11,21,32,0
w1174056851,,0.006,30,6,12,20,32,0
w1181707376,,0.006,31,8,12,17,29,0
w1215962481,,0.006,30,6,12,18,30,0
w1176142757,,0.006,31,6,12,19,31,0
w1178268125,,0.006,31,6,12,20,32,0
w1176142758,,0.006,32,6,12,19,31,0
w1487305186,,0.006,32,5,15,18,33,0
w1176290221,,0.006,27,4,12,16,28,0
w1215962496,,0.006,32,6,13,18,31,0
w1181926961,,0.006,32,6,14,18,32,0
w1178509948,,0.006,31,7,12,20,32,0
w1164335682,,0.006,33,8,11,16,27,0
w1177546362,,0.006,32,4,12,19,31,0
w1176527731,,0.006,30,6,13,18,31,0
w1175626393,,0.006,32,8,12,18,30,0
w1181938899,,0.006,31,6,12,18,30,0
w1197318819,,0.006,37,7,11,16,27,0
w1180194958,,0.006,28,6,13,19,32,0
w1181940433,,0.006,30,6,13,19,32,0
w1180194956,,0.006,31,8,12,17,29,0
w1176315379,,0.006,31,6,12,19,31,0
w1175624831,,0.006,30,6,12,18,30,0
w1178020276,,0.006,28,6,12,18,30,0
w1175624760,,0.006,27,7,12,17,29,0
w1189929740,,0.006,31,6,12,20,32,0
w1176869992,,0.006,31,6,12,17,29,0
w1179915621,,0.006,27,6,13,18,31,0
w1179663649,,0.006,31,7,13,18,31,0
w1164546824,,0.006,31,6,12,19,31,0
w1177546364,,0.006,30,6,12,20,32,0
w1178018345,,0.006,30,6,11,18,29,0
w1180131859,,0.006,30,6,14,19,33,0
w1178036511,,0.006,28,6,10,22,32,0
w1221252640,,0.006,30,7,13,17,30,0
w1221252641,,0.006,30,7,12,18,30,0
w1177239045,,0.006,31,6,13,20,33,0
w1179654467,,0.006,32,5,13,19,32,0
w1175714078,,0.006,30,8,12,17,29,0
w1183367120,,0.006,27,6,14,16,30,0
w1181938927,,0.005,28,6,12,18,30,0
w1177178157,,0.005,28,6,13,20,33,0
w1180127104,,0.005,30,5,11,20,31,0
w1177546370,,0.005,28,7,11,20,31,0
w1182391023,,0.005,28,6,14,18,32,0
w1181938924,,0.005,29,7,13,17,30,0
w1180261086,,0.005,25,5,13,18,31,0
w1164669523,,0.005,27,6,13,18,31,0
w1176525305,,0.005,29,6,12,18,30,0
w1350687548,,0.005,29,6,12,18,30,0
w1181975829,,0.005,28,6,11,20,31,0
w1181938925,,0.005,27,5,13,17,30,0
w1173619816,,0.005,29,4,12,17,29,0
w1366865113,,0.005,29,7,13,18,31,0
w1177774577,,0.005,25,4,13,18,31,0
w1177462538,,0.005,26,4,12,17,29,0
w1179904850,,0.005,25,6,11,20,31,0
w1372337539,,0.005,26,6,10,20,30,0
w1176855686,,0.005,25,6,14,16,30,0
w1180111631,,0.005,28,5,13,17,30,0
w1181972482,,0.005,25,6,12,19,31,0
w1180127103,,0.005,31,6,13,19,32,0
w1180154679,,0.005,30,6,11,21,32,0
w1182390326,,0.005,28,6,12,20,32,0
w1174044789,,0.005,27,6,12,20,32,0
w1182390325,,0.005,27,7,13,16,29,0
w1182390329,,0.005,28,6,12,20,32,0
w1173729923,,0.005,30,5,15,17,32,0
w1181947138,,0.005,27,6,12,18,30,0
w1176853982,,0.005,27,7,12,20,32,0
w1182390333,,0.005,27,6,12,18,30,0
w1176526194,,0.005,25,6,12,18,30,0
w1177555959,,0.005,28,6,14,17,31,0
w1177239043,,0.005,30,6,12,20,32,0
w1180261311,,0.005,27,6,13,19,32,0
w1176834562,,0.005,25,6,13,17,30,0
w1176528864,,0.005,25,4,14,16,30,0
w1176829553,,0.005,29,6,13,20,33,0
w1180127096,,0.005,28,6,12,18,30,0
w1176528867,,0.005,24,6,11,19,30,0
w1182390332,,0.005,29,7,13,18,31,0
w1164546802,,0.005,27,6,11,18,29,0
w1179904848,,0.005,27,6,12,19,31,0
w1180131853,,0.005,28,4,10,18,28,0
w1181938923,,0.005,29,6,12,18,30,0
w1181960738,,0.005,26,6,11,12,23,0
w1327169691,,0.005,28,6,11,20,31,0
w1181938910,,0.005,29,6,13,19,32,0
w1164540826,,0.005,27,6,11,20,31,0
w1177535283,,0.005,29,4,12,17,29,0
w1177535282,,0.005,30,6,12,18,30,0
w1176520825,,0.005,29,4,13,17,30,0
w1190849815,,0.005,28,6,8,10,18,0
w1177775210,,0.005,28,6,14,18,32,0
w1172399295,,0.005,28,6,13,19,32,0
w1179654483,,0.005,28,6,12,17,29,0
w1179978895,,0.005,25,6,10,19,29,0
w1181716908,,0.005,29,5,13,17,30,0
w1176124220,,0.005,29,5,7,16,23,8
w1178267623,,0.005,29,8,12,16,28,0
w1176123970,,0.005,29,6,14,16,30,0
w1174708576,,0.005,30,6,12,19,31,0
w1176295051,,0.005,30,6,12,18,30,0
w1189066203,,0.005,29,6,13,20,33,0
w1189067210,,0.005,33,6,12,19,31,0
w1174708577,,0.005,29,5,12,19,31,0
w1174719206,,0.005,29,5,13,18,31,0
w1164546839,,0.005,30,7,13,17,30,0
w1181926962,,0.005,29,6,13,20,33,0
w1176125237,,0.005,29,6,12,19,31,0
w1179982234,,0.005,27,7,12,19,31,0
w1206768383,,0.005,29,6,13,18,31,0
w1176129879,,0.005,27,6,12,18,30,0
w1176129915,,0.005,27,6,11,21,32,0
w1174621602,,0.005,25,6,12,19,31,0
w1179656529,,0.005,28,6,12,21,33,0
w1179656530,,0.005,27,6,13,17,30,0
w1176131067,,0.005,28,6,13,18,31,0
w1177775212,,0.005,24,5,15,15,30,0
w1181927470,,0.005,28,6,12,18,30,0
w1215962498,,0.005,29,7,12,19,31,0
w1215962500,,0.005,29,7,13,17,30,0
w1176290223,,0.005,28,5,13,17,30,0
w1215971487,,0.005,28,6,12,17,29,0
w1176295049,,0.005,30,7,12,19,31,0
w1169783563,,0.005,27,6,13,19,32,0
w1181718707,,0.005,28,6,12,18,30,0
w1175791292,,0.005,35,7,13,18,31,0
w330031259,,0.005,25,5,13,18,31,0
w1196979495,,0.005,25,5,11,19,30,0
w1170592509,,0.005,25,6,12,18,30,0
w1189945547,,0.005,29,7,12,19,31,0
w1170592508,,0.005,26,6,11,18,29,0
w1194662977,,0.005,27,6,12,18,30,0
w1170536308,,0.005,28,6,12,19,31,0
w1175264178,,0.005,28,6,11,20,31,0
w1196236143,,0.005,28,4,13,17,30,0
w1175212547,,0.005,28,6,9,19,28,0
w1171612996,,0.005,28,6,13,18,31,0
w1196257033,,0.005,27,6,13,19,32,0
w1171614950,,0.005,29,6,12,18,30,0
w1179642500,,0.005,28,6,12,18,30,0
w1196979493,,0.005,25,6,12,17,29,0
w1196979494,,0.005,25,6,11,18,29,0
w1175006746,,0.005,30,7,12,18,30,0
w1189927332,,0.005,30,7,12,18,30,0
w363474996,,0.005,24,6,10,22,32,0
w1197271735,,0.005,28,6,14,17,31,0
w1178728584,,0.005,30,6,13,19,32,0
w1197271738,,0.005,30,6,13,16,29,0
w1197318809,,0.005,28,5,10,18,28,0
w1197318810,,0.005,28,5,10,17,27,0
w1197318811,,0.005,28,6,10,13,23,0
w1174829001,,0.005,29,6,14,17,31,0
w1197318818,,0.005,35,7,10,17,27,0
w1175510472,,0.005,24,6,11,19,30,0
w1175511678,,0.005,30,5,15,18,33,0
w1171878902,,0.005,28,6,12,19,31,0
w1181719126,,0.005,29,6,12,20,32,0
w1175624230,,0.005,29,7,11,20,31,0
w1176295050,,0.005,30,6,13,17,30,0
w1182639774,,0.005,29,6,11,21,32,0
w1176342221,,0.005,29,7,11,19,30,0
w1179663902,,0.005,29,6,12,17,29,0
w1180630102,,0.005,29,5,15,17,32,0
w1178018344,,0.005,30,6,14,19,33,0
w1528352408,,0.005,29,6,11,17,28,0
w1240738170,,0.005,31,7,11,19,30,0
w1181938900,,0.005,27,6,11,19,30,0
w1181938905,,0.005,29,6,12,20,32,0
w1182639773,,0.005,29,6,12,18,30,0
w1178017423,,0.005,28,6,12,20,32,0
w1176513394,,0.005,27,6,12,18,30,0
w1182639764,,0.005,28,6,11,20,31,0
w1178020269,,0.005,26,4,13,18,31,0
w1178070201,,0.005,28,6,13,20,33,0
w1176513390,,0.005,27,6,11,21,32,0
w1179757026,,0.005,28,5,12,17,29,0
w1169783551,,0.005,30,4,12,16,28,0
w1258849489,,0.005,28,6,12,18,30,0
w1179757025,,0.005,26,6,11,20,31,0
w1176477512,,0.005,27,6,12,18,30,0
w1182424142,,0.005,29,6,12,18,30,0
w1177820723,,0.005,27,7,13,16,29,0
w1178019367,,0.005,30,6,12,18,30,0
w1528352407,,0.005,29,5,10,18,28,0
w1179663650,,0.005,28,6,11,18,29,0
w1178036510,,0.005,28,7,12,17,29,0
w1216749673,,0.005,28,6,12,19,31,0
w1173613618,,0.005,29,6,12,18,30,0
w1181938908,,0.005,29,6,12,19,31,0
w123168404,,0.005,29,6,12,19,31,0
w1179659388,,0.005,27,4,12,18,30,0
w1216762496,,0.005,28,4,12,17,29,0
w1179657041,,0.005,27,5,14,18,32,0
w1178042585,,0.005,29,6,13,17,30,0
w1176295053,,0.005,30,6,12,18,30,0
w1177777378,,0.005,29,5,12,19,31,0
w1178034994,,0.005,29,6,12,19,31,0
w1178033822,,0.005,29,6,12,18,30,0
w1177777380,,0.005,29,6,8,7,15,0
w1099659541,,0.005,28,6,12,19,31,0
w1179663652,,0.005,27,5,13,19,32,0
w1175262177,,0.004,27,4,12,16,28,0
w1174208857,,0.004,25,6,13,17,30,0
w1176512328,,0.004,23,4,12,15,27,0
w1176512317,,0.004,25,6,11,19,30,0
w1169781913,,0.004,26,5,13,18,31,0
w1169781906,,0.004,26,6,11,19,30,0
w1169983883,,0.004,26,6,11,19,30,0
w777638959,,0.004,25,6,10,15,25,0
w1174062670,,0.004,26,5,13,19,32,0
w1173733402,,0.004,26,6,10,21,31,0
w1173730123,,0.004,24,6,11,17,28,0
w1169781904,,0.004,25,6,12,18,30,0
w1173734195,,0.004,24,5,13,17,30,0
w1176520661,,0.004,25,6,12,18,30,0
w1176512311,,0.004,23,6,11,18,29,0
w1176513456,,0.004,23,6,11,17,28,0
w363474992,,0.004,23,4,12,17,29,0
w1173441802,,0.004,27,5,12,18,30,0
w1169781914,,0.004,27,6,12,17,29,0
w1176053843,,0.004,24,4,12,16,28,0
w1494554195,,0.004,25,3,9,19,28,0
w231337051,,0.004,31,6,15,19,34,0
w1176296776,,0.004,27,6,12,20,32,0
w1176296777,,0.004,23,6,10,20,30,0
w1169783564,,0.004,24,6,12,18,30,0
w1164669518,,0.004,25,6,11,20,31,0
w1164669519,,0.004,26,4,12,17,29,0
w1495362229,,0.004,24,6,11,19,30,0
w1176123968,,0.004,26,4,5,15,20,0
w1176319936,,0.004,27,6,11,20,31,0
w1176053996,,0.004,27,5,11,17,28,0
w1169789971,,0.004,26,7,13,16,29,0
w1169783546,,0.004,27,6,11,19,30,0
w1174719204,,0.004,23,5,12,18,30,0
w1176320812,,0.004,27,5,13,18,31,0
w1176324853,,0.004,25,6,11,18,29,0
w1175791290,,0.004,25,5,13,16,29,0
w1082722308,,0.004,23,4,13,17,30,0
w1176526202,,0.004,21,4,13,17,30,0
w1175624140,,0.004,27,6,11,19,30,0
w1169983879,,0.004,24,5,12,17,29,0
w1175511680,,0.004,25,7,11,18,29,0
w1169783547,,0.004,26,6,12,18,30,0
w1174750887,,0.004,27,6,12,18,30,0
w1176279681,,0.004,25,6,13,17,30,0
w1180111623,,0.004,27,5,13,17,30,0
w1176829549,,0.004,23,5,12,19,31,0
w1179649321,,0.004,25,6,12,19,31,0
w1179642505,,0.004,26,6,12,18,30,0
w1196235420,,0.004,25,4,12,17,29,0
w1196235419,,0.004,26,6,11,18,29,0
w1196235418,,0.004,25,4,12,17,29,0
w1179649311,,0.004,26,4,12,18,30,0
w1179649312,,0.004,25,6,9,21,30,0
w1179649314,,0.004,27,6,11,21,32,0
w1179649316,,0.004,27,6,12,18,30,0
w1179649319,,0.004,24,4,12,17,29,0
w1179649324,,0.004,26,6,11,17,28,0
w1196257034,,0.004,26,5,12,18,30,0
w1179649325,,0.004,26,5,10,20,30,0
w1179654410,,0.004,23,6,11,18,29,0
w1179654461,,0.004,24,4,12,16,28,0
w1179654464,,0.004,25,7,11,19,30,0
w1179654465,,0.004,26,6,12,20,32,0
w1179654471,,0.004,26,5,12,17,29,0
w1179654474,,0.004,26,6,14,18,32,0
w1179654477,,0.004,25,4,14,18,32,0
w1189071121,,0.004,24,5,7,13,20,0
w1179642501,,0.004,24,5,13,17,30,0
w1176829550,,0.004,23,6,10,20,30,0
w1189065333,,0.004,27,5,15,16,31,0
w1178036512,,0.004,25,6,12,19,31,0
w1265773331,,0.004,26,6,12,18,30,0
w1177820728,,0.004,25,6,10,19,29,0
w1259656097,,0.004,26,6,12,18,30,0
w1258849475,,0.004,27,6,11,19,30,0
w1252301575,,0.004,26,6,10,22,32,0
w1178018334,,0.004,26,6,13,18,31,0
w1178018336,,0.004,24,6,11,20,31,0
w1178036506,,0.004,24,6,11,19,30,0
w1178036508,,0.004,22,5,12,18,30,0
w1178036513,,0.004,22,6,10,20,30,0
w1197463441,,0.004,24,6,11,19,30,0
w1216753635,,0.004,25,6,11,19,30,0
w1215971488,,0.004,22,5,13,16,29,0
w1206768381,,0.004,31,6,13,18,31,0
w1178257739,,0.004,25,4,12,17,29,0
w1178267622,,0.004,25,6,11,20,31,0
w1197463467,,0.004,25,4,9,11,20,0
w1178267625,,0.004,26,6,12,20,32,0
w1178268126,,0.004,28,6,12,18,30,0
w1197463445,,0.004,28,7,13,16,29,0
w1164546841,,0.004,24,5,13,17,30,0
w1179655082,,0.004,24,5,13,19,32,0
w1271322291,,0.004,24,6,12,13,25,0
w1179957506,,0.004,27,6,12,18,30,0
w1181938897,,0.004,25,6,12,17,29,0
w1181928044,,0.004,23,5,12,18,30,0
w1181926955,,0.004,25,6,12,18,30,0
w1179957498,,0.004,25,6,11,20,31,0
w1181926569,,0.004,26,7,13,16,29,0
w1181926568,,0.004,26,6,10,21,31,0
w1181926566,,0.004,24,6,11,19,30,0
w1181926565,,0.004,26,6,12,17,29,0
w1181926562,,0.004,27,6,11,18,29,0
w1181719125,,0.004,24,5,12,19,31,0
w1181938919,,0.004,26,6,12,17,29,0
w1181707373,,0.004,26,6,12,18,30,0
w1180111613,,0.004,26,6,12,19,31,0
w1180410384,,0.004,25,6,13,18,31,0
w1180394603,,0.004,24,6,11,19,30,0
w1180111618,,0.004,27,6,12,20,32,0
w1180111625,,0.004,27,7,13,16,29,0
w1180261087,,0.004,25,6,11,13,24,0
w1180131847,,0.004,24,6,12,17,29,0
w1180144617,,0.004,25,6,13,17,30,0
w1181938901,,0.004,24,5,13,19,32,0
w1179957490,,0.004,26,4,12,17,29,0
w1179656528,,0.004,24,6,11,19,30,0
w1182402653,,0.004,25,6,14,16,30,0
w1179656531,,0.004,23,5,12,18,30,0
w1179656533,,0.004,25,6,12,19,31,0
w1179656536,,0.004,23,5,13,17,30,0
w1179657038,,0.004,25,6,11,20,31,0
w1179657039,,0.004,25,7,8,14,22,0
w1182641947,,0.004,22,4,16,16,32,0
w1182639778,,0.004,21,6,10,18,28,0
w1179680701,,0.004,27,6,12,19,31,0
w1179892372,,0.004,26,6,13,19,32,0
w1182391026,,0.004,25,6,12,18,30,0
w1181947125,,0.004,22,6,11,17,28,0
w1179904844,,0.004,22,6,12,18,30,0
w1179912145,,0.004,25,6,12,18,30,0
w1181975825,,0.004,22,5,11,20,31,0
w1181960743,,0.004,22,5,13,17,30,0
w1181960742,,0.004,22,5,12,17,29,0
w1181960736,,0.004,23,4,12,16,28,0
w1181953641,,0.004,21,6,11,18,29,0
w1181947131,,0.004,23,5,15,16,31,0
w1181947130,,0.004,24,6,11,18,29,0
w1270538518,,0.004,24,6,11,19,30,0
w1178726634,,0.004,27,6,13,19,32,0
w1177470182,,0.004,24,5,12,17,29,0
w1355314256,,0.004,26,6,11,19,30,0
w1382054349,,0.004,26,6,12,19,31,0
w1177535285,,0.004,27,6,12,18,30,0
w1177535288,,0.004,25,6,12,18,30,0
w1177747991,,0.004,22,4,14,17,31,0
w1357705756,,0.004,26,6,13,18,31,0
w1176829556,,0.004,23,6,10,20,30,0
w1177574038,,0.004,25,5,12,17,29,0
w1357705755,,0.004,24,6,10,21,31,0
w1177450765,,0.004,23,5,12,18,30,0
w1176829555,,0.004,23,6,11,18,29,0
w1177775504,,0.004,24,6,11,20,31,0
w1177535289,,0.004,22,6,10,19,29,0
w1271366384,,0.004,24,6,11,18,29,0
w1272191730,,0.004,22,5,14,17,31,0
w1177546358,,0.004,24,4,12,16,28,0
w1177546360,,0.004,24,6,11,19,30,0
w1177555958,,0.004,26,6,11,20,31,0
w1176829554,,0.004,23,4,16,16,32,0
w1177777122,,0.004,25,6,12,17,29,0
w1272192555,,0.004,27,4,12,18,30,0
w1177546369,,0.004,26,6,13,18,31,0
w1177546363,,0.004,27,7,13,16,29,0
w1272191731,,0.004,22,6,11,18,29,0
w1352263716,,0.004,27,4,10,16,26,0
w1177747996,,0.004,23,5,13,18,31,0
w1177239047,,0.004,26,6,11,20,31,0
w1176829552,,0.004,23,6,11,17,28,0
w1176855964,,0.004,26,6,12,18,30,0
w1177504787,,0.004,26,6,13,18,31,0
w1176829551,,0.004,23,6,10,20,30,0
w1177504786,,0.004,25,6,12,18,30,0
w1179642499,,0.003,24,6,11,18,29,0
w1176520680,,0.003,19,6,10,18,28,0
w1181938926,,0.003,21,4,11,16,27,0
w1181926956,,0.003,22,5,13,18,31,0
w1171610576,,0.003,22,5,12,18,30,0
w1176527732,,0.003,26,5,12,18,30,0
w1176527733,,0.003,21,6,10,19,29,0
w1177555961,,0.003,22,6,12,18,30,0
w1173729924,,0.003,22,6,9,20,29,0
w1181926951,,0.003,24,6,11,20,31,0
w1181947124,,0.003,20,6,11,19,30,0
w1181947126,,0.003,18,4,11,17,28,0
w1181926950,,0.003,20,6,11,18,29,0
w1181926570,,0.003,22,6,11,18,29,0
w1176847609,,0.003,21,4,12,18,30,0
w1173732105,,0.003,22,5,12,18,30,0
w1181926958,,0.003,24,4,12,16,28,0
w1179957496,,0.003,22,4,12,17,29,0
w1175510473,,0.003,20,6,10,19,29,0
w1175319249,,0.003,18,4,11,17,28,0
w1179642502,,0.003,22,6,12,16,28,0
w1179642507,,0.003,22,5,13,18,31,0
w1179641713,,0.003,22,5,11,18,29,0
w1177239044,,0.003,19,6,9,18,27,0
w1179641712,,0.003,19,6,11,18,29,0
w1176855965,,0.003,22,5,13,16,29,0
w1175319250,,0.003,18,4,11,17,28,0
w1177178156,,0.003,21,6,11,18,29,0
w1177747990,,0.003,23,6,12,17,29,0
w1181938898,,0.003,20,4,11,18,29,0
w1176527728,,0.003,24,7,11,17,28,0
w1196234935,,0.003,24,6,11,18,29,0
w1177574037,,0.003,23,6,11,18,29,0
w1179957494,,0.003,22,4,12,17,29,0
w1196236140,,0.003,23,5,13,17,30,0
w1177546361,,0.003,22,6,10,20,30,0
w1189946903,,0.003,23,5,13,16,29,0
w1182424143,,0.003,19,6,10,18,28,0
w1181975826,,0.003,21,4,16,16,32,0
w1181975827,,0.003,24,6,11,20,31,0
w1179663651,,0.003,23,6,11,20,31,0
w1181975830,,0.003,20,4,12,16,28,0
w1176525293,,0.003,21,4,13,17,30,0
w1182639779,,0.003,19,4,11,19,30,0
w1182639775,,0.003,23,4,12,16,28,0
w1179663900,,0.003,21,4,13,17,30,0
w1179663901,,0.003,23,6,13,16,29,0
w1179680702,,0.003,21,5,11,19,30,0
w1182424141,,0.003,20,4,12,17,29,0
w1175262173,,0.003,20,5,12,18,30,0
w1179757024,,0.003,23,5,14,17,31,0
w1182424139,,0.003,21,5,10,20,30,0
w1179757027,,0.003,18,6,10,18,28,0
w1182402661,,0.003,21,5,12,19,31,0
w1182402655,,0.003,21,6,11,18,29,0
w1182390324,,0.003,22,4,13,17,30,0
w1177473331,,0.003,22,6,12,17,29,0
w1182391020,,0.003,21,5,12,18,30,0
w1182390328,,0.003,20,6,10,18,28,0
w1182391009,,0.003,21,5,12,17,29,0
w1179657037,,0.003,18,5,12,18,30,0
w1176525291,,0.003,23,6,14,16,30,0
w1489467685,,0.003,23,5,12,18,30,0
w1174604336,,0.003,22,4,12,16,28,0
w1181947136,,0.003,18,4,12,16,28,0
w1181947137,,0.003,19,6,10,19,29,0
w1181953638,,0.003,19,5,12,18,30,0
w1179654412,,0.003,21,4,12,16,28,0
w1189944978,,0.003,21,4,12,17,29,0
w1179654459,,0.003,19,6,10,19,29,0
w1176528861,,0.003,20,6,10,19,29,0
w1179654462,,0.003,21,5,11,18,29,0
w1189930984,,0.003,24,6,8,21,29,0
w1189930907,,0.003,24,5,11,20,31,0
w1189930594,,0.003,24,6,10,19,29,0
w1177546359,,0.003,24,6,12,18,30,0
w1176526196,,0.003,20,5,12,17,29,0
w1179654478,,0.003,21,4,12,15,27,0
w1181960739,,0.003,18,6,10,19,29,0
w1181960741,,0.003,21,6,10,20,30,0
w1177457955,,0.003,20,4,12,15,27,0
w1179654482,,0.003,23,5,11,19,30,0
w1181975819,,0.003,19,4,12,18,30,0
w1181975822,,0.003,20,6,11,19,30,0
w1181975823,,0.003,21,6,12,17,29,0
w1175626024,,0.003,24,6,9,14,23,0
w1178017421,,0.003,23,4,12,16,28,0
w1181716931,,0.003,19,4,12,18,30,0
w1215962501,,0.003,21,6,11,18,29,0
w1180194955,,0.003,23,6,11,18,29,0
w1178036507,,0.003,20,6,10,18,28,0
w1180194960,,0.003,22,6,11,18,29,0
w1272006306,,0.003,20,6,10,19,29,0
w1272006307,,0.003,22,5,12,18,30,0
w1176313216,,0.003,19,6,10,17,27,0
w1216762489,,0.003,20,6,10,19,29,0
w1216762488,,0.003,20,4,12,19,31,0
w1216749669,,0.003,19,6,10,20,30,0
w1216191641,,0.003,20,5,12,18,30,0
w1180127099,,0.003,23,6,11,18,29,0
w1180127095,,0.003,20,5,13,18,31,0
w1230817646,,0.003,22,7,11,17,28,0
w1215962486,,0.003,20,5,12,18,30,0
w1180111626,,0.003,23,4,12,16,28,0
w1215962485,,0.003,20,4,15,17,32,0
w1215962484,,0.003,20,6,11,18,29,0
w1215962483,,0.003,20,6,10,18,28,0
w1206768389,,0.003,24,6,11,19,30,0
w1206768386,,0.003,18,6,9,18,27,0
w1176128985,,0.003,23,5,12,18,30,0
w1176128793,,0.003,23,6,11,18,29,0
w1206768385,,0.003,18,4,11,16,27,0
w1169237664,,0.003,21,5,11,19,30,0
w1178034995,,0.003,22,6,10,20,30,0
w1178019370,,0.003,24,5,12,17,29,0
w1180365103,,0.003,18,6,10,18,28,0
w1180132736,,0.003,23,6,11,18,29,0
w1540176466,,0.003,22,5,12,18,30,0
w1540176467,,0.003,22,6,11,18,29,0
w1177820717,,0.003,20,6,10,19,29,0
w1176509742,,0.003,19,4,16,16,32,0
w1271363989,,0.003,20,6,11,16,27,0
w1176513010,,0.003,21,4,11,18,29,0
w1177820731,,0.003,20,6,10,18,28,0
w1177820734,,0.003,23,5,12,18,30,0
w1177820735,,0.003,21,5,11,18,29,0
w1176513011,,0.003,18,4,15,17,32,0
w1258849480,,0.003,20,5,12,16,28,0
w1180135651,,0.003,21,6,11,19,30,0
w1178019366,,0.003,23,6,11,19,30,0
w1271363990,,0.003,20,5,12,18,30,0
w1178012606,,0.003,22,6,10,19,29,0
w1178012609,,0.003,22,4,12,17,29,0
w1271363991,,0.003,20,5,12,17,29,0
w1180131858,,0.003,23,6,11,18,29,0
w1180154676,,0.003,23,6,11,20,31,0
w1178015168,,0.003,21,6,10,20,30,0
w1242736030,,0.003,42,7,11,22,33,0
w1242166514,,0.003,21,4,12,17,29,0
w1176319966,,0.003,20,5,11,18,29,0
w1178018342,,0.003,20,5,12,17,29,0
w1206768382,,0.003,19,5,12,17,29,0
w1215962482,,0.003,20,5,11,19,30,0
w1179957502,,0.003,22,5,12,18,30,0
w1180111619,,0.003,22,4,12,16,28,0
w1169783562,,0.003,21,5,11,19,30,0
w1180410385,,0.003,23,4,12,17,29,0
w1169783552,,0.003,20,5,10,18,28,0
w1197318855,,0.003,21,5,11,17,28,0
w1176528863,,0.003,19,4,14,18,32,0
w1176520658,,0.003,23,5,12,18,30,0
w1169783560,,0.003,22,5,13,18,31,0
w1181707377,,0.003,20,6,11,18,29,0
w1169783565,,0.003,23,7,12,17,29,0
w1197463451,,0.003,21,6,11,17,28,0
w1181712224,,0.003,20,5,12,18,30,0
w1169783570,,0.003,22,6,11,19,30,0
w1169783554,,0.003,21,6,11,19,30,0
w1169781912,,0.003,20,6,10,20,30,0
w1180410387,,0.003,19,4,13,17,30,0
w1169781911,,0.003,24,6,12,17,29,0
w1176124219,,0.003,22,6,12,17,29,0
w1169781910,,0.003,22,7,11,18,29,0
w1169783559,,0.003,21,6,10,20,30,0
w1181716906,,0.003,18,5,11,18,29,0
w1175827246,,0.003,22,4,12,17,29,0
w1175827245,,0.003,22,6,11,19,30,0
w1175827116,,0.003,24,7,11,19,30,0
w1180111621,,0.003,24,6,11,19,30,0
w1197318854,,0.003,21,5,9,16,25,0
w1176525307,,0.002,15,4,12,16,28,0
w1179957495,,0.002,20,5,12,16,28,0
w1428328194,water tank,0.002,20,5,11,18,29,0
w1181928043,,0.002,15,5,11,17,28,0
w1176528862,,0.002,15,4,10,18,28,0
w1179957497,,0.002,18,4,12,16,28,0
w1181926957,,0.002,19,6,11,16,27,0
w1180132732,,0.002,18,5,12,18,30,0
w1180192550,,0.002,17,4,12,18,30,0
w1169783566,,0.002,18,6,10,19,29,0
w1179957500,,0.002,17,4,11,18,29,0
w1179978894,,0.002,17,5,11,17,28,0
w1176847610,,0.002,18,4,14,18,32,0
w1176528213,,0.002,16,4,11,17,28,0
w1179904847,,0.002,18,5,11,19,30,0
w1176847606,,0.002,18,5,11,18,29,0
w1179957507,,0.002,19,6,10,19,29,0
w1180410388,,0.002,20,5,12,17,29,0
w1181947129,,0.002,17,4,14,18,32,0
w1180194954,,0.002,18,4,11,18,29,0
w1169783557,,0.002,20,6,10,19,29,0
w1177239042,,0.002,18,5,11,18,29,0
w1176528868,,0.002,14,5,10,18,28,0
w1181947121,,0.002,16,6,10,16,26,0
w1169781908,,0.002,16,5,10,18,28,0
w1169781909,,0.002,19,5,12,18,30,0
w1181716930,,0.002,17,4,11,17,28,0
w1180365101,,0.002,17,6,10,18,28,0
w1180111627,,0.002,16,4,11,17,28,0
w1181953640,,0.002,15,4,11,18,29,0
w1180111630,,0.002,19,4,11,20,31,0
w1180127097,,0.002,20,4,11,18,29,0
w1164809652,,0.002,18,5,11,17,28,0
w1180111617,,0.002,20,4,12,16,28,0
w1181953642,,0.002,18,6,10,18,28,0
w1177450762,,0.002,15,5,10,17,27,0
w1180194962,,0.002,16,6,11,16,27,0
w1176526471,,0.002,16,5,11,17,28,0
w1169783550,,0.002,16,4,13,18,31,0
w1180410386,,0.002,19,6,12,16,28,0
w1181975820,,0.002,17,5,11,17,28,0
w1169783553,,0.002,19,5,11,19,30,0
w1169781905,,0.002,16,6,10,18,28,0
w1181975824,,0.002,17,6,9,18,27,0
w1180194957,,0.002,16,6,10,17,27,0
w1271363749,,0.002,21,6,11,18,29,0
w1179904843,,0.002,18,6,10,17,27,0
w1197318840,,0.002,17,2,7,16,23,0
w1197318850,,0.002,17,3,9,17,26,0
w1197318849,,0.002,17,3,12,12,24,0
w1197318848,,0.002,17,3,11,11,22,0
w1197318847,,0.002,17,1,10,12,22,0
w1197318846,,0.002,17,3,9,15,24,0
w1197318845,,0.002,17,2,10,14,24,0
w1197318844,,0.002,17,2,9,16,25,0
w1197318843,,0.002,17,3,10,14,24,0
w1197318842,,0.002,17,3,8,13,21,0
w1175795174,,0.002,20,6,12,17,29,0
w1197318841,,0.002,17,3,6,12,18,0
w1197318839,,0.002,17,4,7,17,24,0
w1197318852,,0.002,17,2,11,13,24,0
w1197318838,,0.002,17,3,8,17,25,0
w1197318837,,0.002,17,2,8,16,24,0
w1197318836,,0.002,17,3,7,13,20,0
w1175626394,,0.002,17,5,10,18,28,0
w1197318835,,0.002,17,3,8,12,20,0
w1175626308,,0.002,18,4,12,16,28,0
w1182391019,,0.002,19,4,12,16,28,0
w1197318833,,0.002,17,3,8,16,24,0
w1197318832,,0.002,17,2,11,15,26,0
w1197318831,,0.002,17,2,9,16,25,0
w1197318830,,0.002,17,4,9,12,21,0
w1197318851,,0.002,17,3,9,16,25,0
w1197318853,,0.002,17,4,8,14,22,0
w1175511470,,0.002,19,5,11,18,29,0
w1176134250,,0.002,16,4,13,16,29,0
w1258849476,,0.002,18,4,12,16,28,0
w1178012610,,0.002,23,5,11,19,30,0
w1178015166,,0.002,16,5,11,18,29,0
w1242736031,,0.002,20,5,11,19,30,0
w1271366385,,0.002,19,6,10,18,28,0
w1240674155,,0.002,17,4,11,17,28,0
w1271366386,,0.002,19,6,10,18,28,0
w1271366387,,0.002,19,4,11,18,29,0
w1272191729,,0.002,18,4,12,16,28,0
w1176142759,,0.002,19,5,12,18,30,0
w1215962491,,0.002,17,4,10,18,28,0
w1176131979,,0.002,17,6,10,17,27,0
w1175827459,,0.002,19,4,12,17,29,0
w1176128984,,0.002,17,6,10,18,28,0
w1206768380,,0.002,16,5,12,16,28,0
w1206768379,,0.002,15,4,12,16,28,0
w1206768374,,0.002,26,6,11,18,29,0
w1178257745,,0.002,19,6,11,17,28,0
w1176124218,,0.002,20,6,10,20,30,0
w1177777121,,0.002,18,6,10,16,26,0
w1197463462,,0.002,17,4,11,17,28,0
w1176053995,,0.002,18,4,11,18,29,0
w1197463435,,0.002,20,5,9,19,28,0
w1175827462,,0.002,19,5,11,18,29,0
w1175511679,,0.002,20,5,11,17,28,0
w1197318834,,0.002,17,1,10,14,24,0
w1175212559,,0.002,18,6,8,14,22,0
w1357705742,,0.002,17,5,11,17,28,0
w1177546367,,0.002,19,5,11,19,30,0
w1177546366,,0.002,20,6,10,18,28,0
w1164546838,,0.002,19,7,10,17,27,0
w1189930730,,0.002,18,5,11,19,30,0
w1177820716,,0.002,15,4,12,16,28,0
w1179654475,,0.002,19,5,12,18,30,0
w1174708578,,0.002,18,5,11,17,28,0
w1189070766,,0.002,15,4,11,17,28,0
w1179654480,,0.002,18,5,11,17,28,0
w1164546843,,0.002,18,4,12,16,28,0
w1327169690,,0.002,16,5,12,16,28,0
w1164546844,,0.002,17,6,12,16,28,0
w1164546845,,0.002,16,5,11,17,28,0
w1174604448,,0.002,20,5,12,17,29,0
w1174603465,,0.002,20,6,10,20,30,0
w1176525292,,0.002,15,4,11,17,28,0
w1177535280,,0.002,18,5,12,16,28,0
w1184905953,,0.002,20,5,11,19,30,0
w1487115336,,0.002,20,5,12,18,30,0
w1177476568,,0.002,18,4,11,18,29,0
w1179649313,,0.002,20,4,12,16,28,0
w1177535290,,0.002,19,6,11,18,29,0
w1197318816,,0.002,16,2,9,16,25,0
w1175407414,,0.002,20,6,11,17,28,0
w1177747997,,0.002,19,4,11,17,28,0
w1197318817,,0.002,16,4,7,18,25,0
w1215962492,,0.001,13,6,10,16,26,0
w1215971492,,0.001,12,5,10,18,28,0
w1215962495,,0.001,13,4,11,17,28,0
w1215962494,,0.001,13,4,11,18,29,0
w1168756310,,0.001,14,4,11,18,29,0
w1215962493,,0.001,13,4,12,16,28,0
w1312433835,,0.001,13,4,10,18,28,0
w1197318828,,0.001,14,1,10,15,25,0
w1197318829,,0.001,14,3,9,13,22,0
w1180365098,,0.001,14,4,11,13,24,0
w1197318820,,0.001,14,4,8,15,23,0
w1181975817,,0.001,13,4,10,18,28,0
w1176528212,,0.001,14,5,11,16,27,0
w1180127101,,0.001,12,4,10,17,27,0
w1197318827,,0.001,14,1,9,16,25,0
w1206768384,,0.001,12,4,11,17,28,0
w1221252649,,0.001,15,4,13,18,31,0
w1197318826,,0.001,14,2,8,17,25,0
w1180194953,,0.001,10,4,10,17,27,0
w1197318825,,0.001,14,2,9,16,25,0
w1197318824,,0.001,14,2,8,18,26,0
w1180154678,,0.001,13,4,12,16,28,0
w1180154677,,0.001,11,4,12,16,28,0
w1175521513,,0.001,15,4,11,17,28,0
w1175521512,,0.001,15,4,11,17,28,0
w1178011694,,0.001,14,6,10,17,27,0
w1178008131,,0.001,16,4,12,16,28,0
w1176348275,,0.001,14,4,9,10,19,0
w1197318823,,0.001,14,3,8,17,25,0
w351345790,,0.001,13,4,12,16,28,0
w1172668761,,0.001,12,4,11,17,28,0
w1176847608,,0.001,15,4,10,17,27,0
w1169783568,,0.001,14,4,11,17,28,0
w1169783567,,0.001,14,4,11,18,29,0
w1179957491,,0.001,14,4,12,19,31,0
w1181947120,,0.001,13,6,10,16,26,0
w1193674641,,0.001,16,5,11,16,27,0
w1125378102,,0.001,14,5,10,18,28,0
w1125378101,,0.001,14,4,12,16,28,0
w1125378100,,0.001,14,3,10,17,27,0
w1181947127,,0.001,13,5,11,16,27,0
w1181947128,,0.001,15,4,11,17,28,0
w1197318815,,0.001,14,4,7,16,23,0
w1169783556,,0.001,15,4,13,19,32,0
w1125378099,,0.001,13,3,10,18,28,0
w1181947132,,0.001,12,4,10,16,26,0
w1197318822,,0.001,14,3,10,15,25,0
w1181947133,,0.001,14,4,10,18,28,0
w1181947134,,0.001,14,5,10,17,27,0
w1175212560,,0.001,12,4,9,20,29,0
w1197318821,,0.001,14,3,8,16,24,0
w1175212558,,0.001,15,4,11,14,25,0
w1177773940,,0.001,14,4,11,17,28,0
w1177774581,,0.001,15,6,10,17,27,0
w1181953639,,0.001,12,4,10,18,28,0
w1181928042,,0.001,13,4,10,17,27,0
w1176124358,,0.001,19,4,13,18,31,0
w1174719205,,0.001,13,5,11,16,27,0
w1169781907,,0.001,16,6,10,18,28,0
w1206768375,,0.001,13,4,12,14,26,0
w1125378097,,0.0,8,3,10,16,26,0
w1174621603,,0.0,7,4,9,17,26,0
