{"type":"FeatureCollection","features":[{"type":"Feature","geometry":{"type":"Polygon","coordinates":[[[77.36791,12.90954],[77.36846,12.91586],[77.36979,12.92447],[77.37196,12.93292],[77.37495,12.94112],[77.37905,12.94955],[77.37914,12.95561],[77.37984,12.9623],[77.37826,12.96823],[77.37685,12.97694],[77.37632,12.98574],[77.37666,12.99456],[77.37788,13.0033],[77.37996,13.01188],[77.38116,13.01531],[77.3814,13.0184],[77.38221,13.0237],[77.3842,13.03261],[77.38487,13.03461],[77.3849,13.03717],[77.38591,13.04601],[77.3878,13.0547],[77.38828,13.05617],[77.3891,13.06313],[77.39111,13.07227],[77.39407,13.08115],[77.39827,13.09029],[77.40294,13.09819],[77.4053,13.10138],[77.40868,13.11007],[77.41283,13.11815],[77.41778,13.12578],[77.42349,13.13289],[77.42989,13.13941],[77.43693,13.14526],[77.44453,13.15039],[77.45262,13.15476],[77.4594,13.15759],[77.46371,13.1616],[77.47082,13.16702],[77.47844,13.17173],[77.48649,13.17569],[77.48927,13.17674],[77.49054,13.17974],[77.49468,13.18737],[77.49956,13.19458],[77.50511,13.2013],[77.51129,13.20746],[77.51906,13.21385],[77.52702,13.21907],[77.53548,13.22346],[77.54436,13.22696],[77.55356,13.22954],[77.55735,13.23044],[77.56479,13.23183],[77.5733,13.23273],[77.58269,13.23292],[77.59206,13.23217],[77.6013,13.23049],[77.61031,13.2279],[77.61902,13.22443],[77.62173,13.22301],[77.6267,13.22225],[77.6359,13.22037],[77.64697,13.21749],[77.65498,13.21452],[77.66377,13.21025],[77.67158,13.20686],[77.67936,13.20261],[77.68669,13.19763],[77.69349,13.19199],[77.69971,13.18573],[77.70527,13.17891],[77.70777,13.17515],[77.71074,13.17287],[77.71736,13.16665],[77.72331,13.15981],[77.72855,13.15242],[77.733,13.14456],[77.73664,13.13631],[77.73769,13.13308],[77.739,13.13202],[77.74529,13.12588],[77.75055,13.11993],[77.75525,13.11851],[77.76352,13.11513],[77.77141,13.11097],[77.77885,13.10608],[77.78009,13.10508],[77.78414,13.10474],[77.79299,13.10312],[77.80163,13.10067],[77.81099,13.09708],[77.81887,13.09311],[77.82632,13.08841],[77.83328,13.08304],[77.83967,13.07703],[77.84546,13.07045],[77.84745,13.06787],[77.85235,13.06089],[77.85657,13.05349],[77.86006,13.04574],[77.8628,13.0377],[77.86475,13.02944],[77.86491,13.02828],[77.86607,13.02392],[77.86751,13.01461],[77.86789,13.0063],[77.87039,13.00024],[77.87296,12.99162],[77.87414,12.98628],[77.87515,12.9806],[77.876,12.972],[77.87609,12.96327],[77.87532,12.95457],[77.87369,12.94598],[77.87123,12.93759],[77.86795,12.92947],[77.86389,12.9217],[77.85908,12.91435],[77.85468,12.90886],[77.85264,12.90158],[77.84942,12.8931],[77.84536,12.88497],[77.84048,12.87729],[77.83485,12.87013],[77.82852,12.86355],[77.82155,12.85763],[77.81401,12.85242],[77.81019,12.85031],[77.80833,12.84838],[77.80144,12.84252],[77.79399,12.83736],[77.78606,12.83295],[77.77773,12.82933],[77.76886,12.82649],[77.76074,12.82281],[77.75219,12.81989],[77.75021,12.81942],[77.74807,12.81612],[77.74235,12.80896],[77.73592,12.80241],[77.72885,12.79653],[77.72738,12.79553],[77.72131,12.79019],[77.714,12.78462],[77.70616,12.7798],[77.70264,12.7781],[77.7005,12.77658],[77.69298,12.77223],[77.68507,12.7686],[77.67684,12.76572],[77.66777,12.76348],[77.65622,12.76116],[77.64719,12.76033],[77.64379,12.76034],[77.64035,12.758],[77.63247,12.75367],[77.62421,12.75013],[77.61563,12.74739],[77.61208,12.74663],[77.61045,12.74613],[77.60181,12.74432],[77.59304,12.74334],[77.58421,12.74319],[77.5754,12.74387],[77.56671,12.74538],[77.5582,12.74769],[77.55458,12.74905],[77.54829,12.74972],[77.54587,12.75021],[77.53719,12.74943],[77.52797,12.74952],[77.52597,12.74973],[77.52263,12.7496],[77.51374,12.75011],[77.50494,12.75146],[77.49631,12.75364],[77.48794,12.75662],[77.4799,12.76038],[77.47227,12.76489],[77.46512,12.77011],[77.45851,12.77597],[77.45251,12.78244],[77.44739,12.78917],[77.44391,12.79067],[77.43644,12.79472],[77.42613,12.80164],[77.42087,12.80587],[77.41921,12.80701],[77.41215,12.81297],[77.40574,12.81959],[77.40005,12.82682],[77.39727,12.83121],[77.38691,12.84353],[77.38189,12.8507],[77.3776,12.85831],[77.37407,12.86629],[77.37134,12.87457],[77.36943,12.88306],[77.36836,12.8917],[77.36795,12.89949],[77.36791,12.90954]]]},"properties":{"role":"study"}},{"type":"Feature","geometry":{"type":"Polygon","coordinates":[[[77.45988,12.90469],[77.45998,12.90326],[77.45998,12.90325],[77.45998,12.90322],[77.46,12.90293],[77.46,12.9028],[77.46,12.90266],[77.46,12.90238],[77.46,12.90236],[77.46,12.90233],[77.46002,12.90172],[77.46008,12.90114],[77.46018,12.90024],[77.46019,12.90015],[77.46015,12.89995],[77.46011,12.89977],[77.46015,12.89922],[77.46019,12.89871],[77.4602,12.89851],[77.4602,12.89849],[77.46022,12.89824],[77.46022,12.89821],[77.46029,12.89823],[77.46092,12.89841],[77.46097,12.89842],[77.46098,12.89839],[77.46099,12.89836],[77.46107,12.89818],[77.46114,12.89802],[77.46121,12.89786],[77.4614,12.89758],[77.46148,12.89746],[77.46148,12.89746],[77.4615,12.89743],[77.46155,12.89735],[77.46167,12.89716],[77.46225,12.89641],[77.46226,12.8964],[77.46243,12.89618],[77.46246,12.89615],[77.46291,12.89555],[77.4632,12.89518],[77.46358,12.89468],[77.4637,12.89452],[77.46374,12.89447],[77.46407,12.89402],[77.46412,12.89396],[77.46424,12.89381],[77.46493,12.89288],[77.46571,12.89182],[77.46575,12.89177],[77.46653,12.89076],[77.46658,12.89069],[77.46672,12.89051],[77.46678,12.89043],[77.46684,12.89036],[77.46684,12.89036],[77.46684,12.89036],[77.46685,12.89035],[77.46687,12.89033],[77.46687,12.89032],[77.46691,12.89028],[77.46698,12.89019],[77.46714,12.88999],[77.46728,12.88983],[77.4674,12.88968],[77.46753,12.88953],[77.46769,12.88933],[77.46776,12.88925],[77.46782,12.88917],[77.46794,12.88903],[77.468,12.88896],[77.46817,12.88875],[77.46818,12.88873],[77.46823,12.88867],[77.46838,12.88851],[77.46838,12.8885],[77.4684,12.88847],[77.46841,12.88845],[77.46845,12.88838],[77.46845,12.88838],[77.46848,12.88833],[77.46848,12.88832],[77.46849,12.88832],[77.46849,12.88832],[77.46848,12.88841],[77.46847,12.88866],[77.46857,12.88904],[77.4686,12.88915],[77.46874,12.8897],[77.46877,12.88979],[77.46902,12.89081],[77.46903,12.89085],[77.46917,12.8914],[77.46923,12.89165],[77.46936,12.89218],[77.46941,12.89239],[77.46942,12.89246],[77.46981,12.89328],[77.4699,12.89348],[77.47012,12.89399],[77.47024,12.89415],[77.47028,12.89419],[77.47038,12.89433],[77.47076,12.89476],[77.47126,12.89538],[77.47184,12.8961],[77.4719,12.89618],[77.47197,12.89627],[77.47251,12.897],[77.47256,12.89706],[77.47342,12.8984],[77.47344,12.89843],[77.47452,12.89809],[77.47489,12.8979],[77.47541,12.89756],[77.47696,12.89665],[77.47707,12.89657],[77.47723,12.89645],[77.47727,12.89641],[77.47709,12.89635],[77.47624,12.89566],[77.47573,12.89524],[77.47555,12.89476],[77.47555,12.89478],[77.47549,12.89477],[77.47547,12.89469],[77.47546,12.89462],[77.47546,12.89462],[77.47547,12.89453],[77.47549,12.89442],[77.47552,12.89434],[77.47558,12.89428],[77.47566,12.89423],[77.47574,12.89421],[77.47586,12.8942],[77.47602,12.89422],[77.47615,12.89427],[77.47622,12.89432],[77.47642,12.89444],[77.47657,12.89447],[77.47664,12.8945],[77.47674,12.89447],[77.47674,12.89447],[77.47679,12.89443],[77.47686,12.89434],[77.47695,12.89426],[77.47699,12.89421],[77.47702,12.89415],[77.47705,12.89409],[77.47708,12.89402],[77.47716,12.89392],[77.47721,12.89384],[77.4773,12.8937],[77.4774,12.89356],[77.47744,12.89351],[77.4775,12.89345],[77.47759,12.89337],[77.47772,12.89321],[77.47779,12.89306],[77.47783,12.89302],[77.47801,12.89288],[77.4781,12.89284],[77.47813,12.89281],[77.47818,12.89278],[77.47823,12.89274],[77.47827,12.8927],[77.47831,12.89268],[77.47835,12.89266],[77.47839,12.89264],[77.47843,12.89261],[77.47848,12.89259],[77.47852,12.89257],[77.47856,12.89254],[77.47862,12.89252],[77.47867,12.89246],[77.4787,12.89243],[77.47874,12.8924],[77.47877,12.89238],[77.47881,12.89235],[77.47885,12.89232],[77.4789,12.89229],[77.47894,12.89226],[77.47901,12.89223],[77.47904,12.8922],[77.47907,12.89217],[77.47909,12.89214],[77.47918,12.89196],[77.4792,12.89191],[77.47921,12.89186],[77.4792,12.89181],[77.4792,12.89176],[77.4792,12.89172],[77.47921,12.89147],[77.47922,12.89129],[77.47922,12.89125],[77.47927,12.89068],[77.47926,12.89027],[77.47927,12.89],[77.47931,12.88979],[77.47942,12.88971],[77.47955,12.8897],[77.47968,12.8897],[77.47999,12.88976],[77.48022,12.88989],[77.48034,12.88998],[77.48047,12.89003],[77.48056,12.89008],[77.4807,12.89012],[77.48079,12.89015],[77.481,12.89015],[77.48105,12.89015],[77.48113,12.89013],[77.48125,12.89008],[77.48134,12.89003],[77.4814,12.88994],[77.48159,12.88976],[77.48173,12.88963],[77.48184,12.88956],[77.48201,12.8893],[77.48223,12.8888],[77.48223,12.8888],[77.48224,12.88878],[77.48238,12.88812],[77.48246,12.88778],[77.48251,12.88755],[77.48271,12.8871],[77.48287,12.88666],[77.48297,12.8864],[77.48297,12.88629],[77.48293,12.88609],[77.48285,12.88595],[77.48263,12.88576],[77.48249,12.88575],[77.48208,12.88576],[77.48197,12.88582],[77.48181,12.88585],[77.48145,12.8859],[77.48113,12.88595],[77.48092,12.88596],[77.48076,12.88595],[77.4807,12.88595],[77.48057,12.88594],[77.48014,12.88595],[77.47978,12.88609],[77.4795,12.88618],[77.47934,12.88623],[77.47913,12.88623],[77.47911,12.88623],[77.47911,12.88623],[77.47894,12.88621],[77.47886,12.88617],[77.47877,12.88612],[77.47874,12.88606],[77.47873,12.88598],[77.47874,12.8859],[77.47875,12.88582],[77.4788,12.88576],[77.4788,12.88576],[77.47882,12.88573],[77.47884,12.88571],[77.47884,12.8857],[77.47884,12.8857],[77.47888,12.88562],[77.47888,12.88562],[77.4789,12.88556],[77.4789,12.8853],[77.47888,12.88524],[77.47896,12.88499],[77.47901,12.88482],[77.47901,12.88474],[77.47902,12.88468],[77.47898,12.88462],[77.4789,12.88445],[77.47884,12.8844],[77.47877,12.88433],[77.47871,12.88428],[77.47851,12.88411],[77.47826,12.88379],[77.47794,12.88339],[77.47776,12.88322],[77.4777,12.88315],[77.47755,12.88301],[77.47735,12.88275],[77.47693,12.88237],[77.47653,12.882],[77.47618,12.88168],[77.47607,12.88161],[77.47586,12.88146],[77.47565,12.88131],[77.47516,12.88095],[77.47494,12.88068],[77.47487,12.88042],[77.47487,12.88042],[77.47487,12.88042],[77.47482,12.88005],[77.47496,12.87978],[77.47496,12.87978],[77.47504,12.87966],[77.47506,12.87963],[77.47511,12.87956],[77.47545,12.8791],[77.47545,12.8791],[77.47555,12.87896],[77.47565,12.87883],[77.47583,12.87843],[77.47571,12.87844],[77.47567,12.87838],[77.47567,12.87838],[77.4759,12.87832],[77.47591,12.87832],[77.47623,12.87824],[77.47653,12.87821],[77.47696,12.87817],[77.47699,12.87817],[77.47706,12.87816],[77.47708,12.87816],[77.47725,12.87814],[77.47749,12.87811],[77.47771,12.87807],[77.47797,12.87803],[77.47814,12.87801],[77.47814,12.87801],[77.47839,12.87797],[77.47855,12.87794],[77.47863,12.87793],[77.47914,12.87785],[77.47941,12.87781],[77.47952,12.87781],[77.47954,12.87781],[77.47956,12.87783],[77.47971,12.87797],[77.47999,12.87805],[77.48063,12.87807],[77.48063,12.87807],[77.48169,12.8781],[77.48168,12.87806],[77.48168,12.878],[77.48167,12.87798],[77.48167,12.87792],[77.48167,12.87788],[77.48165,12.87777],[77.48163,12.87763],[77.48154,12.87706],[77.48153,12.87698],[77.48151,12.87662],[77.48141,12.87633],[77.48136,12.87618],[77.48127,12.87596],[77.48126,12.87588],[77.48125,12.87578],[77.48121,12.87547],[77.48118,12.87537],[77.48118,12.87531],[77.48129,12.87528],[77.48126,12.87522],[77.48125,12.8752],[77.48124,12.87517],[77.48109,12.87486],[77.48107,12.87486],[77.48107,12.87486],[77.48095,12.87486],[77.48089,12.87469],[77.48086,12.87462],[77.48088,12.87429],[77.48091,12.87428],[77.48108,12.87426],[77.48112,12.87425],[77.4812,12.87424],[77.48133,12.87429],[77.48133,12.87429],[77.48135,12.8743],[77.48249,12.87416],[77.48256,12.87415],[77.48284,12.87427],[77.48294,12.87432],[77.48296,12.87432],[77.48309,12.87436],[77.48312,12.87438],[77.48313,12.87435],[77.48314,12.87435],[77.4834,12.87386],[77.48361,12.87352],[77.48373,12.87333],[77.48382,12.87319],[77.48396,12.87295],[77.48439,12.8722],[77.48464,12.87183],[77.48468,12.87176],[77.48474,12.87165],[77.48522,12.87151],[77.48533,12.87148],[77.48538,12.87147],[77.48597,12.87137],[77.48599,12.87136],[77.48609,12.87139],[77.48727,12.87186],[77.48736,12.87189],[77.48747,12.87193],[77.48767,12.87194],[77.48785,12.87195],[77.48834,12.87198],[77.48842,12.87198],[77.48836,12.8724],[77.48885,12.8722],[77.48905,12.8721],[77.4893,12.87199],[77.48965,12.87183],[77.49006,12.87164],[77.49015,12.8716],[77.49036,12.8715],[77.49056,12.87139],[77.49061,12.87137],[77.49069,12.87132],[77.49178,12.87082],[77.4918,12.87086],[77.4918,12.87086],[77.49188,12.87101],[77.49197,12.87117],[77.49221,12.87161],[77.49238,12.87192],[77.49252,12.87219],[77.49271,12.87227],[77.49271,12.87226],[77.49275,12.87208],[77.49286,12.87191],[77.49294,12.8719],[77.49455,12.87172],[77.49474,12.8718],[77.49478,12.87193],[77.49494,12.87246],[77.49498,12.87258],[77.49509,12.87296],[77.49517,12.87296],[77.49559,12.87295],[77.49573,12.87295],[77.49583,12.87295],[77.49612,12.87295],[77.49616,12.87295],[77.49622,12.87295],[77.49624,12.87295],[77.49627,12.87295],[77.49629,12.87294],[77.49638,12.8729],[77.49663,12.8727],[77.49663,12.8727],[77.49688,12.87249],[77.49688,12.87249],[77.49689,12.87249],[77.4969,12.87248],[77.49703,12.87238],[77.49718,12.87252],[77.49724,12.87258],[77.49746,12.87278],[77.49776,12.87306],[77.49791,12.87321],[77.49812,12.87331],[77.49966,12.87411],[77.50031,12.87453],[77.50041,12.87459],[77.50045,12.87461],[77.50085,12.87491],[77.50117,12.87513],[77.50127,12.8752],[77.50197,12.87569],[77.50229,12.87591],[77.5025,12.87605],[77.5025,12.87605],[77.50253,12.87607],[77.50269,12.87619],[77.50319,12.8764],[77.50358,12.87657],[77.50381,12.87666],[77.504,12.87675],[77.50455,12.87701],[77.50479,12.87688],[77.50542,12.87659],[77.50572,12.87591],[77.50578,12.8756],[77.50626,12.87456],[77.50667,12.87381],[77.50706,12.87321],[77.50712,12.87312],[77.5076,12.87237],[77.50792,12.87186],[77.50804,12.87169],[77.50832,12.87128],[77.50836,12.87123],[77.50837,12.87121],[77.50879,12.87064],[77.50925,12.87002],[77.51011,12.86903],[77.51052,12.86896],[77.51156,12.86809],[77.51159,12.86806],[77.51172,12.86811],[77.51241,12.86827],[77.51261,12.86824],[77.5132,12.86813],[77.51333,12.8681],[77.51467,12.86793],[77.51544,12.86788],[77.51549,12.86788],[77.51562,12.868],[77.51566,12.86804],[77.51619,12.86856],[77.51685,12.86917],[77.51702,12.86934],[77.51729,12.8696],[77.51858,12.87092],[77.51944,12.87179],[77.52017,12.87213],[77.52021,12.87215],[77.52021,12.87214],[77.52156,12.87141],[77.52309,12.87058],[77.52292,12.87056],[77.5229,12.87053],[77.52262,12.87009],[77.52178,12.86878],[77.52177,12.86877],[77.5216,12.8685],[77.52022,12.86634],[77.51975,12.86396],[77.51973,12.86373],[77.51959,12.86249],[77.51957,12.86231],[77.51954,12.86215],[77.51945,12.86204],[77.51901,12.86172],[77.51891,12.86165],[77.51874,12.86149],[77.51841,12.86117],[77.51842,12.86108],[77.51842,12.86106],[77.51846,12.8607],[77.51847,12.86056],[77.51849,12.86048],[77.51849,12.86047],[77.5185,12.86039],[77.51851,12.86026],[77.51855,12.85998],[77.51859,12.8597],[77.5186,12.85959],[77.51869,12.85887],[77.51877,12.85831],[77.51896,12.85686],[77.51897,12.85676],[77.51913,12.85552],[77.51921,12.85486],[77.51928,12.85468],[77.51956,12.85395],[77.51973,12.85352],[77.5202,12.85231],[77.52086,12.85061],[77.521,12.85026],[77.52103,12.85017],[77.52105,12.85014],[77.52115,12.84991],[77.52126,12.84968],[77.52149,12.84917],[77.52159,12.849],[77.5216,12.84893],[77.52162,12.84862],[77.52163,12.84845],[77.52164,12.84839],[77.52165,12.84837],[77.52166,12.84829],[77.52167,12.84826],[77.52169,12.84817],[77.52198,12.84677],[77.52223,12.84559],[77.52225,12.84547],[77.52236,12.84512],[77.52238,12.84505],[77.52246,12.84477],[77.5225,12.84462],[77.52266,12.84399],[77.52268,12.84387],[77.5227,12.84376],[77.52277,12.8434],[77.52287,12.84291],[77.52296,12.84253],[77.52312,12.8418],[77.52324,12.84123],[77.52346,12.84022],[77.52352,12.83995],[77.52421,12.84014],[77.52446,12.84021],[77.52606,12.84064],[77.52909,12.84032],[77.53097,12.84009],[77.53128,12.84005],[77.53343,12.8397],[77.53361,12.83991],[77.53391,12.83992],[77.53453,12.84045],[77.535,12.84086],[77.53511,12.84095],[77.53578,12.84117],[77.53678,12.84149],[77.53757,12.84174],[77.53788,12.84247],[77.53793,12.84341],[77.53814,12.84414],[77.53816,12.84423],[77.53831,12.84475],[77.53831,12.84475],[77.53836,12.84492],[77.53835,12.8453],[77.53904,12.84532],[77.54049,12.84496],[77.54068,12.84479],[77.54077,12.84471],[77.54086,12.84463],[77.54122,12.84431],[77.54126,12.84428],[77.54126,12.84427],[77.54149,12.84353],[77.54168,12.84333],[77.54225,12.84329],[77.54252,12.84333],[77.54277,12.84337],[77.54279,12.84338],[77.54327,12.84373],[77.54372,12.84405],[77.54431,12.84437],[77.54439,12.84528],[77.5445,12.84589],[77.54451,12.84596],[77.54458,12.84631],[77.5445,12.84673],[77.54436,12.84699],[77.54445,12.84712],[77.54446,12.84714],[77.54465,12.8474],[77.54468,12.84762],[77.54473,12.84761],[77.54485,12.8476],[77.54487,12.8476],[77.54487,12.8476],[77.54488,12.8476],[77.54488,12.8476],[77.54492,12.8476],[77.54501,12.84761],[77.54506,12.84761],[77.54821,12.84779],[77.54822,12.84779],[77.54913,12.84785],[77.54961,12.84787],[77.54965,12.84788],[77.54973,12.84788],[77.55055,12.84792],[77.55084,12.84794],[77.55148,12.848],[77.55149,12.84801],[77.55149,12.84801],[77.55199,12.84756],[77.55302,12.84716],[77.55321,12.8475],[77.55323,12.84773],[77.55344,12.84776],[77.55433,12.84788],[77.55442,12.84789],[77.55446,12.84799],[77.55448,12.84803],[77.55449,12.84803],[77.55488,12.84785],[77.55494,12.84775],[77.55551,12.84676],[77.55555,12.84669],[77.55567,12.84647],[77.55594,12.84598],[77.55613,12.84565],[77.55613,12.84564],[77.55621,12.84549],[77.55628,12.84536],[77.55632,12.84528],[77.55637,12.84518],[77.55643,12.84507],[77.55656,12.84494],[77.55663,12.84488],[77.55695,12.84457],[77.5571,12.84444],[77.5571,12.84444],[77.55735,12.84419],[77.55737,12.8432],[77.5574,12.84261],[77.55741,12.84184],[77.56036,12.84121],[77.56231,12.84042],[77.56268,12.84027],[77.56243,12.83972],[77.56246,12.83952],[77.56254,12.83909],[77.56256,12.83897],[77.56256,12.83897],[77.56276,12.83902],[77.56553,12.83965],[77.56559,12.83967],[77.5656,12.83967],[77.5656,12.83967],[77.56657,12.83958],[77.56686,12.83955],[77.56688,12.83955],[77.56704,12.83953],[77.56723,12.83952],[77.56732,12.83951],[77.56805,12.83944],[77.56814,12.83943],[77.56834,12.83942],[77.56874,12.83938],[77.56885,12.83937],[77.57004,12.83927],[77.57013,12.83926],[77.57055,12.83923],[77.57056,12.83923],[77.57094,12.83924],[77.57187,12.8392],[77.57433,12.83734],[77.57456,12.83746],[77.57473,12.83749],[77.57479,12.83749],[77.57516,12.83865],[77.57521,12.8387],[77.57523,12.83872],[77.57622,12.83856],[77.57686,12.83847],[77.57849,12.8383],[77.5788,12.83828],[77.57904,12.83826],[77.57986,12.83796],[77.57999,12.8379],[77.58034,12.83778],[77.58042,12.83775],[77.58143,12.83737],[77.58155,12.83732],[77.58165,12.83729],[77.58166,12.83728],[77.58202,12.83705],[77.58199,12.83695],[77.58209,12.83689],[77.58201,12.83645],[77.58223,12.83638],[77.58417,12.83506],[77.58421,12.83503],[77.58423,12.83502],[77.58606,12.83401],[77.58702,12.83349],[77.58706,12.83352],[77.5875,12.83384],[77.58922,12.83517],[77.5893,12.83525],[77.58962,12.83545],[77.58967,12.83547],[77.58998,12.83553],[77.59056,12.83559],[77.59063,12.83497],[77.59076,12.83484],[77.59153,12.83458],[77.59168,12.83506],[77.59275,12.83723],[77.59307,12.83854],[77.59337,12.83927],[77.5935,12.83957],[77.59399,12.84036],[77.59398,12.8405],[77.59392,12.84057],[77.59399,12.84089],[77.594,12.84117],[77.59402,12.84165],[77.59408,12.84198],[77.59417,12.84198],[77.59434,12.84318],[77.59442,12.84399],[77.59438,12.84501],[77.59431,12.84546],[77.59434,12.84559],[77.59435,12.84563],[77.59439,12.84562],[77.59442,12.84579],[77.59444,12.84587],[77.59452,12.84633],[77.59458,12.84652],[77.59461,12.84663],[77.59472,12.84701],[77.59477,12.84717],[77.59485,12.84745],[77.59495,12.84767],[77.59523,12.8484],[77.59541,12.84881],[77.59561,12.84919],[77.59561,12.84919],[77.59604,12.84902],[77.59635,12.84889],[77.59656,12.8488],[77.59701,12.84866],[77.59816,12.84823],[77.59852,12.84821],[77.59885,12.84811],[77.59922,12.84805],[77.59944,12.84802],[77.60019,12.84791],[77.60055,12.84812],[77.60128,12.8481],[77.60267,12.8484],[77.60447,12.84817],[77.60708,12.84747],[77.60922,12.84607],[77.60915,12.84683],[77.60911,12.84727],[77.60907,12.84782],[77.60905,12.84802],[77.60903,12.84827],[77.60901,12.84839],[77.60904,12.8493],[77.60906,12.84983],[77.60906,12.84984],[77.60906,12.84998],[77.60906,12.84998],[77.60907,12.8501],[77.60907,12.85035],[77.60908,12.85055],[77.60909,12.85079],[77.6091,12.85127],[77.60918,12.85121],[77.61156,12.85142],[77.61275,12.85175],[77.61325,12.85266],[77.6137,12.85318],[77.61436,12.85422],[77.61447,12.85431],[77.61468,12.8545],[77.61469,12.8545],[77.61496,12.85473],[77.61549,12.85516],[77.61554,12.8552],[77.6159,12.85543],[77.61649,12.85571],[77.61676,12.85712],[77.61676,12.85713],[77.61684,12.85751],[77.61684,12.85753],[77.61684,12.85753],[77.61695,12.85752],[77.6171,12.8575],[77.61729,12.85748],[77.61806,12.85747],[77.61806,12.85743],[77.61891,12.8576],[77.6189,12.85763],[77.61899,12.85765],[77.61902,12.85788],[77.61918,12.85796],[77.61959,12.85795],[77.62027,12.85795],[77.62112,12.85794],[77.6255,12.85765],[77.62638,12.85754],[77.62644,12.8575],[77.62658,12.85741],[77.62669,12.85735],[77.62673,12.85732],[77.62685,12.85724],[77.62688,12.85724],[77.62694,12.85721],[77.62732,12.8572],[77.62766,12.85719],[77.62922,12.85712],[77.62925,12.85716],[77.62926,12.85718],[77.62914,12.85718],[77.62919,12.85724],[77.6292,12.85725],[77.62922,12.85728],[77.62927,12.85734],[77.62928,12.85735],[77.62935,12.85743],[77.6294,12.8575],[77.62946,12.85751],[77.62971,12.85765],[77.6298,12.85773],[77.62984,12.85783],[77.63008,12.85812],[77.63028,12.85841],[77.63039,12.85869],[77.63041,12.8587],[77.63041,12.85872],[77.63051,12.85904],[77.6306,12.85917],[77.63064,12.85925],[77.63067,12.85932],[77.63068,12.85945],[77.63068,12.85967],[77.63069,12.85992],[77.63072,12.86002],[77.63072,12.86002],[77.6308,12.86012],[77.63093,12.8602],[77.63108,12.86026],[77.63126,12.86044],[77.6314,12.86061],[77.63169,12.86083],[77.63182,12.8609],[77.63231,12.86117],[77.63231,12.86117],[77.63232,12.86118],[77.63236,12.8612],[77.633,12.86148],[77.63439,12.86184],[77.63407,12.86226],[77.63456,12.86276],[77.6352,12.86305],[77.63637,12.86307],[77.63729,12.8629],[77.63749,12.86296],[77.63849,12.86346],[77.63847,12.86399],[77.63853,12.86411],[77.63907,12.865],[77.64075,12.86504],[77.64121,12.86501],[77.64146,12.86428],[77.64165,12.8637],[77.64165,12.86369],[77.64166,12.86369],[77.64169,12.86368],[77.64173,12.86367],[77.64179,12.86365],[77.6418,12.86363],[77.64188,12.86359],[77.64188,12.86356],[77.64207,12.86207],[77.6429,12.85945],[77.64297,12.85697],[77.64285,12.85407],[77.64281,12.85269],[77.64297,12.85106],[77.64309,12.85058],[77.64458,12.85165],[77.64522,12.85207],[77.64519,12.85164],[77.64524,12.85165],[77.64574,12.85178],[77.64593,12.85184],[77.64594,12.85184],[77.64596,12.85164],[77.64616,12.85171],[77.64633,12.85183],[77.64637,12.85183],[77.64645,12.85184],[77.64659,12.85191],[77.64671,12.85198],[77.64681,12.85198],[77.64685,12.85198],[77.64709,12.85193],[77.64742,12.85204],[77.64758,12.85224],[77.64792,12.85224],[77.64796,12.85194],[77.6481,12.85196],[77.64812,12.85183],[77.64852,12.8519],[77.64851,12.85201],[77.64864,12.85203],[77.64869,12.85204],[77.64863,12.85267],[77.64935,12.85287],[77.64956,12.85307],[77.64962,12.85226],[77.64965,12.85226],[77.64965,12.85211],[77.64986,12.85209],[77.65007,12.85215],[77.65004,12.85273],[77.64997,12.85286],[77.64994,12.8531],[77.64977,12.85309],[77.64979,12.8533],[77.64979,12.85332],[77.64987,12.85363],[77.65069,12.85395],[77.65062,12.85414],[77.65154,12.85473],[77.65172,12.85492],[77.65198,12.85497],[77.65197,12.85474],[77.65268,12.85494],[77.65276,12.85496],[77.65282,12.85498],[77.65284,12.85524],[77.65306,12.85534],[77.65313,12.85565],[77.65436,12.85584],[77.65528,12.85621],[77.65532,12.85612],[77.6554,12.85584],[77.65541,12.85583],[77.65544,12.85585],[77.65545,12.85584],[77.6559,12.85611],[77.65581,12.8564],[77.65606,12.85655],[77.65606,12.85674],[77.6562,12.85676],[77.65618,12.85698],[77.65615,12.85698],[77.65613,12.8571],[77.65685,12.85721],[77.65745,12.85783],[77.6574,12.85855],[77.65848,12.85855],[77.6593,12.85871],[77.6606,12.85857],[77.66061,12.85856],[77.66069,12.85855],[77.66128,12.85868],[77.66128,12.85881],[77.66138,12.85885],[77.66178,12.85916],[77.6618,12.85918],[77.66194,12.85925],[77.66194,12.85925],[77.66237,12.85959],[77.66278,12.85996],[77.66327,12.86036],[77.66372,12.86078],[77.66384,12.86192],[77.66409,12.86242],[77.66413,12.86253],[77.66458,12.86243],[77.66473,12.86271],[77.66479,12.86297],[77.66492,12.86313],[77.66507,12.8636],[77.66537,12.8642],[77.6657,12.86461],[77.66657,12.86596],[77.6667,12.86618],[77.66672,12.86621],[77.66705,12.8662],[77.66709,12.86634],[77.66782,12.86641],[77.66949,12.86706],[77.66986,12.86718],[77.66995,12.86723],[77.67022,12.86739],[77.67114,12.86781],[77.67209,12.86813],[77.67227,12.8682],[77.67244,12.8682],[77.67289,12.86825],[77.67291,12.86835],[77.67281,12.86931],[77.67532,12.87258],[77.6753,12.87272],[77.67527,12.87288],[77.67521,12.87316],[77.67507,12.87379],[77.67506,12.8738],[77.67487,12.87465],[77.67472,12.87517],[77.67469,12.87523],[77.67468,12.87526],[77.67466,12.87528],[77.6746,12.87536],[77.67434,12.87581],[77.67421,12.87605],[77.6742,12.87607],[77.67415,12.87617],[77.67412,12.87622],[77.67409,12.87628],[77.67408,12.8763],[77.67406,12.87633],[77.67403,12.87637],[77.67402,12.87639],[77.67389,12.87665],[77.6739,12.87665],[77.67396,12.87665],[77.6738,12.87694],[77.67379,12.87696],[77.67365,12.87724],[77.6736,12.8773],[77.67351,12.87743],[77.67348,12.87748],[77.67343,12.87754],[77.67338,12.8776],[77.67317,12.87788],[77.673,12.87811],[77.67291,12.87824],[77.67281,12.87837],[77.67272,12.87846],[77.6727,12.87848],[77.67265,12.87855],[77.67253,12.87872],[77.67233,12.879],[77.67224,12.87911],[77.67162,12.87998],[77.67142,12.88021],[77.6714,12.88024],[77.67138,12.88027],[77.6714,12.88027],[77.67153,12.88024],[77.67173,12.8802],[77.672,12.88015],[77.67204,12.88014],[77.67371,12.87981],[77.67372,12.87986],[77.67372,12.87987],[77.67373,12.8799],[77.67375,12.87989],[77.67385,12.87987],[77.67397,12.87985],[77.67397,12.87991],[77.674,12.88023],[77.67401,12.8804],[77.67409,12.88155],[77.67413,12.88238],[77.67413,12.88242],[77.67413,12.8825],[77.67413,12.88257],[77.67417,12.8838],[77.67418,12.88389],[77.67418,12.8839],[77.67418,12.88398],[77.67418,12.88413],[77.67417,12.88413],[77.67399,12.88418],[77.67399,12.88419],[77.67399,12.88419],[77.67401,12.88426],[77.67401,12.88426],[77.67402,12.88428],[77.674,12.88428],[77.67382,12.88431],[77.67382,12.88431],[77.67375,12.88437],[77.67364,12.88439],[77.67233,12.88465],[77.67224,12.88467],[77.67233,12.88465],[77.67244,12.88599],[77.67252,12.88649],[77.67254,12.88659],[77.67259,12.88684],[77.67271,12.88723],[77.67272,12.88726],[77.6728,12.88769],[77.67281,12.88777],[77.67283,12.88786],[77.67283,12.88788],[77.67284,12.88793],[77.67287,12.88805],[77.67287,12.88806],[77.67287,12.88806],[77.67287,12.88806],[77.67287,12.88808],[77.67291,12.88831],[77.67293,12.88839],[77.67297,12.88857],[77.67297,12.88857],[77.6731,12.88927],[77.67317,12.88961],[77.67318,12.88964],[77.6732,12.88976],[77.67321,12.88981],[77.67323,12.88992],[77.67323,12.88993],[77.67332,12.89038],[77.67335,12.89053],[77.67345,12.89094],[77.67347,12.89115],[77.67352,12.89137],[77.67355,12.89161],[77.67359,12.89189],[77.67362,12.89207],[77.67363,12.89209],[77.67364,12.89219],[77.67378,12.89275],[77.67377,12.89297],[77.67377,12.89314],[77.67383,12.89314],[77.67388,12.89314],[77.67387,12.89315],[77.67487,12.89347],[77.67497,12.8935],[77.67684,12.8941],[77.67716,12.8942],[77.6773,12.89424],[77.67735,12.89426],[77.67792,12.89511],[77.67803,12.89528],[77.67805,12.8953],[77.67822,12.89555],[77.67885,12.89657],[77.67959,12.8976],[77.68228,12.89996],[77.68241,12.90019],[77.6824,12.90085],[77.68255,12.90141],[77.68325,12.90158],[77.68452,12.90192],[77.68545,12.90204],[77.68555,12.90223],[77.68617,12.90244],[77.68727,12.90245],[77.68747,12.90256],[77.68747,12.90261],[77.68758,12.90334],[77.68749,12.90336],[77.68686,12.90365],[77.68629,12.90391],[77.68572,12.90444],[77.68731,12.90473],[77.68685,12.90645],[77.68726,12.90654],[77.68737,12.90654],[77.68766,12.90648],[77.68775,12.90644],[77.68805,12.90621],[77.68808,12.9062],[77.68822,12.90608],[77.68826,12.90599],[77.68831,12.9059],[77.68832,12.90588],[77.68836,12.90548],[77.68992,12.90541],[77.68992,12.90549],[77.6901,12.90547],[77.69029,12.90547],[77.69093,12.90553],[77.69095,12.90546],[77.69102,12.90546],[77.69112,12.90524],[77.69112,12.90492],[77.69119,12.90491],[77.6912,12.9048],[77.69129,12.90479],[77.69133,12.90443],[77.69141,12.90443],[77.69151,12.90418],[77.69157,12.904],[77.6917,12.90399],[77.69281,12.90414],[77.69295,12.90426],[77.69309,12.90445],[77.69339,12.90449],[77.69359,12.90442],[77.69393,12.9043],[77.69467,12.90419],[77.69534,12.90407],[77.69563,12.90424],[77.69588,12.90402],[77.69626,12.90399],[77.69636,12.90413],[77.69678,12.90412],[77.69696,12.90407],[77.6974,12.90415],[77.69766,12.90418],[77.69785,12.90454],[77.69891,12.90435],[77.70036,12.9041],[77.70082,12.90403],[77.7024,12.90358],[77.70289,12.90409],[77.70336,12.90376],[77.70355,12.90365],[77.70398,12.90343],[77.70406,12.90339],[77.70447,12.90319],[77.70514,12.90282],[77.70604,12.90235],[77.7061,12.90232],[77.7063,12.90224],[77.70629,12.90228],[77.70669,12.90208],[77.70687,12.90203],[77.70709,12.9033],[77.70767,12.90533],[77.708,12.90645],[77.70812,12.90704],[77.70827,12.90777],[77.70828,12.90777],[77.70835,12.90806],[77.70949,12.90794],[77.71053,12.9079],[77.7113,12.90786],[77.71339,12.90794],[77.71395,12.90808],[77.71423,12.90808],[77.71459,12.90794],[77.7156,12.90749],[77.71612,12.90739],[77.71697,12.90833],[77.71729,12.90875],[77.71764,12.90897],[77.71777,12.90894],[77.71783,12.90891],[77.71791,12.90887],[77.7179,12.90877],[77.71786,12.90837],[77.71822,12.90827],[77.71844,12.90823],[77.71893,12.90813],[77.71928,12.90807],[77.71971,12.90799],[77.71973,12.90801],[77.71972,12.90815],[77.71978,12.90865],[77.72042,12.90883],[77.7208,12.90882],[77.72079,12.90815],[77.72119,12.9079],[77.72131,12.90785],[77.72201,12.90763],[77.7227,12.90728],[77.72326,12.90717],[77.72459,12.90691],[77.72628,12.90657],[77.72632,12.90671],[77.72639,12.90696],[77.72644,12.90713],[77.72674,12.90803],[77.72679,12.90823],[77.72686,12.90849],[77.72687,12.90855],[77.72688,12.90859],[77.72691,12.90865],[77.72693,12.9087],[77.72722,12.90951],[77.72734,12.90985],[77.72761,12.91089],[77.72765,12.91257],[77.72773,12.91342],[77.72778,12.9145],[77.72853,12.91441],[77.72882,12.91447],[77.73207,12.91391],[77.73234,12.91412],[77.73245,12.91421],[77.73248,12.91421],[77.73251,12.91421],[77.73267,12.9142],[77.73316,12.91417],[77.73337,12.91415],[77.73375,12.91413],[77.73386,12.91412],[77.7339,12.91411],[77.73417,12.91407],[77.73437,12.91404],[77.73435,12.91364],[77.73432,12.91354],[77.73436,12.91352],[77.7344,12.91334],[77.73445,12.9132],[77.73477,12.91326],[77.73493,12.91329],[77.73548,12.91333],[77.73599,12.91337],[77.7374,12.91349],[77.7374,12.91442],[77.73742,12.91469],[77.73757,12.91477],[77.73784,12.91474],[77.73802,12.91482],[77.73847,12.9146],[77.73876,12.91462],[77.7388,12.91463],[77.73906,12.91465],[77.74099,12.91445],[77.7416,12.91413],[77.7417,12.9143],[77.7418,12.91427],[77.74193,12.91426],[77.74211,12.91411],[77.74213,12.91409],[77.74233,12.91399],[77.74235,12.91398],[77.74305,12.91391],[77.7433,12.91389],[77.74407,12.91386],[77.74457,12.91379],[77.74461,12.91373],[77.74464,12.91368],[77.74467,12.91363],[77.74467,12.91367],[77.74468,12.91373],[77.74478,12.91427],[77.74478,12.91429],[77.74482,12.91428],[77.7449,12.91426],[77.7449,12.91426],[77.74493,12.91426],[77.74494,12.91425],[77.74495,12.9143],[77.74499,12.91454],[77.74501,12.9147],[77.74523,12.91609],[77.74529,12.91616],[77.74533,12.91635],[77.74533,12.91636],[77.74537,12.91696],[77.7455,12.91755],[77.74552,12.91825],[77.74553,12.9184],[77.74556,12.91866],[77.74557,12.9188],[77.74567,12.91934],[77.74568,12.91936],[77.74568,12.91937],[77.74573,12.91961],[77.74574,12.91965],[77.74579,12.91977],[77.7459,12.91974],[77.74595,12.91974],[77.74595,12.91974],[77.74594,12.91978],[77.74594,12.91978],[77.74595,12.9198],[77.74614,12.92003],[77.74628,12.92009],[77.74649,12.92018],[77.74679,12.92031],[77.74697,12.92038],[77.74707,12.92043],[77.74748,12.9206],[77.74799,12.92079],[77.74805,12.92082],[77.74851,12.92099],[77.74853,12.921],[77.74853,12.921],[77.74911,12.92122],[77.74927,12.92128],[77.74975,12.92147],[77.75025,12.92164],[77.75026,12.92164],[77.75121,12.92197],[77.75134,12.92201],[77.75135,12.92204],[77.75145,12.92232],[77.75174,12.92325],[77.75177,12.92336],[77.75199,12.9242],[77.75211,12.92469],[77.75215,12.92481],[77.75219,12.92496],[77.75227,12.9253],[77.75237,12.92533],[77.75297,12.92549],[77.7535,12.92562],[77.75432,12.92579],[77.75453,12.92581],[77.75467,12.92583],[77.75472,12.92584],[77.75518,12.92595],[77.75525,12.92597],[77.75538,12.92601],[77.75652,12.92625],[77.75655,12.92627],[77.75666,12.92631],[77.75698,12.92642],[77.757,12.92642],[77.75703,12.92643],[77.75727,12.92653],[77.75787,12.92679],[77.7579,12.9268],[77.7579,12.9268],[77.75839,12.927],[77.75842,12.92701],[77.75844,12.92702],[77.75931,12.92729],[77.75991,12.92749],[77.76001,12.92753],[77.7605,12.92769],[77.76088,12.92783],[77.76187,12.9282],[77.76235,12.92838],[77.76302,12.92849],[77.76326,12.92853],[77.7638,12.92862],[77.7638,12.92862],[77.76459,12.92876],[77.76459,12.92876],[77.7646,12.92876],[77.76484,12.92878],[77.76474,12.92882],[77.76468,12.92885],[77.76463,12.92887],[77.76472,12.92913],[77.76479,12.92935],[77.76495,12.9298],[77.76495,12.92981],[77.76506,12.93014],[77.7651,12.93026],[77.7651,12.93026],[77.76513,12.93033],[77.76515,12.93037],[77.76524,12.93054],[77.76538,12.93083],[77.76542,12.93099],[77.7655,12.93126],[77.76551,12.93134],[77.76555,12.93154],[77.76555,12.93155],[77.76556,12.93158],[77.7656,12.93183],[77.76565,12.93208],[77.76567,12.93227],[77.76568,12.93242],[77.76571,12.93277],[77.76572,12.93282],[77.76576,12.93333],[77.7658,12.93343],[77.76626,12.93458],[77.76632,12.93474],[77.76632,12.93475],[77.76639,12.93492],[77.76641,12.93496],[77.76641,12.93498],[77.76618,12.93549],[77.76606,12.93578],[77.76605,12.93579],[77.76605,12.93579],[77.766,12.93592],[77.766,12.93592],[77.76561,12.9368],[77.76552,12.937],[77.76551,12.93702],[77.76551,12.93703],[77.7655,12.93705],[77.76551,12.93717],[77.76551,12.93731],[77.76552,12.93753],[77.76555,12.93814],[77.76555,12.93817],[77.76555,12.93839],[77.76554,12.93881],[77.76554,12.93885],[77.76554,12.93914],[77.76554,12.93915],[77.76554,12.93915],[77.76553,12.93998],[77.76549,12.94041],[77.76544,12.94078],[77.76544,12.94082],[77.76544,12.94084],[77.76539,12.94128],[77.76536,12.94159],[77.76528,12.9423],[77.76524,12.94233],[77.76514,12.94239],[77.76526,12.94335],[77.76526,12.9434],[77.76532,12.94388],[77.76535,12.94409],[77.76536,12.94423],[77.76537,12.94427],[77.7654,12.94458],[77.76543,12.94477],[77.76544,12.9449],[77.76544,12.94493],[77.76546,12.94505],[77.76546,12.94505],[77.76546,12.94505],[77.76546,12.94506],[77.76547,12.94516],[77.76547,12.94527],[77.76548,12.94527],[77.76548,12.9453],[77.76548,12.94534],[77.76549,12.94542],[77.76549,12.94543],[77.76549,12.94543],[77.76551,12.94568],[77.76553,12.94582],[77.76557,12.94631],[77.76559,12.94656],[77.76558,12.94662],[77.76558,12.94662],[77.76529,12.94879],[77.76528,12.94886],[77.76524,12.94923],[77.76522,12.94937],[77.76521,12.94938],[77.76512,12.9501],[77.765,12.95051],[77.76499,12.95054],[77.76499,12.95083],[77.76499,12.95088],[77.76499,12.95116],[77.76499,12.95117],[77.76496,12.95121],[77.76471,12.95157],[77.7646,12.95206],[77.76455,12.95221],[77.76457,12.95292],[77.76455,12.95379],[77.76454,12.9545],[77.7646,12.95519],[77.7646,12.95535],[77.7646,12.95538],[77.76461,12.95548],[77.76462,12.95568],[77.76459,12.95575],[77.76452,12.95588],[77.7645,12.95593],[77.7645,12.95593],[77.76447,12.95597],[77.76443,12.95602],[77.76442,12.95606],[77.76439,12.95613],[77.76439,12.9566],[77.76439,12.95662],[77.76439,12.95673],[77.76439,12.95732],[77.76439,12.95733],[77.76439,12.9574],[77.76448,12.95812],[77.76467,12.95945],[77.76472,12.95947],[77.7648,12.95949],[77.76481,12.9595],[77.76483,12.9595],[77.76486,12.95951],[77.76494,12.95987],[77.76494,12.95988],[77.76496,12.95993],[77.765,12.95991],[77.76521,12.95985],[77.76553,12.95974],[77.76574,12.95967],[77.76603,12.95956],[77.76604,12.95956],[77.76619,12.9595],[77.76624,12.95949],[77.76629,12.95947],[77.76651,12.95939],[77.76667,12.95933],[77.7667,12.95932],[77.76671,12.95932],[77.76685,12.95939],[77.76692,12.95943],[77.76688,12.95958],[77.76695,12.95956],[77.76696,12.95956],[77.76699,12.95956],[77.767,12.95955],[77.76701,12.95951],[77.76702,12.95947],[77.76704,12.95948],[77.76704,12.95948],[77.76705,12.95947],[77.76705,12.95947],[77.76706,12.95947],[77.76707,12.95948],[77.7671,12.95949],[77.7672,12.95953],[77.76722,12.95956],[77.76725,12.95962],[77.76746,12.96013],[77.76749,12.9602],[77.7675,12.96021],[77.76799,12.96041],[77.76814,12.96047],[77.76817,12.96056],[77.76839,12.96123],[77.76855,12.96135],[77.76856,12.96136],[77.76872,12.96147],[77.76895,12.96164],[77.76908,12.96166],[77.76926,12.96168],[77.76933,12.96169],[77.76974,12.96183],[77.76976,12.96183],[77.76985,12.96186],[77.76995,12.9619],[77.76999,12.96198],[77.77011,12.96221],[77.77016,12.9623],[77.77019,12.96236],[77.77033,12.96264],[77.77034,12.96266],[77.77036,12.96269],[77.77036,12.96272],[77.77037,12.9628],[77.77037,12.9629],[77.77037,12.96292],[77.77043,12.96291],[77.77051,12.9629],[77.77055,12.96289],[77.77066,12.96288],[77.77064,12.96301],[77.77064,12.96303],[77.77063,12.96315],[77.77062,12.96321],[77.77051,12.96321],[77.77059,12.96354],[77.7706,12.96359],[77.77062,12.96364],[77.77064,12.96373],[77.7707,12.96395],[77.77077,12.96422],[77.7712,12.96486],[77.77126,12.96495],[77.77129,12.96499],[77.77132,12.96503],[77.77205,12.96589],[77.77207,12.96592],[77.77209,12.96593],[77.77218,12.96594],[77.77219,12.96594],[77.77245,12.96597],[77.77281,12.96601],[77.77289,12.96602],[77.77302,12.96603],[77.77304,12.96604],[77.77315,12.96605],[77.77333,12.96607],[77.77335,12.96607],[77.77346,12.96608],[77.7735,12.96608],[77.7735,12.96608],[77.77353,12.9661],[77.7736,12.96611],[77.77362,12.96611],[77.77364,12.96611],[77.77396,12.96626],[77.77406,12.96631],[77.7742,12.96643],[77.7742,12.96643],[77.77424,12.96644],[77.77442,12.96649],[77.77444,12.9665],[77.77446,12.96651],[77.77454,12.96653],[77.7746,12.96655],[77.77462,12.96655],[77.77463,12.96656],[77.77466,12.96656],[77.77469,12.96657],[77.77476,12.96658],[77.77478,12.96658],[77.77486,12.96661],[77.77507,12.96669],[77.77519,12.96683],[77.77522,12.96686],[77.77526,12.9669],[77.77578,12.96721],[77.77578,12.96722],[77.7758,12.96723],[77.77587,12.96727],[77.77594,12.96731],[77.776,12.96734],[77.77618,12.96746],[77.77619,12.96746],[77.77631,12.96753],[77.77635,12.96755],[77.77656,12.96763],[77.77665,12.96766],[77.77666,12.96766],[77.77671,12.96767],[77.77679,12.96769],[77.77685,12.9677],[77.7769,12.96771],[77.77692,12.96772],[77.77694,12.96772],[77.7773,12.9678],[77.77731,12.9678],[77.77733,12.96781],[77.77735,12.96781],[77.77742,12.96782],[77.77743,12.96798],[77.77744,12.96806],[77.77744,12.96809],[77.77743,12.96809],[77.77743,12.96809],[77.77746,12.9681],[77.77751,12.96812],[77.77758,12.96814],[77.77758,12.96814],[77.7776,12.96815],[77.77762,12.96815],[77.77763,12.96816],[77.77763,12.96816],[77.77764,12.96815],[77.77778,12.9681],[77.7785,12.96782],[77.77864,12.96776],[77.77868,12.96774],[77.77884,12.96765],[77.77875,12.96736],[77.77867,12.96718],[77.7787,12.96697],[77.77877,12.96684],[77.77879,12.96682],[77.77879,12.96681],[77.7788,12.96681],[77.77883,12.96681],[77.77895,12.96682],[77.77898,12.96682],[77.77922,12.96688],[77.7793,12.96691],[77.7797,12.96704],[77.77989,12.9671],[77.78001,12.9671],[77.78024,12.96708],[77.78041,12.96708],[77.78065,12.96709],[77.78068,12.96708],[77.78075,12.96707],[77.7808,12.96706],[77.78084,12.96705],[77.78091,12.96704],[77.78096,12.96702],[77.78122,12.96694],[77.78126,12.96692],[77.78131,12.96689],[77.78145,12.9668],[77.78164,12.96652],[77.78178,12.96632],[77.78182,12.96629],[77.78188,12.96626],[77.78198,12.96621],[77.78204,12.96618],[77.78205,12.96618],[77.78207,12.96618],[77.78212,12.96617],[77.78222,12.96621],[77.78237,12.96627],[77.78251,12.96633],[77.78259,12.96636],[77.78296,12.96646],[77.78306,12.96648],[77.78345,12.96657],[77.78374,12.96662],[77.78382,12.96664],[77.78406,12.96673],[77.78403,12.96689],[77.78402,12.96717],[77.78401,12.96755],[77.78397,12.96787],[77.78396,12.96789],[77.78396,12.96789],[77.78396,12.96795],[77.78392,12.96811],[77.78389,12.96828],[77.78379,12.9685],[77.78374,12.96874],[77.78359,12.96918],[77.78359,12.96918],[77.78358,12.96921],[77.78358,12.96924],[77.7835,12.96978],[77.78347,12.97002],[77.78346,12.9701],[77.78346,12.9701],[77.7834,12.97056],[77.78339,12.97059],[77.78335,12.97065],[77.7832,12.9709],[77.78289,12.97094],[77.78262,12.97091],[77.78221,12.97086],[77.78196,12.97086],[77.78155,12.97082],[77.78154,12.97082],[77.78133,12.97076],[77.78123,12.97074],[77.78116,12.97072],[77.78087,12.97037],[77.78083,12.97032],[77.78082,12.97032],[77.78067,12.97017],[77.7805,12.97002],[77.78047,12.96999],[77.78035,12.96993],[77.77988,12.97006],[77.77974,12.97009],[77.7797,12.9701],[77.77949,12.97014],[77.7792,12.97023],[77.77918,12.97024],[77.77882,12.9704],[77.7788,12.97042],[77.77867,12.97054],[77.77863,12.97058],[77.77857,12.97076],[77.77853,12.97086],[77.77853,12.97087],[77.77862,12.97129],[77.77883,12.9718],[77.77896,12.97212],[77.77898,12.97217],[77.77898,12.97218],[77.77892,12.97252],[77.77887,12.97264],[77.7788,12.97281],[77.77877,12.97282],[77.77869,12.97284],[77.77854,12.97288],[77.77828,12.97291],[77.77827,12.97292],[77.77823,12.97296],[77.77811,12.97307],[77.77799,12.97327],[77.77796,12.9733],[77.77793,12.97333],[77.77778,12.97345],[77.77752,12.97357],[77.7775,12.97358],[77.77746,12.97359],[77.77709,12.97378],[77.77679,12.97406],[77.77677,12.97409],[77.77666,12.97429],[77.77662,12.97437],[77.77655,12.97449],[77.77654,12.97449],[77.77649,12.97452],[77.77644,12.97455],[77.7764,12.9746],[77.77625,12.97479],[77.77625,12.9748],[77.77624,12.97486],[77.77623,12.97494],[77.77622,12.97499],[77.77622,12.97504],[77.77621,12.97507],[77.7762,12.97514],[77.77627,12.97532],[77.7764,12.97569],[77.7765,12.97598],[77.77666,12.97619],[77.77676,12.97621],[77.77685,12.97624],[77.77692,12.97625],[77.77717,12.97648],[77.77735,12.97646],[77.77735,12.97646],[77.77776,12.97628],[77.77808,12.97628],[77.77828,12.9765],[77.77831,12.97653],[77.77833,12.97657],[77.77845,12.97672],[77.77845,12.97672],[77.77845,12.97672],[77.77846,12.97679],[77.77849,12.97692],[77.77849,12.97694],[77.7785,12.97695],[77.7785,12.97695],[77.77852,12.97711],[77.77853,12.97723],[77.77853,12.97723],[77.77848,12.97754],[77.77843,12.97775],[77.77838,12.97796],[77.77837,12.97796],[77.77824,12.97824],[77.77821,12.97831],[77.77821,12.97831],[77.77817,12.97834],[77.77815,12.97836],[77.77816,12.97836],[77.77821,12.97837],[77.77815,12.97843],[77.77793,12.97851],[77.77759,12.97849],[77.77754,12.97847],[77.77733,12.97841],[77.77728,12.9784],[77.77703,12.97849],[77.77695,12.97859],[77.77688,12.97866],[77.77679,12.97878],[77.77648,12.97915],[77.77644,12.97919],[77.77627,12.9794],[77.77625,12.97943],[77.77619,12.9795],[77.77609,12.97961],[77.77601,12.9797],[77.77584,12.9799],[77.77554,12.98003],[77.77549,12.98005],[77.77503,12.98028],[77.77467,12.98046],[77.77469,12.98053],[77.7747,12.98059],[77.7747,12.98059],[77.77476,12.98069],[77.77479,12.98075],[77.77483,12.98082],[77.77487,12.98088],[77.77502,12.98107],[77.77503,12.98109],[77.77506,12.98114],[77.77524,12.9813],[77.77524,12.98131],[77.77525,12.98131],[77.77525,12.9814],[77.77525,12.9814],[77.77523,12.9814],[77.77524,12.98154],[77.77524,12.98156],[77.7753,12.98178],[77.77537,12.98208],[77.77544,12.98216],[77.77544,12.98217],[77.77563,12.9824],[77.77576,12.9825],[77.77604,12.98272],[77.77605,12.98273],[77.7761,12.98286],[77.77613,12.98295],[77.77619,12.98309],[77.77626,12.98329],[77.77628,12.98332],[77.77628,12.98333],[77.77633,12.98346],[77.77635,12.98353],[77.77641,12.98385],[77.7765,12.98411],[77.77656,12.98432],[77.77665,12.98453],[77.77672,12.98468],[77.77673,12.98471],[77.77677,12.9848],[77.77678,12.98487],[77.77682,12.98497],[77.77682,12.98497],[77.77685,12.98504],[77.77691,12.98519],[77.77687,12.98523],[77.77685,12.98525],[77.77672,12.98534],[77.7767,12.98536],[77.77654,12.98545],[77.77651,12.98546],[77.77646,12.98551],[77.77642,12.98554],[77.77634,12.98562],[77.77616,12.98578],[77.77615,12.98579],[77.77614,12.98582],[77.77601,12.98607],[77.77598,12.98611],[77.77597,12.98614],[77.77587,12.98645],[77.77592,12.98684],[77.77594,12.98697],[77.77596,12.98696],[77.77596,12.98698],[77.77599,12.98716],[77.77599,12.98719],[77.77601,12.98728],[77.77605,12.98743],[77.77606,12.98745],[77.7761,12.98758],[77.77613,12.98796],[77.77613,12.98797],[77.77614,12.98807],[77.77614,12.98814],[77.77614,12.98815],[77.77615,12.98826],[77.77615,12.9883],[77.77606,12.98879],[77.77589,12.9895],[77.77582,12.9897],[77.77581,12.98976],[77.77572,12.99003],[77.77554,12.99029],[77.77554,12.99099],[77.77561,12.99151],[77.7755,12.99168],[77.77549,12.99171],[77.77545,12.99176],[77.77537,12.9918],[77.77521,12.99188],[77.77507,12.99195],[77.77505,12.99195],[77.77503,12.99194],[77.77447,12.99186],[77.77446,12.99186],[77.77412,12.99189],[77.77412,12.99189],[77.77411,12.99198],[77.77414,12.99216],[77.77414,12.99216],[77.77438,12.99355],[77.77438,12.99358],[77.7744,12.99368],[77.7744,12.99368],[77.77441,12.99372],[77.77441,12.99372],[77.77435,12.99377],[77.7743,12.99383],[77.77429,12.99379],[77.77416,12.99391],[77.77416,12.99391],[77.77425,12.99443],[77.77426,12.99449],[77.77428,12.99457],[77.77433,12.99485],[77.77435,12.99498],[77.77435,12.995],[77.77436,12.99503],[77.77437,12.99511],[77.77437,12.99511],[77.77438,12.99513],[77.77438,12.99513],[77.77438,12.99516],[77.77441,12.99529],[77.77444,12.99536],[77.77451,12.99549],[77.77454,12.99554],[77.77457,12.9956],[77.77461,12.99568],[77.77463,12.99572],[77.77465,12.99575],[77.77466,12.99576],[77.77465,12.99578],[77.77458,12.99611],[77.7745,12.99644],[77.7745,12.99645],[77.77458,12.99679],[77.77458,12.99679],[77.77464,12.99707],[77.77464,12.99708],[77.77459,12.99725],[77.77455,12.99736],[77.77449,12.99754],[77.77447,12.99772],[77.77446,12.99789],[77.77445,12.99791],[77.77454,12.99796],[77.77495,12.99818],[77.77495,12.99818],[77.77495,12.99818],[77.77485,12.99897],[77.77474,12.99979],[77.77474,12.99992],[77.77474,13.00043],[77.77475,13.00112],[77.7742,13.00116],[77.77407,13.00119],[77.77381,13.00127],[77.7738,13.00127],[77.77379,13.00129],[77.77374,13.00147],[77.77373,13.00152],[77.77365,13.00177],[77.77336,13.00189],[77.77333,13.0019],[77.77328,13.00192],[77.77292,13.00206],[77.77256,13.00253],[77.77256,13.00253],[77.77262,13.00288],[77.77271,13.00295],[77.77271,13.00295],[77.77274,13.00297],[77.77275,13.00297],[77.77285,13.00298],[77.77287,13.00298],[77.77288,13.00299],[77.77297,13.00301],[77.77312,13.00304],[77.77312,13.00304],[77.7735,13.00311],[77.7737,13.0031],[77.77397,13.00309],[77.77404,13.00309],[77.77405,13.00309],[77.77448,13.00294],[77.77448,13.00293],[77.77478,13.00297],[77.77544,13.00346],[77.77557,13.00355],[77.7756,13.00386],[77.77562,13.00405],[77.77562,13.00405],[77.77569,13.00447],[77.77571,13.00464],[77.77574,13.00512],[77.77574,13.00514],[77.77575,13.00519],[77.77576,13.00525],[77.77577,13.00534],[77.77584,13.00576],[77.77576,13.00587],[77.77573,13.00587],[77.77527,13.006],[77.77511,13.00604],[77.7749,13.00614],[77.7747,13.00625],[77.77465,13.00626],[77.77448,13.00631],[77.77436,13.00636],[77.77421,13.00635],[77.77418,13.00635],[77.77386,13.00618],[77.77357,13.00617],[77.77336,13.00639],[77.77335,13.0064],[77.77336,13.00647],[77.77336,13.00651],[77.77336,13.00658],[77.77336,13.00658],[77.77336,13.00659],[77.7734,13.0073],[77.7734,13.00736],[77.77341,13.00744],[77.77341,13.00752],[77.77344,13.00795],[77.77345,13.00805],[77.77345,13.00812],[77.77321,13.00869],[77.77317,13.0088],[77.77318,13.00898],[77.77319,13.00913],[77.77319,13.00922],[77.77319,13.00923],[77.7732,13.00937],[77.77321,13.00955],[77.77326,13.00977],[77.77328,13.00991],[77.7733,13.00999],[77.77331,13.01004],[77.7734,13.01029],[77.77351,13.0104],[77.77367,13.01056],[77.77368,13.01057],[77.77386,13.01076],[77.7739,13.0108],[77.7739,13.01081],[77.7739,13.01083],[77.77391,13.01084],[77.77391,13.01086],[77.77391,13.01087],[77.77391,13.01087],[77.77391,13.01089],[77.77391,13.0109],[77.77391,13.01093],[77.77392,13.01096],[77.77392,13.01098],[77.77392,13.01101],[77.77392,13.01102],[77.77393,13.0111],[77.77394,13.01115],[77.77394,13.01121],[77.77395,13.01126],[77.77395,13.01131],[77.77396,13.01134],[77.77396,13.01141],[77.77397,13.01145],[77.77398,13.01152],[77.774,13.01175],[77.77402,13.01193],[77.77404,13.01213],[77.77404,13.01217],[77.77404,13.01217],[77.7741,13.01271],[77.77414,13.01313],[77.77414,13.01316],[77.77406,13.01325],[77.77389,13.01344],[77.77376,13.01358],[77.77355,13.0138],[77.77348,13.01389],[77.77316,13.01438],[77.77316,13.01438],[77.77296,13.01468],[77.77287,13.01482],[77.77287,13.01483],[77.77285,13.01486],[77.77283,13.01486],[77.77266,13.01491],[77.77258,13.01493],[77.77254,13.01495],[77.77251,13.01496],[77.77239,13.015],[77.77213,13.01509],[77.77198,13.01514],[77.77187,13.01518],[77.77174,13.01523],[77.77172,13.01524],[77.77167,13.01514],[77.77147,13.01505],[77.77146,13.01505],[77.77146,13.01504],[77.77137,13.01467],[77.77127,13.01442],[77.77122,13.014],[77.77116,13.01382],[77.77113,13.01366],[77.77112,13.01364],[77.77111,13.01356],[77.77108,13.01342],[77.77107,13.01338],[77.77099,13.01311],[77.7709,13.01275],[77.77089,13.01272],[77.77088,13.0127],[77.77088,13.01268],[77.77086,13.0126],[77.77078,13.0125],[77.77074,13.01243],[77.77067,13.01234],[77.77062,13.01216],[77.77058,13.01201],[77.77055,13.0119],[77.77053,13.01186],[77.77052,13.01179],[77.77051,13.01178],[77.7705,13.01174],[77.7705,13.01174],[77.77046,13.01161],[77.77037,13.01156],[77.77035,13.0111],[77.77035,13.01109],[77.77029,13.01094],[77.77023,13.01083],[77.77022,13.01077],[77.7702,13.01061],[77.77018,13.01048],[77.77016,13.01042],[77.77008,13.01025],[77.77005,13.01019],[77.77001,13.01004],[77.76998,13.00997],[77.76996,13.0099],[77.76993,13.00976],[77.76989,13.00968],[77.76977,13.00937],[77.76989,13.00933],[77.76993,13.00914],[77.76992,13.00908],[77.76987,13.00885],[77.7697,13.00886],[77.76968,13.00841],[77.76972,13.00767],[77.76972,13.00755],[77.76949,13.00593],[77.76935,13.00539],[77.76925,13.00474],[77.76923,13.00464],[77.76925,13.00464],[77.76936,13.00454],[77.76927,13.00425],[77.76898,13.00356],[77.76858,13.00265],[77.76779,13.00311],[77.76779,13.00311],[77.7676,13.00316],[77.76743,13.00322],[77.76738,13.00323],[77.76732,13.00325],[77.76731,13.00325],[77.76608,13.0035],[77.76587,13.00356],[77.7657,13.00361],[77.76554,13.00369],[77.76552,13.00369],[77.76548,13.00372],[77.76539,13.00374],[77.76457,13.00396],[77.76424,13.00404],[77.76416,13.00406],[77.76414,13.00407],[77.76412,13.00407],[77.76409,13.00398],[77.76409,13.00396],[77.76406,13.00387],[77.76404,13.00379],[77.76393,13.00342],[77.76387,13.00324],[77.76406,13.00313],[77.76391,13.00302],[77.7638,13.00294],[77.76349,13.00271],[77.76334,13.0026],[77.76324,13.00274],[77.76326,13.00276],[77.76336,13.00285],[77.76343,13.00291],[77.7634,13.00295],[77.76336,13.003],[77.76334,13.00302],[77.76331,13.00306],[77.76323,13.00316],[77.76314,13.0033],[77.76297,13.00353],[77.76283,13.0037],[77.76276,13.00383],[77.76274,13.00389],[77.76272,13.00394],[77.76269,13.00404],[77.76267,13.00415],[77.76258,13.00433],[77.76251,13.00444],[77.76246,13.00454],[77.7624,13.00468],[77.76236,13.00473],[77.76229,13.0048],[77.76225,13.00486],[77.7622,13.00492],[77.76211,13.00503],[77.76199,13.00512],[77.76186,13.00517],[77.76178,13.00519],[77.76163,13.00518],[77.76158,13.00517],[77.76147,13.00515],[77.76143,13.00512],[77.76142,13.00512],[77.76138,13.0051],[77.76138,13.0051],[77.76108,13.00503],[77.76087,13.00497],[77.76078,13.00495],[77.76065,13.00502],[77.76057,13.00507],[77.76038,13.00516],[77.76035,13.00518],[77.76021,13.00525],[77.75982,13.0056],[77.75969,13.00571],[77.75966,13.00574],[77.75956,13.00587],[77.75938,13.0061],[77.75941,13.00628],[77.75943,13.00647],[77.75947,13.00658],[77.75959,13.00686],[77.75964,13.00699],[77.75971,13.00719],[77.75962,13.00737],[77.75962,13.00738],[77.75959,13.00743],[77.75957,13.00747],[77.75955,13.00748],[77.75954,13.0075],[77.75934,13.0077],[77.75925,13.00778],[77.75917,13.00786],[77.75915,13.00788],[77.75914,13.00788],[77.75887,13.00794],[77.7587,13.00808],[77.75867,13.00811],[77.75846,13.00828],[77.75844,13.00829],[77.75829,13.00841],[77.75819,13.00849],[77.75803,13.00856],[77.75789,13.00861],[77.75755,13.00875],[77.75745,13.00879],[77.75736,13.00883],[77.7573,13.00888],[77.7571,13.00914],[77.75707,13.00919],[77.75698,13.0093],[77.75692,13.00935],[77.75671,13.00956],[77.75644,13.00978],[77.7562,13.00994],[77.75601,13.01007],[77.75566,13.01023],[77.75561,13.01024],[77.75547,13.01026],[77.75543,13.01027],[77.75537,13.01026],[77.75534,13.01025],[77.75531,13.01024],[77.75526,13.01017],[77.7552,13.01001],[77.75517,13.00996],[77.75514,13.00988],[77.7551,13.00975],[77.75509,13.00926],[77.75509,13.00922],[77.75502,13.00908],[77.75487,13.0089],[77.75482,13.00885],[77.75479,13.00884],[77.75474,13.00884],[77.75467,13.00888],[77.75464,13.00889],[77.75461,13.00891],[77.75439,13.00906],[77.75427,13.00922],[77.75404,13.0095],[77.75402,13.00953],[77.7536,13.00986],[77.75289,13.01043],[77.75285,13.01046],[77.75285,13.01047],[77.75284,13.01047],[77.75283,13.01048],[77.75282,13.01049],[77.75275,13.01052],[77.7525,13.01068],[77.75244,13.01071],[77.7523,13.01075],[77.75197,13.01083],[77.75188,13.01088],[77.75129,13.0112],[77.75104,13.01131],[77.75087,13.01137],[77.75077,13.01133],[77.75071,13.01131],[77.75068,13.0113],[77.75063,13.01128],[77.75033,13.01128],[77.75033,13.01128],[77.75007,13.01132],[77.74984,13.01135],[77.74962,13.01151],[77.74966,13.01162],[77.7496,13.01168],[77.74946,13.01181],[77.74921,13.01204],[77.74913,13.01208],[77.74889,13.0122],[77.74879,13.01226],[77.74872,13.01229],[77.74828,13.01252],[77.74814,13.01259],[77.74808,13.01262],[77.74798,13.01268],[77.74788,13.01273],[77.74784,13.01223],[77.7478,13.0115],[77.74745,13.0116],[77.74722,13.01166],[77.74711,13.01127],[77.74702,13.01094],[77.74698,13.0108],[77.74694,13.01064],[77.74689,13.01048],[77.74699,13.0105],[77.74703,13.0105],[77.7471,13.01019],[77.74711,13.01015],[77.74712,13.01013],[77.74715,13.01],[77.74716,13.00997],[77.7472,13.00984],[77.74716,13.00979],[77.7471,13.00971],[77.74706,13.00966],[77.74704,13.00963],[77.74703,13.00962],[77.74697,13.00958],[77.74695,13.00957],[77.74695,13.00935],[77.74695,13.00865],[77.74695,13.00854],[77.74695,13.00837],[77.74694,13.00807],[77.74691,13.00798],[77.74688,13.00785],[77.74688,13.00772],[77.74688,13.0077],[77.74688,13.0076],[77.74688,13.00751],[77.74688,13.00748],[77.74687,13.00744],[77.74687,13.00735],[77.74687,13.00731],[77.74687,13.0073],[77.74687,13.00723],[77.74687,13.0072],[77.74697,13.0072],[77.74705,13.00719],[77.74714,13.00719],[77.74711,13.00704],[77.74711,13.00703],[77.7471,13.007],[77.7471,13.00693],[77.74709,13.00683],[77.74709,13.00682],[77.747,13.00681],[77.74688,13.0068],[77.74686,13.00681],[77.74683,13.00682],[77.74683,13.00682],[77.74682,13.00682],[77.74619,13.00701],[77.74556,13.00712],[77.74515,13.00717],[77.74457,13.0072],[77.74425,13.00718],[77.7439,13.00714],[77.74389,13.00714],[77.74384,13.00713],[77.74337,13.00707],[77.74327,13.00707],[77.74315,13.00707],[77.7418,13.00712],[77.74142,13.00713],[77.74111,13.00714],[77.74105,13.00741],[77.74102,13.00754],[77.74094,13.00784],[77.74094,13.00788],[77.74094,13.00788],[77.74092,13.00795],[77.7409,13.00805],[77.74088,13.00813],[77.74045,13.00806],[77.74037,13.00806],[77.73996,13.00798],[77.73961,13.0079],[77.73923,13.00781],[77.7389,13.00776],[77.73877,13.00772],[77.73859,13.00765],[77.73857,13.00765],[77.73851,13.00762],[77.73848,13.00762],[77.73814,13.00758],[77.73804,13.00761],[77.73804,13.00767],[77.7379,13.00769],[77.73767,13.00772],[77.73718,13.00779],[77.7366,13.00788],[77.73623,13.00766],[77.73615,13.00761],[77.73615,13.00785],[77.73615,13.00786],[77.73615,13.00794],[77.73615,13.00804],[77.73615,13.00826],[77.73615,13.00828],[77.73616,13.00833],[77.73616,13.00835],[77.73616,13.00837],[77.73616,13.00838],[77.73624,13.00908],[77.73624,13.00913],[77.73625,13.00939],[77.73624,13.00972],[77.73624,13.00996],[77.73624,13.01012],[77.73623,13.01076],[77.7359,13.01086],[77.73588,13.01087],[77.73575,13.01091],[77.73567,13.01093],[77.73559,13.01091],[77.73553,13.01089],[77.73538,13.01082],[77.73474,13.01054],[77.73423,13.01031],[77.73405,13.01023],[77.73396,13.0102],[77.73387,13.01025],[77.73382,13.01027],[77.73336,13.01048],[77.73317,13.0106],[77.73307,13.01067],[77.73284,13.01077],[77.73244,13.0108],[77.73213,13.01077],[77.73204,13.01078],[77.73187,13.01079],[77.73172,13.0108],[77.73154,13.01081],[77.73141,13.01082],[77.73116,13.01081],[77.73068,13.01079],[77.73048,13.01078],[77.73025,13.01076],[77.73011,13.01075],[77.72983,13.01073],[77.72955,13.01071],[77.7291,13.01066],[77.72891,13.01063],[77.7287,13.01061],[77.72869,13.01061],[77.72857,13.01058],[77.72852,13.01058],[77.72844,13.01056],[77.72843,13.01054],[77.72833,13.01054],[77.72823,13.01054],[77.72808,13.01054],[77.72809,13.01057],[77.7281,13.01061],[77.72811,13.0107],[77.72813,13.0108],[77.72818,13.01108],[77.7282,13.01118],[77.72827,13.01155],[77.72829,13.01165],[77.72832,13.01189],[77.72833,13.01209],[77.72834,13.01222],[77.72836,13.0127],[77.72838,13.01303],[77.72839,13.01308],[77.72839,13.01309],[77.72842,13.01326],[77.72853,13.01384],[77.72866,13.01445],[77.7288,13.01476],[77.72906,13.01537],[77.7291,13.01546],[77.72914,13.01559],[77.72916,13.01564],[77.72938,13.0163],[77.72938,13.01632],[77.72946,13.01658],[77.72966,13.01723],[77.72977,13.01759],[77.7298,13.0177],[77.72998,13.01844],[77.73005,13.01872],[77.73005,13.01872],[77.73012,13.01904],[77.73012,13.01905],[77.73011,13.01936],[77.7301,13.01945],[77.7301,13.01978],[77.73009,13.01982],[77.72989,13.01999],[77.72982,13.02002],[77.7295,13.0202],[77.72948,13.02027],[77.72944,13.02037],[77.72941,13.0204],[77.72939,13.02043],[77.72938,13.02045],[77.72937,13.02046],[77.72884,13.02125],[77.72811,13.02233],[77.72734,13.02347],[77.72703,13.02393],[77.72659,13.02458],[77.72629,13.02502],[77.72612,13.02527],[77.72612,13.02528],[77.726,13.02545],[77.72599,13.02547],[77.72578,13.02577],[77.7257,13.02589],[77.72566,13.02594],[77.72558,13.02589],[77.72555,13.02588],[77.72543,13.0259],[77.72536,13.0259],[77.7253,13.02591],[77.72517,13.02593],[77.72515,13.02593],[77.72515,13.02639],[77.72515,13.02661],[77.72511,13.02712],[77.72494,13.02787],[77.72483,13.02847],[77.72482,13.02854],[77.72481,13.02865],[77.72481,13.02869],[77.72481,13.02869],[77.7248,13.02887],[77.7248,13.02887],[77.72479,13.02898],[77.72478,13.02902],[77.72477,13.02914],[77.72477,13.02918],[77.72472,13.02966],[77.72472,13.02973],[77.72468,13.03009],[77.72468,13.03009],[77.72473,13.03025],[77.72476,13.03035],[77.7248,13.03047],[77.72479,13.0309],[77.72485,13.03126],[77.72488,13.03144],[77.7249,13.03152],[77.72491,13.03155],[77.72491,13.03157],[77.7249,13.0318],[77.7249,13.03197],[77.7249,13.03201],[77.72488,13.03213],[77.72485,13.03241],[77.72475,13.03244],[77.72432,13.03254],[77.72419,13.03257],[77.72417,13.03267],[77.72417,13.03267],[77.72408,13.03305],[77.72402,13.03333],[77.72402,13.03334],[77.724,13.03343],[77.72399,13.03346],[77.7239,13.03357],[77.72335,13.03351],[77.72304,13.0336],[77.72222,13.03382],[77.72217,13.03383],[77.72204,13.03387],[77.72184,13.03394],[77.72157,13.03402],[77.72152,13.03404],[77.72147,13.03405],[77.72145,13.03406],[77.72144,13.03406],[77.72145,13.03411],[77.72133,13.03397],[77.72118,13.03385],[77.72072,13.03377],[77.72034,13.03364],[77.72028,13.03362],[77.71983,13.03346],[77.71971,13.03342],[77.71958,13.03337],[77.71955,13.03336],[77.71908,13.03326],[77.7189,13.03322],[77.7182,13.03306],[77.71811,13.03304],[77.71777,13.03298],[77.71774,13.03298],[77.71742,13.0329],[77.71739,13.03272],[77.71738,13.03265],[77.71736,13.03255],[77.71736,13.03246],[77.71736,13.03231],[77.71734,13.0317],[77.71734,13.0317],[77.71734,13.03158],[77.71725,13.03158],[77.71724,13.03158],[77.71718,13.03159],[77.71712,13.03159],[77.71696,13.03162],[77.71685,13.03163],[77.71672,13.03165],[77.71663,13.03166],[77.71663,13.03166],[77.71657,13.03167],[77.71648,13.03168],[77.71636,13.0317],[77.71618,13.03172],[77.71609,13.03172],[77.71604,13.03172],[77.71602,13.03172],[77.71601,13.03172],[77.71599,13.03181],[77.71599,13.03182],[77.71599,13.03183],[77.71599,13.03184],[77.71599,13.03184],[77.71599,13.03184],[77.71598,13.03184],[77.71578,13.03188],[77.71579,13.03189],[77.71565,13.0319],[77.71513,13.03193],[77.71508,13.03194],[77.71507,13.03194],[77.71498,13.03195],[77.71496,13.03195],[77.71494,13.03192],[77.71464,13.03154],[77.71458,13.03147],[77.71456,13.03144],[77.71449,13.03136],[77.71433,13.03115],[77.71426,13.03106],[77.71423,13.03102],[77.71408,13.03083],[77.71391,13.03062],[77.71388,13.03058],[77.71383,13.03051],[77.71373,13.03039],[77.71358,13.0302],[77.71349,13.03009],[77.71324,13.02978],[77.71317,13.02969],[77.71312,13.02963],[77.71308,13.02957],[77.71287,13.02932],[77.71225,13.02855],[77.71214,13.02842],[77.71214,13.02842],[77.7121,13.02837],[77.71196,13.02819],[77.71196,13.02819],[77.7119,13.02809],[77.71174,13.02782],[77.71174,13.02782],[77.71159,13.02756],[77.71143,13.02729],[77.7114,13.02725],[77.71123,13.02696],[77.711,13.02656],[77.71094,13.02645],[77.71092,13.02643],[77.71085,13.02631],[77.7108,13.02622],[77.71074,13.02611],[77.71072,13.02607],[77.7107,13.02605],[77.71067,13.02599],[77.71066,13.02597],[77.71064,13.02595],[77.71066,13.02594],[77.71062,13.02593],[77.71015,13.02573],[77.70965,13.02551],[77.70965,13.02551],[77.70917,13.02531],[77.70917,13.02531],[77.70915,13.0253],[77.70898,13.02537],[77.70848,13.02556],[77.70794,13.02577],[77.70793,13.02578],[77.70791,13.02578],[77.70756,13.02586],[77.70691,13.02599],[77.70635,13.0261],[77.70592,13.02619],[77.70579,13.02617],[77.70548,13.02613],[77.70536,13.02612],[77.70531,13.02611],[77.70524,13.0261],[77.70512,13.02609],[77.70502,13.02607],[77.7046,13.02601],[77.7046,13.02601],[77.70458,13.026],[77.70456,13.026],[77.70435,13.02597],[77.70398,13.02591],[77.70374,13.02587],[77.70372,13.02586],[77.70347,13.02582],[77.7034,13.02581],[77.70317,13.02573],[77.70292,13.02565],[77.70288,13.02563],[77.70157,13.0251],[77.70128,13.02498],[77.70127,13.02498],[77.70119,13.02495],[77.70122,13.02506],[77.70125,13.02515],[77.70131,13.02537],[77.70151,13.02642],[77.70152,13.0265],[77.70154,13.02657],[77.70166,13.02726],[77.70168,13.02738],[77.70168,13.02744],[77.70161,13.02743],[77.69858,13.02717],[77.69857,13.02717],[77.69847,13.02716],[77.69832,13.02713],[77.69813,13.02711],[77.69807,13.0271],[77.69777,13.02706],[77.69775,13.02706],[77.69739,13.02702],[77.69726,13.027],[77.69702,13.02697],[77.697,13.02697],[77.69699,13.02697],[77.69674,13.02695],[77.69662,13.02694],[77.6966,13.02693],[77.69658,13.02693],[77.69641,13.02692],[77.6964,13.02692],[77.69614,13.0269],[77.69612,13.02689],[77.69611,13.02689],[77.69609,13.02689],[77.69609,13.02689],[77.69446,13.02675],[77.69438,13.02674],[77.69091,13.03249],[77.69082,13.03251],[77.68979,13.03269],[77.68917,13.03286],[77.68845,13.033],[77.68808,13.0331],[77.68765,13.03322],[77.68733,13.0333],[77.68711,13.03336],[77.68692,13.03341],[77.68647,13.03355],[77.68393,13.03327],[77.68363,13.03324],[77.68363,13.03327],[77.68362,13.03332],[77.68362,13.03332],[77.68362,13.03334],[77.68362,13.03335],[77.68362,13.03341],[77.68361,13.03358],[77.68361,13.03359],[77.6836,13.03364],[77.6836,13.0337],[77.6836,13.03372],[77.68361,13.03378],[77.68362,13.03389],[77.68363,13.03394],[77.68363,13.03397],[77.68365,13.03416],[77.68365,13.03418],[77.68361,13.03438],[77.68362,13.03462],[77.68362,13.03476],[77.68365,13.03482],[77.68373,13.03495],[77.68373,13.03502],[77.68374,13.03509],[77.68375,13.03525],[77.68376,13.03525],[77.68379,13.03537],[77.68379,13.03539],[77.6838,13.03542],[77.6838,13.03546],[77.68381,13.03554],[77.68382,13.03579],[77.68385,13.03599],[77.68386,13.03606],[77.68388,13.03625],[77.68388,13.03628],[77.68394,13.03646],[77.68397,13.03659],[77.684,13.03668],[77.68398,13.037],[77.68397,13.03713],[77.68397,13.03725],[77.68398,13.03738],[77.68399,13.03743],[77.68399,13.03746],[77.684,13.03751],[77.684,13.03755],[77.68401,13.03759],[77.68402,13.03765],[77.68402,13.03765],[77.68402,13.03767],[77.68403,13.03771],[77.68409,13.03809],[77.68416,13.03847],[77.68416,13.03847],[77.68416,13.03849],[77.68427,13.03909],[77.68427,13.03911],[77.6843,13.03925],[77.68438,13.03966],[77.68439,13.03973],[77.68439,13.03976],[77.68443,13.03994],[77.68445,13.04004],[77.68448,13.04018],[77.68448,13.04019],[77.6845,13.04026],[77.68452,13.04039],[77.68453,13.04042],[77.68454,13.04051],[77.68455,13.04053],[77.68457,13.04066],[77.68458,13.04074],[77.6846,13.04085],[77.68461,13.04087],[77.68461,13.04088],[77.68461,13.04089],[77.68463,13.04105],[77.68463,13.04106],[77.68463,13.04109],[77.68464,13.04114],[77.68467,13.0413],[77.6847,13.04145],[77.68473,13.04163],[77.68475,13.04179],[77.68476,13.04192],[77.68478,13.04202],[77.68478,13.04207],[77.68481,13.04232],[77.68484,13.04254],[77.68484,13.04256],[77.68485,13.04265],[77.68486,13.04273],[77.68487,13.04287],[77.68487,13.0429],[77.68488,13.04292],[77.68489,13.04313],[77.6849,13.04328],[77.68491,13.04338],[77.68493,13.0436],[77.68494,13.04378],[77.68497,13.04422],[77.68498,13.04428],[77.68498,13.04434],[77.68499,13.04444],[77.685,13.04448],[77.685,13.04458],[77.68502,13.04476],[77.68503,13.04484],[77.68504,13.04496],[77.68504,13.04501],[77.68505,13.04504],[77.68505,13.04508],[77.68505,13.04511],[77.685,13.04536],[77.68499,13.04541],[77.68494,13.0456],[77.68492,13.04571],[77.68482,13.04616],[77.68479,13.04632],[77.68479,13.04633],[77.68466,13.04691],[77.68461,13.04715],[77.68455,13.04741],[77.68448,13.04773],[77.68443,13.04799],[77.68437,13.04823],[77.68413,13.04934],[77.68412,13.04941],[77.68411,13.04947],[77.68397,13.05011],[77.68396,13.05011],[77.68386,13.0501],[77.6838,13.0501],[77.6838,13.05003],[77.68366,13.05004],[77.68361,13.04996],[77.68361,13.04996],[77.68317,13.05028],[77.68291,13.05046],[77.68289,13.05048],[77.6823,13.05089],[77.68179,13.05129],[77.68168,13.05138],[77.68119,13.05176],[77.68113,13.0518],[77.68108,13.05184],[77.68104,13.05188],[77.68093,13.05193],[77.6809,13.05195],[77.68065,13.05207],[77.68057,13.05212],[77.68055,13.05212],[77.6802,13.0523],[77.68016,13.05232],[77.68016,13.05232],[77.68,13.0524],[77.67992,13.05243],[77.6799,13.05244],[77.67981,13.05249],[77.67953,13.05245],[77.67953,13.05245],[77.67931,13.05242],[77.67919,13.05243],[77.67892,13.05243],[77.6789,13.05243],[77.67878,13.05243],[77.67866,13.05244],[77.67858,13.05244],[77.6784,13.05244],[77.6784,13.05244],[77.6784,13.05244],[77.6784,13.05245],[77.67841,13.05247],[77.67843,13.05254],[77.67845,13.05259],[77.67849,13.05272],[77.67849,13.05281],[77.67849,13.05282],[77.6785,13.05305],[77.67851,13.05331],[77.67851,13.05332],[77.67852,13.05334],[77.67864,13.05353],[77.67867,13.05365],[77.67867,13.05367],[77.67872,13.05386],[77.67873,13.0539],[77.67874,13.05392],[77.67874,13.05394],[77.67875,13.05397],[77.67874,13.05397],[77.67872,13.05397],[77.67871,13.05397],[77.67869,13.05397],[77.67869,13.05397],[77.6787,13.05403],[77.67871,13.05406],[77.67872,13.0541],[77.67872,13.05415],[77.67873,13.05416],[77.67892,13.055],[77.67903,13.0553],[77.67904,13.05532],[77.67908,13.05546],[77.67914,13.05552],[77.67921,13.0556],[77.67926,13.05564],[77.67937,13.05569],[77.67939,13.05569],[77.67947,13.05568],[77.67949,13.05568],[77.67947,13.05577],[77.67946,13.05586],[77.67942,13.05612],[77.6794,13.05619],[77.67939,13.05628],[77.67938,13.05635],[77.67937,13.05645],[77.67937,13.05647],[77.67935,13.05664],[77.67935,13.05667],[77.67934,13.05672],[77.67932,13.05683],[77.67927,13.05723],[77.67924,13.05748],[77.67923,13.05758],[77.67906,13.05755],[77.67905,13.05754],[77.67904,13.05754],[77.67901,13.05753],[77.67899,13.05752],[77.67892,13.05775],[77.67888,13.05803],[77.67891,13.05804],[77.67894,13.05807],[77.67894,13.05806],[77.679,13.05805],[77.67913,13.05803],[77.67914,13.05803],[77.67914,13.05803],[77.67917,13.05808],[77.67919,13.05812],[77.67937,13.05838],[77.67947,13.05853],[77.67939,13.05951],[77.67935,13.05986],[77.67929,13.06033],[77.67927,13.06054],[77.67929,13.0606],[77.67931,13.0607],[77.67938,13.06098],[77.6794,13.06106],[77.67945,13.06113],[77.67945,13.06113],[77.67957,13.06129],[77.67957,13.06135],[77.67961,13.06197],[77.67933,13.06243],[77.67913,13.06287],[77.67847,13.06284],[77.67845,13.06284],[77.67817,13.06284],[77.67809,13.06285],[77.67792,13.06285],[77.67785,13.06285],[77.67772,13.06286],[77.67769,13.06286],[77.67766,13.06286],[77.67764,13.06287],[77.67761,13.06287],[77.67758,13.06287],[77.67753,13.06287],[77.67667,13.06288],[77.6766,13.06328],[77.67668,13.06388],[77.67676,13.06417],[77.67684,13.06442],[77.67719,13.06503],[77.67712,13.06506],[77.67681,13.06511],[77.67642,13.06513],[77.676,13.06503],[77.67535,13.06495],[77.67474,13.06512],[77.67463,13.06521],[77.67458,13.0653],[77.67345,13.0654],[77.67337,13.06541],[77.6733,13.06542],[77.67304,13.06545],[77.67284,13.06552],[77.67241,13.06565],[77.67237,13.06565],[77.67098,13.06573],[77.67097,13.06573],[77.67003,13.06578],[77.66732,13.06384],[77.6673,13.06404],[77.6673,13.06405],[77.66728,13.06414],[77.66721,13.06463],[77.66719,13.06476],[77.66718,13.06479],[77.66714,13.06508],[77.6671,13.06531],[77.66707,13.06551],[77.66706,13.06556],[77.66705,13.06563],[77.66705,13.06565],[77.66704,13.06575],[77.66703,13.06582],[77.66703,13.06583],[77.66702,13.0659],[77.66688,13.06594],[77.66579,13.06621],[77.66572,13.06623],[77.6636,13.06698],[77.66314,13.06709],[77.66256,13.06724],[77.66256,13.06724],[77.66189,13.0674],[77.66182,13.06742],[77.66179,13.06742],[77.66179,13.06743],[77.66179,13.06743],[77.66178,13.06743],[77.66098,13.06765],[77.66095,13.06766],[77.66079,13.0677],[77.66077,13.06771],[77.66051,13.06778],[77.66025,13.06785],[77.66015,13.06787],[77.66009,13.06788],[77.66003,13.06793],[77.66001,13.06794],[77.6598,13.0681],[77.6597,13.06818],[77.65967,13.0682],[77.65966,13.06821],[77.65966,13.06823],[77.65965,13.06837],[77.65961,13.06849],[77.65959,13.06853],[77.65953,13.06874],[77.65927,13.06949],[77.65915,13.06985],[77.65908,13.07004],[77.65903,13.07021],[77.65897,13.07037],[77.65896,13.0704],[77.65892,13.07052],[77.65891,13.07054],[77.65884,13.07075],[77.65875,13.07095],[77.65872,13.07104],[77.65864,13.0712],[77.65853,13.07148],[77.65842,13.07175],[77.65841,13.07178],[77.65834,13.07191],[77.65828,13.07205],[77.6582,13.07221],[77.65786,13.07288],[77.65782,13.07297],[77.65769,13.07313],[77.65747,13.0734],[77.65735,13.07356],[77.65722,13.07371],[77.65711,13.07385],[77.6569,13.0741],[77.65663,13.07444],[77.65653,13.07456],[77.65653,13.07456],[77.65649,13.07461],[77.65644,13.0748],[77.65643,13.07486],[77.65639,13.07502],[77.65634,13.07522],[77.65605,13.0765],[77.65604,13.07654],[77.65591,13.0771],[77.6559,13.07713],[77.6559,13.07717],[77.65589,13.07718],[77.65578,13.07762],[77.65568,13.07793],[77.65552,13.07872],[77.65543,13.07913],[77.65536,13.07944],[77.65532,13.07959],[77.65525,13.07986],[77.65522,13.08],[77.65519,13.08013],[77.65479,13.08164],[77.65472,13.08199],[77.6541,13.08193],[77.65398,13.08192],[77.6535,13.08186],[77.64959,13.08136],[77.64938,13.08157],[77.64938,13.08157],[77.64936,13.0816],[77.64933,13.08163],[77.64928,13.08171],[77.6492,13.0818],[77.64908,13.08197],[77.64907,13.08197],[77.6489,13.08221],[77.64875,13.08241],[77.64873,13.08243],[77.64872,13.08244],[77.64861,13.08259],[77.6486,13.0826],[77.64855,13.08268],[77.64845,13.08281],[77.64845,13.08282],[77.64837,13.08293],[77.64836,13.08294],[77.64823,13.08311],[77.64818,13.08319],[77.64816,13.08321],[77.6481,13.08329],[77.64801,13.08341],[77.64764,13.08381],[77.64764,13.08381],[77.64761,13.08385],[77.64758,13.08389],[77.64709,13.08444],[77.64675,13.08494],[77.6466,13.08515],[77.64657,13.08536],[77.64657,13.08537],[77.64656,13.0854],[77.64656,13.08544],[77.64655,13.08558],[77.64654,13.08582],[77.64654,13.086],[77.64653,13.08609],[77.64653,13.08613],[77.64652,13.08628],[77.64646,13.08628],[77.64627,13.08631],[77.64619,13.08632],[77.64616,13.08633],[77.64601,13.08634],[77.64587,13.08636],[77.64587,13.08636],[77.64379,13.08664],[77.64375,13.08665],[77.64346,13.08669],[77.64302,13.08679],[77.6427,13.08689],[77.64326,13.08809],[77.64327,13.08811],[77.64588,13.09342],[77.64602,13.09372],[77.64634,13.09437],[77.64666,13.09502],[77.64673,13.09516],[77.6468,13.09531],[77.64681,13.09532],[77.64683,13.09536],[77.64707,13.09584],[77.64735,13.09645],[77.64738,13.09653],[77.64743,13.0967],[77.64746,13.09678],[77.64772,13.09768],[77.64783,13.09799],[77.64789,13.09816],[77.64791,13.09819],[77.64791,13.0982],[77.64792,13.09822],[77.64807,13.09848],[77.64818,13.0987],[77.64834,13.09897],[77.64845,13.09916],[77.64846,13.09919],[77.64846,13.09924],[77.64849,13.09937],[77.64849,13.09938],[77.64854,13.09943],[77.64857,13.09952],[77.64858,13.09956],[77.64861,13.09965],[77.64864,13.09972],[77.64864,13.09973],[77.64872,13.09995],[77.64875,13.10002],[77.64875,13.10004],[77.64875,13.1001],[77.64876,13.10012],[77.64878,13.10017],[77.64879,13.1002],[77.64881,13.10025],[77.64884,13.1003],[77.64885,13.10035],[77.64886,13.10037],[77.64886,13.10038],[77.64886,13.10046],[77.64886,13.10046],[77.64887,13.10049],[77.64893,13.10069],[77.64902,13.10111],[77.64903,13.10115],[77.64906,13.10132],[77.64912,13.10169],[77.64924,13.10195],[77.64953,13.1026],[77.64956,13.1027],[77.64962,13.10288],[77.64964,13.10293],[77.64987,13.10354],[77.65013,13.10422],[77.65023,13.10446],[77.65024,13.10449],[77.65032,13.10466],[77.6503,13.10466],[77.65027,13.10467],[77.64947,13.10484],[77.64939,13.10486],[77.64937,13.10486],[77.64715,13.1052],[77.6457,13.10543],[77.64548,13.10546],[77.6447,13.10559],[77.64428,13.10566],[77.64423,13.10567],[77.64406,13.10569],[77.64393,13.10572],[77.64385,13.10574],[77.64323,13.1056],[77.64296,13.10553],[77.64224,13.10549],[77.64204,13.10551],[77.64192,13.10554],[77.64181,13.10557],[77.64168,13.10558],[77.64128,13.10566],[77.64117,13.10569],[77.64115,13.10569],[77.64085,13.10578],[77.64082,13.10579],[77.64076,13.1058],[77.64068,13.10581],[77.64059,13.10581],[77.64033,13.10583],[77.64033,13.10583],[77.64026,13.10583],[77.64013,13.10584],[77.63999,13.10585],[77.63997,13.10586],[77.63952,13.10597],[77.63947,13.10599],[77.63932,13.10603],[77.63928,13.10603],[77.63896,13.10606],[77.63834,13.10612],[77.63811,13.10614],[77.63783,13.10616],[77.63773,13.10617],[77.63747,13.1062],[77.63737,13.10622],[77.63728,13.10623],[77.63721,13.10624],[77.63702,13.10627],[77.63702,13.1063],[77.63703,13.10636],[77.63701,13.10637],[77.63699,13.10637],[77.63696,13.10638],[77.63695,13.10638],[77.63695,13.10638],[77.63696,13.1064],[77.63699,13.10649],[77.63699,13.10655],[77.637,13.10669],[77.63701,13.10699],[77.63702,13.1072],[77.63703,13.1074],[77.63724,13.10788],[77.63745,13.10837],[77.63747,13.10842],[77.63748,13.10845],[77.63754,13.10881],[77.63761,13.10921],[77.63761,13.10923],[77.63762,13.10927],[77.63762,13.10932],[77.63765,13.10948],[77.6377,13.1098],[77.63779,13.11014],[77.63785,13.11037],[77.63786,13.11039],[77.63796,13.11082],[77.63798,13.11091],[77.638,13.11099],[77.63812,13.11143],[77.63813,13.11146],[77.63815,13.11156],[77.63821,13.11181],[77.63825,13.11198],[77.63833,13.11228],[77.63833,13.1123],[77.63852,13.11303],[77.63854,13.11308],[77.63856,13.11319],[77.63858,13.11322],[77.63859,13.11322],[77.6386,13.11326],[77.6386,13.11327],[77.63861,13.11337],[77.63862,13.11342],[77.63848,13.11363],[77.63825,13.11399],[77.63815,13.11414],[77.63811,13.11421],[77.63796,13.11443],[77.63737,13.11535],[77.6373,13.11545],[77.63727,13.11549],[77.63722,13.11557],[77.6372,13.1156],[77.637,13.1159],[77.63683,13.11615],[77.63641,13.11678],[77.6363,13.11695],[77.63565,13.118],[77.63552,13.11821],[77.63541,13.11838],[77.63513,13.11882],[77.63456,13.11967],[77.63443,13.11989],[77.63422,13.12021],[77.63354,13.12126],[77.63342,13.12145],[77.63325,13.12171],[77.63307,13.122],[77.63305,13.12202],[77.63279,13.12242],[77.63276,13.12248],[77.63274,13.1225],[77.63269,13.12258],[77.63253,13.12282],[77.63225,13.12325],[77.63183,13.12392],[77.63157,13.12433],[77.63106,13.12517],[77.63102,13.12525],[77.63082,13.12558],[77.6306,13.12594],[77.63055,13.12597],[77.63047,13.12601],[77.63041,13.12604],[77.63035,13.12607],[77.63028,13.12609],[77.63028,13.12609],[77.63017,13.12612],[77.6297,13.12625],[77.62946,13.12631],[77.6291,13.12642],[77.62865,13.12655],[77.62847,13.12667],[77.62587,13.12746],[77.62521,13.12795],[77.6184,13.1316],[77.61578,13.13121],[77.61571,13.1312],[77.61569,13.1312],[77.61553,13.13117],[77.6154,13.13129],[77.61537,13.13131],[77.61536,13.13133],[77.61532,13.13136],[77.61529,13.13138],[77.61527,13.1314],[77.61527,13.1314],[77.61518,13.13143],[77.6151,13.13146],[77.61508,13.13147],[77.61507,13.13147],[77.61484,13.13155],[77.61464,13.13163],[77.61458,13.13166],[77.61442,13.13177],[77.61428,13.13185],[77.61425,13.13187],[77.61409,13.13197],[77.61329,13.13247],[77.61273,13.13282],[77.61264,13.13288],[77.61248,13.13298],[77.61244,13.13301],[77.61243,13.13301],[77.61168,13.13311],[77.61093,13.13324],[77.61077,13.13325],[77.61049,13.13328],[77.61048,13.13331],[77.60889,13.13354],[77.60428,13.13426],[77.60313,13.13431],[77.60201,13.13431],[77.6019,13.13431],[77.60184,13.13431],[77.60154,13.134],[77.60052,13.13294],[77.60021,13.13263],[77.59962,13.13203],[77.59955,13.13208],[77.59766,13.13264],[77.59657,13.13293],[77.5891,13.1333],[77.58909,13.1333],[77.58851,13.1333],[77.58833,13.1333],[77.58829,13.1333],[77.58766,13.13332],[77.58732,13.13333],[77.58679,13.13336],[77.58621,13.13331],[77.58575,13.1333],[77.58569,13.1333],[77.58575,13.13306],[77.58582,13.13275],[77.58585,13.13262],[77.58586,13.1326],[77.58563,13.1326],[77.58563,13.1326],[77.58534,13.13269],[77.58534,13.13269],[77.58521,13.13275],[77.58519,13.13277],[77.58504,13.13292],[77.58499,13.13296],[77.58485,13.1331],[77.58454,13.13378],[77.58453,13.13382],[77.58433,13.13396],[77.58412,13.13454],[77.58401,13.13512],[77.58379,13.13522],[77.58379,13.13524],[77.5837,13.13556],[77.5837,13.13558],[77.58362,13.13614],[77.5835,13.13663],[77.58347,13.1367],[77.58329,13.13714],[77.58299,13.13803],[77.58296,13.13818],[77.58274,13.13891],[77.58248,13.14003],[77.58236,13.14019],[77.58145,13.14113],[77.58088,13.14165],[77.58061,13.14191],[77.58015,13.14236],[77.5801,13.14241],[77.57991,13.14262],[77.57926,13.14257],[77.5792,13.14257],[77.57866,13.14252],[77.57824,13.14245],[77.57779,13.1423],[77.57733,13.14212],[77.57672,13.14198],[77.57561,13.14174],[77.57461,13.14155],[77.57447,13.14154],[77.57434,13.14152],[77.57431,13.14152],[77.57431,13.14151],[77.57432,13.14146],[77.57433,13.14142],[77.57436,13.14132],[77.57436,13.14129],[77.57403,13.14118],[77.574,13.14117],[77.57389,13.14114],[77.57396,13.14107],[77.574,13.14103],[77.574,13.14097],[77.57398,13.1407],[77.57398,13.1407],[77.57398,13.14024],[77.57399,13.13968],[77.57399,13.13966],[77.57399,13.13952],[77.57399,13.13938],[77.57399,13.13937],[77.57398,13.13908],[77.57397,13.13899],[77.57396,13.13885],[77.57395,13.13865],[77.57395,13.1386],[77.57393,13.13847],[77.57393,13.1384],[77.57392,13.13835],[77.57389,13.13795],[77.57387,13.13778],[77.57387,13.13772],[77.57384,13.13764],[77.57384,13.13762],[77.57377,13.13743],[77.57375,13.13736],[77.5737,13.13721],[77.57367,13.13712],[77.57361,13.13694],[77.5736,13.13688],[77.5735,13.13649],[77.57346,13.13631],[77.57344,13.13615],[77.57344,13.13613],[77.57342,13.13604],[77.5734,13.13605],[77.57335,13.13607],[77.57309,13.13619],[77.57298,13.13624],[77.57289,13.13628],[77.57281,13.13629],[77.57273,13.13629],[77.57272,13.13628],[77.57265,13.13625],[77.57257,13.13624],[77.57238,13.13625],[77.57235,13.13611],[77.57223,13.1359],[77.57202,13.13597],[77.57191,13.13597],[77.57177,13.13527],[77.57158,13.13463],[77.57133,13.13394],[77.57132,13.1333],[77.57087,13.13104],[77.57086,13.13099],[77.5708,13.13058],[77.56996,13.12739],[77.56966,13.12502],[77.5696,13.12503],[77.56812,13.12537],[77.56661,13.12572],[77.56556,13.12596],[77.56537,13.1255],[77.56515,13.12499],[77.56502,13.1247],[77.56465,13.12385],[77.56429,13.12306],[77.5639,13.12216],[77.56322,13.12058],[77.56319,13.1205],[77.56306,13.11943],[77.56297,13.11881],[77.56289,13.11817],[77.56284,13.11794],[77.56255,13.11655],[77.56253,13.11646],[77.56252,13.11643],[77.56252,13.11641],[77.5625,13.11637],[77.56215,13.11523],[77.56192,13.11468],[77.56191,13.11465],[77.56181,13.1144],[77.56171,13.11415],[77.56165,13.114],[77.56159,13.11382],[77.56145,13.11385],[77.56142,13.11376],[77.56106,13.11378],[77.5604,13.11296],[77.56009,13.11236],[77.55983,13.1124],[77.55981,13.1124],[77.55968,13.11211],[77.55971,13.1119],[77.55981,13.11179],[77.56013,13.11174],[77.56022,13.11153],[77.56031,13.11115],[77.56028,13.11056],[77.56012,13.10983],[77.56005,13.10955],[77.56005,13.10931],[77.56054,13.10904],[77.56096,13.10892],[77.561,13.10877],[77.56099,13.10877],[77.56099,13.10876],[77.56098,13.10871],[77.56095,13.10857],[77.56089,13.10843],[77.56076,13.10811],[77.56076,13.1081],[77.56071,13.10799],[77.5607,13.10796],[77.56058,13.10766],[77.56047,13.1074],[77.56047,13.10725],[77.56041,13.10713],[77.56039,13.1071],[77.56031,13.10694],[77.5603,13.10693],[77.56013,13.10641],[77.5599,13.10599],[77.55988,13.10594],[77.55947,13.1053],[77.55933,13.1051],[77.55922,13.10486],[77.5591,13.10462],[77.55893,13.1043],[77.55875,13.10397],[77.55865,13.10377],[77.55865,13.10377],[77.55857,13.10362],[77.55821,13.10295],[77.55705,13.10155],[77.5565,13.10089],[77.55641,13.10076],[77.5563,13.10062],[77.55622,13.10051],[77.55609,13.10033],[77.55609,13.10033],[77.55602,13.10014],[77.55571,13.10017],[77.55509,13.10038],[77.555,13.10027],[77.55489,13.10034],[77.55374,13.10051],[77.55367,13.10052],[77.55246,13.10068],[77.55201,13.1008],[77.55189,13.10082],[77.55157,13.10086],[77.55149,13.10086],[77.55144,13.10086],[77.55099,13.10083],[77.55072,13.10095],[77.55029,13.10097],[77.54966,13.10103],[77.54889,13.10103],[77.5485,13.10101],[77.54807,13.10103],[77.54715,13.10118],[77.54674,13.10118],[77.54636,13.10121],[77.54563,13.10129],[77.54517,13.10127],[77.5449,13.10138],[77.54455,13.10132],[77.54423,13.10132],[77.54424,13.10096],[77.54424,13.10087],[77.54424,13.1008],[77.54443,13.10079],[77.54432,13.10056],[77.54422,13.10038],[77.54408,13.1001],[77.54397,13.09974],[77.54386,13.09946],[77.54358,13.09877],[77.54239,13.0956],[77.54243,13.09558],[77.54242,13.09557],[77.54212,13.09402],[77.54072,13.09178],[77.54071,13.08997],[77.54071,13.08997],[77.54055,13.08998],[77.53946,13.09001],[77.539,13.09002],[77.53897,13.09002],[77.53854,13.09004],[77.53725,13.0901],[77.53545,13.09017],[77.53544,13.0902],[77.53495,13.09106],[77.53492,13.09111],[77.53482,13.09129],[77.53465,13.09163],[77.53439,13.09214],[77.53434,13.09213],[77.5343,13.09213],[77.534,13.09216],[77.53391,13.09217],[77.53368,13.09218],[77.53359,13.09219],[77.53317,13.09222],[77.53305,13.09223],[77.53303,13.09223],[77.53283,13.09225],[77.53216,13.09229],[77.53114,13.09235],[77.53107,13.09235],[77.53071,13.09237],[77.53065,13.09238],[77.53004,13.09242],[77.52969,13.09245],[77.5295,13.09247],[77.52944,13.09248],[77.52924,13.09252],[77.52889,13.09259],[77.52886,13.09259],[77.52864,13.09261],[77.52862,13.09261],[77.52858,13.09261],[77.52857,13.09262],[77.52811,13.09267],[77.52766,13.09273],[77.5275,13.09274],[77.52749,13.09275],[77.52748,13.09275],[77.52673,13.09284],[77.52642,13.09287],[77.52619,13.09289],[77.52606,13.0929],[77.52603,13.0929],[77.5253,13.09296],[77.52487,13.09299],[77.52461,13.09301],[77.52458,13.09301],[77.52378,13.09307],[77.52377,13.09298],[77.52377,13.09294],[77.52377,13.09293],[77.52377,13.0929],[77.52375,13.09268],[77.52371,13.09224],[77.52368,13.09184],[77.52367,13.09174],[77.52366,13.09166],[77.52366,13.09099],[77.52364,13.0908],[77.52362,13.09056],[77.52355,13.08983],[77.52353,13.08967],[77.52352,13.0895],[77.52345,13.08811],[77.52344,13.08656],[77.52344,13.08604],[77.52347,13.08517],[77.52347,13.08515],[77.52347,13.08512],[77.52351,13.08446],[77.52354,13.08357],[77.52355,13.08352],[77.52356,13.08336],[77.52356,13.08335],[77.52357,13.08315],[77.52359,13.08287],[77.52359,13.08287],[77.52357,13.08279],[77.52345,13.08183],[77.52339,13.08165],[77.52338,13.08159],[77.52337,13.08155],[77.52335,13.08151],[77.52334,13.08148],[77.52331,13.08133],[77.52323,13.081],[77.52321,13.08093],[77.5232,13.08087],[77.52319,13.08088],[77.5231,13.08089],[77.52296,13.08091],[77.52288,13.08091],[77.52287,13.0809],[77.52284,13.08088],[77.5228,13.08081],[77.52277,13.08079],[77.52273,13.08078],[77.52271,13.08077],[77.52259,13.08072],[77.52224,13.08055],[77.52207,13.08035],[77.52171,13.08038],[77.52128,13.08041],[77.52127,13.08038],[77.52126,13.08033],[77.52121,13.0802],[77.5212,13.08017],[77.52118,13.0801],[77.52116,13.08005],[77.52115,13.08001],[77.52114,13.07996],[77.52088,13.07915],[77.51963,13.07944],[77.51952,13.07936],[77.51951,13.07935],[77.51951,13.07935],[77.5195,13.07935],[77.5195,13.07935],[77.51947,13.07935],[77.51942,13.07936],[77.51942,13.07936],[77.51941,13.07936],[77.51941,13.07937],[77.51914,13.07962],[77.51898,13.07967],[77.51895,13.07956],[77.51877,13.07865],[77.5187,13.07817],[77.51839,13.07708],[77.51834,13.07694],[77.5183,13.0761],[77.51829,13.0759],[77.51828,13.07546],[77.51819,13.07501],[77.51796,13.07418],[77.51767,13.07429],[77.51698,13.07456],[77.51615,13.07487],[77.51542,13.07508],[77.51444,13.07536],[77.51429,13.07516],[77.51308,13.07555],[77.51266,13.07558],[77.51254,13.07559],[77.51237,13.07565],[77.51162,13.07579],[77.51128,13.07588],[77.51116,13.07572],[77.51116,13.07572],[77.51113,13.07572],[77.51109,13.07576],[77.51098,13.0758],[77.51064,13.07599],[77.51047,13.07613],[77.51017,13.07637],[77.50969,13.07679],[77.50956,13.07689],[77.50941,13.077],[77.50936,13.07707],[77.50934,13.07709],[77.50915,13.07735],[77.50909,13.07744],[77.50907,13.07746],[77.50899,13.07758],[77.50893,13.07773],[77.50887,13.07781],[77.50884,13.07783],[77.50882,13.07785],[77.50878,13.07783],[77.50877,13.07782],[77.50876,13.07782],[77.50846,13.07765],[77.50838,13.07761],[77.50834,13.07762],[77.50824,13.07763],[77.50818,13.07764],[77.50805,13.07769],[77.50802,13.0777],[77.50771,13.07782],[77.50754,13.07788],[77.50751,13.07789],[77.50746,13.07791],[77.50744,13.07792],[77.50735,13.07795],[77.50718,13.07801],[77.50713,13.07798],[77.50693,13.07786],[77.50641,13.07765],[77.50601,13.07742],[77.50572,13.07702],[77.50546,13.07693],[77.50533,13.07682],[77.50508,13.07671],[77.5048,13.07648],[77.50462,13.07621],[77.50456,13.07612],[77.50448,13.076],[77.50432,13.07574],[77.50411,13.07539],[77.50376,13.07521],[77.50368,13.07516],[77.50358,13.07511],[77.503,13.07479],[77.50277,13.07471],[77.50271,13.07465],[77.50267,13.07458],[77.50264,13.07444],[77.50247,13.07416],[77.50234,13.07403],[77.50214,13.07387],[77.50189,13.07348],[77.50161,13.07305],[77.50143,13.07284],[77.501,13.07264],[77.50037,13.07246],[77.4996,13.07203],[77.4995,13.07198],[77.49942,13.072],[77.49834,13.07329],[77.49729,13.07334],[77.49729,13.07334],[77.49718,13.07335],[77.49494,13.07344],[77.49297,13.07353],[77.49297,13.07353],[77.49301,13.07342],[77.49293,13.07341],[77.49294,13.07159],[77.49288,13.07022],[77.49263,13.06673],[77.49267,13.06557],[77.49268,13.0651],[77.4927,13.06468],[77.49272,13.06434],[77.49273,13.06409],[77.49274,13.0639],[77.49274,13.06378],[77.49275,13.06376],[77.49295,13.06288],[77.49296,13.06285],[77.49302,13.0626],[77.49303,13.06254],[77.49304,13.06251],[77.49304,13.06238],[77.49304,13.06225],[77.49304,13.06224],[77.49304,13.06217],[77.49303,13.06214],[77.49303,13.06214],[77.493,13.06213],[77.49294,13.06213],[77.49281,13.0621],[77.4928,13.0621],[77.49273,13.06209],[77.49272,13.06208],[77.49268,13.06191],[77.49268,13.06191],[77.49266,13.06186],[77.49262,13.06172],[77.49261,13.06169],[77.49259,13.06162],[77.49255,13.0615],[77.49249,13.06134],[77.49235,13.06098],[77.49235,13.06098],[77.49233,13.06092],[77.49232,13.0609],[77.49228,13.06079],[77.49197,13.06001],[77.49197,13.06],[77.49195,13.05994],[77.49193,13.05988],[77.4919,13.05978],[77.49186,13.05967],[77.4918,13.05949],[77.49177,13.0594],[77.49168,13.0591],[77.49167,13.05909],[77.49158,13.05881],[77.49128,13.05792],[77.4912,13.05767],[77.49096,13.05696],[77.49121,13.05655],[77.4913,13.05642],[77.49152,13.05607],[77.49155,13.05602],[77.49174,13.05572],[77.49175,13.0557],[77.49233,13.05474],[77.49233,13.05473],[77.49234,13.05463],[77.49235,13.05445],[77.49235,13.0544],[77.49238,13.05377],[77.49242,13.05284],[77.49247,13.05177],[77.49247,13.05172],[77.49247,13.05167],[77.49247,13.05162],[77.49247,13.05161],[77.49247,13.05158],[77.49258,13.05156],[77.49258,13.05151],[77.49229,13.05062],[77.49226,13.05052],[77.49224,13.05047],[77.49221,13.05038],[77.4922,13.05022],[77.49218,13.05004],[77.49215,13.04974],[77.49213,13.04957],[77.49208,13.04911],[77.49208,13.04909],[77.49206,13.04894],[77.492,13.04835],[77.49199,13.04822],[77.4919,13.04793],[77.49175,13.04741],[77.49168,13.04722],[77.49167,13.04721],[77.49164,13.04713],[77.4916,13.04702],[77.49151,13.04674],[77.49097,13.0451],[77.49085,13.04515],[77.48957,13.04559],[77.48954,13.0456],[77.48954,13.04561],[77.4895,13.04574],[77.48926,13.04577],[77.48908,13.04581],[77.48895,13.04584],[77.48831,13.04597],[77.48756,13.04612],[77.48755,13.04623],[77.48753,13.04624],[77.48624,13.04663],[77.4862,13.04664],[77.48619,13.04664],[77.48618,13.04664],[77.48593,13.04676],[77.48482,13.04726],[77.48465,13.04733],[77.48392,13.04764],[77.4837,13.04773],[77.48324,13.04793],[77.48312,13.04799],[77.48253,13.04824],[77.48214,13.04841],[77.48116,13.04828],[77.48086,13.04853],[77.48044,13.04888],[77.48032,13.04898],[77.48024,13.04898],[77.48024,13.04898],[77.48025,13.04898],[77.48027,13.04895],[77.48026,13.04894],[77.48022,13.0489],[77.48021,13.04888],[77.48018,13.04884],[77.48014,13.04878],[77.48006,13.04864],[77.48006,13.04857],[77.48003,13.04816],[77.48002,13.04798],[77.47998,13.04733],[77.47997,13.04713],[77.47989,13.04648],[77.47984,13.04597],[77.47982,13.04585],[77.47981,13.04566],[77.4798,13.04561],[77.4798,13.04559],[77.4798,13.04552],[77.47978,13.04547],[77.47962,13.04476],[77.47986,13.04428],[77.47987,13.04426],[77.48026,13.04347],[77.48031,13.04337],[77.4807,13.04318],[77.48101,13.04304],[77.48116,13.04294],[77.48126,13.04288],[77.48147,13.04262],[77.48152,13.04248],[77.48152,13.04246],[77.48168,13.04176],[77.48201,13.04133],[77.48214,13.04117],[77.48246,13.04089],[77.48256,13.04075],[77.48253,13.04072],[77.48248,13.04068],[77.48245,13.04064],[77.4824,13.0406],[77.48223,13.04026],[77.48211,13.04002],[77.48175,13.03989],[77.48134,13.03971],[77.48112,13.03912],[77.48109,13.03904],[77.48086,13.0384],[77.48053,13.0382],[77.48045,13.03815],[77.48015,13.03796],[77.4801,13.03793],[77.47996,13.03663],[77.47991,13.03564],[77.47979,13.03558],[77.47935,13.03536],[77.47873,13.03505],[77.47871,13.03503],[77.47869,13.03504],[77.47868,13.03504],[77.47842,13.03453],[77.4784,13.0345],[77.47821,13.03411],[77.47821,13.0341],[77.47821,13.0341],[77.47817,13.03402],[77.47814,13.03396],[77.47783,13.03341],[77.47779,13.03335],[77.47756,13.03293],[77.47749,13.03278],[77.47709,13.03195],[77.47702,13.03181],[77.47695,13.03168],[77.47687,13.03152],[77.47705,13.03136],[77.47717,13.03125],[77.47718,13.03124],[77.47729,13.03114],[77.47753,13.03092],[77.47789,13.03066],[77.47843,13.03017],[77.47843,13.03017],[77.47852,13.03009],[77.47866,13.02997],[77.47884,13.02981],[77.47939,13.02929],[77.47954,13.02916],[77.47951,13.02909],[77.47941,13.02878],[77.47935,13.02861],[77.47924,13.02827],[77.47901,13.02755],[77.47889,13.02719],[77.47879,13.02687],[77.47866,13.02648],[77.47862,13.02635],[77.4786,13.02621],[77.47859,13.02603],[77.47858,13.02592],[77.47849,13.02451],[77.47849,13.02449],[77.47848,13.02431],[77.47846,13.02403],[77.47834,13.02228],[77.47883,13.02213],[77.4788,13.02193],[77.47874,13.02159],[77.47849,13.02015],[77.4784,13.0196],[77.47832,13.01918],[77.47829,13.01903],[77.47828,13.019],[77.47828,13.01897],[77.4781,13.01864],[77.47803,13.0185],[77.47781,13.01801],[77.47758,13.0175],[77.47757,13.01748],[77.47752,13.01738],[77.4775,13.01734],[77.47745,13.01724],[77.47741,13.01715],[77.47736,13.01697],[77.47734,13.01689],[77.47728,13.01667],[77.47727,13.01664],[77.47704,13.01577],[77.47694,13.01543],[77.47693,13.01529],[77.47693,13.01508],[77.47697,13.01494],[77.47701,13.01484],[77.47694,13.01479],[77.47659,13.01452],[77.4765,13.01445],[77.47637,13.01435],[77.47635,13.01433],[77.47612,13.01408],[77.47526,13.01315],[77.47524,13.01306],[77.47523,13.01305],[77.47521,13.01295],[77.47517,13.01283],[77.47514,13.01271],[77.47514,13.0127],[77.47509,13.0125],[77.47491,13.01184],[77.47484,13.01158],[77.47481,13.01144],[77.4748,13.01144],[77.4748,13.01144],[77.4748,13.01142],[77.47479,13.0114],[77.47479,13.01139],[77.47473,13.01122],[77.47472,13.01121],[77.47403,13.00974],[77.47399,13.00965],[77.47397,13.00962],[77.47396,13.0096],[77.47374,13.00925],[77.47344,13.00876],[77.47324,13.0088],[77.47312,13.00883],[77.4731,13.00883],[77.47303,13.00842],[77.47294,13.00788],[77.47286,13.00742],[77.47286,13.00741],[77.47286,13.0074],[77.47284,13.00727],[77.47286,13.00726],[77.47286,13.00726],[77.47306,13.00721],[77.47331,13.00714],[77.47346,13.0071],[77.47373,13.00702],[77.47404,13.00693],[77.47422,13.00688],[77.47458,13.00671],[77.47489,13.00659],[77.47505,13.00654],[77.47531,13.00647],[77.4754,13.00645],[77.47536,13.00628],[77.47528,13.00593],[77.47523,13.0057],[77.47501,13.00489],[77.475,13.00486],[77.47517,13.00437],[77.47519,13.00354],[77.47519,13.00349],[77.47519,13.00343],[77.47527,13.00341],[77.47537,13.0034],[77.4754,13.0034],[77.47542,13.00339],[77.47538,13.00316],[77.47535,13.00304],[77.47534,13.00298],[77.47527,13.00256],[77.4752,13.00234],[77.47519,13.00231],[77.47505,13.00181],[77.47494,13.00141],[77.47492,13.00136],[77.47492,13.00134],[77.47485,13.00111],[77.4748,13.00085],[77.47478,13.00075],[77.47475,13.00073],[77.47453,13.0006],[77.47452,13.00055],[77.47441,13.00008],[77.47438,12.99995],[77.47435,12.99985],[77.47422,12.99927],[77.47421,12.99923],[77.4742,12.99922],[77.47357,12.99887],[77.47349,12.9986],[77.47328,12.99788],[77.47317,12.99749],[77.47305,12.99731],[77.47304,12.99728],[77.47304,12.99726],[77.47298,12.99706],[77.47288,12.99673],[77.47283,12.99674],[77.47279,12.99674],[77.47245,12.99681],[77.4724,12.99671],[77.47231,12.99651],[77.47229,12.99648],[77.47191,12.99569],[77.47181,12.99549],[77.47179,12.99548],[77.47175,12.99546],[77.47166,12.99541],[77.47158,12.99526],[77.47156,12.99521],[77.47152,12.99513],[77.4713,12.9947],[77.47125,12.9946],[77.47123,12.99429],[77.47123,12.99426],[77.47123,12.99424],[77.47124,12.99421],[77.47124,12.99421],[77.47124,12.99419],[77.47126,12.99411],[77.47133,12.99386],[77.47111,12.99333],[77.4711,12.9933],[77.47082,12.99224],[77.47073,12.99197],[77.47071,12.9919],[77.47065,12.99172],[77.47061,12.99159],[77.47055,12.99141],[77.47036,12.99065],[77.47009,12.98992],[77.47006,12.98988],[77.47006,12.98987],[77.47,12.98978],[77.46993,12.98963],[77.4698,12.98937],[77.46931,12.98841],[77.46918,12.98815],[77.46911,12.98802],[77.46897,12.98775],[77.46869,12.98715],[77.46869,12.98714],[77.46859,12.98698],[77.46855,12.9869],[77.46851,12.98682],[77.4685,12.9868],[77.46845,12.98671],[77.46845,12.98671],[77.46845,12.9867],[77.46847,12.98669],[77.46847,12.98669],[77.4698,12.9863],[77.47074,12.98579],[77.47086,12.98572],[77.47089,12.9857],[77.47098,12.98563],[77.47169,12.98512],[77.47172,12.98511],[77.47226,12.98485],[77.47301,12.98405],[77.47306,12.984],[77.47318,12.98381],[77.47328,12.98366],[77.47334,12.98355],[77.47345,12.98332],[77.47373,12.98248],[77.47379,12.98222],[77.47384,12.98173],[77.47389,12.98146],[77.47394,12.98122],[77.47396,12.98112],[77.47398,12.98106],[77.474,12.98097],[77.47404,12.98062],[77.47408,12.98047],[77.47427,12.97978],[77.47428,12.97971],[77.4743,12.97959],[77.47434,12.97928],[77.47441,12.97877],[77.47443,12.97863],[77.47443,12.97862],[77.47449,12.97819],[77.47454,12.97779],[77.47474,12.97638],[77.47484,12.97567],[77.47485,12.97496],[77.47486,12.97471],[77.47486,12.97458],[77.47486,12.97435],[77.47492,12.97398],[77.47493,12.97393],[77.47496,12.97376],[77.47496,12.97373],[77.47497,12.9737],[77.47504,12.97323],[77.47508,12.97299],[77.47508,12.97297],[77.47509,12.97294],[77.47508,12.97261],[77.47508,12.97233],[77.47508,12.97221],[77.47508,12.97185],[77.47508,12.97176],[77.47508,12.97172],[77.47508,12.97163],[77.47508,12.97162],[77.47509,12.9715],[77.47501,12.97011],[77.47482,12.96959],[77.47479,12.96954],[77.47415,12.96845],[77.47361,12.9675],[77.4736,12.9675],[77.47359,12.96748],[77.47359,12.96748],[77.4735,12.96731],[77.47337,12.9665],[77.47335,12.96641],[77.47324,12.9657],[77.47323,12.96538],[77.47323,12.96527],[77.47322,12.96475],[77.4732,12.96399],[77.47319,12.96354],[77.47319,12.96351],[77.47319,12.9635],[77.47319,12.96342],[77.47319,12.9634],[77.47321,12.96333],[77.47331,12.96303],[77.47346,12.96259],[77.4735,12.96248],[77.47367,12.96201],[77.47395,12.96169],[77.47434,12.96124],[77.47504,12.96045],[77.47499,12.96035],[77.47486,12.9601],[77.47463,12.95963],[77.47461,12.9596],[77.47454,12.95946],[77.47412,12.95875],[77.47355,12.95776],[77.47312,12.95702],[77.47312,12.95702],[77.4731,12.95698],[77.47298,12.95678],[77.47292,12.95668],[77.47282,12.95651],[77.47282,12.9565],[77.47275,12.95639],[77.4727,12.9563],[77.47265,12.9562],[77.47259,12.95612],[77.47256,12.95605],[77.47252,12.95596],[77.47247,12.95595],[77.47235,12.95566],[77.47235,12.95564],[77.4721,12.95505],[77.472,12.95504],[77.47197,12.95472],[77.47195,12.95463],[77.47192,12.9545],[77.47192,12.95448],[77.47189,12.95435],[77.47181,12.9542],[77.4718,12.95417],[77.47176,12.9541],[77.47172,12.95399],[77.47164,12.95377],[77.47163,12.95369],[77.47162,12.95356],[77.4716,12.95312],[77.4716,12.95299],[77.47158,12.95265],[77.47158,12.95257],[77.47155,12.95229],[77.47155,12.95224],[77.47155,12.95224],[77.4716,12.95221],[77.47232,12.95189],[77.47251,12.95181],[77.47251,12.95174],[77.47251,12.95174],[77.47251,12.95166],[77.47251,12.9516],[77.47237,12.95132],[77.47228,12.95112],[77.47227,12.95111],[77.47225,12.95107],[77.47214,12.95087],[77.47167,12.95076],[77.47123,12.95073],[77.47112,12.95072],[77.47112,12.95066],[77.47112,12.95061],[77.47108,12.94999],[77.47106,12.94959],[77.47116,12.94958],[77.47243,12.94955],[77.47256,12.94943],[77.47273,12.94927],[77.47302,12.94932],[77.47306,12.94933],[77.4737,12.94921],[77.47419,12.9492],[77.47494,12.94913],[77.47518,12.94911],[77.47552,12.94912],[77.47578,12.949],[77.47613,12.9489],[77.47621,12.94886],[77.47628,12.94882],[77.47621,12.94863],[77.47582,12.94763],[77.47554,12.94699],[77.47536,12.94638],[77.47516,12.94568],[77.47507,12.94547],[77.47497,12.94493],[77.47493,12.94473],[77.47493,12.94471],[77.47493,12.94471],[77.47484,12.94424],[77.47477,12.94366],[77.47474,12.94342],[77.47454,12.94297],[77.47449,12.94282],[77.47426,12.94218],[77.4737,12.94112],[77.47359,12.94093],[77.47325,12.94033],[77.47363,12.94024],[77.47374,12.94023],[77.47388,12.94022],[77.47396,12.94019],[77.4741,12.94014],[77.47474,12.93991],[77.47529,12.93947],[77.4754,12.93938],[77.47549,12.93935],[77.4764,12.93863],[77.47627,12.93831],[77.47697,12.93802],[77.47836,12.93756],[77.47884,12.93751],[77.47885,12.93751],[77.47908,12.93748],[77.47922,12.93747],[77.47935,12.93746],[77.4804,12.93737],[77.48103,12.93731],[77.48105,12.93731],[77.4816,12.93725],[77.48161,12.93725],[77.48173,12.93724],[77.4821,12.9372],[77.48221,12.93719],[77.48238,12.93716],[77.48301,12.93707],[77.48316,12.93706],[77.48316,12.93706],[77.48316,12.93706],[77.48406,12.93698],[77.48409,12.93697],[77.4841,12.93697],[77.48424,12.93692],[77.48412,12.93617],[77.4841,12.93603],[77.48382,12.93433],[77.48381,12.93424],[77.48377,12.93417],[77.48384,12.93401],[77.48389,12.93389],[77.48361,12.93392],[77.4836,12.93386],[77.48358,12.93372],[77.48357,12.93365],[77.48356,12.93357],[77.48351,12.93317],[77.48346,12.93281],[77.48313,12.93239],[77.48334,12.93138],[77.48332,12.93134],[77.48322,12.93135],[77.48303,12.93134],[77.48289,12.93126],[77.48302,12.93117],[77.48308,12.93107],[77.4832,12.93088],[77.48323,12.93069],[77.4832,12.9306],[77.48312,12.93044],[77.48297,12.93032],[77.48287,12.93014],[77.48267,12.92973],[77.4826,12.92952],[77.48252,12.92927],[77.48232,12.92896],[77.48222,12.92895],[77.48204,12.92895],[77.48192,12.92891],[77.48183,12.9288],[77.48165,12.92838],[77.48146,12.92813],[77.48134,12.92807],[77.48124,12.928],[77.48123,12.92791],[77.48118,12.92775],[77.48099,12.92741],[77.48087,12.92743],[77.48026,12.92764],[77.48018,12.92758],[77.48006,12.92757],[77.47995,12.92755],[77.47982,12.92755],[77.47966,12.92753],[77.47952,12.92749],[77.47936,12.9274],[77.4792,12.92733],[77.47912,12.92723],[77.47909,12.92716],[77.47909,12.92706],[77.47911,12.92701],[77.47926,12.9269],[77.47938,12.92672],[77.47948,12.92656],[77.47955,12.92651],[77.47971,12.92646],[77.47973,12.9264],[77.4797,12.92631],[77.47962,12.92622],[77.47962,12.92613],[77.47965,12.92605],[77.47961,12.92594],[77.4796,12.92592],[77.47823,12.92629],[77.47768,12.92641],[77.4774,12.92647],[77.47589,12.9267],[77.47482,12.92668],[77.47363,12.92667],[77.47339,12.92664],[77.47339,12.92664],[77.47338,12.92661],[77.4732,12.92599],[77.473,12.9253],[77.47291,12.92502],[77.47291,12.92498],[77.47274,12.92427],[77.47268,12.924],[77.47259,12.92367],[77.47249,12.9234],[77.47246,12.92331],[77.47233,12.92295],[77.47215,12.92245],[77.47213,12.92237],[77.47207,12.92217],[77.47183,12.9214],[77.47176,12.92117],[77.47155,12.9205],[77.47112,12.91915],[77.47096,12.91866],[77.47091,12.9185],[77.47087,12.91837],[77.4707,12.9177],[77.47063,12.91743],[77.47046,12.91676],[77.47042,12.91659],[77.47018,12.91566],[77.47013,12.91544],[77.4701,12.9153],[77.47008,12.91519],[77.47002,12.91511],[77.46986,12.91488],[77.46976,12.91472],[77.46966,12.91457],[77.46946,12.91426],[77.46941,12.91418],[77.46937,12.91412],[77.46932,12.91404],[77.46918,12.91383],[77.46897,12.91341],[77.4687,12.91303],[77.46819,12.91229],[77.46721,12.91126],[77.4665,12.91015],[77.46657,12.90891],[77.4666,12.90836],[77.46661,12.90814],[77.46662,12.90795],[77.46668,12.90736],[77.46667,12.90688],[77.46508,12.90659],[77.46372,12.90648],[77.4628,12.90646],[77.46237,12.90645],[77.46223,12.90644],[77.46108,12.90655],[77.46079,12.90658],[77.46032,12.90661],[77.46008,12.90663],[77.46008,12.9066],[77.46005,12.90636],[77.46,12.90584],[77.45995,12.90539],[77.45993,12.90516],[77.45988,12.90477],[77.45988,12.90469]]]},"properties":{"role":"gba"}}]}