{"type":"FeatureCollection","features":[{"type":"Feature","geometry":{"type":"Polygon","coordinates":[[[77.38395,12.96167],[77.38403,12.96665],[77.37987,12.96916],[77.37563,12.96668],[77.37555,12.96169],[77.37971,12.95919],[77.38395,12.96167]]]},"properties":{"h3":"886014402dfffff","loss":null,"place":null}},{"type":"Feature","geometry":{"type":"Polygon","coordinates":[[[77.38755,12.92429],[77.38763,12.92928],[77.38347,12.93178],[77.37923,12.9293],[77.37915,12.92432],[77.38331,12.92181],[77.38755,12.92429]]]},"properties":{"h3":"8860144041fffff","loss":null,"place":null}},{"type":"Feature","geometry":{"type":"Polygon","coordinates":[[[77.37915,12.92432],[77.37923,12.9293],[77.37507,12.9318],[77.37083,12.92932],[77.37075,12.92434],[77.37491,12.92184],[77.37915,12.92432]]]},"properties":{"h3":"8860144043fffff","loss":null,"place":null}},{"type":"Feature","geometry":{"type":"Polygon","coordinates":[[[77.39188,12.93176],[77.39196,12.93674],[77.38779,12.93924],[77.38355,12.93676],[77.38347,12.93178],[77.38763,12.92928],[77.39188,12.93176]]]},"properties":{"h3":"8860144045fffff","loss":null,"place":null}},{"type":"Feature","geometry":{"type":"Polygon","coordinates":[[[77.38347,12.93178],[77.38355,12.93676],[77.37939,12.93926],[77.37515,12.93678],[77.37507,12.9318],[77.37923,12.9293],[77.38347,12.93178]]]},"properties":{"h3":"8860144047fffff","loss":null,"place":null}},{"type":"Feature","geometry":{"type":"Polygon","coordinates":[[[77.39163,12.91681],[77.39171,12.92179],[77.38755,12.92429],[77.38331,12.92181],[77.38323,12.91683],[77.38739,12.91433],[77.39163,12.91681]]]},"properties":{"h3":"8860144049fffff","loss":null,"place":null}},{"type":"Feature","geometry":{"type":"Polygon","coordinates":[[[77.38323,12.91683],[77.38331,12.92181],[77.37915,12.92432],[77.37491,12.92184],[77.37483,12.91686],[77.37899,12.91435],[77.38323,12.91683]]]},"properties":{"h3":"886014404bfffff","loss":null,"place":null}},{"type":"Feature","geometry":{"type":"Polygon","coordinates":[[[77.39596,12.92427],[77.39604,12.92925],[77.39188,12.93176],[77.38763,12.92928],[77.38755,12.92429],[77.39171,12.92179],[77.39596,12.92427]]]},"properties":{"h3":"886014404dfffff","loss":null,"place":null}},{"type":"Feature","geometry":{"type":"Polygon","coordinates":[[[77.37483,12.91686],[77.37491,12.92184],[77.37075,12.92434],[77.36651,12.92186],[77.36643,12.91688],[77.37059,12.91438],[77.37483,12.91686]]]},"properties":{"h3":"886014405dfffff","loss":null,"place":null}},{"type":"Feature","geometry":{"type":"Polygon","coordinates":[[[77.39212,12.9467],[77.3922,12.95168],[77.38803,12.95419],[77.38379,12.95171],[77.38371,12.94673],[77.38787,12.94422],[77.39212,12.9467]]]},"properties":{"h3":"8860144061fffff","loss":null,"place":null}},{"type":"Feature","geometry":{"type":"Polygon","coordinates":[[[77.38371,12.94673],[77.38379,12.95171],[77.37963,12.95421],[77.37539,12.95173],[77.37531,12.94675],[77.37947,12.94425],[77.38371,12.94673]]]},"properties":{"h3":"8860144063fffff","loss":0.01,"place":null}},{"type":"Feature","geometry":{"type":"Polygon","coordinates":[[[77.39644,12.95416],[77.39652,12.95915],[77.39236,12.96165],[77.38812,12.95917],[77.38803,12.95419],[77.3922,12.95168],[77.39644,12.95416]]]},"properties":{"h3":"8860144065fffff","loss":null,"place":null}},{"type":"Feature","geometry":{"type":"Polygon","coordinates":[[[77.38803,12.95419],[77.38812,12.95917],[77.38395,12.96167],[77.37971,12.95919],[77.37963,12.95421],[77.38379,12.95171],[77.38803,12.95419]]]},"properties":{"h3":"8860144067fffff","loss":0.02,"place":null}},{"type":"Feature","geometry":{"type":"Polygon","coordinates":[[[77.3962,12.93922],[77.39628,12.9442],[77.39212,12.9467],[77.38787,12.94422],[77.38779,12.93924],[77.39196,12.93674],[77.3962,12.93922]]]},"properties":{"h3":"8860144069fffff","loss":null,"place":null}},{"type":"Feature","geometry":{"type":"Polygon","coordinates":[[[77.38779,12.93924],[77.38787,12.94422],[77.38371,12.94673],[77.37947,12.94425],[77.37939,12.93926],[77.38355,12.93676],[77.38779,12.93924]]]},"properties":{"h3":"886014406bfffff","loss":null,"place":null}},{"type":"Feature","geometry":{"type":"Polygon","coordinates":[[[77.40052,12.94668],[77.4006,12.95166],[77.39644,12.95416],[77.3922,12.95168],[77.39212,12.9467],[77.39628,12.9442],[77.40052,12.94668]]]},"properties":{"h3":"886014406dfffff","loss":null,"place":null}},{"type":"Feature","geometry":{"type":"Polygon","coordinates":[[[77.40125,12.99152],[77.40133,12.9965],[77.39716,12.99901],[77.39292,12.99652],[77.39284,12.99154],[77.397,12.98904],[77.40125,12.99152]]]},"properties":{"h3":"8860144101fffff","loss":null,"place":null}},{"type":"Feature","geometry":{"type":"Polygon","coordinates":[[[77.39284,12.99154],[77.39292,12.99652],[77.38876,12.99903],[77.38452,12.99655],[77.38443,12.99156],[77.3886,12.98906],[77.39284,12.99154]]]},"properties":{"h3":"8860144103fffff","loss":null,"place":null}},{"type":"Feature","geometry":{"type":"Polygon","coordinates":[[[77.40557,12.99898],[77.40565,13.00397],[77.40149,13.00647],[77.39725,13.00399],[77.39716,12.99901],[77.40133,12.9965],[77.40557,12.99898]]]},"properties":{"h3":"8860144105fffff","loss":0.003,"place":null}},{"type":"Feature","geometry":{"type":"Polygon","coordinates":[[[77.39716,12.99901],[77.39725,13.00399],[77.39308,13.00649],[77.38884,13.00401],[77.38876,12.99903],[77.39292,12.99652],[77.39716,12.99901]]]},"properties":{"h3":"8860144107fffff","loss":null,"place":null}},{"type":"Feature","geometry":{"type":"Polygon","coordinates":[[[77.40533,12.98404],[77.40541,12.98902],[77.40125,12.99152],[77.397,12.98904],[77.39692,12.98406],[77.40109,12.98156],[77.40533,12.98404]]]},"properties":{"h3":"8860144109fffff","loss":null,"place":null}},{"type":"Feature","geometry":{"type":"Polygon","coordinates":[[[77.39692,12.98406],[77.397,12.98904],[77.39284,12.99154],[77.3886,12.98906],[77.38852,12.98408],[77.39268,12.98158],[77.39692,12.98406]]]},"properties":{"h3":"886014410bfffff","loss":null,"place":null}},{"type":"Feature","geometry":{"type":"Polygon","coordinates":[[[77.40965,12.9915],[77.40974,12.99648],[77.40557,12.99898],[77.40133,12.9965],[77.40125,12.99152],[77.40541,12.98902],[77.40965,12.9915]]]},"properties":{"h3":"886014410dfffff","loss":null,"place":null}},{"type":"Feature","geometry":{"type":"Polygon","coordinates":[[[77.38443,12.99156],[77.38452,12.99655],[77.38035,12.99905],[77.37611,12.99657],[77.37603,12.99158],[77.38019,12.98908],[77.38443,12.99156]]]},"properties":{"h3":"8860144115fffff","loss":null,"place":null}},{"type":"Feature","geometry":{"type":"Polygon","coordinates":[[[77.38419,12.97662],[77.38427,12.9816],[77.38011,12.9841],[77.37587,12.98162],[77.37579,12.97664],[77.37995,12.97414],[77.38419,12.97662]]]},"properties":{"h3":"8860144119fffff","loss":null,"place":null}},{"type":"Feature","geometry":{"type":"Polygon","coordinates":[[[77.38852,12.98408],[77.3886,12.98906],[77.38443,12.99156],[77.38019,12.98908],[77.38011,12.9841],[77.38427,12.9816],[77.38852,12.98408]]]},"properties":{"h3":"886014411dfffff","loss":null,"place":null}},{"type":"Feature","geometry":{"type":"Polygon","coordinates":[[[77.40581,13.01393],[77.40589,13.01891],[77.40173,13.02141],[77.39749,13.01893],[77.39741,13.01395],[77.40157,13.01145],[77.40581,13.01393]]]},"properties":{"h3":"8860144121fffff","loss":0.002,"place":null}},{"type":"Feature","geometry":{"type":"Polygon","coordinates":[[[77.39741,13.01395],[77.39749,13.01893],[77.39332,13.02143],[77.38908,13.01895],[77.389,13.01397],[77.39316,13.01147],[77.39741,13.01395]]]},"properties":{"h3":"8860144123fffff","loss":null,"place":null}},{"type":"Feature","geometry":{"type":"Polygon","coordinates":[[[77.41014,13.02139],[77.41022,13.02638],[77.40606,13.02888],[77.40181,13.0264],[77.40173,13.02141],[77.40589,13.01891],[77.41014,13.02139]]]},"properties":{"h3":"8860144125fffff","loss":null,"place":null}},{"type":"Feature","geometry":{"type":"Polygon","coordinates":[[[77.40173,13.02141],[77.40181,13.0264],[77.39765,13.0289],[77.3934,13.02642],[77.39332,13.02143],[77.39749,13.01893],[77.40173,13.02141]]]},"properties":{"h3":"8860144127fffff","loss":null,"place":null}},{"type":"Feature","geometry":{"type":"Polygon","coordinates":[[[77.4099,13.00645],[77.40998,13.01143],[77.40581,13.01393],[77.40157,13.01145],[77.40149,13.00647],[77.40565,13.00397],[77.4099,13.00645]]]},"properties":{"h3":"8860144129fffff","loss":null,"place":null}},{"type":"Feature","geometry":{"type":"Polygon","coordinates":[[[77.40149,13.00647],[77.40157,13.01145],[77.39741,13.01395],[77.39316,13.01147],[77.39308,13.00649],[77.39725,13.00399],[77.40149,13.00647]]]},"properties":{"h3":"886014412bfffff","loss":null,"place":null}},{"type":"Feature","geometry":{"type":"Polygon","coordinates":[[[77.41422,13.01391],[77.4143,13.01889],[77.41014,13.02139],[77.40589,13.01891],[77.40581,13.01393],[77.40998,13.01143],[77.41422,13.01391]]]},"properties":{"h3":"886014412dfffff","loss":null,"place":null}},{"type":"Feature","geometry":{"type":"Polygon","coordinates":[[[77.38468,13.00651],[77.38476,13.01149],[77.38059,13.01399],[77.37635,13.01151],[77.37627,13.00653],[77.38043,13.00403],[77.38468,13.00651]]]},"properties":{"h3":"8860144131fffff","loss":null,"place":null}},{"type":"Feature","geometry":{"type":"Polygon","coordinates":[[[77.389,13.01397],[77.38908,13.01895],[77.38492,13.02145],[77.38067,13.01897],[77.38059,13.01399],[77.38476,13.01149],[77.389,13.01397]]]},"properties":{"h3":"8860144135fffff","loss":null,"place":null}},{"type":"Feature","geometry":{"type":"Polygon","coordinates":[[[77.38876,12.99903],[77.38884,13.00401],[77.38468,13.00651],[77.38043,13.00403],[77.38035,12.99905],[77.38452,12.99655],[77.38876,12.99903]]]},"properties":{"h3":"8860144139fffff","loss":null,"place":null}},{"type":"Feature","geometry":{"type":"Polygon","coordinates":[[[77.39308,13.00649],[77.39316,13.01147],[77.389,13.01397],[77.38476,13.01149],[77.38468,13.00651],[77.38884,13.00401],[77.39308,13.00649]]]},"properties":{"h3":"886014413dfffff","loss":null,"place":null}},{"type":"Feature","geometry":{"type":"Polygon","coordinates":[[[77.41782,12.97653],[77.4179,12.98151],[77.41374,12.98401],[77.40949,12.98153],[77.40941,12.97655],[77.41358,12.97405],[77.41782,12.97653]]]},"properties":{"h3":"8860144141fffff","loss":null,"place":null}},{"type":"Feature","geometry":{"type":"Polygon","coordinates":[[[77.40941,12.97655],[77.40949,12.98153],[77.40533,12.98404],[77.40109,12.98156],[77.40101,12.97657],[77.40517,12.97407],[77.40941,12.97655]]]},"properties":{"h3":"8860144143fffff","loss":null,"place":null}},{"type":"Feature","geometry":{"type":"Polygon","coordinates":[[[77.42215,12.98399],[77.42223,12.98898],[77.41806,12.99148],[77.41382,12.989],[77.41374,12.98401],[77.4179,12.98151],[77.42215,12.98399]]]},"properties":{"h3":"8860144145fffff","loss":null,"place":null}},{"type":"Feature","geometry":{"type":"Polygon","coordinates":[[[77.41374,12.98401],[77.41382,12.989],[77.40965,12.9915],[77.40541,12.98902],[77.40533,12.98404],[77.40949,12.98153],[77.41374,12.98401]]]},"properties":{"h3":"8860144147fffff","loss":null,"place":null}},{"type":"Feature","geometry":{"type":"Polygon","coordinates":[[[77.4219,12.96904],[77.42198,12.97403],[77.41782,12.97653],[77.41358,12.97405],[77.41349,12.96907],[77.41766,12.96656],[77.4219,12.96904]]]},"properties":{"h3":"8860144149fffff","loss":0.011,"place":null}},{"type":"Feature","geometry":{"type":"Polygon","coordinates":[[[77.41349,12.96907],[77.41358,12.97405],[77.40941,12.97655],[77.40517,12.97407],[77.40509,12.96909],[77.40925,12.96659],[77.41349,12.96907]]]},"properties":{"h3":"886014414bfffff","loss":0.014,"place":null}},{"type":"Feature","geometry":{"type":"Polygon","coordinates":[[[77.42623,12.97651],[77.42631,12.98149],[77.42215,12.98399],[77.4179,12.98151],[77.41782,12.97653],[77.42198,12.97403],[77.42623,12.97651]]]},"properties":{"h3":"886014414dfffff","loss":null,"place":null}},{"type":"Feature","geometry":{"type":"Polygon","coordinates":[[[77.39668,12.96911],[77.39676,12.97409],[77.3926,12.9766],[77.38836,12.97412],[77.38828,12.96913],[77.39244,12.96663],[77.39668,12.96911]]]},"properties":{"h3":"8860144151fffff","loss":0.029,"place":null}},{"type":"Feature","geometry":{"type":"Polygon","coordinates":[[[77.38828,12.96913],[77.38836,12.97412],[77.38419,12.97662],[77.37995,12.97414],[77.37987,12.96916],[77.38403,12.96665],[77.38828,12.96913]]]},"properties":{"h3":"8860144153fffff","loss":null,"place":null}},{"type":"Feature","geometry":{"type":"Polygon","coordinates":[[[77.40101,12.97657],[77.40109,12.98156],[77.39692,12.98406],[77.39268,12.98158],[77.3926,12.9766],[77.39676,12.97409],[77.40101,12.97657]]]},"properties":{"h3":"8860144155fffff","loss":null,"place":null}},{"type":"Feature","geometry":{"type":"Polygon","coordinates":[[[77.3926,12.9766],[77.39268,12.98158],[77.38852,12.98408],[77.38427,12.9816],[77.38419,12.97662],[77.38836,12.97412],[77.3926,12.9766]]]},"properties":{"h3":"8860144157fffff","loss":null,"place":null}},{"type":"Feature","geometry":{"type":"Polygon","coordinates":[[[77.40076,12.96163],[77.40084,12.96661],[77.39668,12.96911],[77.39244,12.96663],[77.39236,12.96165],[77.39652,12.95915],[77.40076,12.96163]]]},"properties":{"h3":"8860144159fffff","loss":0.031,"place":null}},{"type":"Feature","geometry":{"type":"Polygon","coordinates":[[[77.39236,12.96165],[77.39244,12.96663],[77.38828,12.96913],[77.38403,12.96665],[77.38395,12.96167],[77.38812,12.95917],[77.39236,12.96165]]]},"properties":{"h3":"886014415bfffff","loss":0.012,"place":null}},{"type":"Feature","geometry":{"type":"Polygon","coordinates":[[[77.40509,12.96909],[77.40517,12.97407],[77.40101,12.97657],[77.39676,12.97409],[77.39668,12.96911],[77.40084,12.96661],[77.40509,12.96909]]]},"properties":{"h3":"886014415dfffff","loss":0.022,"place":null}},{"type":"Feature","geometry":{"type":"Polygon","coordinates":[[[77.42239,12.99894],[77.42247,13.00392],[77.41831,13.00643],[77.41406,13.00395],[77.41398,12.99896],[77.41814,12.99646],[77.42239,12.99894]]]},"properties":{"h3":"8860144161fffff","loss":null,"place":null}},{"type":"Feature","geometry":{"type":"Polygon","coordinates":[[[77.41398,12.99896],[77.41406,13.00395],[77.4099,13.00645],[77.40565,13.00397],[77.40557,12.99898],[77.40974,12.99648],[77.41398,12.99896]]]},"properties":{"h3":"8860144163fffff","loss":null,"place":null}},{"type":"Feature","geometry":{"type":"Polygon","coordinates":[[[77.42671,13.0064],[77.4268,13.01139],[77.42263,13.01389],[77.41839,13.01141],[77.41831,13.00643],[77.42247,13.00392],[77.42671,13.0064]]]},"properties":{"h3":"8860144165fffff","loss":null,"place":null}},{"type":"Feature","geometry":{"type":"Polygon","coordinates":[[[77.41831,13.00643],[77.41839,13.01141],[77.41422,13.01391],[77.40998,13.01143],[77.4099,13.00645],[77.41406,13.00395],[77.41831,13.00643]]]},"properties":{"h3":"8860144167fffff","loss":null,"place":null}},{"type":"Feature","geometry":{"type":"Polygon","coordinates":[[[77.42647,12.99146],[77.42655,12.99644],[77.42239,12.99894],[77.41814,12.99646],[77.41806,12.99148],[77.42223,12.98898],[77.42647,12.99146]]]},"properties":{"h3":"8860144169fffff","loss":null,"place":null}},{"type":"Feature","geometry":{"type":"Polygon","coordinates":[[[77.41806,12.99148],[77.41814,12.99646],[77.41398,12.99896],[77.40974,12.99648],[77.40965,12.9915],[77.41382,12.989],[77.41806,12.99148]]]},"properties":{"h3":"886014416bfffff","loss":null,"place":null}},{"type":"Feature","geometry":{"type":"Polygon","coordinates":[[[77.4308,12.99892],[77.43088,13.0039],[77.42671,13.0064],[77.42247,13.00392],[77.42239,12.99894],[77.42655,12.99644],[77.4308,12.99892]]]},"properties":{"h3":"886014416dfffff","loss":null,"place":null}},{"type":"Feature","geometry":{"type":"Polygon","coordinates":[[[77.39956,12.88689],[77.39964,12.89187],[77.39547,12.89437],[77.39123,12.89189],[77.39115,12.88691],[77.39531,12.88441],[77.39956,12.88689]]]},"properties":{"h3":"8860144201fffff","loss":null,"place":null}},{"type":"Feature","geometry":{"type":"Polygon","coordinates":[[[77.39115,12.88691],[77.39123,12.89189],[77.38707,12.8944],[77.38283,12.89192],[77.38275,12.88694],[77.38691,12.88443],[77.39115,12.88691]]]},"properties":{"h3":"8860144203fffff","loss":null,"place":null}},{"type":"Feature","geometry":{"type":"Polygon","coordinates":[[[77.40388,12.89435],[77.40396,12.89933],[77.3998,12.90183],[77.39555,12.89936],[77.39547,12.89437],[77.39964,12.89187],[77.40388,12.89435]]]},"properties":{"h3":"8860144205fffff","loss":null,"place":null}},{"type":"Feature","geometry":{"type":"Polygon","coordinates":[[[77.39547,12.89437],[77.39555,12.89936],[77.39139,12.90186],[77.38715,12.89938],[77.38707,12.8944],[77.39123,12.89189],[77.39547,12.89437]]]},"properties":{"h3":"8860144207fffff","loss":null,"place":null}},{"type":"Feature","geometry":{"type":"Polygon","coordinates":[[[77.40364,12.8794],[77.40372,12.88438],[77.39956,12.88689],[77.39531,12.88441],[77.39523,12.87942],[77.39939,12.87692],[77.40364,12.8794]]]},"properties":{"h3":"8860144209fffff","loss":null,"place":null}},{"type":"Feature","geometry":{"type":"Polygon","coordinates":[[[77.39523,12.87942],[77.39531,12.88441],[77.39115,12.88691],[77.38691,12.88443],[77.38683,12.87945],[77.39099,12.87695],[77.39523,12.87942]]]},"properties":{"h3":"886014420bfffff","loss":null,"place":null}},{"type":"Feature","geometry":{"type":"Polygon","coordinates":[[[77.40796,12.88686],[77.40804,12.89184],[77.40388,12.89435],[77.39964,12.89187],[77.39956,12.88689],[77.40372,12.88438],[77.40796,12.88686]]]},"properties":{"h3":"886014420dfffff","loss":null,"place":null}},{"type":"Feature","geometry":{"type":"Polygon","coordinates":[[[77.37843,12.87948],[77.37851,12.88446],[77.37435,12.88696],[77.37011,12.88448],[77.37003,12.8795],[77.37419,12.877],[77.37843,12.87948]]]},"properties":{"h3":"8860144211fffff","loss":0.0,"place":null}},{"type":"Feature","geometry":{"type":"Polygon","coordinates":[[[77.38275,12.88694],[77.38283,12.89192],[77.37867,12.89442],[77.37443,12.89195],[77.37435,12.88696],[77.37851,12.88446],[77.38275,12.88694]]]},"properties":{"h3":"8860144215fffff","loss":null,"place":null}},{"type":"Feature","geometry":{"type":"Polygon","coordinates":[[[77.37435,12.88696],[77.37443,12.89195],[77.37027,12.89445],[77.36603,12.89197],[77.36595,12.88699],[77.37011,12.88448],[77.37435,12.88696]]]},"properties":{"h3":"8860144217fffff","loss":0.065,"place":null}},{"type":"Feature","geometry":{"type":"Polygon","coordinates":[[[77.38251,12.87199],[77.38259,12.87697],[77.37843,12.87948],[77.37419,12.877],[77.37411,12.87202],[77.37827,12.86951],[77.38251,12.87199]]]},"properties":{"h3":"8860144219fffff","loss":null,"place":null}},{"type":"Feature","geometry":{"type":"Polygon","coordinates":[[[77.38683,12.87945],[77.38691,12.88443],[77.38275,12.88694],[77.37851,12.88446],[77.37843,12.87948],[77.38259,12.87697],[77.38683,12.87945]]]},"properties":{"h3":"886014421dfffff","loss":null,"place":null}},{"type":"Feature","geometry":{"type":"Polygon","coordinates":[[[77.40412,12.9093],[77.4042,12.91428],[77.40004,12.91678],[77.3958,12.9143],[77.39572,12.90932],[77.39988,12.90682],[77.40412,12.9093]]]},"properties":{"h3":"8860144221fffff","loss":null,"place":null}},{"type":"Feature","geometry":{"type":"Polygon","coordinates":[[[77.39572,12.90932],[77.3958,12.9143],[77.39163,12.91681],[77.38739,12.91433],[77.38731,12.90935],[77.39147,12.90684],[77.39572,12.90932]]]},"properties":{"h3":"8860144223fffff","loss":null,"place":null}},{"type":"Feature","geometry":{"type":"Polygon","coordinates":[[[77.40844,12.91676],[77.40852,12.92174],[77.40436,12.92424],[77.40012,12.92177],[77.40004,12.91678],[77.4042,12.91428],[77.40844,12.91676]]]},"properties":{"h3":"8860144225fffff","loss":null,"place":null}},{"type":"Feature","geometry":{"type":"Polygon","coordinates":[[[77.40004,12.91678],[77.40012,12.92177],[77.39596,12.92427],[77.39171,12.92179],[77.39163,12.91681],[77.3958,12.9143],[77.40004,12.91678]]]},"properties":{"h3":"8860144227fffff","loss":null,"place":null}},{"type":"Feature","geometry":{"type":"Polygon","coordinates":[[[77.4082,12.90181],[77.40828,12.90679],[77.40412,12.9093],[77.39988,12.90682],[77.3998,12.90183],[77.40396,12.89933],[77.4082,12.90181]]]},"properties":{"h3":"8860144229fffff","loss":null,"place":null}},{"type":"Feature","geometry":{"type":"Polygon","coordinates":[[[77.3998,12.90183],[77.39988,12.90682],[77.39572,12.90932],[77.39147,12.90684],[77.39139,12.90186],[77.39555,12.89936],[77.3998,12.90183]]]},"properties":{"h3":"886014422bfffff","loss":null,"place":null}},{"type":"Feature","geometry":{"type":"Polygon","coordinates":[[[77.41253,12.90927],[77.41261,12.91425],[77.40844,12.91676],[77.4042,12.91428],[77.40412,12.9093],[77.40828,12.90679],[77.41253,12.90927]]]},"properties":{"h3":"886014422dfffff","loss":null,"place":null}},{"type":"Feature","geometry":{"type":"Polygon","coordinates":[[[77.38299,12.90188],[77.38307,12.90687],[77.37891,12.90937],[77.37467,12.90689],[77.37459,12.90191],[77.37875,12.89941],[77.38299,12.90188]]]},"properties":{"h3":"8860144231fffff","loss":null,"place":null}},{"type":"Feature","geometry":{"type":"Polygon","coordinates":[[[77.37459,12.90191],[77.37467,12.90689],[77.37051,12.9094],[77.36627,12.90692],[77.36619,12.90193],[77.37035,12.89943],[77.37459,12.90191]]]},"properties":{"h3":"8860144233fffff","loss":null,"place":null}},{"type":"Feature","geometry":{"type":"Polygon","coordinates":[[[77.38731,12.90935],[77.38739,12.91433],[77.38323,12.91683],[77.37899,12.91435],[77.37891,12.90937],[77.38307,12.90687],[77.38731,12.90935]]]},"properties":{"h3":"8860144235fffff","loss":null,"place":null}},{"type":"Feature","geometry":{"type":"Polygon","coordinates":[[[77.37891,12.90937],[77.37899,12.91435],[77.37483,12.91686],[77.37059,12.91438],[77.37051,12.9094],[77.37467,12.90689],[77.37891,12.90937]]]},"properties":{"h3":"8860144237fffff","loss":null,"place":null}},{"type":"Feature","geometry":{"type":"Polygon","coordinates":[[[77.38707,12.8944],[77.38715,12.89938],[77.38299,12.90188],[77.37875,12.89941],[77.37867,12.89442],[77.38283,12.89192],[77.38707,12.8944]]]},"properties":{"h3":"8860144239fffff","loss":null,"place":null}},{"type":"Feature","geometry":{"type":"Polygon","coordinates":[[[77.37867,12.89442],[77.37875,12.89941],[77.37459,12.90191],[77.37035,12.89943],[77.37027,12.89445],[77.37443,12.89195],[77.37867,12.89442]]]},"properties":{"h3":"886014423bfffff","loss":null,"place":null}},{"type":"Feature","geometry":{"type":"Polygon","coordinates":[[[77.39139,12.90186],[77.39147,12.90684],[77.38731,12.90935],[77.38307,12.90687],[77.38299,12.90188],[77.38715,12.89938],[77.39139,12.90186]]]},"properties":{"h3":"886014423dfffff","loss":null,"place":null}},{"type":"Feature","geometry":{"type":"Polygon","coordinates":[[[77.41612,12.87188],[77.4162,12.87686],[77.41204,12.87937],[77.4078,12.87689],[77.40772,12.87191],[77.41188,12.8694],[77.41612,12.87188]]]},"properties":{"h3":"8860144241fffff","loss":null,"place":null}},{"type":"Feature","geometry":{"type":"Polygon","coordinates":[[[77.40772,12.87191],[77.4078,12.87689],[77.40364,12.8794],[77.39939,12.87692],[77.39931,12.87194],[77.40348,12.86943],[77.40772,12.87191]]]},"properties":{"h3":"8860144243fffff","loss":null,"place":null}},{"type":"Feature","geometry":{"type":"Polygon","coordinates":[[[77.42045,12.87934],[77.42053,12.88433],[77.41636,12.88683],[77.41212,12.88435],[77.41204,12.87937],[77.4162,12.87686],[77.42045,12.87934]]]},"properties":{"h3":"8860144245fffff","loss":null,"place":null}},{"type":"Feature","geometry":{"type":"Polygon","coordinates":[[[77.41204,12.87937],[77.41212,12.88435],[77.40796,12.88686],[77.40372,12.88438],[77.40364,12.8794],[77.4078,12.87689],[77.41204,12.87937]]]},"properties":{"h3":"8860144247fffff","loss":null,"place":null}},{"type":"Feature","geometry":{"type":"Polygon","coordinates":[[[77.4202,12.86439],[77.42028,12.86938],[77.41612,12.87188],[77.41188,12.8694],[77.4118,12.86442],[77.41596,12.86191],[77.4202,12.86439]]]},"properties":{"h3":"8860144249fffff","loss":null,"place":null}},{"type":"Feature","geometry":{"type":"Polygon","coordinates":[[[77.4118,12.86442],[77.41188,12.8694],[77.40772,12.87191],[77.40348,12.86943],[77.40339,12.86445],[77.40756,12.86194],[77.4118,12.86442]]]},"properties":{"h3":"886014424bfffff","loss":null,"place":null}},{"type":"Feature","geometry":{"type":"Polygon","coordinates":[[[77.42453,12.87185],[77.42461,12.87684],[77.42045,12.87934],[77.4162,12.87686],[77.41612,12.87188],[77.42028,12.86938],[77.42453,12.87185]]]},"properties":{"h3":"886014424dfffff","loss":null,"place":null}},{"type":"Feature","geometry":{"type":"Polygon","coordinates":[[[77.39499,12.86447],[77.39507,12.86946],[77.39091,12.87196],[77.38667,12.86948],[77.38659,12.8645],[77.39075,12.862],[77.39499,12.86447]]]},"properties":{"h3":"8860144251fffff","loss":null,"place":null}},{"type":"Feature","geometry":{"type":"Polygon","coordinates":[[[77.38659,12.8645],[77.38667,12.86948],[77.38251,12.87199],[77.37827,12.86951],[77.37819,12.86453],[77.38235,12.86202],[77.38659,12.8645]]]},"properties":{"h3":"8860144253fffff","loss":null,"place":null}},{"type":"Feature","geometry":{"type":"Polygon","coordinates":[[[77.39931,12.87194],[77.39939,12.87692],[77.39523,12.87942],[77.39099,12.87695],[77.39091,12.87196],[77.39507,12.86946],[77.39931,12.87194]]]},"properties":{"h3":"8860144255fffff","loss":null,"place":null}},{"type":"Feature","geometry":{"type":"Polygon","coordinates":[[[77.39091,12.87196],[77.39099,12.87695],[77.38683,12.87945],[77.38259,12.87697],[77.38251,12.87199],[77.38667,12.86948],[77.39091,12.87196]]]},"properties":{"h3":"8860144257fffff","loss":null,"place":null}},{"type":"Feature","geometry":{"type":"Polygon","coordinates":[[[77.39907,12.85699],[77.39915,12.86197],[77.39499,12.86447],[77.39075,12.862],[77.39067,12.85701],[77.39483,12.85451],[77.39907,12.85699]]]},"properties":{"h3":"8860144259fffff","loss":null,"place":null}},{"type":"Feature","geometry":{"type":"Polygon","coordinates":[[[77.39067,12.85701],[77.39075,12.862],[77.38659,12.8645],[77.38235,12.86202],[77.38227,12.85704],[77.38643,12.85454],[77.39067,12.85701]]]},"properties":{"h3":"886014425bfffff","loss":null,"place":null}},{"type":"Feature","geometry":{"type":"Polygon","coordinates":[[[77.40339,12.86445],[77.40348,12.86943],[77.39931,12.87194],[77.39507,12.86946],[77.39499,12.86447],[77.39915,12.86197],[77.40339,12.86445]]]},"properties":{"h3":"886014425dfffff","loss":null,"place":null}},{"type":"Feature","geometry":{"type":"Polygon","coordinates":[[[77.42069,12.89429],[77.42077,12.89928],[77.41661,12.90178],[77.41236,12.8993],[77.41228,12.89432],[77.41645,12.89181],[77.42069,12.89429]]]},"properties":{"h3":"8860144261fffff","loss":0.009,"place":null}},{"type":"Feature","geometry":{"type":"Polygon","coordinates":[[[77.41228,12.89432],[77.41236,12.8993],[77.4082,12.90181],[77.40396,12.89933],[77.40388,12.89435],[77.40804,12.89184],[77.41228,12.89432]]]},"properties":{"h3":"8860144263fffff","loss":null,"place":null}},{"type":"Feature","geometry":{"type":"Polygon","coordinates":[[[77.42501,12.90176],[77.42509,12.90674],[77.42093,12.90924],[77.41669,12.90677],[77.41661,12.90178],[77.42077,12.89928],[77.42501,12.90176]]]},"properties":{"h3":"8860144265fffff","loss":null,"place":null}},{"type":"Feature","geometry":{"type":"Polygon","coordinates":[[[77.41661,12.90178],[77.41669,12.90677],[77.41253,12.90927],[77.40828,12.90679],[77.4082,12.90181],[77.41236,12.8993],[77.41661,12.90178]]]},"properties":{"h3":"8860144267fffff","loss":null,"place":null}},{"type":"Feature","geometry":{"type":"Polygon","coordinates":[[[77.42477,12.8868],[77.42485,12.89179],[77.42069,12.89429],[77.41645,12.89181],[77.41636,12.88683],[77.42053,12.88433],[77.42477,12.8868]]]},"properties":{"h3":"8860144269fffff","loss":null,"place":null}},{"type":"Feature","geometry":{"type":"Polygon","coordinates":[[[77.41636,12.88683],[77.41645,12.89181],[77.41228,12.89432],[77.40804,12.89184],[77.40796,12.88686],[77.41212,12.88435],[77.41636,12.88683]]]},"properties":{"h3":"886014426bfffff","loss":null,"place":null}},{"type":"Feature","geometry":{"type":"Polygon","coordinates":[[[77.4291,12.89427],[77.42918,12.89925],[77.42501,12.90176],[77.42077,12.89928],[77.42069,12.89429],[77.42485,12.89179],[77.4291,12.89427]]]},"properties":{"h3":"886014426dfffff","loss":null,"place":null}},{"type":"Feature","geometry":{"type":"Polygon","coordinates":[[[77.42983,12.93912],[77.42991,12.9441],[77.42574,12.94661],[77.4215,12.94413],[77.42142,12.93914],[77.42558,12.93664],[77.42983,12.93912]]]},"properties":{"h3":"8860144301fffff","loss":null,"place":null}},{"type":"Feature","geometry":{"type":"Polygon","coordinates":[[[77.42142,12.93914],[77.4215,12.94413],[77.41733,12.94663],[77.41309,12.94415],[77.41301,12.93917],[77.41717,12.93666],[77.42142,12.93914]]]},"properties":{"h3":"8860144303fffff","loss":null,"place":null}},{"type":"Feature","geometry":{"type":"Polygon","coordinates":[[[77.43415,12.94658],[77.43423,12.95157],[77.43007,12.95407],[77.42582,12.95159],[77.42574,12.94661],[77.42991,12.9441],[77.43415,12.94658]]]},"properties":{"h3":"8860144305fffff","loss":0.017,"place":null}},{"type":"Feature","geometry":{"type":"Polygon","coordinates":[[[77.42574,12.94661],[77.42582,12.95159],[77.42166,12.95409],[77.41742,12.95161],[77.41733,12.94663],[77.4215,12.94413],[77.42574,12.94661]]]},"properties":{"h3":"8860144307fffff","loss":0.014,"place":null}},{"type":"Feature","geometry":{"type":"Polygon","coordinates":[[[77.43391,12.93163],[77.43399,12.93661],[77.42983,12.93912],[77.42558,12.93664],[77.4255,12.93166],[77.42966,12.92915],[77.43391,12.93163]]]},"properties":{"h3":"8860144309fffff","loss":0.016,"place":null}},{"type":"Feature","geometry":{"type":"Polygon","coordinates":[[[77.4255,12.93166],[77.42558,12.93664],[77.42142,12.93914],[77.41717,12.93666],[77.41709,12.93168],[77.42126,12.92918],[77.4255,12.93166]]]},"properties":{"h3":"886014430bfffff","loss":0.014,"place":null}},{"type":"Feature","geometry":{"type":"Polygon","coordinates":[[[77.43823,12.93909],[77.43831,12.94408],[77.43415,12.94658],[77.42991,12.9441],[77.42983,12.93912],[77.43399,12.93661],[77.43823,12.93909]]]},"properties":{"h3":"886014430dfffff","loss":0.1,"place":null}},{"type":"Feature","geometry":{"type":"Polygon","coordinates":[[[77.40869,12.93171],[77.40877,12.93669],[77.4046,12.93919],[77.40036,12.93671],[77.40028,12.93173],[77.40444,12.92923],[77.40869,12.93171]]]},"properties":{"h3":"8860144311fffff","loss":null,"place":null}},{"type":"Feature","geometry":{"type":"Polygon","coordinates":[[[77.40028,12.93173],[77.40036,12.93671],[77.3962,12.93922],[77.39196,12.93674],[77.39188,12.93176],[77.39604,12.92925],[77.40028,12.93173]]]},"properties":{"h3":"8860144313fffff","loss":null,"place":null}},{"type":"Feature","geometry":{"type":"Polygon","coordinates":[[[77.41301,12.93917],[77.41309,12.94415],[77.40893,12.94666],[77.40468,12.94418],[77.4046,12.93919],[77.40877,12.93669],[77.41301,12.93917]]]},"properties":{"h3":"8860144315fffff","loss":null,"place":null}},{"type":"Feature","geometry":{"type":"Polygon","coordinates":[[[77.4046,12.93919],[77.40468,12.94418],[77.40052,12.94668],[77.39628,12.9442],[77.3962,12.93922],[77.40036,12.93671],[77.4046,12.93919]]]},"properties":{"h3":"8860144317fffff","loss":null,"place":null}},{"type":"Feature","geometry":{"type":"Polygon","coordinates":[[[77.41277,12.92422],[77.41285,12.9292],[77.40869,12.93171],[77.40444,12.92923],[77.40436,12.92424],[77.40852,12.92174],[77.41277,12.92422]]]},"properties":{"h3":"8860144319fffff","loss":null,"place":null}},{"type":"Feature","geometry":{"type":"Polygon","coordinates":[[[77.40436,12.92424],[77.40444,12.92923],[77.40028,12.93173],[77.39604,12.92925],[77.39596,12.92427],[77.40012,12.92177],[77.40436,12.92424]]]},"properties":{"h3":"886014431bfffff","loss":null,"place":null}},{"type":"Feature","geometry":{"type":"Polygon","coordinates":[[[77.41709,12.93168],[77.41717,12.93666],[77.41301,12.93917],[77.40877,12.93669],[77.40869,12.93171],[77.41285,12.9292],[77.41709,12.93168]]]},"properties":{"h3":"886014431dfffff","loss":0.014,"place":null}},{"type":"Feature","geometry":{"type":"Polygon","coordinates":[[[77.43439,12.96153],[77.43448,12.96652],[77.43031,12.96902],[77.42607,12.96654],[77.42599,12.96156],[77.43015,12.95905],[77.43439,12.96153]]]},"properties":{"h3":"8860144321fffff","loss":0.032,"place":null}},{"type":"Feature","geometry":{"type":"Polygon","coordinates":[[[77.42599,12.96156],[77.42607,12.96654],[77.4219,12.96904],[77.41766,12.96656],[77.41758,12.96158],[77.42174,12.95908],[77.42599,12.96156]]]},"properties":{"h3":"8860144323fffff","loss":0.034,"place":null}},{"type":"Feature","geometry":{"type":"Polygon","coordinates":[[[77.43872,12.969],[77.4388,12.97398],[77.43464,12.97648],[77.43039,12.974],[77.43031,12.96902],[77.43448,12.96652],[77.43872,12.969]]]},"properties":{"h3":"8860144325fffff","loss":0.004,"place":null}},{"type":"Feature","geometry":{"type":"Polygon","coordinates":[[[77.43031,12.96902],[77.43039,12.974],[77.42623,12.97651],[77.42198,12.97403],[77.4219,12.96904],[77.42607,12.96654],[77.43031,12.96902]]]},"properties":{"h3":"8860144327fffff","loss":0.019,"place":null}},{"type":"Feature","geometry":{"type":"Polygon","coordinates":[[[77.43848,12.95405],[77.43856,12.95903],[77.43439,12.96153],[77.43015,12.95905],[77.43007,12.95407],[77.43423,12.95157],[77.43848,12.95405]]]},"properties":{"h3":"8860144329fffff","loss":null,"place":null}},{"type":"Feature","geometry":{"type":"Polygon","coordinates":[[[77.43007,12.95407],[77.43015,12.95905],[77.42599,12.96156],[77.42174,12.95908],[77.42166,12.95409],[77.42582,12.95159],[77.43007,12.95407]]]},"properties":{"h3":"886014432bfffff","loss":null,"place":null}},{"type":"Feature","geometry":{"type":"Polygon","coordinates":[[[77.4428,12.96151],[77.44289,12.96649],[77.43872,12.969],[77.43448,12.96652],[77.43439,12.96153],[77.43856,12.95903],[77.4428,12.96151]]]},"properties":{"h3":"886014432dfffff","loss":0.021,"place":null}},{"type":"Feature","geometry":{"type":"Polygon","coordinates":[[[77.41325,12.95412],[77.41333,12.9591],[77.40917,12.9616],[77.40493,12.95912],[77.40485,12.95414],[77.40901,12.95164],[77.41325,12.95412]]]},"properties":{"h3":"8860144331fffff","loss":null,"place":null}},{"type":"Feature","geometry":{"type":"Polygon","coordinates":[[[77.40485,12.95414],[77.40493,12.95912],[77.40076,12.96163],[77.39652,12.95915],[77.39644,12.95416],[77.4006,12.95166],[77.40485,12.95414]]]},"properties":{"h3":"8860144333fffff","loss":null,"place":null}},{"type":"Feature","geometry":{"type":"Polygon","coordinates":[[[77.41758,12.96158],[77.41766,12.96656],[77.41349,12.96907],[77.40925,12.96659],[77.40917,12.9616],[77.41333,12.9591],[77.41758,12.96158]]]},"properties":{"h3":"8860144335fffff","loss":null,"place":null}},{"type":"Feature","geometry":{"type":"Polygon","coordinates":[[[77.40917,12.9616],[77.40925,12.96659],[77.40509,12.96909],[77.40084,12.96661],[77.40076,12.96163],[77.40493,12.95912],[77.40917,12.9616]]]},"properties":{"h3":"8860144337fffff","loss":0.016,"place":null}},{"type":"Feature","geometry":{"type":"Polygon","coordinates":[[[77.41733,12.94663],[77.41742,12.95161],[77.41325,12.95412],[77.40901,12.95164],[77.40893,12.94666],[77.41309,12.94415],[77.41733,12.94663]]]},"properties":{"h3":"8860144339fffff","loss":null,"place":null}},{"type":"Feature","geometry":{"type":"Polygon","coordinates":[[[77.40893,12.94666],[77.40901,12.95164],[77.40485,12.95414],[77.4006,12.95166],[77.40052,12.94668],[77.40468,12.94418],[77.40893,12.94666]]]},"properties":{"h3":"886014433bfffff","loss":null,"place":null}},{"type":"Feature","geometry":{"type":"Polygon","coordinates":[[[77.42166,12.95409],[77.42174,12.95908],[77.41758,12.96158],[77.41333,12.9591],[77.41325,12.95412],[77.41742,12.95161],[77.42166,12.95409]]]},"properties":{"h3":"886014433dfffff","loss":null,"place":null}},{"type":"Feature","geometry":{"type":"Polygon","coordinates":[[[77.4464,12.92412],[77.44648,12.9291],[77.44232,12.93161],[77.43807,12.92913],[77.43799,12.92414],[77.44215,12.92164],[77.4464,12.92412]]]},"properties":{"h3":"8860144341fffff","loss":null,"place":null}},{"type":"Feature","geometry":{"type":"Polygon","coordinates":[[[77.43799,12.92414],[77.43807,12.92913],[77.43391,12.93163],[77.42966,12.92915],[77.42958,12.92417],[77.43375,12.92166],[77.43799,12.92414]]]},"properties":{"h3":"8860144343fffff","loss":null,"place":null}},{"type":"Feature","geometry":{"type":"Polygon","coordinates":[[[77.45073,12.93158],[77.45081,12.93656],[77.44664,12.93907],[77.4424,12.93659],[77.44232,12.93161],[77.44648,12.9291],[77.45073,12.93158]]]},"properties":{"h3":"8860144345fffff","loss":null,"place":null}},{"type":"Feature","geometry":{"type":"Polygon","coordinates":[[[77.44232,12.93161],[77.4424,12.93659],[77.43823,12.93909],[77.43399,12.93661],[77.43391,12.93163],[77.43807,12.92913],[77.44232,12.93161]]]},"properties":{"h3":"8860144347fffff","loss":null,"place":null}},{"type":"Feature","geometry":{"type":"Polygon","coordinates":[[[77.45048,12.91663],[77.45056,12.92161],[77.4464,12.92412],[77.44215,12.92164],[77.44207,12.91665],[77.44624,12.91415],[77.45048,12.91663]]]},"properties":{"h3":"8860144349fffff","loss":null,"place":null}},{"type":"Feature","geometry":{"type":"Polygon","coordinates":[[[77.44207,12.91665],[77.44215,12.92164],[77.43799,12.92414],[77.43375,12.92166],[77.43366,12.91668],[77.43783,12.91418],[77.44207,12.91665]]]},"properties":{"h3":"886014434bfffff","loss":null,"place":null}},{"type":"Feature","geometry":{"type":"Polygon","coordinates":[[[77.45481,12.92409],[77.45489,12.92907],[77.45073,12.93158],[77.44648,12.9291],[77.4464,12.92412],[77.45056,12.92161],[77.45481,12.92409]]]},"properties":{"h3":"886014434dfffff","loss":0.017,"place":null}},{"type":"Feature","geometry":{"type":"Polygon","coordinates":[[[77.42526,12.91671],[77.42534,12.92169],[77.42117,12.92419],[77.41693,12.92172],[77.41685,12.91673],[77.42101,12.91423],[77.42526,12.91671]]]},"properties":{"h3":"8860144351fffff","loss":null,"place":null}},{"type":"Feature","geometry":{"type":"Polygon","coordinates":[[[77.41685,12.91673],[77.41693,12.92172],[77.41277,12.92422],[77.40852,12.92174],[77.40844,12.91676],[77.41261,12.91425],[77.41685,12.91673]]]},"properties":{"h3":"8860144353fffff","loss":null,"place":null}},{"type":"Feature","geometry":{"type":"Polygon","coordinates":[[[77.42958,12.92417],[77.42966,12.92915],[77.4255,12.93166],[77.42126,12.92918],[77.42117,12.92419],[77.42534,12.92169],[77.42958,12.92417]]]},"properties":{"h3":"8860144355fffff","loss":0.015,"place":null}},{"type":"Feature","geometry":{"type":"Polygon","coordinates":[[[77.42117,12.92419],[77.42126,12.92918],[77.41709,12.93168],[77.41285,12.9292],[77.41277,12.92422],[77.41693,12.92172],[77.42117,12.92419]]]},"properties":{"h3":"8860144357fffff","loss":null,"place":null}},{"type":"Feature","geometry":{"type":"Polygon","coordinates":[[[77.42934,12.90922],[77.42942,12.9142],[77.42526,12.91671],[77.42101,12.91423],[77.42093,12.90924],[77.42509,12.90674],[77.42934,12.90922]]]},"properties":{"h3":"8860144359fffff","loss":null,"place":null}},{"type":"Feature","geometry":{"type":"Polygon","coordinates":[[[77.42093,12.90924],[77.42101,12.91423],[77.41685,12.91673],[77.41261,12.91425],[77.41253,12.90927],[77.41669,12.90677],[77.42093,12.90924]]]},"properties":{"h3":"886014435bfffff","loss":null,"place":null}},{"type":"Feature","geometry":{"type":"Polygon","coordinates":[[[77.43366,12.91668],[77.43375,12.92166],[77.42958,12.92417],[77.42534,12.92169],[77.42526,12.91671],[77.42942,12.9142],[77.43366,12.91668]]]},"properties":{"h3":"886014435dfffff","loss":null,"place":null}},{"type":"Feature","geometry":{"type":"Polygon","coordinates":[[[77.45097,12.94653],[77.45105,12.95152],[77.44689,12.95402],[77.44264,12.95154],[77.44256,12.94656],[77.44672,12.94405],[77.45097,12.94653]]]},"properties":{"h3":"8860144361fffff","loss":null,"place":null}},{"type":"Feature","geometry":{"type":"Polygon","coordinates":[[[77.44256,12.94656],[77.44264,12.95154],[77.43848,12.95405],[77.43423,12.95157],[77.43415,12.94658],[77.43831,12.94408],[77.44256,12.94656]]]},"properties":{"h3":"8860144363fffff","loss":null,"place":null}},{"type":"Feature","geometry":{"type":"Polygon","coordinates":[[[77.4553,12.954],[77.45538,12.95898],[77.45121,12.96148],[77.44697,12.959],[77.44689,12.95402],[77.45105,12.95152],[77.4553,12.954]]]},"properties":{"h3":"8860144365fffff","loss":0.024,"place":null}},{"type":"Feature","geometry":{"type":"Polygon","coordinates":[[[77.44689,12.95402],[77.44697,12.959],[77.4428,12.96151],[77.43856,12.95903],[77.43848,12.95405],[77.44264,12.95154],[77.44689,12.95402]]]},"properties":{"h3":"8860144367fffff","loss":null,"place":null}},{"type":"Feature","geometry":{"type":"Polygon","coordinates":[[[77.45505,12.93904],[77.45514,12.94403],[77.45097,12.94653],[77.44672,12.94405],[77.44664,12.93907],[77.45081,12.93656],[77.45505,12.93904]]]},"properties":{"h3":"8860144369fffff","loss":0.038,"place":null}},{"type":"Feature","geometry":{"type":"Polygon","coordinates":[[[77.44664,12.93907],[77.44672,12.94405],[77.44256,12.94656],[77.43831,12.94408],[77.43823,12.93909],[77.4424,12.93659],[77.44664,12.93907]]]},"properties":{"h3":"886014436bfffff","loss":null,"place":null}},{"type":"Feature","geometry":{"type":"Polygon","coordinates":[[[77.45938,12.94651],[77.45946,12.95149],[77.4553,12.954],[77.45105,12.95152],[77.45097,12.94653],[77.45514,12.94403],[77.45938,12.94651]]]},"properties":{"h3":"886014436dfffff","loss":0.013,"place":null}},{"type":"Feature","geometry":{"type":"Polygon","coordinates":[[[77.40702,13.08866],[77.40711,13.09364],[77.40294,13.09614],[77.3987,13.09366],[77.39861,13.08868],[77.40278,13.08618],[77.40702,13.08866]]]},"properties":{"h3":"8860144809fffff","loss":0.021,"place":null}},{"type":"Feature","geometry":{"type":"Polygon","coordinates":[[[77.41135,13.09613],[77.41143,13.10111],[77.40727,13.10361],[77.40302,13.10112],[77.40294,13.09614],[77.40711,13.09364],[77.41135,13.09613]]]},"properties":{"h3":"886014480dfffff","loss":0.022,"place":null}},{"type":"Feature","geometry":{"type":"Polygon","coordinates":[[[77.41952,13.08116],[77.4196,13.08614],[77.41543,13.08864],[77.41119,13.08616],[77.41111,13.08118],[77.41527,13.07868],[77.41952,13.08116]]]},"properties":{"h3":"8860144841fffff","loss":0.011,"place":null}},{"type":"Feature","geometry":{"type":"Polygon","coordinates":[[[77.41111,13.08118],[77.41119,13.08616],[77.40702,13.08866],[77.40278,13.08618],[77.4027,13.0812],[77.40686,13.0787],[77.41111,13.08118]]]},"properties":{"h3":"8860144843fffff","loss":0.007,"place":null}},{"type":"Feature","geometry":{"type":"Polygon","coordinates":[[[77.42385,13.08863],[77.42393,13.09361],[77.41976,13.09611],[77.41552,13.09363],[77.41543,13.08864],[77.4196,13.08614],[77.42385,13.08863]]]},"properties":{"h3":"8860144845fffff","loss":0.017,"place":null}},{"type":"Feature","geometry":{"type":"Polygon","coordinates":[[[77.41543,13.08864],[77.41552,13.09363],[77.41135,13.09613],[77.40711,13.09364],[77.40702,13.08866],[77.41119,13.08616],[77.41543,13.08864]]]},"properties":{"h3":"8860144847fffff","loss":0.012,"place":null}},{"type":"Feature","geometry":{"type":"Polygon","coordinates":[[[77.4236,13.07368],[77.42368,13.07866],[77.41952,13.08116],[77.41527,13.07868],[77.41519,13.0737],[77.41936,13.0712],[77.4236,13.07368]]]},"properties":{"h3":"8860144849fffff","loss":0.008,"place":null}},{"type":"Feature","geometry":{"type":"Polygon","coordinates":[[[77.41519,13.0737],[77.41527,13.07868],[77.41111,13.08118],[77.40686,13.0787],[77.40678,13.07372],[77.41095,13.07122],[77.41519,13.0737]]]},"properties":{"h3":"886014484bfffff","loss":0.002,"place":null}},{"type":"Feature","geometry":{"type":"Polygon","coordinates":[[[77.42793,13.08114],[77.42801,13.08613],[77.42385,13.08863],[77.4196,13.08614],[77.41952,13.08116],[77.42368,13.07866],[77.42793,13.08114]]]},"properties":{"h3":"886014484dfffff","loss":0.006,"place":null}},{"type":"Feature","geometry":{"type":"Polygon","coordinates":[[[77.39837,13.07373],[77.39845,13.07872],[77.39429,13.08121],[77.39004,13.07873],[77.38996,13.07375],[77.39413,13.07125],[77.39837,13.07373]]]},"properties":{"h3":"8860144851fffff","loss":0.035,"place":null}},{"type":"Feature","geometry":{"type":"Polygon","coordinates":[[[77.4027,13.0812],[77.40278,13.08618],[77.39861,13.08868],[77.39437,13.0862],[77.39429,13.08121],[77.39845,13.07872],[77.4027,13.0812]]]},"properties":{"h3":"8860144855fffff","loss":0.014,"place":null}},{"type":"Feature","geometry":{"type":"Polygon","coordinates":[[[77.40246,13.06625],[77.40254,13.07123],[77.39837,13.07373],[77.39413,13.07125],[77.39405,13.06627],[77.39821,13.06377],[77.40246,13.06625]]]},"properties":{"h3":"8860144859fffff","loss":null,"place":null}},{"type":"Feature","geometry":{"type":"Polygon","coordinates":[[[77.40678,13.07372],[77.40686,13.0787],[77.4027,13.0812],[77.39845,13.07872],[77.39837,13.07373],[77.40254,13.07123],[77.40678,13.07372]]]},"properties":{"h3":"886014485dfffff","loss":null,"place":null}},{"type":"Feature","geometry":{"type":"Polygon","coordinates":[[[77.42409,13.10357],[77.42417,13.10856],[77.42,13.11105],[77.41576,13.10857],[77.41568,13.10359],[77.41984,13.10109],[77.42409,13.10357]]]},"properties":{"h3":"8860144861fffff","loss":0.002,"place":null}},{"type":"Feature","geometry":{"type":"Polygon","coordinates":[[[77.41568,13.10359],[77.41576,13.10857],[77.41159,13.11107],[77.40735,13.10859],[77.40727,13.10361],[77.41143,13.10111],[77.41568,13.10359]]]},"properties":{"h3":"8860144863fffff","loss":0.015,"place":null}},{"type":"Feature","geometry":{"type":"Polygon","coordinates":[[[77.42842,13.11104],[77.4285,13.11602],[77.42433,13.11852],[77.42009,13.11604],[77.42,13.11105],[77.42417,13.10856],[77.42842,13.11104]]]},"properties":{"h3":"8860144865fffff","loss":0.01,"place":null}},{"type":"Feature","geometry":{"type":"Polygon","coordinates":[[[77.42,13.11105],[77.42009,13.11604],[77.41592,13.11854],[77.41167,13.11605],[77.41159,13.11107],[77.41576,13.10857],[77.42,13.11105]]]},"properties":{"h3":"8860144867fffff","loss":null,"place":null}},{"type":"Feature","geometry":{"type":"Polygon","coordinates":[[[77.42817,13.09609],[77.42825,13.10107],[77.42409,13.10357],[77.41984,13.10109],[77.41976,13.09611],[77.42393,13.09361],[77.42817,13.09609]]]},"properties":{"h3":"8860144869fffff","loss":null,"place":null}},{"type":"Feature","geometry":{"type":"Polygon","coordinates":[[[77.41976,13.09611],[77.41984,13.10109],[77.41568,13.10359],[77.41143,13.10111],[77.41135,13.09613],[77.41552,13.09363],[77.41976,13.09611]]]},"properties":{"h3":"886014486bfffff","loss":null,"place":null}},{"type":"Feature","geometry":{"type":"Polygon","coordinates":[[[77.4325,13.10356],[77.43258,13.10854],[77.42842,13.11104],[77.42417,13.10856],[77.42409,13.10357],[77.42825,13.10107],[77.4325,13.10356]]]},"properties":{"h3":"886014486dfffff","loss":null,"place":null}},{"type":"Feature","geometry":{"type":"Polygon","coordinates":[[[77.44982,13.13342],[77.4499,13.1384],[77.44573,13.1409],[77.44148,13.13842],[77.4414,13.13343],[77.44557,13.13093],[77.44982,13.13342]]]},"properties":{"h3":"8860144941fffff","loss":null,"place":null}},{"type":"Feature","geometry":{"type":"Polygon","coordinates":[[[77.4414,13.13343],[77.44148,13.13842],[77.43732,13.14092],[77.43307,13.13843],[77.43299,13.13345],[77.43716,13.13095],[77.4414,13.13343]]]},"properties":{"h3":"8860144943fffff","loss":null,"place":null}},{"type":"Feature","geometry":{"type":"Polygon","coordinates":[[[77.45415,13.14088],[77.45423,13.14587],[77.45006,13.14837],[77.44581,13.14588],[77.44573,13.1409],[77.4499,13.1384],[77.45415,13.14088]]]},"properties":{"h3":"8860144945fffff","loss":null,"place":null}},{"type":"Feature","geometry":{"type":"Polygon","coordinates":[[[77.44573,13.1409],[77.44581,13.14588],[77.44165,13.14838],[77.4374,13.1459],[77.43732,13.14092],[77.44148,13.13842],[77.44573,13.1409]]]},"properties":{"h3":"8860144947fffff","loss":null,"place":null}},{"type":"Feature","geometry":{"type":"Polygon","coordinates":[[[77.4539,13.12594],[77.45399,13.13092],[77.44982,13.13342],[77.44557,13.13093],[77.44549,13.12595],[77.44966,13.12345],[77.4539,13.12594]]]},"properties":{"h3":"8860144949fffff","loss":null,"place":null}},{"type":"Feature","geometry":{"type":"Polygon","coordinates":[[[77.44549,13.12595],[77.44557,13.13093],[77.4414,13.13343],[77.43716,13.13095],[77.43707,13.12597],[77.44124,13.12347],[77.44549,13.12595]]]},"properties":{"h3":"886014494bfffff","loss":null,"place":null}},{"type":"Feature","geometry":{"type":"Polygon","coordinates":[[[77.45823,13.1334],[77.45832,13.13838],[77.45415,13.14088],[77.4499,13.1384],[77.44982,13.13342],[77.45399,13.13092],[77.45823,13.1334]]]},"properties":{"h3":"886014494dfffff","loss":null,"place":null}},{"type":"Feature","geometry":{"type":"Polygon","coordinates":[[[77.42866,13.12598],[77.42874,13.13097],[77.42458,13.13347],[77.42033,13.13098],[77.42025,13.126],[77.42441,13.1235],[77.42866,13.12598]]]},"properties":{"h3":"8860144951fffff","loss":0.055,"place":null}},{"type":"Feature","geometry":{"type":"Polygon","coordinates":[[[77.43299,13.13345],[77.43307,13.13843],[77.4289,13.14093],[77.42466,13.13845],[77.42458,13.13347],[77.42874,13.13097],[77.43299,13.13345]]]},"properties":{"h3":"8860144955fffff","loss":0.029,"place":null}},{"type":"Feature","geometry":{"type":"Polygon","coordinates":[[[77.43275,13.1185],[77.43283,13.12349],[77.42866,13.12598],[77.42441,13.1235],[77.42433,13.11852],[77.4285,13.11602],[77.43275,13.1185]]]},"properties":{"h3":"8860144959fffff","loss":null,"place":null}},{"type":"Feature","geometry":{"type":"Polygon","coordinates":[[[77.42433,13.11852],[77.42441,13.1235],[77.42025,13.126],[77.416,13.12352],[77.41592,13.11854],[77.42009,13.11604],[77.42433,13.11852]]]},"properties":{"h3":"886014495bfffff","loss":null,"place":null}},{"type":"Feature","geometry":{"type":"Polygon","coordinates":[[[77.43707,13.12597],[77.43716,13.13095],[77.43299,13.13345],[77.42874,13.13097],[77.42866,13.12598],[77.43283,13.12349],[77.43707,13.12597]]]},"properties":{"h3":"886014495dfffff","loss":null,"place":null}},{"type":"Feature","geometry":{"type":"Polygon","coordinates":[[[77.45848,13.14835],[77.45856,13.15333],[77.45439,13.15583],[77.45014,13.15335],[77.45006,13.14837],[77.45423,13.14587],[77.45848,13.14835]]]},"properties":{"h3":"8860144969fffff","loss":null,"place":null}},{"type":"Feature","geometry":{"type":"Polygon","coordinates":[[[77.45006,13.14837],[77.45014,13.15335],[77.44598,13.15585],[77.44173,13.15336],[77.44165,13.14838],[77.44581,13.14588],[77.45006,13.14837]]]},"properties":{"h3":"886014496bfffff","loss":null,"place":null}},{"type":"Feature","geometry":{"type":"Polygon","coordinates":[[[77.43153,13.04377],[77.43161,13.04875],[77.42744,13.05125],[77.4232,13.04877],[77.42312,13.04379],[77.42728,13.04128],[77.43153,13.04377]]]},"properties":{"h3":"8860144a01fffff","loss":null,"place":null}},{"type":"Feature","geometry":{"type":"Polygon","coordinates":[[[77.42312,13.04379],[77.4232,13.04877],[77.41903,13.05127],[77.41479,13.04879],[77.41471,13.0438],[77.41887,13.0413],[77.42312,13.04379]]]},"properties":{"h3":"8860144a03fffff","loss":null,"place":null}},{"type":"Feature","geometry":{"type":"Polygon","coordinates":[[[77.43586,13.05123],[77.43594,13.05621],[77.43177,13.05871],[77.42753,13.05623],[77.42744,13.05125],[77.43161,13.04875],[77.43586,13.05123]]]},"properties":{"h3":"8860144a05fffff","loss":null,"place":null}},{"type":"Feature","geometry":{"type":"Polygon","coordinates":[[[77.42744,13.05125],[77.42753,13.05623],[77.42336,13.05873],[77.41911,13.05625],[77.41903,13.05127],[77.4232,13.04877],[77.42744,13.05125]]]},"properties":{"h3":"8860144a07fffff","loss":null,"place":null}},{"type":"Feature","geometry":{"type":"Polygon","coordinates":[[[77.43561,13.03628],[77.43569,13.04126],[77.43153,13.04377],[77.42728,13.04128],[77.4272,13.0363],[77.43137,13.0338],[77.43561,13.03628]]]},"properties":{"h3":"8860144a09fffff","loss":null,"place":null}},{"type":"Feature","geometry":{"type":"Polygon","coordinates":[[[77.4272,13.0363],[77.42728,13.04128],[77.42312,13.04379],[77.41887,13.0413],[77.41879,13.03632],[77.42296,13.03382],[77.4272,13.0363]]]},"properties":{"h3":"8860144a0bfffff","loss":null,"place":null}},{"type":"Feature","geometry":{"type":"Polygon","coordinates":[[[77.43994,13.04375],[77.44002,13.04873],[77.43586,13.05123],[77.43161,13.04875],[77.43153,13.04377],[77.43569,13.04126],[77.43994,13.04375]]]},"properties":{"h3":"8860144a0dfffff","loss":null,"place":null}},{"type":"Feature","geometry":{"type":"Polygon","coordinates":[[[77.41038,13.03634],[77.41046,13.04132],[77.4063,13.04382],[77.40205,13.04134],[77.40197,13.03636],[77.40614,13.03386],[77.41038,13.03634]]]},"properties":{"h3":"8860144a11fffff","loss":null,"place":null}},{"type":"Feature","geometry":{"type":"Polygon","coordinates":[[[77.40197,13.03636],[77.40205,13.04134],[77.39789,13.04384],[77.39365,13.04136],[77.39356,13.03638],[77.39773,13.03388],[77.40197,13.03636]]]},"properties":{"h3":"8860144a13fffff","loss":null,"place":null}},{"type":"Feature","geometry":{"type":"Polygon","coordinates":[[[77.41471,13.0438],[77.41479,13.04879],[77.41062,13.05129],[77.40638,13.04881],[77.4063,13.04382],[77.41046,13.04132],[77.41471,13.0438]]]},"properties":{"h3":"8860144a15fffff","loss":null,"place":null}},{"type":"Feature","geometry":{"type":"Polygon","coordinates":[[[77.4063,13.04382],[77.40638,13.04881],[77.40221,13.05131],[77.39797,13.04883],[77.39789,13.04384],[77.40205,13.04134],[77.4063,13.04382]]]},"properties":{"h3":"8860144a17fffff","loss":null,"place":null}},{"type":"Feature","geometry":{"type":"Polygon","coordinates":[[[77.41446,13.02886],[77.41455,13.03384],[77.41038,13.03634],[77.40614,13.03386],[77.40606,13.02888],[77.41022,13.02638],[77.41446,13.02886]]]},"properties":{"h3":"8860144a19fffff","loss":null,"place":null}},{"type":"Feature","geometry":{"type":"Polygon","coordinates":[[[77.40606,13.02888],[77.40614,13.03386],[77.40197,13.03636],[77.39773,13.03388],[77.39765,13.0289],[77.40181,13.0264],[77.40606,13.02888]]]},"properties":{"h3":"8860144a1bfffff","loss":null,"place":null}},{"type":"Feature","geometry":{"type":"Polygon","coordinates":[[[77.41879,13.03632],[77.41887,13.0413],[77.41471,13.0438],[77.41046,13.04132],[77.41038,13.03634],[77.41455,13.03384],[77.41879,13.03632]]]},"properties":{"h3":"8860144a1dfffff","loss":null,"place":null}},{"type":"Feature","geometry":{"type":"Polygon","coordinates":[[[77.4361,13.06618],[77.43618,13.07116],[77.43202,13.07366],[77.42777,13.07118],[77.42769,13.0662],[77.43185,13.0637],[77.4361,13.06618]]]},"properties":{"h3":"8860144a21fffff","loss":0.016,"place":null}},{"type":"Feature","geometry":{"type":"Polygon","coordinates":[[[77.42769,13.0662],[77.42777,13.07118],[77.4236,13.07368],[77.41936,13.0712],[77.41928,13.06622],[77.42344,13.06372],[77.42769,13.0662]]]},"properties":{"h3":"8860144a23fffff","loss":null,"place":null}},{"type":"Feature","geometry":{"type":"Polygon","coordinates":[[[77.44043,13.07364],[77.44051,13.07863],[77.43634,13.08113],[77.4321,13.07864],[77.43202,13.07366],[77.43618,13.07116],[77.44043,13.07364]]]},"properties":{"h3":"8860144a25fffff","loss":0.004,"place":null}},{"type":"Feature","geometry":{"type":"Polygon","coordinates":[[[77.43202,13.07366],[77.4321,13.07864],[77.42793,13.08114],[77.42368,13.07866],[77.4236,13.07368],[77.42777,13.07118],[77.43202,13.07366]]]},"properties":{"h3":"8860144a27fffff","loss":0.014,"place":null}},{"type":"Feature","geometry":{"type":"Polygon","coordinates":[[[77.44018,13.05869],[77.44027,13.06368],[77.4361,13.06618],[77.43185,13.0637],[77.43177,13.05871],[77.43594,13.05621],[77.44018,13.05869]]]},"properties":{"h3":"8860144a29fffff","loss":0.002,"place":null}},{"type":"Feature","geometry":{"type":"Polygon","coordinates":[[[77.43177,13.05871],[77.43185,13.0637],[77.42769,13.0662],[77.42344,13.06372],[77.42336,13.05873],[77.42753,13.05623],[77.43177,13.05871]]]},"properties":{"h3":"8860144a2bfffff","loss":null,"place":null}},{"type":"Feature","geometry":{"type":"Polygon","coordinates":[[[77.44451,13.06616],[77.44459,13.07114],[77.44043,13.07364],[77.43618,13.07116],[77.4361,13.06618],[77.44027,13.06368],[77.44451,13.06616]]]},"properties":{"h3":"8860144a2dfffff","loss":0.005,"place":null}},{"type":"Feature","geometry":{"type":"Polygon","coordinates":[[[77.41495,13.05875],[77.41503,13.06373],[77.41087,13.06623],[77.40662,13.06375],[77.40654,13.05877],[77.4107,13.05627],[77.41495,13.05875]]]},"properties":{"h3":"8860144a31fffff","loss":null,"place":null}},{"type":"Feature","geometry":{"type":"Polygon","coordinates":[[[77.40654,13.05877],[77.40662,13.06375],[77.40246,13.06625],[77.39821,13.06377],[77.39813,13.05879],[77.4023,13.05629],[77.40654,13.05877]]]},"properties":{"h3":"8860144a33fffff","loss":null,"place":null}},{"type":"Feature","geometry":{"type":"Polygon","coordinates":[[[77.41928,13.06622],[77.41936,13.0712],[77.41519,13.0737],[77.41095,13.07122],[77.41087,13.06623],[77.41503,13.06373],[77.41928,13.06622]]]},"properties":{"h3":"8860144a35fffff","loss":null,"place":null}},{"type":"Feature","geometry":{"type":"Polygon","coordinates":[[[77.41087,13.06623],[77.41095,13.07122],[77.40678,13.07372],[77.40254,13.07123],[77.40246,13.06625],[77.40662,13.06375],[77.41087,13.06623]]]},"properties":{"h3":"8860144a37fffff","loss":null,"place":null}},{"type":"Feature","geometry":{"type":"Polygon","coordinates":[[[77.41903,13.05127],[77.41911,13.05625],[77.41495,13.05875],[77.4107,13.05627],[77.41062,13.05129],[77.41479,13.04879],[77.41903,13.05127]]]},"properties":{"h3":"8860144a39fffff","loss":null,"place":null}},{"type":"Feature","geometry":{"type":"Polygon","coordinates":[[[77.41062,13.05129],[77.4107,13.05627],[77.40654,13.05877],[77.4023,13.05629],[77.40221,13.05131],[77.40638,13.04881],[77.41062,13.05129]]]},"properties":{"h3":"8860144a3bfffff","loss":null,"place":null}},{"type":"Feature","geometry":{"type":"Polygon","coordinates":[[[77.42336,13.05873],[77.42344,13.06372],[77.41928,13.06622],[77.41503,13.06373],[77.41495,13.05875],[77.41911,13.05625],[77.42336,13.05873]]]},"properties":{"h3":"8860144a3dfffff","loss":null,"place":null}},{"type":"Feature","geometry":{"type":"Polygon","coordinates":[[[77.44811,13.02877],[77.44819,13.03376],[77.44402,13.03626],[77.43978,13.03378],[77.4397,13.0288],[77.44386,13.02629],[77.44811,13.02877]]]},"properties":{"h3":"8860144a41fffff","loss":null,"place":null}},{"type":"Feature","geometry":{"type":"Polygon","coordinates":[[[77.4397,13.0288],[77.43978,13.03378],[77.43561,13.03628],[77.43137,13.0338],[77.43128,13.02882],[77.43545,13.02632],[77.4397,13.0288]]]},"properties":{"h3":"8860144a43fffff","loss":null,"place":null}},{"type":"Feature","geometry":{"type":"Polygon","coordinates":[[[77.45244,13.03624],[77.45252,13.04122],[77.44835,13.04372],[77.44411,13.04124],[77.44402,13.03626],[77.44819,13.03376],[77.45244,13.03624]]]},"properties":{"h3":"8860144a45fffff","loss":null,"place":null}},{"type":"Feature","geometry":{"type":"Polygon","coordinates":[[[77.44402,13.03626],[77.44411,13.04124],[77.43994,13.04375],[77.43569,13.04126],[77.43561,13.03628],[77.43978,13.03378],[77.44402,13.03626]]]},"properties":{"h3":"8860144a47fffff","loss":null,"place":null}},{"type":"Feature","geometry":{"type":"Polygon","coordinates":[[[77.45219,13.02129],[77.45227,13.02627],[77.44811,13.02877],[77.44386,13.02629],[77.44378,13.02131],[77.44795,13.01881],[77.45219,13.02129]]]},"properties":{"h3":"8860144a49fffff","loss":null,"place":null}},{"type":"Feature","geometry":{"type":"Polygon","coordinates":[[[77.44378,13.02131],[77.44386,13.02629],[77.4397,13.0288],[77.43545,13.02632],[77.43537,13.02133],[77.43953,13.01883],[77.44378,13.02131]]]},"properties":{"h3":"8860144a4bfffff","loss":null,"place":null}},{"type":"Feature","geometry":{"type":"Polygon","coordinates":[[[77.45652,13.02875],[77.4566,13.03374],[77.45244,13.03624],[77.44819,13.03376],[77.44811,13.02877],[77.45227,13.02627],[77.45652,13.02875]]]},"properties":{"h3":"8860144a4dfffff","loss":null,"place":null}},{"type":"Feature","geometry":{"type":"Polygon","coordinates":[[[77.42696,13.02135],[77.42704,13.02634],[77.42287,13.02884],[77.41863,13.02636],[77.41855,13.02137],[77.42271,13.01887],[77.42696,13.02135]]]},"properties":{"h3":"8860144a51fffff","loss":null,"place":null}},{"type":"Feature","geometry":{"type":"Polygon","coordinates":[[[77.41855,13.02137],[77.41863,13.02636],[77.41446,13.02886],[77.41022,13.02638],[77.41014,13.02139],[77.4143,13.01889],[77.41855,13.02137]]]},"properties":{"h3":"8860144a53fffff","loss":null,"place":null}},{"type":"Feature","geometry":{"type":"Polygon","coordinates":[[[77.43128,13.02882],[77.43137,13.0338],[77.4272,13.0363],[77.42296,13.03382],[77.42287,13.02884],[77.42704,13.02634],[77.43128,13.02882]]]},"properties":{"h3":"8860144a55fffff","loss":null,"place":null}},{"type":"Feature","geometry":{"type":"Polygon","coordinates":[[[77.42287,13.02884],[77.42296,13.03382],[77.41879,13.03632],[77.41455,13.03384],[77.41446,13.02886],[77.41863,13.02636],[77.42287,13.02884]]]},"properties":{"h3":"8860144a57fffff","loss":null,"place":null}},{"type":"Feature","geometry":{"type":"Polygon","coordinates":[[[77.43104,13.01387],[77.43112,13.01885],[77.42696,13.02135],[77.42271,13.01887],[77.42263,13.01389],[77.4268,13.01139],[77.43104,13.01387]]]},"properties":{"h3":"8860144a59fffff","loss":null,"place":null}},{"type":"Feature","geometry":{"type":"Polygon","coordinates":[[[77.42263,13.01389],[77.42271,13.01887],[77.41855,13.02137],[77.4143,13.01889],[77.41422,13.01391],[77.41839,13.01141],[77.42263,13.01389]]]},"properties":{"h3":"8860144a5bfffff","loss":null,"place":null}},{"type":"Feature","geometry":{"type":"Polygon","coordinates":[[[77.43537,13.02133],[77.43545,13.02632],[77.43128,13.02882],[77.42704,13.02634],[77.42696,13.02135],[77.43112,13.01885],[77.43537,13.02133]]]},"properties":{"h3":"8860144a5dfffff","loss":null,"place":null}},{"type":"Feature","geometry":{"type":"Polygon","coordinates":[[[77.45268,13.05119],[77.45276,13.05617],[77.4486,13.05867],[77.44435,13.05619],[77.44427,13.05121],[77.44843,13.04871],[77.45268,13.05119]]]},"properties":{"h3":"8860144a61fffff","loss":null,"place":null}},{"type":"Feature","geometry":{"type":"Polygon","coordinates":[[[77.44427,13.05121],[77.44435,13.05619],[77.44018,13.05869],[77.43594,13.05621],[77.43586,13.05123],[77.44002,13.04873],[77.44427,13.05121]]]},"properties":{"h3":"8860144a63fffff","loss":0.01,"place":null}},{"type":"Feature","geometry":{"type":"Polygon","coordinates":[[[77.45701,13.05865],[77.45709,13.06364],[77.45293,13.06614],[77.44868,13.06366],[77.4486,13.05867],[77.45276,13.05617],[77.45701,13.05865]]]},"properties":{"h3":"8860144a65fffff","loss":0.005,"place":null}},{"type":"Feature","geometry":{"type":"Polygon","coordinates":[[[77.4486,13.05867],[77.44868,13.06366],[77.44451,13.06616],[77.44027,13.06368],[77.44018,13.05869],[77.44435,13.05619],[77.4486,13.05867]]]},"properties":{"h3":"8860144a67fffff","loss":0.023,"place":null}},{"type":"Feature","geometry":{"type":"Polygon","coordinates":[[[77.45677,13.0437],[77.45685,13.04869],[77.45268,13.05119],[77.44843,13.04871],[77.44835,13.04372],[77.45252,13.04122],[77.45677,13.0437]]]},"properties":{"h3":"8860144a69fffff","loss":null,"place":null}},{"type":"Feature","geometry":{"type":"Polygon","coordinates":[[[77.44835,13.04372],[77.44843,13.04871],[77.44427,13.05121],[77.44002,13.04873],[77.43994,13.04375],[77.44411,13.04124],[77.44835,13.04372]]]},"properties":{"h3":"8860144a6bfffff","loss":0.014,"place":null}},{"type":"Feature","geometry":{"type":"Polygon","coordinates":[[[77.4611,13.05117],[77.46118,13.05615],[77.45701,13.05865],[77.45276,13.05617],[77.45268,13.05119],[77.45685,13.04869],[77.4611,13.05117]]]},"properties":{"h3":"8860144a6dfffff","loss":0.02,"place":null}},{"type":"Feature","geometry":{"type":"Polygon","coordinates":[[[77.38924,13.02892],[77.38932,13.0339],[77.38516,13.0364],[77.38091,13.03392],[77.38083,13.02894],[77.385,13.02644],[77.38924,13.02892]]]},"properties":{"h3":"8860144ac1fffff","loss":0.018,"place":null}},{"type":"Feature","geometry":{"type":"Polygon","coordinates":[[[77.39356,13.03638],[77.39365,13.04136],[77.38948,13.04386],[77.38524,13.04138],[77.38516,13.0364],[77.38932,13.0339],[77.39356,13.03638]]]},"properties":{"h3":"8860144ac5fffff","loss":null,"place":null}},{"type":"Feature","geometry":{"type":"Polygon","coordinates":[[[77.39332,13.02143],[77.3934,13.02642],[77.38924,13.02892],[77.385,13.02644],[77.38492,13.02145],[77.38908,13.01895],[77.39332,13.02143]]]},"properties":{"h3":"8860144ac9fffff","loss":null,"place":null}},{"type":"Feature","geometry":{"type":"Polygon","coordinates":[[[77.39765,13.0289],[77.39773,13.03388],[77.39356,13.03638],[77.38932,13.0339],[77.38924,13.02892],[77.3934,13.02642],[77.39765,13.0289]]]},"properties":{"h3":"8860144acdfffff","loss":0.009,"place":null}},{"type":"Feature","geometry":{"type":"Polygon","coordinates":[[[77.39381,13.05133],[77.39389,13.05631],[77.38972,13.05881],[77.38548,13.05633],[77.3854,13.05134],[77.38956,13.04884],[77.39381,13.05133]]]},"properties":{"h3":"8860144ae1fffff","loss":0.091,"place":null}},{"type":"Feature","geometry":{"type":"Polygon","coordinates":[[[77.39813,13.05879],[77.39821,13.06377],[77.39405,13.06627],[77.3898,13.06379],[77.38972,13.05881],[77.39389,13.05631],[77.39813,13.05879]]]},"properties":{"h3":"8860144ae5fffff","loss":0.002,"place":null}},{"type":"Feature","geometry":{"type":"Polygon","coordinates":[[[77.39789,13.04384],[77.39797,13.04883],[77.39381,13.05133],[77.38956,13.04884],[77.38948,13.04386],[77.39365,13.04136],[77.39789,13.04384]]]},"properties":{"h3":"8860144ae9fffff","loss":null,"place":null}},{"type":"Feature","geometry":{"type":"Polygon","coordinates":[[[77.40221,13.05131],[77.4023,13.05629],[77.39813,13.05879],[77.39389,13.05631],[77.39381,13.05133],[77.39797,13.04883],[77.40221,13.05131]]]},"properties":{"h3":"8860144aedfffff","loss":null,"place":null}},{"type":"Feature","geometry":{"type":"Polygon","coordinates":[[[77.46183,13.09602],[77.46191,13.101],[77.45774,13.1035],[77.4535,13.10102],[77.45341,13.09604],[77.45758,13.09354],[77.46183,13.09602]]]},"properties":{"h3":"8860144b01fffff","loss":null,"place":null}},{"type":"Feature","geometry":{"type":"Polygon","coordinates":[[[77.45341,13.09604],[77.4535,13.10102],[77.44933,13.10352],[77.44508,13.10104],[77.445,13.09606],[77.44917,13.09356],[77.45341,13.09604]]]},"properties":{"h3":"8860144b03fffff","loss":null,"place":null}},{"type":"Feature","geometry":{"type":"Polygon","coordinates":[[[77.46616,13.10349],[77.46624,13.10847],[77.46207,13.11097],[77.45783,13.10849],[77.45774,13.1035],[77.46191,13.101],[77.46616,13.10349]]]},"properties":{"h3":"8860144b05fffff","loss":null,"place":null}},{"type":"Feature","geometry":{"type":"Polygon","coordinates":[[[77.45774,13.1035],[77.45783,13.10849],[77.45366,13.11099],[77.44941,13.1085],[77.44933,13.10352],[77.4535,13.10102],[77.45774,13.1035]]]},"properties":{"h3":"8860144b07fffff","loss":null,"place":null}},{"type":"Feature","geometry":{"type":"Polygon","coordinates":[[[77.46592,13.08854],[77.466,13.09352],[77.46183,13.09602],[77.45758,13.09354],[77.4575,13.08855],[77.46167,13.08605],[77.46592,13.08854]]]},"properties":{"h3":"8860144b09fffff","loss":0.008,"place":null}},{"type":"Feature","geometry":{"type":"Polygon","coordinates":[[[77.4575,13.08855],[77.45758,13.09354],[77.45341,13.09604],[77.44917,13.09356],[77.44909,13.08857],[77.45325,13.08607],[77.4575,13.08855]]]},"properties":{"h3":"8860144b0bfffff","loss":null,"place":null}},{"type":"Feature","geometry":{"type":"Polygon","coordinates":[[[77.47025,13.096],[77.47033,13.10098],[77.46616,13.10349],[77.46191,13.101],[77.46183,13.09602],[77.466,13.09352],[77.47025,13.096]]]},"properties":{"h3":"8860144b0dfffff","loss":null,"place":null}},{"type":"Feature","geometry":{"type":"Polygon","coordinates":[[[77.44067,13.08859],[77.44075,13.09357],[77.43659,13.09607],[77.43234,13.09359],[77.43226,13.08861],[77.43642,13.08611],[77.44067,13.08859]]]},"properties":{"h3":"8860144b11fffff","loss":null,"place":null}},{"type":"Feature","geometry":{"type":"Polygon","coordinates":[[[77.43226,13.08861],[77.43234,13.09359],[77.42817,13.09609],[77.42393,13.09361],[77.42385,13.08863],[77.42801,13.08613],[77.43226,13.08861]]]},"properties":{"h3":"8860144b13fffff","loss":0.003,"place":null}},{"type":"Feature","geometry":{"type":"Polygon","coordinates":[[[77.445,13.09606],[77.44508,13.10104],[77.44092,13.10354],[77.43667,13.10106],[77.43659,13.09607],[77.44075,13.09357],[77.445,13.09606]]]},"properties":{"h3":"8860144b15fffff","loss":null,"place":null}},{"type":"Feature","geometry":{"type":"Polygon","coordinates":[[[77.43659,13.09607],[77.43667,13.10106],[77.4325,13.10356],[77.42825,13.10107],[77.42817,13.09609],[77.43234,13.09359],[77.43659,13.09607]]]},"properties":{"h3":"8860144b17fffff","loss":null,"place":null}},{"type":"Feature","geometry":{"type":"Polygon","coordinates":[[[77.44476,13.08111],[77.44484,13.08609],[77.44067,13.08859],[77.43642,13.08611],[77.43634,13.08113],[77.44051,13.07863],[77.44476,13.08111]]]},"properties":{"h3":"8860144b19fffff","loss":null,"place":null}},{"type":"Feature","geometry":{"type":"Polygon","coordinates":[[[77.43634,13.08113],[77.43642,13.08611],[77.43226,13.08861],[77.42801,13.08613],[77.42793,13.08114],[77.4321,13.07864],[77.43634,13.08113]]]},"properties":{"h3":"8860144b1bfffff","loss":null,"place":null}},{"type":"Feature","geometry":{"type":"Polygon","coordinates":[[[77.44909,13.08857],[77.44917,13.09356],[77.445,13.09606],[77.44075,13.09357],[77.44067,13.08859],[77.44484,13.08609],[77.44909,13.08857]]]},"properties":{"h3":"8860144b1dfffff","loss":0.018,"place":null}},{"type":"Feature","geometry":{"type":"Polygon","coordinates":[[[77.46641,13.11844],[77.46649,13.12342],[77.46232,13.12592],[77.45807,13.12344],[77.45799,13.11845],[77.46216,13.11595],[77.46641,13.11844]]]},"properties":{"h3":"8860144b21fffff","loss":null,"place":null}},{"type":"Feature","geometry":{"type":"Polygon","coordinates":[[[77.45799,13.11845],[77.45807,13.12344],[77.4539,13.12594],[77.44966,13.12345],[77.44957,13.11847],[77.45374,13.11597],[77.45799,13.11845]]]},"properties":{"h3":"8860144b23fffff","loss":null,"place":null}},{"type":"Feature","geometry":{"type":"Polygon","coordinates":[[[77.47074,13.1259],[77.47082,13.13088],[77.46665,13.13338],[77.4624,13.1309],[77.46232,13.12592],[77.46649,13.12342],[77.47074,13.1259]]]},"properties":{"h3":"8860144b25fffff","loss":null,"place":null}},{"type":"Feature","geometry":{"type":"Polygon","coordinates":[[[77.46232,13.12592],[77.4624,13.1309],[77.45823,13.1334],[77.45399,13.13092],[77.4539,13.12594],[77.45807,13.12344],[77.46232,13.12592]]]},"properties":{"h3":"8860144b27fffff","loss":null,"place":null}},{"type":"Feature","geometry":{"type":"Polygon","coordinates":[[[77.47049,13.11095],[77.47057,13.11593],[77.46641,13.11844],[77.46216,13.11595],[77.46207,13.11097],[77.46624,13.10847],[77.47049,13.11095]]]},"properties":{"h3":"8860144b29fffff","loss":null,"place":null}},{"type":"Feature","geometry":{"type":"Polygon","coordinates":[[[77.46207,13.11097],[77.46216,13.11595],[77.45799,13.11845],[77.45374,13.11597],[77.45366,13.11099],[77.45783,13.10849],[77.46207,13.11097]]]},"properties":{"h3":"8860144b2bfffff","loss":null,"place":null}},{"type":"Feature","geometry":{"type":"Polygon","coordinates":[[[77.47482,13.11842],[77.4749,13.1234],[77.47074,13.1259],[77.46649,13.12342],[77.46641,13.11844],[77.47057,13.11593],[77.47482,13.11842]]]},"properties":{"h3":"8860144b2dfffff","loss":null,"place":null}},{"type":"Feature","geometry":{"type":"Polygon","coordinates":[[[77.44524,13.111],[77.44533,13.11599],[77.44116,13.11849],[77.43691,13.116],[77.43683,13.11102],[77.441,13.10852],[77.44524,13.111]]]},"properties":{"h3":"8860144b31fffff","loss":null,"place":null}},{"type":"Feature","geometry":{"type":"Polygon","coordinates":[[[77.43683,13.11102],[77.43691,13.116],[77.43275,13.1185],[77.4285,13.11602],[77.42842,13.11104],[77.43258,13.10854],[77.43683,13.11102]]]},"properties":{"h3":"8860144b33fffff","loss":0.02,"place":null}},{"type":"Feature","geometry":{"type":"Polygon","coordinates":[[[77.44957,13.11847],[77.44966,13.12345],[77.44549,13.12595],[77.44124,13.12347],[77.44116,13.11849],[77.44533,13.11599],[77.44957,13.11847]]]},"properties":{"h3":"8860144b35fffff","loss":null,"place":null}},{"type":"Feature","geometry":{"type":"Polygon","coordinates":[[[77.44116,13.11849],[77.44124,13.12347],[77.43707,13.12597],[77.43283,13.12349],[77.43275,13.1185],[77.43691,13.116],[77.44116,13.11849]]]},"properties":{"h3":"8860144b37fffff","loss":null,"place":null}},{"type":"Feature","geometry":{"type":"Polygon","coordinates":[[[77.44933,13.10352],[77.44941,13.1085],[77.44524,13.111],[77.441,13.10852],[77.44092,13.10354],[77.44508,13.10104],[77.44933,13.10352]]]},"properties":{"h3":"8860144b39fffff","loss":null,"place":null}},{"type":"Feature","geometry":{"type":"Polygon","coordinates":[[[77.44092,13.10354],[77.441,13.10852],[77.43683,13.11102],[77.43258,13.10854],[77.4325,13.10356],[77.43667,13.10106],[77.44092,13.10354]]]},"properties":{"h3":"8860144b3bfffff","loss":null,"place":null}},{"type":"Feature","geometry":{"type":"Polygon","coordinates":[[[77.45366,13.11099],[77.45374,13.11597],[77.44957,13.11847],[77.44533,13.11599],[77.44524,13.111],[77.44941,13.1085],[77.45366,13.11099]]]},"properties":{"h3":"8860144b3dfffff","loss":null,"place":null}},{"type":"Feature","geometry":{"type":"Polygon","coordinates":[[[77.47842,13.08103],[77.4785,13.08601],[77.47433,13.08852],[77.47008,13.08603],[77.47,13.08105],[77.47417,13.07855],[77.47842,13.08103]]]},"properties":{"h3":"8860144b41fffff","loss":0.003,"place":null}},{"type":"Feature","geometry":{"type":"Polygon","coordinates":[[[77.47,13.08105],[77.47008,13.08603],[77.46592,13.08854],[77.46167,13.08605],[77.46158,13.08107],[77.46575,13.07857],[77.47,13.08105]]]},"properties":{"h3":"8860144b43fffff","loss":null,"place":null}},{"type":"Feature","geometry":{"type":"Polygon","coordinates":[[[77.48275,13.0885],[77.48283,13.09348],[77.47866,13.09598],[77.47441,13.0935],[77.47433,13.08852],[77.4785,13.08601],[77.48275,13.0885]]]},"properties":{"h3":"8860144b45fffff","loss":null,"place":null}},{"type":"Feature","geometry":{"type":"Polygon","coordinates":[[[77.47433,13.08852],[77.47441,13.0935],[77.47025,13.096],[77.466,13.09352],[77.46592,13.08854],[77.47008,13.08603],[77.47433,13.08852]]]},"properties":{"h3":"8860144b47fffff","loss":null,"place":null}},{"type":"Feature","geometry":{"type":"Polygon","coordinates":[[[77.4825,13.07354],[77.48258,13.07853],[77.47842,13.08103],[77.47417,13.07855],[77.47409,13.07357],[77.47825,13.07106],[77.4825,13.07354]]]},"properties":{"h3":"8860144b49fffff","loss":null,"place":null}},{"type":"Feature","geometry":{"type":"Polygon","coordinates":[[[77.47409,13.07357],[77.47417,13.07855],[77.47,13.08105],[77.46575,13.07857],[77.46567,13.07358],[77.46984,13.07108],[77.47409,13.07357]]]},"properties":{"h3":"8860144b4bfffff","loss":null,"place":null}},{"type":"Feature","geometry":{"type":"Polygon","coordinates":[[[77.48683,13.08101],[77.48692,13.08599],[77.48275,13.0885],[77.4785,13.08601],[77.47842,13.08103],[77.48258,13.07853],[77.48683,13.08101]]]},"properties":{"h3":"8860144b4dfffff","loss":null,"place":null}},{"type":"Feature","geometry":{"type":"Polygon","coordinates":[[[77.45726,13.0736],[77.45734,13.07859],[77.45317,13.08109],[77.44892,13.07861],[77.44884,13.07362],[77.45301,13.07112],[77.45726,13.0736]]]},"properties":{"h3":"8860144b51fffff","loss":null,"place":null}},{"type":"Feature","geometry":{"type":"Polygon","coordinates":[[[77.44884,13.07362],[77.44892,13.07861],[77.44476,13.08111],[77.44051,13.07863],[77.44043,13.07364],[77.44459,13.07114],[77.44884,13.07362]]]},"properties":{"h3":"8860144b53fffff","loss":0.007,"place":null}},{"type":"Feature","geometry":{"type":"Polygon","coordinates":[[[77.46158,13.08107],[77.46167,13.08605],[77.4575,13.08855],[77.45325,13.08607],[77.45317,13.08109],[77.45734,13.07859],[77.46158,13.08107]]]},"properties":{"h3":"8860144b55fffff","loss":0.016,"place":null}},{"type":"Feature","geometry":{"type":"Polygon","coordinates":[[[77.45317,13.08109],[77.45325,13.08607],[77.44909,13.08857],[77.44484,13.08609],[77.44476,13.08111],[77.44892,13.07861],[77.45317,13.08109]]]},"properties":{"h3":"8860144b57fffff","loss":0.014,"place":null}},{"type":"Feature","geometry":{"type":"Polygon","coordinates":[[[77.46134,13.06612],[77.46142,13.0711],[77.45726,13.0736],[77.45301,13.07112],[77.45293,13.06614],[77.45709,13.06364],[77.46134,13.06612]]]},"properties":{"h3":"8860144b59fffff","loss":null,"place":null}},{"type":"Feature","geometry":{"type":"Polygon","coordinates":[[[77.45293,13.06614],[77.45301,13.07112],[77.44884,13.07362],[77.44459,13.07114],[77.44451,13.06616],[77.44868,13.06366],[77.45293,13.06614]]]},"properties":{"h3":"8860144b5bfffff","loss":0.02,"place":null}},{"type":"Feature","geometry":{"type":"Polygon","coordinates":[[[77.46567,13.07358],[77.46575,13.07857],[77.46158,13.08107],[77.45734,13.07859],[77.45726,13.0736],[77.46142,13.0711],[77.46567,13.07358]]]},"properties":{"h3":"8860144b5dfffff","loss":null,"place":null}},{"type":"Feature","geometry":{"type":"Polygon","coordinates":[[[77.48299,13.10345],[77.48308,13.10843],[77.47891,13.11093],[77.47466,13.10845],[77.47458,13.10347],[77.47874,13.10097],[77.48299,13.10345]]]},"properties":{"h3":"8860144b61fffff","loss":null,"place":null}},{"type":"Feature","geometry":{"type":"Polygon","coordinates":[[[77.47458,13.10347],[77.47466,13.10845],[77.47049,13.11095],[77.46624,13.10847],[77.46616,13.10349],[77.47033,13.10098],[77.47458,13.10347]]]},"properties":{"h3":"8860144b63fffff","loss":null,"place":null}},{"type":"Feature","geometry":{"type":"Polygon","coordinates":[[[77.48733,13.11091],[77.48741,13.1159],[77.48324,13.1184],[77.47899,13.11592],[77.47891,13.11093],[77.48308,13.10843],[77.48733,13.11091]]]},"properties":{"h3":"8860144b65fffff","loss":null,"place":null}},{"type":"Feature","geometry":{"type":"Polygon","coordinates":[[[77.47891,13.11093],[77.47899,13.11592],[77.47482,13.11842],[77.47057,13.11593],[77.47049,13.11095],[77.47466,13.10845],[77.47891,13.11093]]]},"properties":{"h3":"8860144b67fffff","loss":null,"place":null}},{"type":"Feature","geometry":{"type":"Polygon","coordinates":[[[77.48708,13.09596],[77.48716,13.10095],[77.48299,13.10345],[77.47874,13.10097],[77.47866,13.09598],[77.48283,13.09348],[77.48708,13.09596]]]},"properties":{"h3":"8860144b69fffff","loss":null,"place":null}},{"type":"Feature","geometry":{"type":"Polygon","coordinates":[[[77.47866,13.09598],[77.47874,13.10097],[77.47458,13.10347],[77.47033,13.10098],[77.47025,13.096],[77.47441,13.0935],[77.47866,13.09598]]]},"properties":{"h3":"8860144b6bfffff","loss":null,"place":null}},{"type":"Feature","geometry":{"type":"Polygon","coordinates":[[[77.49141,13.10343],[77.49149,13.10841],[77.48733,13.11091],[77.48308,13.10843],[77.48299,13.10345],[77.48716,13.10095],[77.49141,13.10343]]]},"properties":{"h3":"8860144b6dfffff","loss":null,"place":null}},{"type":"Feature","geometry":{"type":"Polygon","coordinates":[[[77.48698,12.83424],[77.48706,12.83923],[77.4829,12.84174],[77.47865,12.83926],[77.47857,12.83427],[77.48273,12.83177],[77.48698,12.83424]]]},"properties":{"h3":"8860145001fffff","loss":null,"place":null}},{"type":"Feature","geometry":{"type":"Polygon","coordinates":[[[77.47857,12.83427],[77.47865,12.83926],[77.47449,12.84177],[77.47024,12.83929],[77.47016,12.83431],[77.47432,12.8318],[77.47857,12.83427]]]},"properties":{"h3":"8860145003fffff","loss":null,"place":null}},{"type":"Feature","geometry":{"type":"Polygon","coordinates":[[[77.49131,12.84171],[77.49139,12.84669],[77.48723,12.8492],[77.48298,12.84672],[77.4829,12.84174],[77.48706,12.83923],[77.49131,12.84171]]]},"properties":{"h3":"8860145005fffff","loss":0.042,"place":null}},{"type":"Feature","geometry":{"type":"Polygon","coordinates":[[[77.4829,12.84174],[77.48298,12.84672],[77.47881,12.84923],[77.47457,12.84675],[77.47449,12.84177],[77.47865,12.83926],[77.4829,12.84174]]]},"properties":{"h3":"8860145007fffff","loss":0.02,"place":null}},{"type":"Feature","geometry":{"type":"Polygon","coordinates":[[[77.49106,12.82675],[77.49114,12.83173],[77.48698,12.83424],[77.48273,12.83177],[77.48265,12.82678],[77.48682,12.82427],[77.49106,12.82675]]]},"properties":{"h3":"8860145009fffff","loss":0.012,"place":null}},{"type":"Feature","geometry":{"type":"Polygon","coordinates":[[[77.48265,12.82678],[77.48273,12.83177],[77.47857,12.83427],[77.47432,12.8318],[77.47424,12.82681],[77.47841,12.8243],[77.48265,12.82678]]]},"properties":{"h3":"886014500bfffff","loss":null,"place":null}},{"type":"Feature","geometry":{"type":"Polygon","coordinates":[[[77.49539,12.83421],[77.49547,12.8392],[77.49131,12.84171],[77.48706,12.83923],[77.48698,12.83424],[77.49114,12.83173],[77.49539,12.83421]]]},"properties":{"h3":"886014500dfffff","loss":null,"place":null}},{"type":"Feature","geometry":{"type":"Polygon","coordinates":[[[77.46583,12.82684],[77.46591,12.83183],[77.46175,12.83434],[77.45751,12.83186],[77.45742,12.82687],[77.46159,12.82437],[77.46583,12.82684]]]},"properties":{"h3":"8860145011fffff","loss":null,"place":null}},{"type":"Feature","geometry":{"type":"Polygon","coordinates":[[[77.45742,12.82687],[77.45751,12.83186],[77.45334,12.83437],[77.4491,12.83189],[77.44902,12.82691],[77.45318,12.8244],[77.45742,12.82687]]]},"properties":{"h3":"8860145013fffff","loss":null,"place":null}},{"type":"Feature","geometry":{"type":"Polygon","coordinates":[[[77.47016,12.83431],[77.47024,12.83929],[77.46608,12.8418],[77.46183,12.83932],[77.46175,12.83434],[77.46591,12.83183],[77.47016,12.83431]]]},"properties":{"h3":"8860145015fffff","loss":0.023,"place":null}},{"type":"Feature","geometry":{"type":"Polygon","coordinates":[[[77.46175,12.83434],[77.46183,12.83932],[77.45767,12.84183],[77.45342,12.83935],[77.45334,12.83437],[77.45751,12.83186],[77.46175,12.83434]]]},"properties":{"h3":"8860145017fffff","loss":0.009,"place":null}},{"type":"Feature","geometry":{"type":"Polygon","coordinates":[[[77.46991,12.81935],[77.47,12.82433],[77.46583,12.82684],[77.46159,12.82437],[77.46151,12.81938],[77.46567,12.81687],[77.46991,12.81935]]]},"properties":{"h3":"8860145019fffff","loss":0.005,"place":null}},{"type":"Feature","geometry":{"type":"Polygon","coordinates":[[[77.46151,12.81938],[77.46159,12.82437],[77.45742,12.82687],[77.45318,12.8244],[77.4531,12.81941],[77.45726,12.8169],[77.46151,12.81938]]]},"properties":{"h3":"886014501bfffff","loss":0.009,"place":null}},{"type":"Feature","geometry":{"type":"Polygon","coordinates":[[[77.47424,12.82681],[77.47432,12.8318],[77.47016,12.83431],[77.46591,12.83183],[77.46583,12.82684],[77.47,12.82433],[77.47424,12.82681]]]},"properties":{"h3":"886014501dfffff","loss":null,"place":null}},{"type":"Feature","geometry":{"type":"Polygon","coordinates":[[[77.49155,12.85666],[77.49164,12.86165],[77.48747,12.86416],[77.48323,12.86168],[77.48314,12.85669],[77.48731,12.85419],[77.49155,12.85666]]]},"properties":{"h3":"8860145021fffff","loss":null,"place":null}},{"type":"Feature","geometry":{"type":"Polygon","coordinates":[[[77.48314,12.85669],[77.48323,12.86168],[77.47906,12.86419],[77.47481,12.86171],[77.47473,12.85672],[77.4789,12.85422],[77.48314,12.85669]]]},"properties":{"h3":"8860145023fffff","loss":null,"place":null}},{"type":"Feature","geometry":{"type":"Polygon","coordinates":[[[77.49588,12.86413],[77.49597,12.86911],[77.4918,12.87162],[77.48755,12.86914],[77.48747,12.86416],[77.49164,12.86165],[77.49588,12.86413]]]},"properties":{"h3":"8860145025fffff","loss":null,"place":null}},{"type":"Feature","geometry":{"type":"Polygon","coordinates":[[[77.48747,12.86416],[77.48755,12.86914],[77.48339,12.87165],[77.47914,12.86917],[77.47906,12.86419],[77.48323,12.86168],[77.48747,12.86416]]]},"properties":{"h3":"8860145027fffff","loss":null,"place":null}},{"type":"Feature","geometry":{"type":"Polygon","coordinates":[[[77.49564,12.84917],[77.49572,12.85415],[77.49155,12.85666],[77.48731,12.85419],[77.48723,12.8492],[77.49139,12.84669],[77.49564,12.84917]]]},"properties":{"h3":"8860145029fffff","loss":null,"place":null}},{"type":"Feature","geometry":{"type":"Polygon","coordinates":[[[77.48723,12.8492],[77.48731,12.85419],[77.48314,12.85669],[77.4789,12.85422],[77.47881,12.84923],[77.48298,12.84672],[77.48723,12.8492]]]},"properties":{"h3":"886014502bfffff","loss":null,"place":null}},{"type":"Feature","geometry":{"type":"Polygon","coordinates":[[[77.49997,12.85663],[77.50005,12.86162],[77.49588,12.86413],[77.49164,12.86165],[77.49155,12.85666],[77.49572,12.85415],[77.49997,12.85663]]]},"properties":{"h3":"886014502dfffff","loss":null,"place":null}},{"type":"Feature","geometry":{"type":"Polygon","coordinates":[[[77.4704,12.84926],[77.47049,12.85425],[77.46632,12.85675],[77.46208,12.85428],[77.462,12.84929],[77.46616,12.84678],[77.4704,12.84926]]]},"properties":{"h3":"8860145031fffff","loss":0.026,"place":null}},{"type":"Feature","geometry":{"type":"Polygon","coordinates":[[[77.462,12.84929],[77.46208,12.85428],[77.45791,12.85678],[77.45367,12.85431],[77.45359,12.84932],[77.45775,12.84681],[77.462,12.84929]]]},"properties":{"h3":"8860145033fffff","loss":null,"place":null}},{"type":"Feature","geometry":{"type":"Polygon","coordinates":[[[77.47473,12.85672],[77.47481,12.86171],[77.47065,12.86422],[77.4664,12.86174],[77.46632,12.85675],[77.47049,12.85425],[77.47473,12.85672]]]},"properties":{"h3":"8860145035fffff","loss":null,"place":null}},{"type":"Feature","geometry":{"type":"Polygon","coordinates":[[[77.46632,12.85675],[77.4664,12.86174],[77.46224,12.86425],[77.45799,12.86177],[77.45791,12.85678],[77.46208,12.85428],[77.46632,12.85675]]]},"properties":{"h3":"8860145037fffff","loss":0.029,"place":null}},{"type":"Feature","geometry":{"type":"Polygon","coordinates":[[[77.47449,12.84177],[77.47457,12.84675],[77.4704,12.84926],[77.46616,12.84678],[77.46608,12.8418],[77.47024,12.83929],[77.47449,12.84177]]]},"properties":{"h3":"8860145039fffff","loss":0.02,"place":null}},{"type":"Feature","geometry":{"type":"Polygon","coordinates":[[[77.46608,12.8418],[77.46616,12.84678],[77.462,12.84929],[77.45775,12.84681],[77.45767,12.84183],[77.46183,12.83932],[77.46608,12.8418]]]},"properties":{"h3":"886014503bfffff","loss":0.027,"place":null}},{"type":"Feature","geometry":{"type":"Polygon","coordinates":[[[77.47881,12.84923],[77.4789,12.85422],[77.47473,12.85672],[77.47049,12.85425],[77.4704,12.84926],[77.47457,12.84675],[77.47881,12.84923]]]},"properties":{"h3":"886014503dfffff","loss":null,"place":null}},{"type":"Feature","geometry":{"type":"Polygon","coordinates":[[[77.50356,12.81922],[77.50364,12.82421],[77.49947,12.82672],[77.49523,12.82424],[77.49514,12.81925],[77.49931,12.81674],[77.50356,12.81922]]]},"properties":{"h3":"8860145041fffff","loss":0.008,"place":null}},{"type":"Feature","geometry":{"type":"Polygon","coordinates":[[[77.49514,12.81925],[77.49523,12.82424],[77.49106,12.82675],[77.48682,12.82427],[77.48673,12.81928],[77.4909,12.81678],[77.49514,12.81925]]]},"properties":{"h3":"8860145043fffff","loss":null,"place":null}},{"type":"Feature","geometry":{"type":"Polygon","coordinates":[[[77.50789,12.82668],[77.50797,12.83167],[77.5038,12.83418],[77.49956,12.8317],[77.49947,12.82672],[77.50364,12.82421],[77.50789,12.82668]]]},"properties":{"h3":"8860145045fffff","loss":null,"place":null}},{"type":"Feature","geometry":{"type":"Polygon","coordinates":[[[77.49947,12.82672],[77.49956,12.8317],[77.49539,12.83421],[77.49114,12.83173],[77.49106,12.82675],[77.49523,12.82424],[77.49947,12.82672]]]},"properties":{"h3":"8860145047fffff","loss":0.033,"place":null}},{"type":"Feature","geometry":{"type":"Polygon","coordinates":[[[77.50764,12.81172],[77.50772,12.81671],[77.50356,12.81922],[77.49931,12.81674],[77.49923,12.81176],[77.50339,12.80925],[77.50764,12.81172]]]},"properties":{"h3":"8860145049fffff","loss":0.067,"place":null}},{"type":"Feature","geometry":{"type":"Polygon","coordinates":[[[77.49923,12.81176],[77.49931,12.81674],[77.49514,12.81925],[77.4909,12.81678],[77.49082,12.81179],[77.49498,12.80928],[77.49923,12.81176]]]},"properties":{"h3":"886014504bfffff","loss":null,"place":null}},{"type":"Feature","geometry":{"type":"Polygon","coordinates":[[[77.51197,12.81919],[77.51205,12.82417],[77.50789,12.82668],[77.50364,12.82421],[77.50356,12.81922],[77.50772,12.81671],[77.51197,12.81919]]]},"properties":{"h3":"886014504dfffff","loss":0.012,"place":null}},{"type":"Feature","geometry":{"type":"Polygon","coordinates":[[[77.48241,12.81182],[77.48249,12.81681],[77.47832,12.81932],[77.47408,12.81684],[77.474,12.81185],[77.47816,12.80935],[77.48241,12.81182]]]},"properties":{"h3":"8860145051fffff","loss":null,"place":null}},{"type":"Feature","geometry":{"type":"Polygon","coordinates":[[[77.474,12.81185],[77.47408,12.81684],[77.46991,12.81935],[77.46567,12.81687],[77.46559,12.81189],[77.46975,12.80938],[77.474,12.81185]]]},"properties":{"h3":"8860145053fffff","loss":null,"place":null}},{"type":"Feature","geometry":{"type":"Polygon","coordinates":[[[77.48673,12.81928],[77.48682,12.82427],[77.48265,12.82678],[77.47841,12.8243],[77.47832,12.81932],[77.48249,12.81681],[77.48673,12.81928]]]},"properties":{"h3":"8860145055fffff","loss":null,"place":null}},{"type":"Feature","geometry":{"type":"Polygon","coordinates":[[[77.47832,12.81932],[77.47841,12.8243],[77.47424,12.82681],[77.47,12.82433],[77.46991,12.81935],[77.47408,12.81684],[77.47832,12.81932]]]},"properties":{"h3":"8860145057fffff","loss":0.002,"place":null}},{"type":"Feature","geometry":{"type":"Polygon","coordinates":[[[77.48649,12.80433],[77.48657,12.80931],[77.48241,12.81182],[77.47816,12.80935],[77.47808,12.80436],[77.48224,12.80185],[77.48649,12.80433]]]},"properties":{"h3":"8860145059fffff","loss":null,"place":null}},{"type":"Feature","geometry":{"type":"Polygon","coordinates":[[[77.47808,12.80436],[77.47816,12.80935],[77.474,12.81185],[77.46975,12.80938],[77.46967,12.80439],[77.47383,12.80188],[77.47808,12.80436]]]},"properties":{"h3":"886014505bfffff","loss":null,"place":null}},{"type":"Feature","geometry":{"type":"Polygon","coordinates":[[[77.49082,12.81179],[77.4909,12.81678],[77.48673,12.81928],[77.48249,12.81681],[77.48241,12.81182],[77.48657,12.80931],[77.49082,12.81179]]]},"properties":{"h3":"886014505dfffff","loss":null,"place":null}},{"type":"Feature","geometry":{"type":"Polygon","coordinates":[[[77.50813,12.84164],[77.50822,12.84663],[77.50405,12.84914],[77.4998,12.84666],[77.49972,12.84167],[77.50389,12.83916],[77.50813,12.84164]]]},"properties":{"h3":"8860145061fffff","loss":0.009,"place":null}},{"type":"Feature","geometry":{"type":"Polygon","coordinates":[[[77.49972,12.84167],[77.4998,12.84666],[77.49564,12.84917],[77.49139,12.84669],[77.49131,12.84171],[77.49547,12.8392],[77.49972,12.84167]]]},"properties":{"h3":"8860145063fffff","loss":0.029,"place":null}},{"type":"Feature","geometry":{"type":"Polygon","coordinates":[[[77.51246,12.84911],[77.51255,12.85409],[77.50838,12.8566],[77.50413,12.85412],[77.50405,12.84914],[77.50822,12.84663],[77.51246,12.84911]]]},"properties":{"h3":"8860145065fffff","loss":0.01,"place":null}},{"type":"Feature","geometry":{"type":"Polygon","coordinates":[[[77.50405,12.84914],[77.50413,12.85412],[77.49997,12.85663],[77.49572,12.85415],[77.49564,12.84917],[77.4998,12.84666],[77.50405,12.84914]]]},"properties":{"h3":"8860145067fffff","loss":null,"place":null}},{"type":"Feature","geometry":{"type":"Polygon","coordinates":[[[77.51222,12.83415],[77.5123,12.83913],[77.50813,12.84164],[77.50389,12.83916],[77.5038,12.83418],[77.50797,12.83167],[77.51222,12.83415]]]},"properties":{"h3":"8860145069fffff","loss":0.036,"place":null}},{"type":"Feature","geometry":{"type":"Polygon","coordinates":[[[77.5038,12.83418],[77.50389,12.83916],[77.49972,12.84167],[77.49547,12.8392],[77.49539,12.83421],[77.49956,12.8317],[77.5038,12.83418]]]},"properties":{"h3":"886014506bfffff","loss":0.005,"place":null}},{"type":"Feature","geometry":{"type":"Polygon","coordinates":[[[77.51655,12.84161],[77.51663,12.8466],[77.51246,12.84911],[77.50822,12.84663],[77.50813,12.84164],[77.5123,12.83913],[77.51655,12.84161]]]},"properties":{"h3":"886014506dfffff","loss":0.02,"place":null}},{"type":"Feature","geometry":{"type":"Polygon","coordinates":[[[77.42812,12.83446],[77.4282,12.83944],[77.42404,12.84195],[77.4198,12.83947],[77.41972,12.83449],[77.42388,12.83198],[77.42812,12.83446]]]},"properties":{"h3":"8860145081fffff","loss":null,"place":null}},{"type":"Feature","geometry":{"type":"Polygon","coordinates":[[[77.41972,12.83449],[77.4198,12.83947],[77.41564,12.84198],[77.41139,12.8395],[77.41131,12.83452],[77.41548,12.83201],[77.41972,12.83449]]]},"properties":{"h3":"8860145083fffff","loss":0.041,"place":null}},{"type":"Feature","geometry":{"type":"Polygon","coordinates":[[[77.43245,12.84192],[77.43253,12.8469],[77.42837,12.84941],[77.42412,12.84693],[77.42404,12.84195],[77.4282,12.83944],[77.43245,12.84192]]]},"properties":{"h3":"8860145085fffff","loss":null,"place":null}},{"type":"Feature","geometry":{"type":"Polygon","coordinates":[[[77.42404,12.84195],[77.42412,12.84693],[77.41996,12.84944],[77.41572,12.84696],[77.41564,12.84198],[77.4198,12.83947],[77.42404,12.84195]]]},"properties":{"h3":"8860145087fffff","loss":0.037,"place":null}},{"type":"Feature","geometry":{"type":"Polygon","coordinates":[[[77.4322,12.82697],[77.43229,12.83195],[77.42812,12.83446],[77.42388,12.83198],[77.4238,12.827],[77.42796,12.82449],[77.4322,12.82697]]]},"properties":{"h3":"8860145089fffff","loss":null,"place":null}},{"type":"Feature","geometry":{"type":"Polygon","coordinates":[[[77.4238,12.827],[77.42388,12.83198],[77.41972,12.83449],[77.41548,12.83201],[77.41539,12.82703],[77.41956,12.82452],[77.4238,12.827]]]},"properties":{"h3":"886014508bfffff","loss":0.019,"place":null}},{"type":"Feature","geometry":{"type":"Polygon","coordinates":[[[77.43653,12.83443],[77.43661,12.83941],[77.43245,12.84192],[77.4282,12.83944],[77.42812,12.83446],[77.43229,12.83195],[77.43653,12.83443]]]},"properties":{"h3":"886014508dfffff","loss":0.019,"place":null}},{"type":"Feature","geometry":{"type":"Polygon","coordinates":[[[77.40699,12.82706],[77.40707,12.83204],[77.40291,12.83455],[77.39867,12.83207],[77.39859,12.82709],[77.40275,12.82458],[77.40699,12.82706]]]},"properties":{"h3":"8860145091fffff","loss":0.02,"place":null}},{"type":"Feature","geometry":{"type":"Polygon","coordinates":[[[77.41131,12.83452],[77.41139,12.8395],[77.40723,12.84201],[77.40299,12.83953],[77.40291,12.83455],[77.40707,12.83204],[77.41131,12.83452]]]},"properties":{"h3":"8860145095fffff","loss":0.046,"place":null}},{"type":"Feature","geometry":{"type":"Polygon","coordinates":[[[77.40291,12.83455],[77.40299,12.83953],[77.39883,12.84204],[77.39459,12.83956],[77.39451,12.83458],[77.39867,12.83207],[77.40291,12.83455]]]},"properties":{"h3":"8860145097fffff","loss":null,"place":null}},{"type":"Feature","geometry":{"type":"Polygon","coordinates":[[[77.41107,12.81957],[77.41115,12.82455],[77.40699,12.82706],[77.40275,12.82458],[77.40267,12.8196],[77.40683,12.81709],[77.41107,12.81957]]]},"properties":{"h3":"8860145099fffff","loss":0.013,"place":null}},{"type":"Feature","geometry":{"type":"Polygon","coordinates":[[[77.41539,12.82703],[77.41548,12.83201],[77.41131,12.83452],[77.40707,12.83204],[77.40699,12.82706],[77.41115,12.82455],[77.41539,12.82703]]]},"properties":{"h3":"886014509dfffff","loss":0.017,"place":null}},{"type":"Feature","geometry":{"type":"Polygon","coordinates":[[[77.43269,12.85687],[77.43277,12.86186],[77.42861,12.86436],[77.42437,12.86189],[77.42428,12.8569],[77.42845,12.85439],[77.43269,12.85687]]]},"properties":{"h3":"88601450a1fffff","loss":0.03,"place":null}},{"type":"Feature","geometry":{"type":"Polygon","coordinates":[[[77.42428,12.8569],[77.42437,12.86189],[77.4202,12.86439],[77.41596,12.86191],[77.41588,12.85693],[77.42004,12.85442],[77.42428,12.8569]]]},"properties":{"h3":"88601450a3fffff","loss":null,"place":null}},{"type":"Feature","geometry":{"type":"Polygon","coordinates":[[[77.43702,12.86433],[77.4371,12.86932],[77.43293,12.87182],[77.42869,12.86935],[77.42861,12.86436],[77.43277,12.86186],[77.43702,12.86433]]]},"properties":{"h3":"88601450a5fffff","loss":0.012,"place":null}},{"type":"Feature","geometry":{"type":"Polygon","coordinates":[[[77.42861,12.86436],[77.42869,12.86935],[77.42453,12.87185],[77.42028,12.86938],[77.4202,12.86439],[77.42437,12.86189],[77.42861,12.86436]]]},"properties":{"h3":"88601450a7fffff","loss":null,"place":null}},{"type":"Feature","geometry":{"type":"Polygon","coordinates":[[[77.43677,12.84938],[77.43685,12.85437],[77.43269,12.85687],[77.42845,12.85439],[77.42837,12.84941],[77.43253,12.8469],[77.43677,12.84938]]]},"properties":{"h3":"88601450a9fffff","loss":0.011,"place":null}},{"type":"Feature","geometry":{"type":"Polygon","coordinates":[[[77.42837,12.84941],[77.42845,12.85439],[77.42428,12.8569],[77.42004,12.85442],[77.41996,12.84944],[77.42412,12.84693],[77.42837,12.84941]]]},"properties":{"h3":"88601450abfffff","loss":0.002,"place":null}},{"type":"Feature","geometry":{"type":"Polygon","coordinates":[[[77.4411,12.85684],[77.44118,12.86183],[77.43702,12.86433],[77.43277,12.86186],[77.43269,12.85687],[77.43685,12.85437],[77.4411,12.85684]]]},"properties":{"h3":"88601450adfffff","loss":0.006,"place":null}},{"type":"Feature","geometry":{"type":"Polygon","coordinates":[[[77.41156,12.84947],[77.41164,12.85445],[77.40748,12.85696],[77.40323,12.85448],[77.40315,12.8495],[77.40731,12.84699],[77.41156,12.84947]]]},"properties":{"h3":"88601450b1fffff","loss":null,"place":null}},{"type":"Feature","geometry":{"type":"Polygon","coordinates":[[[77.40315,12.8495],[77.40323,12.85448],[77.39907,12.85699],[77.39483,12.85451],[77.39475,12.84953],[77.39891,12.84702],[77.40315,12.8495]]]},"properties":{"h3":"88601450b3fffff","loss":null,"place":null}},{"type":"Feature","geometry":{"type":"Polygon","coordinates":[[[77.41588,12.85693],[77.41596,12.86191],[77.4118,12.86442],[77.40756,12.86194],[77.40748,12.85696],[77.41164,12.85445],[77.41588,12.85693]]]},"properties":{"h3":"88601450b5fffff","loss":null,"place":null}},{"type":"Feature","geometry":{"type":"Polygon","coordinates":[[[77.40748,12.85696],[77.40756,12.86194],[77.40339,12.86445],[77.39915,12.86197],[77.39907,12.85699],[77.40323,12.85448],[77.40748,12.85696]]]},"properties":{"h3":"88601450b7fffff","loss":0.009,"place":null}},{"type":"Feature","geometry":{"type":"Polygon","coordinates":[[[77.41564,12.84198],[77.41572,12.84696],[77.41156,12.84947],[77.40731,12.84699],[77.40723,12.84201],[77.41139,12.8395],[77.41564,12.84198]]]},"properties":{"h3":"88601450b9fffff","loss":0.016,"place":null}},{"type":"Feature","geometry":{"type":"Polygon","coordinates":[[[77.40723,12.84201],[77.40731,12.84699],[77.40315,12.8495],[77.39891,12.84702],[77.39883,12.84204],[77.40299,12.83953],[77.40723,12.84201]]]},"properties":{"h3":"88601450bbfffff","loss":0.014,"place":null}},{"type":"Feature","geometry":{"type":"Polygon","coordinates":[[[77.41996,12.84944],[77.42004,12.85442],[77.41588,12.85693],[77.41164,12.85445],[77.41156,12.84947],[77.41572,12.84696],[77.41996,12.84944]]]},"properties":{"h3":"88601450bdfffff","loss":null,"place":null}},{"type":"Feature","geometry":{"type":"Polygon","coordinates":[[[77.44469,12.81944],[77.44477,12.82443],[77.44061,12.82694],[77.43637,12.82446],[77.43629,12.81947],[77.44045,12.81697],[77.44469,12.81944]]]},"properties":{"h3":"88601450c1fffff","loss":0.006,"place":null}},{"type":"Feature","geometry":{"type":"Polygon","coordinates":[[[77.43629,12.81947],[77.43637,12.82446],[77.4322,12.82697],[77.42796,12.82449],[77.42788,12.81951],[77.43204,12.817],[77.43629,12.81947]]]},"properties":{"h3":"88601450c3fffff","loss":null,"place":null}},{"type":"Feature","geometry":{"type":"Polygon","coordinates":[[[77.44902,12.82691],[77.4491,12.83189],[77.44494,12.8344],[77.44069,12.83192],[77.44061,12.82694],[77.44477,12.82443],[77.44902,12.82691]]]},"properties":{"h3":"88601450c5fffff","loss":null,"place":null}},{"type":"Feature","geometry":{"type":"Polygon","coordinates":[[[77.44061,12.82694],[77.44069,12.83192],[77.43653,12.83443],[77.43229,12.83195],[77.4322,12.82697],[77.43637,12.82446],[77.44061,12.82694]]]},"properties":{"h3":"88601450c7fffff","loss":null,"place":null}},{"type":"Feature","geometry":{"type":"Polygon","coordinates":[[[77.44877,12.81195],[77.44885,12.81694],[77.44469,12.81944],[77.44045,12.81697],[77.44037,12.81198],[77.44453,12.80947],[77.44877,12.81195]]]},"properties":{"h3":"88601450c9fffff","loss":null,"place":null}},{"type":"Feature","geometry":{"type":"Polygon","coordinates":[[[77.44037,12.81198],[77.44045,12.81697],[77.43629,12.81947],[77.43204,12.817],[77.43196,12.81201],[77.43612,12.80951],[77.44037,12.81198]]]},"properties":{"h3":"88601450cbfffff","loss":null,"place":null}},{"type":"Feature","geometry":{"type":"Polygon","coordinates":[[[77.4531,12.81941],[77.45318,12.8244],[77.44902,12.82691],[77.44477,12.82443],[77.44469,12.81944],[77.44885,12.81694],[77.4531,12.81941]]]},"properties":{"h3":"88601450cdfffff","loss":0.002,"place":null}},{"type":"Feature","geometry":{"type":"Polygon","coordinates":[[[77.42356,12.81204],[77.42364,12.81703],[77.41948,12.81954],[77.41523,12.81706],[77.41515,12.81208],[77.41931,12.80957],[77.42356,12.81204]]]},"properties":{"h3":"88601450d1fffff","loss":0.02,"place":null}},{"type":"Feature","geometry":{"type":"Polygon","coordinates":[[[77.41515,12.81208],[77.41523,12.81706],[77.41107,12.81957],[77.40683,12.81709],[77.40675,12.81211],[77.41091,12.8096],[77.41515,12.81208]]]},"properties":{"h3":"88601450d3fffff","loss":0.004,"place":null}},{"type":"Feature","geometry":{"type":"Polygon","coordinates":[[[77.42788,12.81951],[77.42796,12.82449],[77.4238,12.827],[77.41956,12.82452],[77.41948,12.81954],[77.42364,12.81703],[77.42788,12.81951]]]},"properties":{"h3":"88601450d5fffff","loss":null,"place":null}},{"type":"Feature","geometry":{"type":"Polygon","coordinates":[[[77.41948,12.81954],[77.41956,12.82452],[77.41539,12.82703],[77.41115,12.82455],[77.41107,12.81957],[77.41523,12.81706],[77.41948,12.81954]]]},"properties":{"h3":"88601450d7fffff","loss":0.011,"place":null}},{"type":"Feature","geometry":{"type":"Polygon","coordinates":[[[77.42764,12.80455],[77.42772,12.80954],[77.42356,12.81204],[77.41931,12.80957],[77.41923,12.80458],[77.42339,12.80208],[77.42764,12.80455]]]},"properties":{"h3":"88601450d9fffff","loss":0.043,"place":null}},{"type":"Feature","geometry":{"type":"Polygon","coordinates":[[[77.43196,12.81201],[77.43204,12.817],[77.42788,12.81951],[77.42364,12.81703],[77.42356,12.81204],[77.42772,12.80954],[77.43196,12.81201]]]},"properties":{"h3":"88601450ddfffff","loss":0.006,"place":null}},{"type":"Feature","geometry":{"type":"Polygon","coordinates":[[[77.44926,12.84186],[77.44934,12.84684],[77.44518,12.84935],[77.44094,12.84687],[77.44085,12.84189],[77.44502,12.83938],[77.44926,12.84186]]]},"properties":{"h3":"88601450e1fffff","loss":null,"place":null}},{"type":"Feature","geometry":{"type":"Polygon","coordinates":[[[77.44085,12.84189],[77.44094,12.84687],[77.43677,12.84938],[77.43253,12.8469],[77.43245,12.84192],[77.43661,12.83941],[77.44085,12.84189]]]},"properties":{"h3":"88601450e3fffff","loss":0.038,"place":null}},{"type":"Feature","geometry":{"type":"Polygon","coordinates":[[[77.45359,12.84932],[77.45367,12.85431],[77.44951,12.85681],[77.44526,12.85434],[77.44518,12.84935],[77.44934,12.84684],[77.45359,12.84932]]]},"properties":{"h3":"88601450e5fffff","loss":null,"place":null}},{"type":"Feature","geometry":{"type":"Polygon","coordinates":[[[77.44518,12.84935],[77.44526,12.85434],[77.4411,12.85684],[77.43685,12.85437],[77.43677,12.84938],[77.44094,12.84687],[77.44518,12.84935]]]},"properties":{"h3":"88601450e7fffff","loss":null,"place":null}},{"type":"Feature","geometry":{"type":"Polygon","coordinates":[[[77.45334,12.83437],[77.45342,12.83935],[77.44926,12.84186],[77.44502,12.83938],[77.44494,12.8344],[77.4491,12.83189],[77.45334,12.83437]]]},"properties":{"h3":"88601450e9fffff","loss":null,"place":null}},{"type":"Feature","geometry":{"type":"Polygon","coordinates":[[[77.44494,12.8344],[77.44502,12.83938],[77.44085,12.84189],[77.43661,12.83941],[77.43653,12.83443],[77.44069,12.83192],[77.44494,12.8344]]]},"properties":{"h3":"88601450ebfffff","loss":null,"place":null}},{"type":"Feature","geometry":{"type":"Polygon","coordinates":[[[77.45767,12.84183],[77.45775,12.84681],[77.45359,12.84932],[77.44934,12.84684],[77.44926,12.84186],[77.45342,12.83935],[77.45767,12.84183]]]},"properties":{"h3":"88601450edfffff","loss":0.001,"place":null}},{"type":"Feature","geometry":{"type":"Polygon","coordinates":[[[77.51729,12.88649],[77.51737,12.89147],[77.51321,12.89398],[77.50896,12.8915],[77.50887,12.88652],[77.51304,12.88401],[77.51729,12.88649]]]},"properties":{"h3":"8860145101fffff","loss":0.016,"place":null}},{"type":"Feature","geometry":{"type":"Polygon","coordinates":[[[77.50887,12.88652],[77.50896,12.8915],[77.50479,12.89401],[77.50054,12.89153],[77.50046,12.88655],[77.50463,12.88404],[77.50887,12.88652]]]},"properties":{"h3":"8860145103fffff","loss":null,"place":null}},{"type":"Feature","geometry":{"type":"Polygon","coordinates":[[[77.52162,12.89395],[77.5217,12.89894],[77.51754,12.90145],[77.51329,12.89897],[77.51321,12.89398],[77.51737,12.89147],[77.52162,12.89395]]]},"properties":{"h3":"8860145105fffff","loss":0.004,"place":null}},{"type":"Feature","geometry":{"type":"Polygon","coordinates":[[[77.51321,12.89398],[77.51329,12.89897],[77.50912,12.90148],[77.50487,12.899],[77.50479,12.89401],[77.50896,12.8915],[77.51321,12.89398]]]},"properties":{"h3":"8860145107fffff","loss":0.019,"place":null}},{"type":"Feature","geometry":{"type":"Polygon","coordinates":[[[77.52137,12.87899],[77.52146,12.88398],[77.51729,12.88649],[77.51304,12.88401],[77.51296,12.87902],[77.51712,12.87651],[77.52137,12.87899]]]},"properties":{"h3":"8860145109fffff","loss":0.009,"place":null}},{"type":"Feature","geometry":{"type":"Polygon","coordinates":[[[77.51296,12.87902],[77.51304,12.88401],[77.50887,12.88652],[77.50463,12.88404],[77.50454,12.87905],[77.50871,12.87655],[77.51296,12.87902]]]},"properties":{"h3":"886014510bfffff","loss":0.023,"place":null}},{"type":"Feature","geometry":{"type":"Polygon","coordinates":[[[77.5257,12.88646],[77.52579,12.89144],[77.52162,12.89395],[77.51737,12.89147],[77.51729,12.88649],[77.52146,12.88398],[77.5257,12.88646]]]},"properties":{"h3":"886014510dfffff","loss":null,"place":null}},{"type":"Feature","geometry":{"type":"Polygon","coordinates":[[[77.49613,12.87908],[77.49621,12.88407],[77.49205,12.88658],[77.4878,12.8841],[77.48772,12.87911],[77.49188,12.87661],[77.49613,12.87908]]]},"properties":{"h3":"8860145111fffff","loss":null,"place":null}},{"type":"Feature","geometry":{"type":"Polygon","coordinates":[[[77.48772,12.87911],[77.4878,12.8841],[77.48363,12.88661],[77.47939,12.88413],[77.47931,12.87914],[77.48347,12.87664],[77.48772,12.87911]]]},"properties":{"h3":"8860145113fffff","loss":0.032,"place":null}},{"type":"Feature","geometry":{"type":"Polygon","coordinates":[[[77.50046,12.88655],[77.50054,12.89153],[77.49638,12.89404],[77.49213,12.89156],[77.49205,12.88658],[77.49621,12.88407],[77.50046,12.88655]]]},"properties":{"h3":"8860145115fffff","loss":null,"place":null}},{"type":"Feature","geometry":{"type":"Polygon","coordinates":[[[77.49205,12.88658],[77.49213,12.89156],[77.48796,12.89407],[77.48372,12.89159],[77.48363,12.88661],[77.4878,12.8841],[77.49205,12.88658]]]},"properties":{"h3":"8860145117fffff","loss":null,"place":null}},{"type":"Feature","geometry":{"type":"Polygon","coordinates":[[[77.50021,12.87159],[77.5003,12.87658],[77.49613,12.87908],[77.49188,12.87661],[77.4918,12.87162],[77.49597,12.86911],[77.50021,12.87159]]]},"properties":{"h3":"8860145119fffff","loss":0.023,"place":null}},{"type":"Feature","geometry":{"type":"Polygon","coordinates":[[[77.4918,12.87162],[77.49188,12.87661],[77.48772,12.87911],[77.48347,12.87664],[77.48339,12.87165],[77.48755,12.86914],[77.4918,12.87162]]]},"properties":{"h3":"886014511bfffff","loss":0.023,"place":null}},{"type":"Feature","geometry":{"type":"Polygon","coordinates":[[[77.50454,12.87905],[77.50463,12.88404],[77.50046,12.88655],[77.49621,12.88407],[77.49613,12.87908],[77.5003,12.87658],[77.50454,12.87905]]]},"properties":{"h3":"886014511dfffff","loss":0.026,"place":null}},{"type":"Feature","geometry":{"type":"Polygon","coordinates":[[[77.52187,12.90891],[77.52195,12.9139],[77.51778,12.9164],[77.51354,12.91393],[77.51345,12.90894],[77.51762,12.90643],[77.52187,12.90891]]]},"properties":{"h3":"8860145121fffff","loss":0.027,"place":null}},{"type":"Feature","geometry":{"type":"Polygon","coordinates":[[[77.51345,12.90894],[77.51354,12.91393],[77.50937,12.91643],[77.50512,12.91396],[77.50504,12.90897],[77.5092,12.90646],[77.51345,12.90894]]]},"properties":{"h3":"8860145123fffff","loss":0.016,"place":null}},{"type":"Feature","geometry":{"type":"Polygon","coordinates":[[[77.5262,12.91638],[77.52628,12.92136],[77.52212,12.92387],[77.51787,12.92139],[77.51778,12.9164],[77.52195,12.9139],[77.5262,12.91638]]]},"properties":{"h3":"8860145125fffff","loss":0.041,"place":null}},{"type":"Feature","geometry":{"type":"Polygon","coordinates":[[[77.51778,12.9164],[77.51787,12.92139],[77.5137,12.9239],[77.50945,12.92142],[77.50937,12.91643],[77.51354,12.91393],[77.51778,12.9164]]]},"properties":{"h3":"8860145127fffff","loss":0.031,"place":null}},{"type":"Feature","geometry":{"type":"Polygon","coordinates":[[[77.52595,12.90142],[77.52604,12.9064],[77.52187,12.90891],[77.51762,12.90643],[77.51754,12.90145],[77.5217,12.89894],[77.52595,12.90142]]]},"properties":{"h3":"8860145129fffff","loss":0.051,"place":null}},{"type":"Feature","geometry":{"type":"Polygon","coordinates":[[[77.51754,12.90145],[77.51762,12.90643],[77.51345,12.90894],[77.5092,12.90646],[77.50912,12.90148],[77.51329,12.89897],[77.51754,12.90145]]]},"properties":{"h3":"886014512bfffff","loss":0.04,"place":null}},{"type":"Feature","geometry":{"type":"Polygon","coordinates":[[[77.53029,12.90888],[77.53037,12.91387],[77.5262,12.91638],[77.52195,12.9139],[77.52187,12.90891],[77.52604,12.9064],[77.53029,12.90888]]]},"properties":{"h3":"886014512dfffff","loss":0.042,"place":null}},{"type":"Feature","geometry":{"type":"Polygon","coordinates":[[[77.50071,12.90151],[77.50079,12.90649],[77.49662,12.909],[77.49238,12.90652],[77.49229,12.90153],[77.49646,12.89903],[77.50071,12.90151]]]},"properties":{"h3":"8860145131fffff","loss":0.021,"place":null}},{"type":"Feature","geometry":{"type":"Polygon","coordinates":[[[77.49229,12.90153],[77.49238,12.90652],[77.48821,12.90903],[77.48396,12.90655],[77.48388,12.90156],[77.48805,12.89906],[77.49229,12.90153]]]},"properties":{"h3":"8860145133fffff","loss":0.02,"place":null}},{"type":"Feature","geometry":{"type":"Polygon","coordinates":[[[77.50504,12.90897],[77.50512,12.91396],[77.50095,12.91646],[77.49671,12.91398],[77.49662,12.909],[77.50079,12.90649],[77.50504,12.90897]]]},"properties":{"h3":"8860145135fffff","loss":null,"place":null}},{"type":"Feature","geometry":{"type":"Polygon","coordinates":[[[77.49662,12.909],[77.49671,12.91398],[77.49254,12.91649],[77.48829,12.91401],[77.48821,12.90903],[77.49238,12.90652],[77.49662,12.909]]]},"properties":{"h3":"8860145137fffff","loss":null,"place":null}},{"type":"Feature","geometry":{"type":"Polygon","coordinates":[[[77.50479,12.89401],[77.50487,12.899],[77.50071,12.90151],[77.49646,12.89903],[77.49638,12.89404],[77.50054,12.89153],[77.50479,12.89401]]]},"properties":{"h3":"8860145139fffff","loss":0.0,"place":null}},{"type":"Feature","geometry":{"type":"Polygon","coordinates":[[[77.49638,12.89404],[77.49646,12.89903],[77.49229,12.90153],[77.48805,12.89906],[77.48796,12.89407],[77.49213,12.89156],[77.49638,12.89404]]]},"properties":{"h3":"886014513bfffff","loss":0.012,"place":null}},{"type":"Feature","geometry":{"type":"Polygon","coordinates":[[[77.50912,12.90148],[77.5092,12.90646],[77.50504,12.90897],[77.50079,12.90649],[77.50071,12.90151],[77.50487,12.899],[77.50912,12.90148]]]},"properties":{"h3":"886014513dfffff","loss":0.012,"place":null}},{"type":"Feature","geometry":{"type":"Polygon","coordinates":[[[77.53387,12.87147],[77.53396,12.87645],[77.52979,12.87896],[77.52554,12.87648],[77.52546,12.8715],[77.52962,12.86899],[77.53387,12.87147]]]},"properties":{"h3":"8860145141fffff","loss":null,"place":null}},{"type":"Feature","geometry":{"type":"Polygon","coordinates":[[[77.52546,12.8715],[77.52554,12.87648],[77.52137,12.87899],[77.51712,12.87651],[77.51704,12.87153],[77.52121,12.86902],[77.52546,12.8715]]]},"properties":{"h3":"8860145143fffff","loss":null,"place":null}},{"type":"Feature","geometry":{"type":"Polygon","coordinates":[[[77.53821,12.87893],[77.53829,12.88392],[77.53412,12.88643],[77.52987,12.88395],[77.52979,12.87896],[77.53396,12.87645],[77.53821,12.87893]]]},"properties":{"h3":"8860145145fffff","loss":0.017,"place":null}},{"type":"Feature","geometry":{"type":"Polygon","coordinates":[[[77.52979,12.87896],[77.52987,12.88395],[77.5257,12.88646],[77.52146,12.88398],[77.52137,12.87899],[77.52554,12.87648],[77.52979,12.87896]]]},"properties":{"h3":"8860145147fffff","loss":null,"place":null}},{"type":"Feature","geometry":{"type":"Polygon","coordinates":[[[77.53796,12.86397],[77.53804,12.86896],[77.53387,12.87147],[77.52962,12.86899],[77.52954,12.864],[77.53371,12.86149],[77.53796,12.86397]]]},"properties":{"h3":"8860145149fffff","loss":0.03,"place":null}},{"type":"Feature","geometry":{"type":"Polygon","coordinates":[[[77.52954,12.864],[77.52962,12.86899],[77.52546,12.8715],[77.52121,12.86902],[77.52113,12.86403],[77.52529,12.86152],[77.52954,12.864]]]},"properties":{"h3":"886014514bfffff","loss":0.034,"place":null}},{"type":"Feature","geometry":{"type":"Polygon","coordinates":[[[77.54229,12.87143],[77.54237,12.87642],[77.53821,12.87893],[77.53396,12.87645],[77.53387,12.87147],[77.53804,12.86896],[77.54229,12.87143]]]},"properties":{"h3":"886014514dfffff","loss":0.037,"place":null}},{"type":"Feature","geometry":{"type":"Polygon","coordinates":[[[77.51271,12.86406],[77.51279,12.86905],[77.50863,12.87156],[77.50438,12.86908],[77.5043,12.8641],[77.50846,12.86159],[77.51271,12.86406]]]},"properties":{"h3":"8860145151fffff","loss":null,"place":null}},{"type":"Feature","geometry":{"type":"Polygon","coordinates":[[[77.5043,12.8641],[77.50438,12.86908],[77.50021,12.87159],[77.49597,12.86911],[77.49588,12.86413],[77.50005,12.86162],[77.5043,12.8641]]]},"properties":{"h3":"8860145153fffff","loss":null,"place":null}},{"type":"Feature","geometry":{"type":"Polygon","coordinates":[[[77.51704,12.87153],[77.51712,12.87651],[77.51296,12.87902],[77.50871,12.87655],[77.50863,12.87156],[77.51279,12.86905],[77.51704,12.87153]]]},"properties":{"h3":"8860145155fffff","loss":0.025,"place":null}},{"type":"Feature","geometry":{"type":"Polygon","coordinates":[[[77.50863,12.87156],[77.50871,12.87655],[77.50454,12.87905],[77.5003,12.87658],[77.50021,12.87159],[77.50438,12.86908],[77.50863,12.87156]]]},"properties":{"h3":"8860145157fffff","loss":null,"place":null}},{"type":"Feature","geometry":{"type":"Polygon","coordinates":[[[77.51679,12.85657],[77.51688,12.86156],[77.51271,12.86406],[77.50846,12.86159],[77.50838,12.8566],[77.51255,12.85409],[77.51679,12.85657]]]},"properties":{"h3":"8860145159fffff","loss":0.007,"place":null}},{"type":"Feature","geometry":{"type":"Polygon","coordinates":[[[77.50838,12.8566],[77.50846,12.86159],[77.5043,12.8641],[77.50005,12.86162],[77.49997,12.85663],[77.50413,12.85412],[77.50838,12.8566]]]},"properties":{"h3":"886014515bfffff","loss":null,"place":null}},{"type":"Feature","geometry":{"type":"Polygon","coordinates":[[[77.52113,12.86403],[77.52121,12.86902],[77.51704,12.87153],[77.51279,12.86905],[77.51271,12.86406],[77.51688,12.86156],[77.52113,12.86403]]]},"properties":{"h3":"886014515dfffff","loss":0.012,"place":null}},{"type":"Feature","geometry":{"type":"Polygon","coordinates":[[[77.53845,12.89389],[77.53854,12.89888],[77.53437,12.90139],[77.53012,12.89891],[77.53004,12.89392],[77.5342,12.89141],[77.53845,12.89389]]]},"properties":{"h3":"8860145161fffff","loss":0.012,"place":null}},{"type":"Feature","geometry":{"type":"Polygon","coordinates":[[[77.53004,12.89392],[77.53012,12.89891],[77.52595,12.90142],[77.5217,12.89894],[77.52162,12.89395],[77.52579,12.89144],[77.53004,12.89392]]]},"properties":{"h3":"8860145163fffff","loss":0.027,"place":null}},{"type":"Feature","geometry":{"type":"Polygon","coordinates":[[[77.54279,12.90136],[77.54287,12.90634],[77.5387,12.90885],[77.53445,12.90637],[77.53437,12.90139],[77.53854,12.89888],[77.54279,12.90136]]]},"properties":{"h3":"8860145165fffff","loss":0.037,"place":null}},{"type":"Feature","geometry":{"type":"Polygon","coordinates":[[[77.53437,12.90139],[77.53445,12.90637],[77.53029,12.90888],[77.52604,12.9064],[77.52595,12.90142],[77.53012,12.89891],[77.53437,12.90139]]]},"properties":{"h3":"8860145167fffff","loss":0.0,"place":null}},{"type":"Feature","geometry":{"type":"Polygon","coordinates":[[[77.54254,12.8864],[77.54262,12.89138],[77.53845,12.89389],[77.5342,12.89141],[77.53412,12.88643],[77.53829,12.88392],[77.54254,12.8864]]]},"properties":{"h3":"8860145169fffff","loss":0.03,"place":null}},{"type":"Feature","geometry":{"type":"Polygon","coordinates":[[[77.53412,12.88643],[77.5342,12.89141],[77.53004,12.89392],[77.52579,12.89144],[77.5257,12.88646],[77.52987,12.88395],[77.53412,12.88643]]]},"properties":{"h3":"886014516bfffff","loss":null,"place":null}},{"type":"Feature","geometry":{"type":"Polygon","coordinates":[[[77.54687,12.89386],[77.54695,12.89885],[77.54279,12.90136],[77.53854,12.89888],[77.53845,12.89389],[77.54262,12.89138],[77.54687,12.89386]]]},"properties":{"h3":"886014516dfffff","loss":null,"place":null}},{"type":"Feature","geometry":{"type":"Polygon","coordinates":[[[77.4584,12.88669],[77.45848,12.89168],[77.45432,12.89418],[77.45007,12.89171],[77.44999,12.88672],[77.45416,12.88421],[77.4584,12.88669]]]},"properties":{"h3":"8860145181fffff","loss":0.014,"place":null}},{"type":"Feature","geometry":{"type":"Polygon","coordinates":[[[77.44999,12.88672],[77.45007,12.89171],[77.44591,12.89421],[77.44167,12.89173],[77.44159,12.88675],[77.44575,12.88424],[77.44999,12.88672]]]},"properties":{"h3":"8860145183fffff","loss":0.023,"place":null}},{"type":"Feature","geometry":{"type":"Polygon","coordinates":[[[77.46273,12.89416],[77.46281,12.89914],[77.45865,12.90165],[77.4544,12.89917],[77.45432,12.89418],[77.45848,12.89168],[77.46273,12.89416]]]},"properties":{"h3":"8860145185fffff","loss":0.086,"place":null}},{"type":"Feature","geometry":{"type":"Polygon","coordinates":[[[77.45432,12.89418],[77.4544,12.89917],[77.45024,12.90167],[77.44599,12.8992],[77.44591,12.89421],[77.45007,12.89171],[77.45432,12.89418]]]},"properties":{"h3":"8860145187fffff","loss":0.01,"place":null}},{"type":"Feature","geometry":{"type":"Polygon","coordinates":[[[77.46249,12.8792],[77.46257,12.88419],[77.4584,12.88669],[77.45416,12.88421],[77.45408,12.87923],[77.45824,12.87672],[77.46249,12.8792]]]},"properties":{"h3":"8860145189fffff","loss":0.03,"place":null}},{"type":"Feature","geometry":{"type":"Polygon","coordinates":[[[77.45408,12.87923],[77.45416,12.88421],[77.44999,12.88672],[77.44575,12.88424],[77.44567,12.87926],[77.44983,12.87675],[77.45408,12.87923]]]},"properties":{"h3":"886014518bfffff","loss":0.044,"place":null}},{"type":"Feature","geometry":{"type":"Polygon","coordinates":[[[77.46681,12.88666],[77.46689,12.89165],[77.46273,12.89416],[77.45848,12.89168],[77.4584,12.88669],[77.46257,12.88419],[77.46681,12.88666]]]},"properties":{"h3":"886014518dfffff","loss":null,"place":null}},{"type":"Feature","geometry":{"type":"Polygon","coordinates":[[[77.43726,12.87929],[77.43734,12.88427],[77.43318,12.88678],[77.42893,12.8843],[77.42885,12.87931],[77.43302,12.87681],[77.43726,12.87929]]]},"properties":{"h3":"8860145191fffff","loss":0.056,"place":null}},{"type":"Feature","geometry":{"type":"Polygon","coordinates":[[[77.42885,12.87931],[77.42893,12.8843],[77.42477,12.8868],[77.42053,12.88433],[77.42045,12.87934],[77.42461,12.87684],[77.42885,12.87931]]]},"properties":{"h3":"8860145193fffff","loss":null,"place":null}},{"type":"Feature","geometry":{"type":"Polygon","coordinates":[[[77.44159,12.88675],[77.44167,12.89173],[77.4375,12.89424],[77.43326,12.89176],[77.43318,12.88678],[77.43734,12.88427],[77.44159,12.88675]]]},"properties":{"h3":"8860145195fffff","loss":0.06,"place":null}},{"type":"Feature","geometry":{"type":"Polygon","coordinates":[[[77.43318,12.88678],[77.43326,12.89176],[77.4291,12.89427],[77.42485,12.89179],[77.42477,12.8868],[77.42893,12.8843],[77.43318,12.88678]]]},"properties":{"h3":"8860145197fffff","loss":0.03,"place":null}},{"type":"Feature","geometry":{"type":"Polygon","coordinates":[[[77.44134,12.8718],[77.44142,12.87678],[77.43726,12.87929],[77.43302,12.87681],[77.43293,12.87182],[77.4371,12.86932],[77.44134,12.8718]]]},"properties":{"h3":"8860145199fffff","loss":null,"place":null}},{"type":"Feature","geometry":{"type":"Polygon","coordinates":[[[77.43293,12.87182],[77.43302,12.87681],[77.42885,12.87931],[77.42461,12.87684],[77.42453,12.87185],[77.42869,12.86935],[77.43293,12.87182]]]},"properties":{"h3":"886014519bfffff","loss":null,"place":null}},{"type":"Feature","geometry":{"type":"Polygon","coordinates":[[[77.44567,12.87926],[77.44575,12.88424],[77.44159,12.88675],[77.43734,12.88427],[77.43726,12.87929],[77.44142,12.87678],[77.44567,12.87926]]]},"properties":{"h3":"886014519dfffff","loss":0.013,"place":null}},{"type":"Feature","geometry":{"type":"Polygon","coordinates":[[[77.46297,12.90911],[77.46306,12.91409],[77.45889,12.9166],[77.45465,12.91412],[77.45456,12.90914],[77.45873,12.90663],[77.46297,12.90911]]]},"properties":{"h3":"88601451a1fffff","loss":0.028,"place":null}},{"type":"Feature","geometry":{"type":"Polygon","coordinates":[[[77.45456,12.90914],[77.45465,12.91412],[77.45048,12.91663],[77.44624,12.91415],[77.44616,12.90916],[77.45032,12.90666],[77.45456,12.90914]]]},"properties":{"h3":"88601451a3fffff","loss":0.007,"place":null}},{"type":"Feature","geometry":{"type":"Polygon","coordinates":[[[77.4673,12.91657],[77.46738,12.92156],[77.46322,12.92406],[77.45897,12.92158],[77.45889,12.9166],[77.46306,12.91409],[77.4673,12.91657]]]},"properties":{"h3":"88601451a5fffff","loss":null,"place":null}},{"type":"Feature","geometry":{"type":"Polygon","coordinates":[[[77.45889,12.9166],[77.45897,12.92158],[77.45481,12.92409],[77.45056,12.92161],[77.45048,12.91663],[77.45465,12.91412],[77.45889,12.9166]]]},"properties":{"h3":"88601451a7fffff","loss":0.015,"place":null}},{"type":"Feature","geometry":{"type":"Polygon","coordinates":[[[77.46706,12.90162],[77.46714,12.9066],[77.46297,12.90911],[77.45873,12.90663],[77.45865,12.90165],[77.46281,12.89914],[77.46706,12.90162]]]},"properties":{"h3":"88601451a9fffff","loss":null,"place":null}},{"type":"Feature","geometry":{"type":"Polygon","coordinates":[[[77.45865,12.90165],[77.45873,12.90663],[77.45456,12.90914],[77.45032,12.90666],[77.45024,12.90167],[77.4544,12.89917],[77.45865,12.90165]]]},"properties":{"h3":"88601451abfffff","loss":0.0,"place":null}},{"type":"Feature","geometry":{"type":"Polygon","coordinates":[[[77.47139,12.90908],[77.47147,12.91407],[77.4673,12.91657],[77.46306,12.91409],[77.46297,12.90911],[77.46714,12.9066],[77.47139,12.90908]]]},"properties":{"h3":"88601451adfffff","loss":null,"place":null}},{"type":"Feature","geometry":{"type":"Polygon","coordinates":[[[77.44183,12.9017],[77.44191,12.90669],[77.43775,12.90919],[77.4335,12.90671],[77.43342,12.90173],[77.43758,12.89922],[77.44183,12.9017]]]},"properties":{"h3":"88601451b1fffff","loss":0.035,"place":null}},{"type":"Feature","geometry":{"type":"Polygon","coordinates":[[[77.43342,12.90173],[77.4335,12.90671],[77.42934,12.90922],[77.42509,12.90674],[77.42501,12.90176],[77.42918,12.89925],[77.43342,12.90173]]]},"properties":{"h3":"88601451b3fffff","loss":0.016,"place":null}},{"type":"Feature","geometry":{"type":"Polygon","coordinates":[[[77.44616,12.90916],[77.44624,12.91415],[77.44207,12.91665],[77.43783,12.91418],[77.43775,12.90919],[77.44191,12.90669],[77.44616,12.90916]]]},"properties":{"h3":"88601451b5fffff","loss":null,"place":null}},{"type":"Feature","geometry":{"type":"Polygon","coordinates":[[[77.43775,12.90919],[77.43783,12.91418],[77.43366,12.91668],[77.42942,12.9142],[77.42934,12.90922],[77.4335,12.90671],[77.43775,12.90919]]]},"properties":{"h3":"88601451b7fffff","loss":null,"place":null}},{"type":"Feature","geometry":{"type":"Polygon","coordinates":[[[77.44591,12.89421],[77.44599,12.8992],[77.44183,12.9017],[77.43758,12.89922],[77.4375,12.89424],[77.44167,12.89173],[77.44591,12.89421]]]},"properties":{"h3":"88601451b9fffff","loss":0.052,"place":null}},{"type":"Feature","geometry":{"type":"Polygon","coordinates":[[[77.4375,12.89424],[77.43758,12.89922],[77.43342,12.90173],[77.42918,12.89925],[77.4291,12.89427],[77.43326,12.89176],[77.4375,12.89424]]]},"properties":{"h3":"88601451bbfffff","loss":0.032,"place":null}},{"type":"Feature","geometry":{"type":"Polygon","coordinates":[[[77.45024,12.90167],[77.45032,12.90666],[77.44616,12.90916],[77.44191,12.90669],[77.44183,12.9017],[77.44599,12.8992],[77.45024,12.90167]]]},"properties":{"h3":"88601451bdfffff","loss":null,"place":null}},{"type":"Feature","geometry":{"type":"Polygon","coordinates":[[[77.47498,12.87168],[77.47506,12.87667],[77.4709,12.87917],[77.46665,12.87669],[77.46657,12.87171],[77.47073,12.8692],[77.47498,12.87168]]]},"properties":{"h3":"88601451c1fffff","loss":0.006,"place":null}},{"type":"Feature","geometry":{"type":"Polygon","coordinates":[[[77.46657,12.87171],[77.46665,12.87669],[77.46249,12.8792],[77.45824,12.87672],[77.45816,12.87174],[77.46232,12.86923],[77.46657,12.87171]]]},"properties":{"h3":"88601451c3fffff","loss":0.054,"place":null}},{"type":"Feature","geometry":{"type":"Polygon","coordinates":[[[77.47931,12.87914],[77.47939,12.88413],[77.47522,12.88664],[77.47098,12.88416],[77.4709,12.87917],[77.47506,12.87667],[77.47931,12.87914]]]},"properties":{"h3":"88601451c5fffff","loss":null,"place":null}},{"type":"Feature","geometry":{"type":"Polygon","coordinates":[[[77.4709,12.87917],[77.47098,12.88416],[77.46681,12.88666],[77.46257,12.88419],[77.46249,12.8792],[77.46665,12.87669],[77.4709,12.87917]]]},"properties":{"h3":"88601451c7fffff","loss":0.002,"place":null}},{"type":"Feature","geometry":{"type":"Polygon","coordinates":[[[77.47906,12.86419],[77.47914,12.86917],[77.47498,12.87168],[77.47073,12.8692],[77.47065,12.86422],[77.47481,12.86171],[77.47906,12.86419]]]},"properties":{"h3":"88601451c9fffff","loss":0.008,"place":null}},{"type":"Feature","geometry":{"type":"Polygon","coordinates":[[[77.47065,12.86422],[77.47073,12.8692],[77.46657,12.87171],[77.46232,12.86923],[77.46224,12.86425],[77.4664,12.86174],[77.47065,12.86422]]]},"properties":{"h3":"88601451cbfffff","loss":0.13,"place":"gudimavu"}},{"type":"Feature","geometry":{"type":"Polygon","coordinates":[[[77.48339,12.87165],[77.48347,12.87664],[77.47931,12.87914],[77.47506,12.87667],[77.47498,12.87168],[77.47914,12.86917],[77.48339,12.87165]]]},"properties":{"h3":"88601451cdfffff","loss":0.063,"place":null}},{"type":"Feature","geometry":{"type":"Polygon","coordinates":[[[77.45383,12.86428],[77.45391,12.86926],[77.44975,12.87177],[77.4455,12.86929],[77.44542,12.86431],[77.44959,12.8618],[77.45383,12.86428]]]},"properties":{"h3":"88601451d1fffff","loss":0.027,"place":null}},{"type":"Feature","geometry":{"type":"Polygon","coordinates":[[[77.44542,12.86431],[77.4455,12.86929],[77.44134,12.8718],[77.4371,12.86932],[77.43702,12.86433],[77.44118,12.86183],[77.44542,12.86431]]]},"properties":{"h3":"88601451d3fffff","loss":0.072,"place":null}},{"type":"Feature","geometry":{"type":"Polygon","coordinates":[[[77.45816,12.87174],[77.45824,12.87672],[77.45408,12.87923],[77.44983,12.87675],[77.44975,12.87177],[77.45391,12.86926],[77.45816,12.87174]]]},"properties":{"h3":"88601451d5fffff","loss":0.045,"place":null}},{"type":"Feature","geometry":{"type":"Polygon","coordinates":[[[77.44975,12.87177],[77.44983,12.87675],[77.44567,12.87926],[77.44142,12.87678],[77.44134,12.8718],[77.4455,12.86929],[77.44975,12.87177]]]},"properties":{"h3":"88601451d7fffff","loss":0.027,"place":null}},{"type":"Feature","geometry":{"type":"Polygon","coordinates":[[[77.45791,12.85678],[77.45799,12.86177],[77.45383,12.86428],[77.44959,12.8618],[77.44951,12.85681],[77.45367,12.85431],[77.45791,12.85678]]]},"properties":{"h3":"88601451d9fffff","loss":0.005,"place":null}},{"type":"Feature","geometry":{"type":"Polygon","coordinates":[[[77.44951,12.85681],[77.44959,12.8618],[77.44542,12.86431],[77.44118,12.86183],[77.4411,12.85684],[77.44526,12.85434],[77.44951,12.85681]]]},"properties":{"h3":"88601451dbfffff","loss":0.12,"place":"tagachaguppe"}},{"type":"Feature","geometry":{"type":"Polygon","coordinates":[[[77.46224,12.86425],[77.46232,12.86923],[77.45816,12.87174],[77.45391,12.86926],[77.45383,12.86428],[77.45799,12.86177],[77.46224,12.86425]]]},"properties":{"h3":"88601451ddfffff","loss":0.094,"place":null}},{"type":"Feature","geometry":{"type":"Polygon","coordinates":[[[77.47955,12.8941],[77.47963,12.89908],[77.47547,12.90159],[77.47122,12.89911],[77.47114,12.89413],[77.47531,12.89162],[77.47955,12.8941]]]},"properties":{"h3":"88601451e1fffff","loss":null,"place":null}},{"type":"Feature","geometry":{"type":"Polygon","coordinates":[[[77.47114,12.89413],[77.47122,12.89911],[77.46706,12.90162],[77.46281,12.89914],[77.46273,12.89416],[77.46689,12.89165],[77.47114,12.89413]]]},"properties":{"h3":"88601451e3fffff","loss":0.003,"place":null}},{"type":"Feature","geometry":{"type":"Polygon","coordinates":[[[77.48388,12.90156],[77.48396,12.90655],[77.4798,12.90905],[77.47555,12.90658],[77.47547,12.90159],[77.47963,12.89908],[77.48388,12.90156]]]},"properties":{"h3":"88601451e5fffff","loss":0.074,"place":null}},{"type":"Feature","geometry":{"type":"Polygon","coordinates":[[[77.47547,12.90159],[77.47555,12.90658],[77.47139,12.90908],[77.46714,12.9066],[77.46706,12.90162],[77.47122,12.89911],[77.47547,12.90159]]]},"properties":{"h3":"88601451e7fffff","loss":0.013,"place":null}},{"type":"Feature","geometry":{"type":"Polygon","coordinates":[[[77.48363,12.88661],[77.48372,12.89159],[77.47955,12.8941],[77.47531,12.89162],[77.47522,12.88664],[77.47939,12.88413],[77.48363,12.88661]]]},"properties":{"h3":"88601451e9fffff","loss":0.034,"place":null}},{"type":"Feature","geometry":{"type":"Polygon","coordinates":[[[77.47522,12.88664],[77.47531,12.89162],[77.47114,12.89413],[77.46689,12.89165],[77.46681,12.88666],[77.47098,12.88416],[77.47522,12.88664]]]},"properties":{"h3":"88601451ebfffff","loss":0.026,"place":null}},{"type":"Feature","geometry":{"type":"Polygon","coordinates":[[[77.48796,12.89407],[77.48805,12.89906],[77.48388,12.90156],[77.47963,12.89908],[77.47955,12.8941],[77.48372,12.89159],[77.48796,12.89407]]]},"properties":{"h3":"88601451edfffff","loss":0.014,"place":null}},{"type":"Feature","geometry":{"type":"Polygon","coordinates":[[[77.51556,12.78177],[77.51564,12.78675],[77.51147,12.78927],[77.50723,12.78679],[77.50714,12.7818],[77.51131,12.77929],[77.51556,12.78177]]]},"properties":{"h3":"8860145201fffff","loss":null,"place":null}},{"type":"Feature","geometry":{"type":"Polygon","coordinates":[[[77.50714,12.7818],[77.50723,12.78679],[77.50306,12.7893],[77.49882,12.78682],[77.49873,12.78184],[77.5029,12.77933],[77.50714,12.7818]]]},"properties":{"h3":"8860145203fffff","loss":null,"place":null}},{"type":"Feature","geometry":{"type":"Polygon","coordinates":[[[77.51989,12.78923],[77.51997,12.79422],[77.5158,12.79673],[77.51156,12.79425],[77.51147,12.78927],[77.51564,12.78675],[77.51989,12.78923]]]},"properties":{"h3":"8860145205fffff","loss":null,"place":null}},{"type":"Feature","geometry":{"type":"Polygon","coordinates":[[[77.51147,12.78927],[77.51156,12.79425],[77.50739,12.79676],[77.50314,12.79429],[77.50306,12.7893],[77.50723,12.78679],[77.51147,12.78927]]]},"properties":{"h3":"8860145207fffff","loss":null,"place":null}},{"type":"Feature","geometry":{"type":"Polygon","coordinates":[[[77.51964,12.77427],[77.51972,12.77926],[77.51556,12.78177],[77.51131,12.77929],[77.51123,12.77431],[77.51539,12.77179],[77.51964,12.77427]]]},"properties":{"h3":"8860145209fffff","loss":null,"place":null}},{"type":"Feature","geometry":{"type":"Polygon","coordinates":[[[77.51123,12.77431],[77.51131,12.77929],[77.50714,12.7818],[77.5029,12.77933],[77.50282,12.77434],[77.50698,12.77183],[77.51123,12.77431]]]},"properties":{"h3":"886014520bfffff","loss":null,"place":null}},{"type":"Feature","geometry":{"type":"Polygon","coordinates":[[[77.52397,12.78173],[77.52405,12.78672],[77.51989,12.78923],[77.51564,12.78675],[77.51556,12.78177],[77.51972,12.77926],[77.52397,12.78173]]]},"properties":{"h3":"886014520dfffff","loss":0.059,"place":null}},{"type":"Feature","geometry":{"type":"Polygon","coordinates":[[[77.49441,12.77438],[77.49449,12.77936],[77.49032,12.78187],[77.48608,12.7794],[77.486,12.77441],[77.49016,12.7719],[77.49441,12.77438]]]},"properties":{"h3":"8860145211fffff","loss":0.008,"place":null}},{"type":"Feature","geometry":{"type":"Polygon","coordinates":[[[77.486,12.77441],[77.48608,12.7794],[77.48191,12.78191],[77.47767,12.77943],[77.47759,12.77444],[77.48175,12.77193],[77.486,12.77441]]]},"properties":{"h3":"8860145213fffff","loss":null,"place":null}},{"type":"Feature","geometry":{"type":"Polygon","coordinates":[[[77.49873,12.78184],[77.49882,12.78682],[77.49465,12.78933],[77.49041,12.78686],[77.49032,12.78187],[77.49449,12.77936],[77.49873,12.78184]]]},"properties":{"h3":"8860145215fffff","loss":null,"place":null}},{"type":"Feature","geometry":{"type":"Polygon","coordinates":[[[77.49032,12.78187],[77.49041,12.78686],[77.48624,12.78937],[77.482,12.78689],[77.48191,12.78191],[77.48608,12.7794],[77.49032,12.78187]]]},"properties":{"h3":"8860145217fffff","loss":null,"place":null}},{"type":"Feature","geometry":{"type":"Polygon","coordinates":[[[77.49849,12.76688],[77.49857,12.77186],[77.49441,12.77438],[77.49016,12.7719],[77.49008,12.76691],[77.49424,12.7644],[77.49849,12.76688]]]},"properties":{"h3":"8860145219fffff","loss":null,"place":null}},{"type":"Feature","geometry":{"type":"Polygon","coordinates":[[[77.49008,12.76691],[77.49016,12.7719],[77.486,12.77441],[77.48175,12.77193],[77.48167,12.76695],[77.48583,12.76444],[77.49008,12.76691]]]},"properties":{"h3":"886014521bfffff","loss":null,"place":null}},{"type":"Feature","geometry":{"type":"Polygon","coordinates":[[[77.50282,12.77434],[77.5029,12.77933],[77.49873,12.78184],[77.49449,12.77936],[77.49441,12.77438],[77.49857,12.77186],[77.50282,12.77434]]]},"properties":{"h3":"886014521dfffff","loss":null,"place":null}},{"type":"Feature","geometry":{"type":"Polygon","coordinates":[[[77.52013,12.80419],[77.52022,12.80918],[77.51605,12.81169],[77.5118,12.80921],[77.51172,12.80423],[77.51589,12.80172],[77.52013,12.80419]]]},"properties":{"h3":"8860145221fffff","loss":0.004,"place":null}},{"type":"Feature","geometry":{"type":"Polygon","coordinates":[[[77.51172,12.80423],[77.5118,12.80921],[77.50764,12.81172],[77.50339,12.80925],[77.50331,12.80426],[77.50747,12.80175],[77.51172,12.80423]]]},"properties":{"h3":"8860145223fffff","loss":null,"place":null}},{"type":"Feature","geometry":{"type":"Polygon","coordinates":[[[77.52446,12.81166],[77.52455,12.81664],[77.52038,12.81915],[77.51613,12.81668],[77.51605,12.81169],[77.52022,12.80918],[77.52446,12.81166]]]},"properties":{"h3":"8860145225fffff","loss":null,"place":null}},{"type":"Feature","geometry":{"type":"Polygon","coordinates":[[[77.51605,12.81169],[77.51613,12.81668],[77.51197,12.81919],[77.50772,12.81671],[77.50764,12.81172],[77.5118,12.80921],[77.51605,12.81169]]]},"properties":{"h3":"8860145227fffff","loss":0.021,"place":null}},{"type":"Feature","geometry":{"type":"Polygon","coordinates":[[[77.52422,12.79669],[77.5243,12.80168],[77.52013,12.80419],[77.51589,12.80172],[77.5158,12.79673],[77.51997,12.79422],[77.52422,12.79669]]]},"properties":{"h3":"8860145229fffff","loss":null,"place":null}},{"type":"Feature","geometry":{"type":"Polygon","coordinates":[[[77.5158,12.79673],[77.51589,12.80172],[77.51172,12.80423],[77.50747,12.80175],[77.50739,12.79676],[77.51156,12.79425],[77.5158,12.79673]]]},"properties":{"h3":"886014522bfffff","loss":0.024,"place":null}},{"type":"Feature","geometry":{"type":"Polygon","coordinates":[[[77.52855,12.80416],[77.52863,12.80914],[77.52446,12.81166],[77.52022,12.80918],[77.52013,12.80419],[77.5243,12.80168],[77.52855,12.80416]]]},"properties":{"h3":"886014522dfffff","loss":null,"place":null}},{"type":"Feature","geometry":{"type":"Polygon","coordinates":[[[77.49898,12.7968],[77.49906,12.80178],[77.4949,12.80429],[77.49065,12.80182],[77.49057,12.79683],[77.49473,12.79432],[77.49898,12.7968]]]},"properties":{"h3":"8860145231fffff","loss":null,"place":null}},{"type":"Feature","geometry":{"type":"Polygon","coordinates":[[[77.49057,12.79683],[77.49065,12.80182],[77.48649,12.80433],[77.48224,12.80185],[77.48216,12.79686],[77.48632,12.79435],[77.49057,12.79683]]]},"properties":{"h3":"8860145233fffff","loss":null,"place":null}},{"type":"Feature","geometry":{"type":"Polygon","coordinates":[[[77.50331,12.80426],[77.50339,12.80925],[77.49923,12.81176],[77.49498,12.80928],[77.4949,12.80429],[77.49906,12.80178],[77.50331,12.80426]]]},"properties":{"h3":"8860145235fffff","loss":null,"place":null}},{"type":"Feature","geometry":{"type":"Polygon","coordinates":[[[77.4949,12.80429],[77.49498,12.80928],[77.49082,12.81179],[77.48657,12.80931],[77.48649,12.80433],[77.49065,12.80182],[77.4949,12.80429]]]},"properties":{"h3":"8860145237fffff","loss":null,"place":null}},{"type":"Feature","geometry":{"type":"Polygon","coordinates":[[[77.50306,12.7893],[77.50314,12.79429],[77.49898,12.7968],[77.49473,12.79432],[77.49465,12.78933],[77.49882,12.78682],[77.50306,12.7893]]]},"properties":{"h3":"8860145239fffff","loss":null,"place":null}},{"type":"Feature","geometry":{"type":"Polygon","coordinates":[[[77.49465,12.78933],[77.49473,12.79432],[77.49057,12.79683],[77.48632,12.79435],[77.48624,12.78937],[77.49041,12.78686],[77.49465,12.78933]]]},"properties":{"h3":"886014523bfffff","loss":null,"place":null}},{"type":"Feature","geometry":{"type":"Polygon","coordinates":[[[77.50739,12.79676],[77.50747,12.80175],[77.50331,12.80426],[77.49906,12.80178],[77.49898,12.7968],[77.50314,12.79429],[77.50739,12.79676]]]},"properties":{"h3":"886014523dfffff","loss":null,"place":null}},{"type":"Feature","geometry":{"type":"Polygon","coordinates":[[[77.53213,12.76673],[77.53222,12.77172],[77.52805,12.77423],[77.5238,12.77176],[77.52372,12.76677],[77.52789,12.76426],[77.53213,12.76673]]]},"properties":{"h3":"8860145241fffff","loss":null,"place":null}},{"type":"Feature","geometry":{"type":"Polygon","coordinates":[[[77.52372,12.76677],[77.5238,12.77176],[77.51964,12.77427],[77.51539,12.77179],[77.51531,12.76681],[77.51947,12.7643],[77.52372,12.76677]]]},"properties":{"h3":"8860145243fffff","loss":null,"place":null}},{"type":"Feature","geometry":{"type":"Polygon","coordinates":[[[77.53646,12.7742],[77.53655,12.77919],[77.53238,12.7817],[77.52813,12.77922],[77.52805,12.77423],[77.53222,12.77172],[77.53646,12.7742]]]},"properties":{"h3":"8860145245fffff","loss":null,"place":null}},{"type":"Feature","geometry":{"type":"Polygon","coordinates":[[[77.52805,12.77423],[77.52813,12.77922],[77.52397,12.78173],[77.51972,12.77926],[77.51964,12.77427],[77.5238,12.77176],[77.52805,12.77423]]]},"properties":{"h3":"8860145247fffff","loss":null,"place":null}},{"type":"Feature","geometry":{"type":"Polygon","coordinates":[[[77.53622,12.75923],[77.5363,12.76422],[77.53213,12.76673],[77.52789,12.76426],[77.5278,12.75927],[77.53197,12.75676],[77.53622,12.75923]]]},"properties":{"h3":"8860145249fffff","loss":null,"place":null}},{"type":"Feature","geometry":{"type":"Polygon","coordinates":[[[77.5278,12.75927],[77.52789,12.76426],[77.52372,12.76677],[77.51947,12.7643],[77.51939,12.75931],[77.52356,12.7568],[77.5278,12.75927]]]},"properties":{"h3":"886014524bfffff","loss":null,"place":null}},{"type":"Feature","geometry":{"type":"Polygon","coordinates":[[[77.54055,12.7667],[77.54063,12.77169],[77.53646,12.7742],[77.53222,12.77172],[77.53213,12.76673],[77.5363,12.76422],[77.54055,12.7667]]]},"properties":{"h3":"886014524dfffff","loss":null,"place":null}},{"type":"Feature","geometry":{"type":"Polygon","coordinates":[[[77.51098,12.75934],[77.51106,12.76433],[77.5069,12.76684],[77.50265,12.76437],[77.50257,12.75938],[77.50673,12.75687],[77.51098,12.75934]]]},"properties":{"h3":"8860145251fffff","loss":null,"place":null}},{"type":"Feature","geometry":{"type":"Polygon","coordinates":[[[77.50257,12.75938],[77.50265,12.76437],[77.49849,12.76688],[77.49424,12.7644],[77.49416,12.75942],[77.49832,12.7569],[77.50257,12.75938]]]},"properties":{"h3":"8860145253fffff","loss":0.008,"place":null}},{"type":"Feature","geometry":{"type":"Polygon","coordinates":[[[77.51531,12.76681],[77.51539,12.77179],[77.51123,12.77431],[77.50698,12.77183],[77.5069,12.76684],[77.51106,12.76433],[77.51531,12.76681]]]},"properties":{"h3":"8860145255fffff","loss":null,"place":null}},{"type":"Feature","geometry":{"type":"Polygon","coordinates":[[[77.5069,12.76684],[77.50698,12.77183],[77.50282,12.77434],[77.49857,12.77186],[77.49849,12.76688],[77.50265,12.76437],[77.5069,12.76684]]]},"properties":{"h3":"8860145257fffff","loss":null,"place":null}},{"type":"Feature","geometry":{"type":"Polygon","coordinates":[[[77.51506,12.75185],[77.51514,12.75683],[77.51098,12.75934],[77.50673,12.75687],[77.50665,12.75188],[77.51081,12.74937],[77.51506,12.75185]]]},"properties":{"h3":"8860145259fffff","loss":null,"place":null}},{"type":"Feature","geometry":{"type":"Polygon","coordinates":[[[77.50665,12.75188],[77.50673,12.75687],[77.50257,12.75938],[77.49832,12.7569],[77.49824,12.75192],[77.5024,12.74941],[77.50665,12.75188]]]},"properties":{"h3":"886014525bfffff","loss":null,"place":null}},{"type":"Feature","geometry":{"type":"Polygon","coordinates":[[[77.51939,12.75931],[77.51947,12.7643],[77.51531,12.76681],[77.51106,12.76433],[77.51098,12.75934],[77.51514,12.75683],[77.51939,12.75931]]]},"properties":{"h3":"886014525dfffff","loss":null,"place":null}},{"type":"Feature","geometry":{"type":"Polygon","coordinates":[[[77.53671,12.78916],[77.5368,12.79415],[77.53263,12.79666],[77.52838,12.79418],[77.5283,12.7892],[77.53246,12.78668],[77.53671,12.78916]]]},"properties":{"h3":"8860145261fffff","loss":null,"place":null}},{"type":"Feature","geometry":{"type":"Polygon","coordinates":[[[77.5283,12.7892],[77.52838,12.79418],[77.52422,12.79669],[77.51997,12.79422],[77.51989,12.78923],[77.52405,12.78672],[77.5283,12.7892]]]},"properties":{"h3":"8860145263fffff","loss":null,"place":null}},{"type":"Feature","geometry":{"type":"Polygon","coordinates":[[[77.54104,12.79662],[77.54113,12.80161],[77.53696,12.80412],[77.53271,12.80165],[77.53263,12.79666],[77.5368,12.79415],[77.54104,12.79662]]]},"properties":{"h3":"8860145265fffff","loss":null,"place":null}},{"type":"Feature","geometry":{"type":"Polygon","coordinates":[[[77.53263,12.79666],[77.53271,12.80165],[77.52855,12.80416],[77.5243,12.80168],[77.52422,12.79669],[77.52838,12.79418],[77.53263,12.79666]]]},"properties":{"h3":"8860145267fffff","loss":null,"place":null}},{"type":"Feature","geometry":{"type":"Polygon","coordinates":[[[77.5408,12.78166],[77.54088,12.78665],[77.53671,12.78916],[77.53246,12.78668],[77.53238,12.7817],[77.53655,12.77919],[77.5408,12.78166]]]},"properties":{"h3":"8860145269fffff","loss":null,"place":null}},{"type":"Feature","geometry":{"type":"Polygon","coordinates":[[[77.53238,12.7817],[77.53246,12.78668],[77.5283,12.7892],[77.52405,12.78672],[77.52397,12.78173],[77.52813,12.77922],[77.53238,12.7817]]]},"properties":{"h3":"886014526bfffff","loss":null,"place":null}},{"type":"Feature","geometry":{"type":"Polygon","coordinates":[[[77.54513,12.78912],[77.54521,12.79411],[77.54104,12.79662],[77.5368,12.79415],[77.53671,12.78916],[77.54088,12.78665],[77.54513,12.78912]]]},"properties":{"h3":"886014526dfffff","loss":null,"place":null}},{"type":"Feature","geometry":{"type":"Polygon","coordinates":[[[77.45669,12.78201],[77.45677,12.78699],[77.45261,12.7895],[77.44837,12.78703],[77.44828,12.78204],[77.45245,12.77953],[77.45669,12.78201]]]},"properties":{"h3":"8860145281fffff","loss":null,"place":null}},{"type":"Feature","geometry":{"type":"Polygon","coordinates":[[[77.46102,12.78947],[77.4611,12.79445],[77.45694,12.79696],[77.45269,12.79449],[77.45261,12.7895],[77.45677,12.78699],[77.46102,12.78947]]]},"properties":{"h3":"8860145285fffff","loss":0.001,"place":null}},{"type":"Feature","geometry":{"type":"Polygon","coordinates":[[[77.45261,12.7895],[77.45269,12.79449],[77.44853,12.797],[77.44428,12.79452],[77.4442,12.78953],[77.44837,12.78703],[77.45261,12.7895]]]},"properties":{"h3":"8860145287fffff","loss":0.034,"place":null}},{"type":"Feature","geometry":{"type":"Polygon","coordinates":[[[77.4651,12.78197],[77.46518,12.78696],[77.46102,12.78947],[77.45677,12.78699],[77.45669,12.78201],[77.46085,12.7795],[77.4651,12.78197]]]},"properties":{"h3":"886014528dfffff","loss":null,"place":null}},{"type":"Feature","geometry":{"type":"Polygon","coordinates":[[[77.46126,12.80443],[77.46134,12.80941],[77.45718,12.81192],[77.45294,12.80944],[77.45285,12.80446],[77.45702,12.80195],[77.46126,12.80443]]]},"properties":{"h3":"88601452a1fffff","loss":null,"place":null}},{"type":"Feature","geometry":{"type":"Polygon","coordinates":[[[77.45285,12.80446],[77.45294,12.80944],[77.44877,12.81195],[77.44453,12.80947],[77.44445,12.80449],[77.44861,12.80198],[77.45285,12.80446]]]},"properties":{"h3":"88601452a3fffff","loss":null,"place":null}},{"type":"Feature","geometry":{"type":"Polygon","coordinates":[[[77.46559,12.81189],[77.46567,12.81687],[77.46151,12.81938],[77.45726,12.8169],[77.45718,12.81192],[77.46134,12.80941],[77.46559,12.81189]]]},"properties":{"h3":"88601452a5fffff","loss":null,"place":null}},{"type":"Feature","geometry":{"type":"Polygon","coordinates":[[[77.45718,12.81192],[77.45726,12.8169],[77.4531,12.81941],[77.44885,12.81694],[77.44877,12.81195],[77.45294,12.80944],[77.45718,12.81192]]]},"properties":{"h3":"88601452a7fffff","loss":null,"place":null}},{"type":"Feature","geometry":{"type":"Polygon","coordinates":[[[77.46534,12.79693],[77.46542,12.80192],[77.46126,12.80443],[77.45702,12.80195],[77.45694,12.79696],[77.4611,12.79445],[77.46534,12.79693]]]},"properties":{"h3":"88601452a9fffff","loss":null,"place":null}},{"type":"Feature","geometry":{"type":"Polygon","coordinates":[[[77.45694,12.79696],[77.45702,12.80195],[77.45285,12.80446],[77.44861,12.80198],[77.44853,12.797],[77.45269,12.79449],[77.45694,12.79696]]]},"properties":{"h3":"88601452abfffff","loss":null,"place":null}},{"type":"Feature","geometry":{"type":"Polygon","coordinates":[[[77.46967,12.80439],[77.46975,12.80938],[77.46559,12.81189],[77.46134,12.80941],[77.46126,12.80443],[77.46542,12.80192],[77.46967,12.80439]]]},"properties":{"h3":"88601452adfffff","loss":null,"place":null}},{"type":"Feature","geometry":{"type":"Polygon","coordinates":[[[77.44012,12.79703],[77.4402,12.80201],[77.43604,12.80452],[77.4318,12.80204],[77.43172,12.79706],[77.43588,12.79455],[77.44012,12.79703]]]},"properties":{"h3":"88601452b1fffff","loss":null,"place":null}},{"type":"Feature","geometry":{"type":"Polygon","coordinates":[[[77.44445,12.80449],[77.44453,12.80947],[77.44037,12.81198],[77.43612,12.80951],[77.43604,12.80452],[77.4402,12.80201],[77.44445,12.80449]]]},"properties":{"h3":"88601452b5fffff","loss":null,"place":null}},{"type":"Feature","geometry":{"type":"Polygon","coordinates":[[[77.43604,12.80452],[77.43612,12.80951],[77.43196,12.81201],[77.42772,12.80954],[77.42764,12.80455],[77.4318,12.80204],[77.43604,12.80452]]]},"properties":{"h3":"88601452b7fffff","loss":null,"place":null}},{"type":"Feature","geometry":{"type":"Polygon","coordinates":[[[77.44853,12.797],[77.44861,12.80198],[77.44445,12.80449],[77.4402,12.80201],[77.44012,12.79703],[77.44428,12.79452],[77.44853,12.797]]]},"properties":{"h3":"88601452bdfffff","loss":0.03,"place":null}},{"type":"Feature","geometry":{"type":"Polygon","coordinates":[[[77.47326,12.76698],[77.47334,12.77197],[77.46918,12.77448],[77.46493,12.772],[77.46485,12.76702],[77.46902,12.76451],[77.47326,12.76698]]]},"properties":{"h3":"88601452c1fffff","loss":null,"place":null}},{"type":"Feature","geometry":{"type":"Polygon","coordinates":[[[77.47759,12.77444],[77.47767,12.77943],[77.47351,12.78194],[77.46926,12.77946],[77.46918,12.77448],[77.47334,12.77197],[77.47759,12.77444]]]},"properties":{"h3":"88601452c5fffff","loss":null,"place":null}},{"type":"Feature","geometry":{"type":"Polygon","coordinates":[[[77.46918,12.77448],[77.46926,12.77946],[77.4651,12.78197],[77.46085,12.7795],[77.46077,12.77451],[77.46493,12.772],[77.46918,12.77448]]]},"properties":{"h3":"88601452c7fffff","loss":null,"place":null}},{"type":"Feature","geometry":{"type":"Polygon","coordinates":[[[77.48167,12.76695],[77.48175,12.77193],[77.47759,12.77444],[77.47334,12.77197],[77.47326,12.76698],[77.47742,12.76447],[77.48167,12.76695]]]},"properties":{"h3":"88601452cdfffff","loss":0.01,"place":null}},{"type":"Feature","geometry":{"type":"Polygon","coordinates":[[[77.47783,12.7894],[77.47791,12.79439],[77.47375,12.7969],[77.46951,12.79442],[77.46942,12.78944],[77.47359,12.78693],[77.47783,12.7894]]]},"properties":{"h3":"88601452e1fffff","loss":0.001,"place":null}},{"type":"Feature","geometry":{"type":"Polygon","coordinates":[[[77.46942,12.78944],[77.46951,12.79442],[77.46534,12.79693],[77.4611,12.79445],[77.46102,12.78947],[77.46518,12.78696],[77.46942,12.78944]]]},"properties":{"h3":"88601452e3fffff","loss":null,"place":null}},{"type":"Feature","geometry":{"type":"Polygon","coordinates":[[[77.48216,12.79686],[77.48224,12.80185],[77.47808,12.80436],[77.47383,12.80188],[77.47375,12.7969],[77.47791,12.79439],[77.48216,12.79686]]]},"properties":{"h3":"88601452e5fffff","loss":null,"place":null}},{"type":"Feature","geometry":{"type":"Polygon","coordinates":[[[77.47375,12.7969],[77.47383,12.80188],[77.46967,12.80439],[77.46542,12.80192],[77.46534,12.79693],[77.46951,12.79442],[77.47375,12.7969]]]},"properties":{"h3":"88601452e7fffff","loss":null,"place":null}},{"type":"Feature","geometry":{"type":"Polygon","coordinates":[[[77.48191,12.78191],[77.482,12.78689],[77.47783,12.7894],[77.47359,12.78693],[77.47351,12.78194],[77.47767,12.77943],[77.48191,12.78191]]]},"properties":{"h3":"88601452e9fffff","loss":null,"place":null}},{"type":"Feature","geometry":{"type":"Polygon","coordinates":[[[77.47351,12.78194],[77.47359,12.78693],[77.46942,12.78944],[77.46518,12.78696],[77.4651,12.78197],[77.46926,12.77946],[77.47351,12.78194]]]},"properties":{"h3":"88601452ebfffff","loss":null,"place":null}},{"type":"Feature","geometry":{"type":"Polygon","coordinates":[[[77.48624,12.78937],[77.48632,12.79435],[77.48216,12.79686],[77.47791,12.79439],[77.47783,12.7894],[77.482,12.78689],[77.48624,12.78937]]]},"properties":{"h3":"88601452edfffff","loss":null,"place":null}},{"type":"Feature","geometry":{"type":"Polygon","coordinates":[[[77.54588,12.83401],[77.54596,12.839],[77.54179,12.84151],[77.53754,12.83903],[77.53746,12.83405],[77.54163,12.83154],[77.54588,12.83401]]]},"properties":{"h3":"8860145301fffff","loss":null,"place":null}},{"type":"Feature","geometry":{"type":"Polygon","coordinates":[[[77.53746,12.83405],[77.53754,12.83903],[77.53338,12.84154],[77.52913,12.83907],[77.52904,12.83408],[77.53321,12.83157],[77.53746,12.83405]]]},"properties":{"h3":"8860145303fffff","loss":null,"place":null}},{"type":"Feature","geometry":{"type":"Polygon","coordinates":[[[77.55021,12.84148],[77.55029,12.84647],[77.54612,12.84898],[77.54187,12.8465],[77.54179,12.84151],[77.54596,12.839],[77.55021,12.84148]]]},"properties":{"h3":"8860145305fffff","loss":null,"place":null}},{"type":"Feature","geometry":{"type":"Polygon","coordinates":[[[77.54179,12.84151],[77.54187,12.8465],[77.53771,12.84901],[77.53346,12.84653],[77.53338,12.84154],[77.53754,12.83903],[77.54179,12.84151]]]},"properties":{"h3":"8860145307fffff","loss":null,"place":null}},{"type":"Feature","geometry":{"type":"Polygon","coordinates":[[[77.54996,12.82651],[77.55004,12.8315],[77.54588,12.83401],[77.54163,12.83154],[77.54154,12.82655],[77.54571,12.82404],[77.54996,12.82651]]]},"properties":{"h3":"8860145309fffff","loss":0.013,"place":null}},{"type":"Feature","geometry":{"type":"Polygon","coordinates":[[[77.54154,12.82655],[77.54163,12.83154],[77.53746,12.83405],[77.53321,12.83157],[77.53313,12.82658],[77.53729,12.82407],[77.54154,12.82655]]]},"properties":{"h3":"886014530bfffff","loss":null,"place":null}},{"type":"Feature","geometry":{"type":"Polygon","coordinates":[[[77.55429,12.83398],[77.55438,12.83897],[77.55021,12.84148],[77.54596,12.839],[77.54588,12.83401],[77.55004,12.8315],[77.55429,12.83398]]]},"properties":{"h3":"886014530dfffff","loss":null,"place":null}},{"type":"Feature","geometry":{"type":"Polygon","coordinates":[[[77.52471,12.82662],[77.5248,12.8316],[77.52063,12.83411],[77.51638,12.83164],[77.5163,12.82665],[77.52046,12.82414],[77.52471,12.82662]]]},"properties":{"h3":"8860145311fffff","loss":null,"place":null}},{"type":"Feature","geometry":{"type":"Polygon","coordinates":[[[77.5163,12.82665],[77.51638,12.83164],[77.51222,12.83415],[77.50797,12.83167],[77.50789,12.82668],[77.51205,12.82417],[77.5163,12.82665]]]},"properties":{"h3":"8860145313fffff","loss":0.03,"place":null}},{"type":"Feature","geometry":{"type":"Polygon","coordinates":[[[77.52904,12.83408],[77.52913,12.83907],[77.52496,12.84158],[77.52071,12.8391],[77.52063,12.83411],[77.5248,12.8316],[77.52904,12.83408]]]},"properties":{"h3":"8860145315fffff","loss":null,"place":null}},{"type":"Feature","geometry":{"type":"Polygon","coordinates":[[[77.52063,12.83411],[77.52071,12.8391],[77.51655,12.84161],[77.5123,12.83913],[77.51222,12.83415],[77.51638,12.83164],[77.52063,12.83411]]]},"properties":{"h3":"8860145317fffff","loss":0.001,"place":null}},{"type":"Feature","geometry":{"type":"Polygon","coordinates":[[[77.5288,12.81912],[77.52888,12.82411],[77.52471,12.82662],[77.52046,12.82414],[77.52038,12.81915],[77.52455,12.81664],[77.5288,12.81912]]]},"properties":{"h3":"8860145319fffff","loss":0.02,"place":null}},{"type":"Feature","geometry":{"type":"Polygon","coordinates":[[[77.52038,12.81915],[77.52046,12.82414],[77.5163,12.82665],[77.51205,12.82417],[77.51197,12.81919],[77.51613,12.81668],[77.52038,12.81915]]]},"properties":{"h3":"886014531bfffff","loss":0.018,"place":null}},{"type":"Feature","geometry":{"type":"Polygon","coordinates":[[[77.53313,12.82658],[77.53321,12.83157],[77.52904,12.83408],[77.5248,12.8316],[77.52471,12.82662],[77.52888,12.82411],[77.53313,12.82658]]]},"properties":{"h3":"886014531dfffff","loss":null,"place":null}},{"type":"Feature","geometry":{"type":"Polygon","coordinates":[[[77.55046,12.85644],[77.55054,12.86143],[77.54637,12.86394],[77.54212,12.86146],[77.54204,12.85647],[77.54621,12.85396],[77.55046,12.85644]]]},"properties":{"h3":"8860145321fffff","loss":null,"place":null}},{"type":"Feature","geometry":{"type":"Polygon","coordinates":[[[77.54204,12.85647],[77.54212,12.86146],[77.53796,12.86397],[77.53371,12.86149],[77.53362,12.85651],[77.53779,12.854],[77.54204,12.85647]]]},"properties":{"h3":"8860145323fffff","loss":null,"place":null}},{"type":"Feature","geometry":{"type":"Polygon","coordinates":[[[77.55479,12.86391],[77.55487,12.86889],[77.55071,12.8714],[77.54646,12.86892],[77.54637,12.86394],[77.55054,12.86143],[77.55479,12.86391]]]},"properties":{"h3":"8860145325fffff","loss":0.007,"place":null}},{"type":"Feature","geometry":{"type":"Polygon","coordinates":[[[77.54637,12.86394],[77.54646,12.86892],[77.54229,12.87143],[77.53804,12.86896],[77.53796,12.86397],[77.54212,12.86146],[77.54637,12.86394]]]},"properties":{"h3":"8860145327fffff","loss":0.051,"place":null}},{"type":"Feature","geometry":{"type":"Polygon","coordinates":[[[77.55454,12.84894],[77.55462,12.85393],[77.55046,12.85644],[77.54621,12.85396],[77.54612,12.84898],[77.55029,12.84647],[77.55454,12.84894]]]},"properties":{"h3":"8860145329fffff","loss":null,"place":null}},{"type":"Feature","geometry":{"type":"Polygon","coordinates":[[[77.54612,12.84898],[77.54621,12.85396],[77.54204,12.85647],[77.53779,12.854],[77.53771,12.84901],[77.54187,12.8465],[77.54612,12.84898]]]},"properties":{"h3":"886014532bfffff","loss":0.003,"place":null}},{"type":"Feature","geometry":{"type":"Polygon","coordinates":[[[77.55888,12.85641],[77.55896,12.86139],[77.55479,12.86391],[77.55054,12.86143],[77.55046,12.85644],[77.55462,12.85393],[77.55888,12.85641]]]},"properties":{"h3":"886014532dfffff","loss":null,"place":null}},{"type":"Feature","geometry":{"type":"Polygon","coordinates":[[[77.52929,12.84904],[77.52937,12.85403],[77.52521,12.85654],[77.52096,12.85406],[77.52088,12.84907],[77.52504,12.84656],[77.52929,12.84904]]]},"properties":{"h3":"8860145331fffff","loss":0.006,"place":null}},{"type":"Feature","geometry":{"type":"Polygon","coordinates":[[[77.52088,12.84907],[77.52096,12.85406],[77.51679,12.85657],[77.51255,12.85409],[77.51246,12.84911],[77.51663,12.8466],[77.52088,12.84907]]]},"properties":{"h3":"8860145333fffff","loss":0.022,"place":null}},{"type":"Feature","geometry":{"type":"Polygon","coordinates":[[[77.53362,12.85651],[77.53371,12.86149],[77.52954,12.864],[77.52529,12.86152],[77.52521,12.85654],[77.52937,12.85403],[77.53362,12.85651]]]},"properties":{"h3":"8860145335fffff","loss":0.021,"place":null}},{"type":"Feature","geometry":{"type":"Polygon","coordinates":[[[77.52521,12.85654],[77.52529,12.86152],[77.52113,12.86403],[77.51688,12.86156],[77.51679,12.85657],[77.52096,12.85406],[77.52521,12.85654]]]},"properties":{"h3":"8860145337fffff","loss":null,"place":null}},{"type":"Feature","geometry":{"type":"Polygon","coordinates":[[[77.53338,12.84154],[77.53346,12.84653],[77.52929,12.84904],[77.52504,12.84656],[77.52496,12.84158],[77.52913,12.83907],[77.53338,12.84154]]]},"properties":{"h3":"8860145339fffff","loss":null,"place":null}},{"type":"Feature","geometry":{"type":"Polygon","coordinates":[[[77.52496,12.84158],[77.52504,12.84656],[77.52088,12.84907],[77.51663,12.8466],[77.51655,12.84161],[77.52071,12.8391],[77.52496,12.84158]]]},"properties":{"h3":"886014533bfffff","loss":null,"place":null}},{"type":"Feature","geometry":{"type":"Polygon","coordinates":[[[77.53771,12.84901],[77.53779,12.854],[77.53362,12.85651],[77.52937,12.85403],[77.52929,12.84904],[77.53346,12.84653],[77.53771,12.84901]]]},"properties":{"h3":"886014533dfffff","loss":null,"place":null}},{"type":"Feature","geometry":{"type":"Polygon","coordinates":[[[77.56246,12.81898],[77.56254,12.82397],[77.55838,12.82648],[77.55413,12.824],[77.55404,12.81902],[77.55821,12.8165],[77.56246,12.81898]]]},"properties":{"h3":"8860145341fffff","loss":null,"place":null}},{"type":"Feature","geometry":{"type":"Polygon","coordinates":[[[77.55404,12.81902],[77.55413,12.824],[77.54996,12.82651],[77.54571,12.82404],[77.54563,12.81905],[77.54979,12.81654],[77.55404,12.81902]]]},"properties":{"h3":"8860145343fffff","loss":null,"place":null}},{"type":"Feature","geometry":{"type":"Polygon","coordinates":[[[77.56679,12.82645],[77.56688,12.83143],[77.56271,12.83395],[77.55846,12.83147],[77.55838,12.82648],[77.56254,12.82397],[77.56679,12.82645]]]},"properties":{"h3":"8860145345fffff","loss":0.003,"place":null}},{"type":"Feature","geometry":{"type":"Polygon","coordinates":[[[77.55838,12.82648],[77.55846,12.83147],[77.55429,12.83398],[77.55004,12.8315],[77.54996,12.82651],[77.55413,12.824],[77.55838,12.82648]]]},"properties":{"h3":"8860145347fffff","loss":0.006,"place":null}},{"type":"Feature","geometry":{"type":"Polygon","coordinates":[[[77.56654,12.81148],[77.56663,12.81647],[77.56246,12.81898],[77.55821,12.8165],[77.55813,12.81152],[77.56229,12.80901],[77.56654,12.81148]]]},"properties":{"h3":"8860145349fffff","loss":null,"place":null}},{"type":"Feature","geometry":{"type":"Polygon","coordinates":[[[77.55813,12.81152],[77.55821,12.8165],[77.55404,12.81902],[77.54979,12.81654],[77.54971,12.81155],[77.55388,12.80904],[77.55813,12.81152]]]},"properties":{"h3":"886014534bfffff","loss":0.018,"place":null}},{"type":"Feature","geometry":{"type":"Polygon","coordinates":[[[77.57088,12.81895],[77.57096,12.82393],[77.56679,12.82645],[77.56254,12.82397],[77.56246,12.81898],[77.56663,12.81647],[77.57088,12.81895]]]},"properties":{"h3":"886014534dfffff","loss":0.012,"place":null}},{"type":"Feature","geometry":{"type":"Polygon","coordinates":[[[77.54129,12.81159],[77.54138,12.81657],[77.53721,12.81908],[77.53296,12.81661],[77.53288,12.81162],[77.53704,12.80911],[77.54129,12.81159]]]},"properties":{"h3":"8860145351fffff","loss":null,"place":null}},{"type":"Feature","geometry":{"type":"Polygon","coordinates":[[[77.53288,12.81162],[77.53296,12.81661],[77.5288,12.81912],[77.52455,12.81664],[77.52446,12.81166],[77.52863,12.80914],[77.53288,12.81162]]]},"properties":{"h3":"8860145353fffff","loss":null,"place":null}},{"type":"Feature","geometry":{"type":"Polygon","coordinates":[[[77.54563,12.81905],[77.54571,12.82404],[77.54154,12.82655],[77.53729,12.82407],[77.53721,12.81908],[77.54138,12.81657],[77.54563,12.81905]]]},"properties":{"h3":"8860145355fffff","loss":null,"place":null}},{"type":"Feature","geometry":{"type":"Polygon","coordinates":[[[77.53721,12.81908],[77.53729,12.82407],[77.53313,12.82658],[77.52888,12.82411],[77.5288,12.81912],[77.53296,12.81661],[77.53721,12.81908]]]},"properties":{"h3":"8860145357fffff","loss":null,"place":null}},{"type":"Feature","geometry":{"type":"Polygon","coordinates":[[[77.54538,12.80409],[77.54546,12.80908],[77.54129,12.81159],[77.53704,12.80911],[77.53696,12.80412],[77.54113,12.80161],[77.54538,12.80409]]]},"properties":{"h3":"8860145359fffff","loss":null,"place":null}},{"type":"Feature","geometry":{"type":"Polygon","coordinates":[[[77.53696,12.80412],[77.53704,12.80911],[77.53288,12.81162],[77.52863,12.80914],[77.52855,12.80416],[77.53271,12.80165],[77.53696,12.80412]]]},"properties":{"h3":"886014535bfffff","loss":null,"place":null}},{"type":"Feature","geometry":{"type":"Polygon","coordinates":[[[77.54971,12.81155],[77.54979,12.81654],[77.54563,12.81905],[77.54138,12.81657],[77.54129,12.81159],[77.54546,12.80908],[77.54971,12.81155]]]},"properties":{"h3":"886014535dfffff","loss":null,"place":null}},{"type":"Feature","geometry":{"type":"Polygon","coordinates":[[[77.56704,12.84141],[77.56713,12.8464],[77.56296,12.84891],[77.55871,12.84643],[77.55863,12.84144],[77.56279,12.83893],[77.56704,12.84141]]]},"properties":{"h3":"8860145361fffff","loss":0.017,"place":null}},{"type":"Feature","geometry":{"type":"Polygon","coordinates":[[[77.55863,12.84144],[77.55871,12.84643],[77.55454,12.84894],[77.55029,12.84647],[77.55021,12.84148],[77.55438,12.83897],[77.55863,12.84144]]]},"properties":{"h3":"8860145363fffff","loss":null,"place":null}},{"type":"Feature","geometry":{"type":"Polygon","coordinates":[[[77.57138,12.84888],[77.57146,12.85386],[77.56729,12.85637],[77.56304,12.8539],[77.56296,12.84891],[77.56713,12.8464],[77.57138,12.84888]]]},"properties":{"h3":"8860145365fffff","loss":null,"place":null}},{"type":"Feature","geometry":{"type":"Polygon","coordinates":[[[77.56296,12.84891],[77.56304,12.8539],[77.55888,12.85641],[77.55462,12.85393],[77.55454,12.84894],[77.55871,12.84643],[77.56296,12.84891]]]},"properties":{"h3":"8860145367fffff","loss":null,"place":null}},{"type":"Feature","geometry":{"type":"Polygon","coordinates":[[[77.57113,12.83391],[77.57121,12.8389],[77.56704,12.84141],[77.56279,12.83893],[77.56271,12.83395],[77.56688,12.83143],[77.57113,12.83391]]]},"properties":{"h3":"8860145369fffff","loss":null,"place":null}},{"type":"Feature","geometry":{"type":"Polygon","coordinates":[[[77.56271,12.83395],[77.56279,12.83893],[77.55863,12.84144],[77.55438,12.83897],[77.55429,12.83398],[77.55846,12.83147],[77.56271,12.83395]]]},"properties":{"h3":"886014536bfffff","loss":null,"place":null}},{"type":"Feature","geometry":{"type":"Polygon","coordinates":[[[77.57546,12.84138],[77.57555,12.84636],[77.57138,12.84888],[77.56713,12.8464],[77.56704,12.84141],[77.57121,12.8389],[77.57546,12.84138]]]},"properties":{"h3":"886014536dfffff","loss":0.02,"place":null}},{"type":"Feature","geometry":{"type":"Polygon","coordinates":[[[77.37819,12.86453],[77.37827,12.86951],[77.37411,12.87202],[77.36987,12.86954],[77.36979,12.86456],[77.37395,12.86205],[77.37819,12.86453]]]},"properties":{"h3":"8860145525fffff","loss":null,"place":null}},{"type":"Feature","geometry":{"type":"Polygon","coordinates":[[[77.38227,12.85704],[77.38235,12.86202],[77.37819,12.86453],[77.37395,12.86205],[77.37387,12.85707],[77.37803,12.85456],[77.38227,12.85704]]]},"properties":{"h3":"886014552dfffff","loss":null,"place":null}},{"type":"Feature","geometry":{"type":"Polygon","coordinates":[[[77.39043,12.84206],[77.39051,12.84705],[77.38635,12.84955],[77.38211,12.84708],[77.38203,12.84209],[77.38619,12.83959],[77.39043,12.84206]]]},"properties":{"h3":"8860145561fffff","loss":null,"place":null}},{"type":"Feature","geometry":{"type":"Polygon","coordinates":[[[77.39475,12.84953],[77.39483,12.85451],[77.39067,12.85701],[77.38643,12.85454],[77.38635,12.84955],[77.39051,12.84705],[77.39475,12.84953]]]},"properties":{"h3":"8860145565fffff","loss":null,"place":null}},{"type":"Feature","geometry":{"type":"Polygon","coordinates":[[[77.38635,12.84955],[77.38643,12.85454],[77.38227,12.85704],[77.37803,12.85456],[77.37795,12.84958],[77.38211,12.84708],[77.38635,12.84955]]]},"properties":{"h3":"8860145567fffff","loss":null,"place":null}},{"type":"Feature","geometry":{"type":"Polygon","coordinates":[[[77.39883,12.84204],[77.39891,12.84702],[77.39475,12.84953],[77.39051,12.84705],[77.39043,12.84206],[77.39459,12.83956],[77.39883,12.84204]]]},"properties":{"h3":"886014556dfffff","loss":null,"place":null}},{"type":"Feature","geometry":{"type":"Polygon","coordinates":[[[77.51902,12.99119],[77.51911,12.99618],[77.51494,12.99868],[77.51069,12.9962],[77.51061,12.99122],[77.51477,12.98871],[77.51902,12.99119]]]},"properties":{"h3":"8860145801fffff","loss":null,"place":null}},{"type":"Feature","geometry":{"type":"Polygon","coordinates":[[[77.51061,12.99122],[77.51069,12.9962],[77.50652,12.99871],[77.50227,12.99623],[77.50219,12.99124],[77.50636,12.98874],[77.51061,12.99122]]]},"properties":{"h3":"8860145803fffff","loss":0.02,"place":null}},{"type":"Feature","geometry":{"type":"Polygon","coordinates":[[[77.52336,12.99866],[77.52344,13.00364],[77.51927,13.00615],[77.51502,13.00367],[77.51494,12.99868],[77.51911,12.99618],[77.52336,12.99866]]]},"properties":{"h3":"8860145805fffff","loss":0.006,"place":null}},{"type":"Feature","geometry":{"type":"Polygon","coordinates":[[[77.51494,12.99868],[77.51502,13.00367],[77.51085,13.00617],[77.5066,13.00369],[77.50652,12.99871],[77.51069,12.9962],[77.51494,12.99868]]]},"properties":{"h3":"8860145807fffff","loss":0.011,"place":null}},{"type":"Feature","geometry":{"type":"Polygon","coordinates":[[[77.52311,12.9837],[77.52319,12.98869],[77.51902,12.99119],[77.51477,12.98871],[77.51469,12.98373],[77.51886,12.98122],[77.52311,12.9837]]]},"properties":{"h3":"8860145809fffff","loss":null,"place":null}},{"type":"Feature","geometry":{"type":"Polygon","coordinates":[[[77.51469,12.98373],[77.51477,12.98871],[77.51061,12.99122],[77.50636,12.98874],[77.50627,12.98375],[77.51044,12.98125],[77.51469,12.98373]]]},"properties":{"h3":"886014580bfffff","loss":0.02,"place":null}},{"type":"Feature","geometry":{"type":"Polygon","coordinates":[[[77.52744,12.99117],[77.52752,12.99615],[77.52336,12.99866],[77.51911,12.99618],[77.51902,12.99119],[77.52319,12.98869],[77.52744,12.99117]]]},"properties":{"h3":"886014580dfffff","loss":null,"place":null}},{"type":"Feature","geometry":{"type":"Polygon","coordinates":[[[77.49786,12.98378],[77.49794,12.98876],[77.49377,12.99127],[77.48952,12.98879],[77.48944,12.9838],[77.49361,12.9813],[77.49786,12.98378]]]},"properties":{"h3":"8860145811fffff","loss":null,"place":null}},{"type":"Feature","geometry":{"type":"Polygon","coordinates":[[[77.48944,12.9838],[77.48952,12.98879],[77.48536,12.99129],[77.48111,12.98881],[77.48103,12.98383],[77.48519,12.98132],[77.48944,12.9838]]]},"properties":{"h3":"8860145813fffff","loss":0.013,"place":null}},{"type":"Feature","geometry":{"type":"Polygon","coordinates":[[[77.50219,12.99124],[77.50227,12.99623],[77.4981,12.99873],[77.49385,12.99625],[77.49377,12.99127],[77.49794,12.98876],[77.50219,12.99124]]]},"properties":{"h3":"8860145815fffff","loss":0.021,"place":null}},{"type":"Feature","geometry":{"type":"Polygon","coordinates":[[[77.49377,12.99127],[77.49385,12.99625],[77.48969,12.99876],[77.48544,12.99628],[77.48536,12.99129],[77.48952,12.98879],[77.49377,12.99127]]]},"properties":{"h3":"8860145817fffff","loss":0.017,"place":null}},{"type":"Feature","geometry":{"type":"Polygon","coordinates":[[[77.50194,12.97629],[77.50202,12.98127],[77.49786,12.98378],[77.49361,12.9813],[77.49353,12.97631],[77.49769,12.97381],[77.50194,12.97629]]]},"properties":{"h3":"8860145819fffff","loss":null,"place":null}},{"type":"Feature","geometry":{"type":"Polygon","coordinates":[[[77.49353,12.97631],[77.49361,12.9813],[77.48944,12.9838],[77.48519,12.98132],[77.48511,12.97634],[77.48928,12.97383],[77.49353,12.97631]]]},"properties":{"h3":"886014581bfffff","loss":null,"place":null}},{"type":"Feature","geometry":{"type":"Polygon","coordinates":[[[77.50627,12.98375],[77.50636,12.98874],[77.50219,12.99124],[77.49794,12.98876],[77.49786,12.98378],[77.50202,12.98127],[77.50627,12.98375]]]},"properties":{"h3":"886014581dfffff","loss":null,"place":null}},{"type":"Feature","geometry":{"type":"Polygon","coordinates":[[[77.5236,13.01362],[77.52369,13.0186],[77.51952,13.02111],[77.51527,13.01863],[77.51519,13.01364],[77.51935,13.01114],[77.5236,13.01362]]]},"properties":{"h3":"8860145821fffff","loss":0.015,"place":null}},{"type":"Feature","geometry":{"type":"Polygon","coordinates":[[[77.51519,13.01364],[77.51527,13.01863],[77.5111,13.02113],[77.50685,13.01865],[77.50677,13.01366],[77.51094,13.01116],[77.51519,13.01364]]]},"properties":{"h3":"8860145823fffff","loss":null,"place":null}},{"type":"Feature","geometry":{"type":"Polygon","coordinates":[[[77.52794,13.02108],[77.52802,13.02607],[77.52385,13.02857],[77.5196,13.02609],[77.51952,13.02111],[77.52369,13.0186],[77.52794,13.02108]]]},"properties":{"h3":"8860145825fffff","loss":0.021,"place":null}},{"type":"Feature","geometry":{"type":"Polygon","coordinates":[[[77.51952,13.02111],[77.5196,13.02609],[77.51543,13.0286],[77.51118,13.02612],[77.5111,13.02113],[77.51527,13.01863],[77.51952,13.02111]]]},"properties":{"h3":"8860145827fffff","loss":0.002,"place":null}},{"type":"Feature","geometry":{"type":"Polygon","coordinates":[[[77.52769,13.00612],[77.52777,13.01111],[77.5236,13.01362],[77.51935,13.01114],[77.51927,13.00615],[77.52344,13.00364],[77.52769,13.00612]]]},"properties":{"h3":"8860145829fffff","loss":0.003,"place":null}},{"type":"Feature","geometry":{"type":"Polygon","coordinates":[[[77.51927,13.00615],[77.51935,13.01114],[77.51519,13.01364],[77.51094,13.01116],[77.51085,13.00617],[77.51502,13.00367],[77.51927,13.00615]]]},"properties":{"h3":"886014582bfffff","loss":0.005,"place":null}},{"type":"Feature","geometry":{"type":"Polygon","coordinates":[[[77.53202,13.01359],[77.53211,13.01858],[77.52794,13.02108],[77.52369,13.0186],[77.5236,13.01362],[77.52777,13.01111],[77.53202,13.01359]]]},"properties":{"h3":"886014582dfffff","loss":null,"place":null}},{"type":"Feature","geometry":{"type":"Polygon","coordinates":[[[77.50244,13.0062],[77.50252,13.01118],[77.49835,13.01369],[77.4941,13.01121],[77.49402,13.00622],[77.49819,13.00372],[77.50244,13.0062]]]},"properties":{"h3":"8860145831fffff","loss":0.023,"place":null}},{"type":"Feature","geometry":{"type":"Polygon","coordinates":[[[77.49402,13.00622],[77.4941,13.01121],[77.48993,13.01371],[77.48569,13.01123],[77.4856,13.00625],[77.48977,13.00374],[77.49402,13.00622]]]},"properties":{"h3":"8860145833fffff","loss":0.023,"place":null}},{"type":"Feature","geometry":{"type":"Polygon","coordinates":[[[77.50677,13.01366],[77.50685,13.01865],[77.50268,13.02115],[77.49843,13.01867],[77.49835,13.01369],[77.50252,13.01118],[77.50677,13.01366]]]},"properties":{"h3":"8860145835fffff","loss":null,"place":null}},{"type":"Feature","geometry":{"type":"Polygon","coordinates":[[[77.49835,13.01369],[77.49843,13.01867],[77.49427,13.02118],[77.49002,13.0187],[77.48993,13.01371],[77.4941,13.01121],[77.49835,13.01369]]]},"properties":{"h3":"8860145837fffff","loss":0.037,"place":null}},{"type":"Feature","geometry":{"type":"Polygon","coordinates":[[[77.50652,12.99871],[77.5066,13.00369],[77.50244,13.0062],[77.49819,13.00372],[77.4981,12.99873],[77.50227,12.99623],[77.50652,12.99871]]]},"properties":{"h3":"8860145839fffff","loss":0.01,"place":null}},{"type":"Feature","geometry":{"type":"Polygon","coordinates":[[[77.4981,12.99873],[77.49819,13.00372],[77.49402,13.00622],[77.48977,13.00374],[77.48969,12.99876],[77.49385,12.99625],[77.4981,12.99873]]]},"properties":{"h3":"886014583bfffff","loss":0.028,"place":null}},{"type":"Feature","geometry":{"type":"Polygon","coordinates":[[[77.51085,13.00617],[77.51094,13.01116],[77.50677,13.01366],[77.50252,13.01118],[77.50244,13.0062],[77.5066,13.00369],[77.51085,13.00617]]]},"properties":{"h3":"886014583dfffff","loss":null,"place":null}},{"type":"Feature","geometry":{"type":"Polygon","coordinates":[[[77.53561,12.97618],[77.5357,12.98117],[77.53153,12.98368],[77.52728,12.9812],[77.52719,12.97621],[77.53136,12.9737],[77.53561,12.97618]]]},"properties":{"h3":"8860145841fffff","loss":0.004,"place":null}},{"type":"Feature","geometry":{"type":"Polygon","coordinates":[[[77.52719,12.97621],[77.52728,12.9812],[77.52311,12.9837],[77.51886,12.98122],[77.51878,12.97624],[77.52294,12.97373],[77.52719,12.97621]]]},"properties":{"h3":"8860145843fffff","loss":null,"place":null}},{"type":"Feature","geometry":{"type":"Polygon","coordinates":[[[77.53995,12.98365],[77.54003,12.98864],[77.53586,12.99114],[77.53161,12.98866],[77.53153,12.98368],[77.5357,12.98117],[77.53995,12.98365]]]},"properties":{"h3":"8860145845fffff","loss":0.01,"place":null}},{"type":"Feature","geometry":{"type":"Polygon","coordinates":[[[77.53153,12.98368],[77.53161,12.98866],[77.52744,12.99117],[77.52319,12.98869],[77.52311,12.9837],[77.52728,12.9812],[77.53153,12.98368]]]},"properties":{"h3":"8860145847fffff","loss":0.011,"place":null}},{"type":"Feature","geometry":{"type":"Polygon","coordinates":[[[77.5397,12.96869],[77.53978,12.97368],[77.53561,12.97618],[77.53136,12.9737],[77.53128,12.96872],[77.53545,12.96621],[77.5397,12.96869]]]},"properties":{"h3":"8860145849fffff","loss":0.021,"place":null}},{"type":"Feature","geometry":{"type":"Polygon","coordinates":[[[77.53128,12.96872],[77.53136,12.9737],[77.52719,12.97621],[77.52294,12.97373],[77.52286,12.96874],[77.52703,12.96624],[77.53128,12.96872]]]},"properties":{"h3":"886014584bfffff","loss":0.01,"place":null}},{"type":"Feature","geometry":{"type":"Polygon","coordinates":[[[77.54403,12.97616],[77.54412,12.98114],[77.53995,12.98365],[77.5357,12.98117],[77.53561,12.97618],[77.53978,12.97368],[77.54403,12.97616]]]},"properties":{"h3":"886014584dfffff","loss":0.016,"place":null}},{"type":"Feature","geometry":{"type":"Polygon","coordinates":[[[77.51444,12.96877],[77.51453,12.97376],[77.51036,12.97626],[77.50611,12.97378],[77.50603,12.9688],[77.51019,12.96629],[77.51444,12.96877]]]},"properties":{"h3":"8860145851fffff","loss":0.018,"place":null}},{"type":"Feature","geometry":{"type":"Polygon","coordinates":[[[77.50603,12.9688],[77.50611,12.97378],[77.50194,12.97629],[77.49769,12.97381],[77.49761,12.96882],[77.50178,12.96632],[77.50603,12.9688]]]},"properties":{"h3":"8860145853fffff","loss":0.022,"place":null}},{"type":"Feature","geometry":{"type":"Polygon","coordinates":[[[77.51878,12.97624],[77.51886,12.98122],[77.51469,12.98373],[77.51044,12.98125],[77.51036,12.97626],[77.51453,12.97376],[77.51878,12.97624]]]},"properties":{"h3":"8860145855fffff","loss":null,"place":null}},{"type":"Feature","geometry":{"type":"Polygon","coordinates":[[[77.51036,12.97626],[77.51044,12.98125],[77.50627,12.98375],[77.50202,12.98127],[77.50194,12.97629],[77.50611,12.97378],[77.51036,12.97626]]]},"properties":{"h3":"8860145857fffff","loss":0.016,"place":null}},{"type":"Feature","geometry":{"type":"Polygon","coordinates":[[[77.51853,12.96128],[77.51861,12.96626],[77.51444,12.96877],[77.51019,12.96629],[77.51011,12.96131],[77.51428,12.9588],[77.51853,12.96128]]]},"properties":{"h3":"8860145859fffff","loss":null,"place":null}},{"type":"Feature","geometry":{"type":"Polygon","coordinates":[[[77.51011,12.96131],[77.51019,12.96629],[77.50603,12.9688],[77.50178,12.96632],[77.50169,12.96133],[77.50586,12.95883],[77.51011,12.96131]]]},"properties":{"h3":"886014585bfffff","loss":0.017,"place":null}},{"type":"Feature","geometry":{"type":"Polygon","coordinates":[[[77.52286,12.96874],[77.52294,12.97373],[77.51878,12.97624],[77.51453,12.97376],[77.51444,12.96877],[77.51861,12.96626],[77.52286,12.96874]]]},"properties":{"h3":"886014585dfffff","loss":0.013,"place":null}},{"type":"Feature","geometry":{"type":"Polygon","coordinates":[[[77.5402,12.99861],[77.54028,13.00359],[77.53611,13.0061],[77.53186,13.00362],[77.53178,12.99863],[77.53594,12.99613],[77.5402,12.99861]]]},"properties":{"h3":"8860145861fffff","loss":0.003,"place":null}},{"type":"Feature","geometry":{"type":"Polygon","coordinates":[[[77.53178,12.99863],[77.53186,13.00362],[77.52769,13.00612],[77.52344,13.00364],[77.52336,12.99866],[77.52752,12.99615],[77.53178,12.99863]]]},"properties":{"h3":"8860145863fffff","loss":0.013,"place":null}},{"type":"Feature","geometry":{"type":"Polygon","coordinates":[[[77.54453,13.00607],[77.54461,13.01106],[77.54044,13.01357],[77.53619,13.01109],[77.53611,13.0061],[77.54028,13.00359],[77.54453,13.00607]]]},"properties":{"h3":"8860145865fffff","loss":null,"place":null}},{"type":"Feature","geometry":{"type":"Polygon","coordinates":[[[77.53611,13.0061],[77.53619,13.01109],[77.53202,13.01359],[77.52777,13.01111],[77.52769,13.00612],[77.53186,13.00362],[77.53611,13.0061]]]},"properties":{"h3":"8860145867fffff","loss":null,"place":null}},{"type":"Feature","geometry":{"type":"Polygon","coordinates":[[[77.54428,12.99112],[77.54436,12.9961],[77.5402,12.99861],[77.53594,12.99613],[77.53586,12.99114],[77.54003,12.98864],[77.54428,12.99112]]]},"properties":{"h3":"8860145869fffff","loss":0.007,"place":null}},{"type":"Feature","geometry":{"type":"Polygon","coordinates":[[[77.53586,12.99114],[77.53594,12.99613],[77.53178,12.99863],[77.52752,12.99615],[77.52744,12.99117],[77.53161,12.98866],[77.53586,12.99114]]]},"properties":{"h3":"886014586bfffff","loss":null,"place":null}},{"type":"Feature","geometry":{"type":"Polygon","coordinates":[[[77.54862,12.99858],[77.5487,13.00357],[77.54453,13.00607],[77.54028,13.00359],[77.5402,12.99861],[77.54436,12.9961],[77.54862,12.99858]]]},"properties":{"h3":"886014586dfffff","loss":0.0,"place":null}},{"type":"Feature","geometry":{"type":"Polygon","coordinates":[[[77.46012,12.99136],[77.4602,12.99635],[77.45603,12.99885],[77.45178,12.99637],[77.4517,12.99139],[77.45587,12.98888],[77.46012,12.99136]]]},"properties":{"h3":"8860145881fffff","loss":null,"place":null}},{"type":"Feature","geometry":{"type":"Polygon","coordinates":[[[77.4517,12.99139],[77.45178,12.99637],[77.44762,12.99887],[77.44337,12.99639],[77.44329,12.99141],[77.44746,12.98891],[77.4517,12.99139]]]},"properties":{"h3":"8860145883fffff","loss":null,"place":null}},{"type":"Feature","geometry":{"type":"Polygon","coordinates":[[[77.46444,12.99883],[77.46453,13.00381],[77.46036,13.00632],[77.45611,13.00384],[77.45603,12.99885],[77.4602,12.99635],[77.46444,12.99883]]]},"properties":{"h3":"8860145885fffff","loss":0.004,"place":null}},{"type":"Feature","geometry":{"type":"Polygon","coordinates":[[[77.45603,12.99885],[77.45611,13.00384],[77.45195,13.00634],[77.4477,13.00386],[77.44762,12.99887],[77.45178,12.99637],[77.45603,12.99885]]]},"properties":{"h3":"8860145887fffff","loss":0.015,"place":null}},{"type":"Feature","geometry":{"type":"Polygon","coordinates":[[[77.4642,12.98388],[77.46428,12.98886],[77.46012,12.99136],[77.45587,12.98888],[77.45579,12.9839],[77.45995,12.9814],[77.4642,12.98388]]]},"properties":{"h3":"8860145889fffff","loss":0.022,"place":null}},{"type":"Feature","geometry":{"type":"Polygon","coordinates":[[[77.45579,12.9839],[77.45587,12.98888],[77.4517,12.99139],[77.44746,12.98891],[77.44738,12.98392],[77.45154,12.98142],[77.45579,12.9839]]]},"properties":{"h3":"886014588bfffff","loss":0.066,"place":null}},{"type":"Feature","geometry":{"type":"Polygon","coordinates":[[[77.46853,12.99134],[77.46861,12.99632],[77.46444,12.99883],[77.4602,12.99635],[77.46012,12.99136],[77.46428,12.98886],[77.46853,12.99134]]]},"properties":{"h3":"886014588dfffff","loss":0.031,"place":null}},{"type":"Feature","geometry":{"type":"Polygon","coordinates":[[[77.43896,12.98395],[77.43905,12.98893],[77.43488,12.99143],[77.43064,12.98895],[77.43055,12.98397],[77.43472,12.98147],[77.43896,12.98395]]]},"properties":{"h3":"8860145891fffff","loss":null,"place":null}},{"type":"Feature","geometry":{"type":"Polygon","coordinates":[[[77.43055,12.98397],[77.43064,12.98895],[77.42647,12.99146],[77.42223,12.98898],[77.42215,12.98399],[77.42631,12.98149],[77.43055,12.98397]]]},"properties":{"h3":"8860145893fffff","loss":null,"place":null}},{"type":"Feature","geometry":{"type":"Polygon","coordinates":[[[77.44329,12.99141],[77.44337,12.99639],[77.43921,12.9989],[77.43496,12.99642],[77.43488,12.99143],[77.43905,12.98893],[77.44329,12.99141]]]},"properties":{"h3":"8860145895fffff","loss":0.001,"place":null}},{"type":"Feature","geometry":{"type":"Polygon","coordinates":[[[77.43488,12.99143],[77.43496,12.99642],[77.4308,12.99892],[77.42655,12.99644],[77.42647,12.99146],[77.43064,12.98895],[77.43488,12.99143]]]},"properties":{"h3":"8860145897fffff","loss":null,"place":null}},{"type":"Feature","geometry":{"type":"Polygon","coordinates":[[[77.44305,12.97646],[77.44313,12.98144],[77.43896,12.98395],[77.43472,12.98147],[77.43464,12.97648],[77.4388,12.97398],[77.44305,12.97646]]]},"properties":{"h3":"8860145899fffff","loss":0.037,"place":null}},{"type":"Feature","geometry":{"type":"Polygon","coordinates":[[[77.43464,12.97648],[77.43472,12.98147],[77.43055,12.98397],[77.42631,12.98149],[77.42623,12.97651],[77.43039,12.974],[77.43464,12.97648]]]},"properties":{"h3":"886014589bfffff","loss":0.03,"place":null}},{"type":"Feature","geometry":{"type":"Polygon","coordinates":[[[77.44738,12.98392],[77.44746,12.98891],[77.44329,12.99141],[77.43905,12.98893],[77.43896,12.98395],[77.44313,12.98144],[77.44738,12.98392]]]},"properties":{"h3":"886014589dfffff","loss":null,"place":null}},{"type":"Feature","geometry":{"type":"Polygon","coordinates":[[[77.46469,13.01378],[77.46477,13.01876],[77.46061,13.02127],[77.45636,13.01879],[77.45628,13.0138],[77.46044,13.0113],[77.46469,13.01378]]]},"properties":{"h3":"88601458a1fffff","loss":null,"place":null}},{"type":"Feature","geometry":{"type":"Polygon","coordinates":[[[77.45628,13.0138],[77.45636,13.01879],[77.45219,13.02129],[77.44795,13.01881],[77.44786,13.01382],[77.45203,13.01132],[77.45628,13.0138]]]},"properties":{"h3":"88601458a3fffff","loss":null,"place":null}},{"type":"Feature","geometry":{"type":"Polygon","coordinates":[[[77.46902,13.02124],[77.4691,13.02623],[77.46493,13.02873],[77.46069,13.02625],[77.46061,13.02127],[77.46477,13.01876],[77.46902,13.02124]]]},"properties":{"h3":"88601458a5fffff","loss":0.011,"place":null}},{"type":"Feature","geometry":{"type":"Polygon","coordinates":[[[77.46061,13.02127],[77.46069,13.02625],[77.45652,13.02875],[77.45227,13.02627],[77.45219,13.02129],[77.45636,13.01879],[77.46061,13.02127]]]},"properties":{"h3":"88601458a7fffff","loss":0.003,"place":null}},{"type":"Feature","geometry":{"type":"Polygon","coordinates":[[[77.46877,13.00629],[77.46886,13.01128],[77.46469,13.01378],[77.46044,13.0113],[77.46036,13.00632],[77.46453,13.00381],[77.46877,13.00629]]]},"properties":{"h3":"88601458a9fffff","loss":0.02,"place":null}},{"type":"Feature","geometry":{"type":"Polygon","coordinates":[[[77.46036,13.00632],[77.46044,13.0113],[77.45628,13.0138],[77.45203,13.01132],[77.45195,13.00634],[77.45611,13.00384],[77.46036,13.00632]]]},"properties":{"h3":"88601458abfffff","loss":0.002,"place":null}},{"type":"Feature","geometry":{"type":"Polygon","coordinates":[[[77.4731,13.01376],[77.47319,13.01874],[77.46902,13.02124],[77.46477,13.01876],[77.46469,13.01378],[77.46886,13.01128],[77.4731,13.01376]]]},"properties":{"h3":"88601458adfffff","loss":0.023,"place":null}},{"type":"Feature","geometry":{"type":"Polygon","coordinates":[[[77.44354,13.00636],[77.44362,13.01134],[77.43945,13.01385],[77.43521,13.01137],[77.43513,13.00638],[77.43929,13.00388],[77.44354,13.00636]]]},"properties":{"h3":"88601458b1fffff","loss":0.015,"place":null}},{"type":"Feature","geometry":{"type":"Polygon","coordinates":[[[77.43513,13.00638],[77.43521,13.01137],[77.43104,13.01387],[77.4268,13.01139],[77.42671,13.0064],[77.43088,13.0039],[77.43513,13.00638]]]},"properties":{"h3":"88601458b3fffff","loss":0.005,"place":null}},{"type":"Feature","geometry":{"type":"Polygon","coordinates":[[[77.44786,13.01382],[77.44795,13.01881],[77.44378,13.02131],[77.43953,13.01883],[77.43945,13.01385],[77.44362,13.01134],[77.44786,13.01382]]]},"properties":{"h3":"88601458b5fffff","loss":null,"place":null}},{"type":"Feature","geometry":{"type":"Polygon","coordinates":[[[77.43945,13.01385],[77.43953,13.01883],[77.43537,13.02133],[77.43112,13.01885],[77.43104,13.01387],[77.43521,13.01137],[77.43945,13.01385]]]},"properties":{"h3":"88601458b7fffff","loss":null,"place":null}},{"type":"Feature","geometry":{"type":"Polygon","coordinates":[[[77.44762,12.99887],[77.4477,13.00386],[77.44354,13.00636],[77.43929,13.00388],[77.43921,12.9989],[77.44337,12.99639],[77.44762,12.99887]]]},"properties":{"h3":"88601458b9fffff","loss":0.017,"place":null}},{"type":"Feature","geometry":{"type":"Polygon","coordinates":[[[77.43921,12.9989],[77.43929,13.00388],[77.43513,13.00638],[77.43088,13.0039],[77.4308,12.99892],[77.43496,12.99642],[77.43921,12.9989]]]},"properties":{"h3":"88601458bbfffff","loss":0.001,"place":null}},{"type":"Feature","geometry":{"type":"Polygon","coordinates":[[[77.45195,13.00634],[77.45203,13.01132],[77.44786,13.01382],[77.44362,13.01134],[77.44354,13.00636],[77.4477,13.00386],[77.45195,13.00634]]]},"properties":{"h3":"88601458bdfffff","loss":null,"place":null}},{"type":"Feature","geometry":{"type":"Polygon","coordinates":[[[77.4767,12.97636],[77.47678,12.98135],[77.47261,12.98385],[77.46837,12.98137],[77.46828,12.97639],[77.47245,12.97388],[77.4767,12.97636]]]},"properties":{"h3":"88601458c1fffff","loss":null,"place":null}},{"type":"Feature","geometry":{"type":"Polygon","coordinates":[[[77.46828,12.97639],[77.46837,12.98137],[77.4642,12.98388],[77.45995,12.9814],[77.45987,12.97641],[77.46404,12.97391],[77.46828,12.97639]]]},"properties":{"h3":"88601458c3fffff","loss":0.028,"place":null}},{"type":"Feature","geometry":{"type":"Polygon","coordinates":[[[77.48103,12.98383],[77.48111,12.98881],[77.47694,12.99132],[77.47269,12.98884],[77.47261,12.98385],[77.47678,12.98135],[77.48103,12.98383]]]},"properties":{"h3":"88601458c5fffff","loss":0.028,"place":null}},{"type":"Feature","geometry":{"type":"Polygon","coordinates":[[[77.47261,12.98385],[77.47269,12.98884],[77.46853,12.99134],[77.46428,12.98886],[77.4642,12.98388],[77.46837,12.98137],[77.47261,12.98385]]]},"properties":{"h3":"88601458c7fffff","loss":0.052,"place":null}},{"type":"Feature","geometry":{"type":"Polygon","coordinates":[[[77.48078,12.96887],[77.48086,12.97386],[77.4767,12.97636],[77.47245,12.97388],[77.47237,12.9689],[77.47653,12.96639],[77.48078,12.96887]]]},"properties":{"h3":"88601458c9fffff","loss":0.002,"place":null}},{"type":"Feature","geometry":{"type":"Polygon","coordinates":[[[77.47237,12.9689],[77.47245,12.97388],[77.46828,12.97639],[77.46404,12.97391],[77.46395,12.96892],[77.46812,12.96642],[77.47237,12.9689]]]},"properties":{"h3":"88601458cbfffff","loss":0.018,"place":null}},{"type":"Feature","geometry":{"type":"Polygon","coordinates":[[[77.48511,12.97634],[77.48519,12.98132],[77.48103,12.98383],[77.47678,12.98135],[77.4767,12.97636],[77.48086,12.97386],[77.48511,12.97634]]]},"properties":{"h3":"88601458cdfffff","loss":0.004,"place":null}},{"type":"Feature","geometry":{"type":"Polygon","coordinates":[[[77.45554,12.96895],[77.45562,12.97393],[77.45146,12.97644],[77.44721,12.97396],[77.44713,12.96897],[77.4513,12.96647],[77.45554,12.96895]]]},"properties":{"h3":"88601458d1fffff","loss":0.022,"place":null}},{"type":"Feature","geometry":{"type":"Polygon","coordinates":[[[77.44713,12.96897],[77.44721,12.97396],[77.44305,12.97646],[77.4388,12.97398],[77.43872,12.969],[77.44289,12.96649],[77.44713,12.96897]]]},"properties":{"h3":"88601458d3fffff","loss":null,"place":null}},{"type":"Feature","geometry":{"type":"Polygon","coordinates":[[[77.45987,12.97641],[77.45995,12.9814],[77.45579,12.9839],[77.45154,12.98142],[77.45146,12.97644],[77.45562,12.97393],[77.45987,12.97641]]]},"properties":{"h3":"88601458d5fffff","loss":0.015,"place":null}},{"type":"Feature","geometry":{"type":"Polygon","coordinates":[[[77.45146,12.97644],[77.45154,12.98142],[77.44738,12.98392],[77.44313,12.98144],[77.44305,12.97646],[77.44721,12.97396],[77.45146,12.97644]]]},"properties":{"h3":"88601458d7fffff","loss":0.031,"place":null}},{"type":"Feature","geometry":{"type":"Polygon","coordinates":[[[77.45963,12.96146],[77.45971,12.96644],[77.45554,12.96895],[77.4513,12.96647],[77.45121,12.96148],[77.45538,12.95898],[77.45963,12.96146]]]},"properties":{"h3":"88601458d9fffff","loss":0.026,"place":null}},{"type":"Feature","geometry":{"type":"Polygon","coordinates":[[[77.45121,12.96148],[77.4513,12.96647],[77.44713,12.96897],[77.44289,12.96649],[77.4428,12.96151],[77.44697,12.959],[77.45121,12.96148]]]},"properties":{"h3":"88601458dbfffff","loss":null,"place":null}},{"type":"Feature","geometry":{"type":"Polygon","coordinates":[[[77.46395,12.96892],[77.46404,12.97391],[77.45987,12.97641],[77.45562,12.97393],[77.45554,12.96895],[77.45971,12.96644],[77.46395,12.96892]]]},"properties":{"h3":"88601458ddfffff","loss":null,"place":null}},{"type":"Feature","geometry":{"type":"Polygon","coordinates":[[[77.48127,12.99878],[77.48135,13.00377],[77.47719,13.00627],[77.47294,13.00379],[77.47286,12.9988],[77.47702,12.9963],[77.48127,12.99878]]]},"properties":{"h3":"88601458e1fffff","loss":0.041,"place":null}},{"type":"Feature","geometry":{"type":"Polygon","coordinates":[[[77.47286,12.9988],[77.47294,13.00379],[77.46877,13.00629],[77.46453,13.00381],[77.46444,12.99883],[77.46861,12.99632],[77.47286,12.9988]]]},"properties":{"h3":"88601458e3fffff","loss":0.046,"place":null}},{"type":"Feature","geometry":{"type":"Polygon","coordinates":[[[77.4856,13.00625],[77.48569,13.01123],[77.48152,13.01373],[77.47727,13.01125],[77.47719,13.00627],[77.48135,13.00377],[77.4856,13.00625]]]},"properties":{"h3":"88601458e5fffff","loss":0.047,"place":null}},{"type":"Feature","geometry":{"type":"Polygon","coordinates":[[[77.47719,13.00627],[77.47727,13.01125],[77.4731,13.01376],[77.46886,13.01128],[77.46877,13.00629],[77.47294,13.00379],[77.47719,13.00627]]]},"properties":{"h3":"88601458e7fffff","loss":0.051,"place":null}},{"type":"Feature","geometry":{"type":"Polygon","coordinates":[[[77.48536,12.99129],[77.48544,12.99628],[77.48127,12.99878],[77.47702,12.9963],[77.47694,12.99132],[77.48111,12.98881],[77.48536,12.99129]]]},"properties":{"h3":"88601458e9fffff","loss":null,"place":null}},{"type":"Feature","geometry":{"type":"Polygon","coordinates":[[[77.47694,12.99132],[77.47702,12.9963],[77.47286,12.9988],[77.46861,12.99632],[77.46853,12.99134],[77.47269,12.98884],[77.47694,12.99132]]]},"properties":{"h3":"88601458ebfffff","loss":0.024,"place":null}},{"type":"Feature","geometry":{"type":"Polygon","coordinates":[[[77.48969,12.99876],[77.48977,13.00374],[77.4856,13.00625],[77.48135,13.00377],[77.48127,12.99878],[77.48544,12.99628],[77.48969,12.99876]]]},"properties":{"h3":"88601458edfffff","loss":0.013,"place":null}},{"type":"Feature","geometry":{"type":"Polygon","coordinates":[[[77.54936,13.04346],[77.54945,13.04844],[77.54528,13.05095],[77.54103,13.04847],[77.54094,13.04348],[77.54511,13.04098],[77.54936,13.04346]]]},"properties":{"h3":"8860145901fffff","loss":null,"place":null}},{"type":"Feature","geometry":{"type":"Polygon","coordinates":[[[77.54094,13.04348],[77.54103,13.04847],[77.53686,13.05097],[77.5326,13.04849],[77.53252,13.04351],[77.53669,13.041],[77.54094,13.04348]]]},"properties":{"h3":"8860145903fffff","loss":null,"place":null}},{"type":"Feature","geometry":{"type":"Polygon","coordinates":[[[77.5537,13.05093],[77.55378,13.05591],[77.54961,13.05842],[77.54536,13.05593],[77.54528,13.05095],[77.54945,13.04844],[77.5537,13.05093]]]},"properties":{"h3":"8860145905fffff","loss":null,"place":null}},{"type":"Feature","geometry":{"type":"Polygon","coordinates":[[[77.54528,13.05095],[77.54536,13.05593],[77.54119,13.05844],[77.53694,13.05596],[77.53686,13.05097],[77.54103,13.04847],[77.54528,13.05095]]]},"properties":{"h3":"8860145907fffff","loss":null,"place":null}},{"type":"Feature","geometry":{"type":"Polygon","coordinates":[[[77.55345,13.03597],[77.55353,13.04095],[77.54936,13.04346],[77.54511,13.04098],[77.54503,13.03599],[77.5492,13.03349],[77.55345,13.03597]]]},"properties":{"h3":"8860145909fffff","loss":0.021,"place":null}},{"type":"Feature","geometry":{"type":"Polygon","coordinates":[[[77.54503,13.03599],[77.54511,13.04098],[77.54094,13.04348],[77.53669,13.041],[77.53661,13.03602],[77.54078,13.03351],[77.54503,13.03599]]]},"properties":{"h3":"886014590bfffff","loss":null,"place":null}},{"type":"Feature","geometry":{"type":"Polygon","coordinates":[[[77.55779,13.04343],[77.55787,13.04842],[77.5537,13.05093],[77.54945,13.04844],[77.54936,13.04346],[77.55353,13.04095],[77.55779,13.04343]]]},"properties":{"h3":"886014590dfffff","loss":null,"place":null}},{"type":"Feature","geometry":{"type":"Polygon","coordinates":[[[77.52819,13.03604],[77.52827,13.04102],[77.5241,13.04353],[77.51985,13.04105],[77.51977,13.03606],[77.52394,13.03356],[77.52819,13.03604]]]},"properties":{"h3":"8860145911fffff","loss":null,"place":null}},{"type":"Feature","geometry":{"type":"Polygon","coordinates":[[[77.51977,13.03606],[77.51985,13.04105],[77.51568,13.04355],[77.51143,13.04107],[77.51135,13.03609],[77.51552,13.03358],[77.51977,13.03606]]]},"properties":{"h3":"8860145913fffff","loss":null,"place":null}},{"type":"Feature","geometry":{"type":"Polygon","coordinates":[[[77.53252,13.04351],[77.5326,13.04849],[77.52844,13.051],[77.52418,13.04851],[77.5241,13.04353],[77.52827,13.04102],[77.53252,13.04351]]]},"properties":{"h3":"8860145915fffff","loss":null,"place":null}},{"type":"Feature","geometry":{"type":"Polygon","coordinates":[[[77.5241,13.04353],[77.52418,13.04851],[77.52001,13.05102],[77.51576,13.04854],[77.51568,13.04355],[77.51985,13.04105],[77.5241,13.04353]]]},"properties":{"h3":"8860145917fffff","loss":0.001,"place":null}},{"type":"Feature","geometry":{"type":"Polygon","coordinates":[[[77.53227,13.02855],[77.53236,13.03353],[77.52819,13.03604],[77.52394,13.03356],[77.52385,13.02857],[77.52802,13.02607],[77.53227,13.02855]]]},"properties":{"h3":"8860145919fffff","loss":null,"place":null}},{"type":"Feature","geometry":{"type":"Polygon","coordinates":[[[77.52385,13.02857],[77.52394,13.03356],[77.51977,13.03606],[77.51552,13.03358],[77.51543,13.0286],[77.5196,13.02609],[77.52385,13.02857]]]},"properties":{"h3":"886014591bfffff","loss":0.019,"place":null}},{"type":"Feature","geometry":{"type":"Polygon","coordinates":[[[77.53661,13.03602],[77.53669,13.041],[77.53252,13.04351],[77.52827,13.04102],[77.52819,13.03604],[77.53236,13.03353],[77.53661,13.03602]]]},"properties":{"h3":"886014591dfffff","loss":null,"place":null}},{"type":"Feature","geometry":{"type":"Polygon","coordinates":[[[77.55395,13.06588],[77.55403,13.07087],[77.54986,13.07337],[77.54561,13.07089],[77.54553,13.06591],[77.5497,13.0634],[77.55395,13.06588]]]},"properties":{"h3":"8860145921fffff","loss":null,"place":null}},{"type":"Feature","geometry":{"type":"Polygon","coordinates":[[[77.54553,13.06591],[77.54561,13.07089],[77.54144,13.0734],[77.53719,13.07091],[77.53711,13.06593],[77.54127,13.06343],[77.54553,13.06591]]]},"properties":{"h3":"8860145923fffff","loss":null,"place":null}},{"type":"Feature","geometry":{"type":"Polygon","coordinates":[[[77.55829,13.07335],[77.55837,13.07834],[77.5542,13.08084],[77.54995,13.07836],[77.54986,13.07337],[77.55403,13.07087],[77.55829,13.07335]]]},"properties":{"h3":"8860145925fffff","loss":0.003,"place":null}},{"type":"Feature","geometry":{"type":"Polygon","coordinates":[[[77.54986,13.07337],[77.54995,13.07836],[77.54578,13.08086],[77.54152,13.07838],[77.54144,13.0734],[77.54561,13.07089],[77.54986,13.07337]]]},"properties":{"h3":"8860145927fffff","loss":null,"place":null}},{"type":"Feature","geometry":{"type":"Polygon","coordinates":[[[77.55804,13.05839],[77.55812,13.06338],[77.55395,13.06588],[77.5497,13.0634],[77.54961,13.05842],[77.55378,13.05591],[77.55804,13.05839]]]},"properties":{"h3":"8860145929fffff","loss":null,"place":null}},{"type":"Feature","geometry":{"type":"Polygon","coordinates":[[[77.54961,13.05842],[77.5497,13.0634],[77.54553,13.06591],[77.54127,13.06343],[77.54119,13.05844],[77.54536,13.05593],[77.54961,13.05842]]]},"properties":{"h3":"886014592bfffff","loss":null,"place":null}},{"type":"Feature","geometry":{"type":"Polygon","coordinates":[[[77.56237,13.06586],[77.56246,13.07085],[77.55829,13.07335],[77.55403,13.07087],[77.55395,13.06588],[77.55812,13.06338],[77.56237,13.06586]]]},"properties":{"h3":"886014592dfffff","loss":0.003,"place":null}},{"type":"Feature","geometry":{"type":"Polygon","coordinates":[[[77.53277,13.05846],[77.53285,13.06345],[77.52868,13.06595],[77.52443,13.06347],[77.52435,13.05848],[77.52852,13.05598],[77.53277,13.05846]]]},"properties":{"h3":"8860145931fffff","loss":null,"place":null}},{"type":"Feature","geometry":{"type":"Polygon","coordinates":[[[77.52435,13.05848],[77.52443,13.06347],[77.52026,13.06597],[77.51601,13.06349],[77.51593,13.05851],[77.5201,13.056],[77.52435,13.05848]]]},"properties":{"h3":"8860145933fffff","loss":null,"place":null}},{"type":"Feature","geometry":{"type":"Polygon","coordinates":[[[77.53711,13.06593],[77.53719,13.07091],[77.53302,13.07342],[77.52877,13.07094],[77.52868,13.06595],[77.53285,13.06345],[77.53711,13.06593]]]},"properties":{"h3":"8860145935fffff","loss":null,"place":null}},{"type":"Feature","geometry":{"type":"Polygon","coordinates":[[[77.52868,13.06595],[77.52877,13.07094],[77.5246,13.07344],[77.52035,13.07096],[77.52026,13.06597],[77.52443,13.06347],[77.52868,13.06595]]]},"properties":{"h3":"8860145937fffff","loss":null,"place":null}},{"type":"Feature","geometry":{"type":"Polygon","coordinates":[[[77.53686,13.05097],[77.53694,13.05596],[77.53277,13.05846],[77.52852,13.05598],[77.52844,13.051],[77.5326,13.04849],[77.53686,13.05097]]]},"properties":{"h3":"8860145939fffff","loss":null,"place":null}},{"type":"Feature","geometry":{"type":"Polygon","coordinates":[[[77.52844,13.051],[77.52852,13.05598],[77.52435,13.05848],[77.5201,13.056],[77.52001,13.05102],[77.52418,13.04851],[77.52844,13.051]]]},"properties":{"h3":"886014593bfffff","loss":null,"place":null}},{"type":"Feature","geometry":{"type":"Polygon","coordinates":[[[77.54119,13.05844],[77.54127,13.06343],[77.53711,13.06593],[77.53285,13.06345],[77.53277,13.05846],[77.53694,13.05596],[77.54119,13.05844]]]},"properties":{"h3":"886014593dfffff","loss":null,"place":null}},{"type":"Feature","geometry":{"type":"Polygon","coordinates":[[[77.56596,13.02845],[77.56604,13.03344],[77.56187,13.03594],[77.55762,13.03346],[77.55754,13.02848],[77.56171,13.02597],[77.56596,13.02845]]]},"properties":{"h3":"8860145941fffff","loss":0.019,"place":null}},{"type":"Feature","geometry":{"type":"Polygon","coordinates":[[[77.55754,13.02848],[77.55762,13.03346],[77.55345,13.03597],[77.5492,13.03349],[77.54912,13.0285],[77.55328,13.02599],[77.55754,13.02848]]]},"properties":{"h3":"8860145943fffff","loss":0.025,"place":null}},{"type":"Feature","geometry":{"type":"Polygon","coordinates":[[[77.5703,13.03592],[77.57038,13.0409],[77.56621,13.04341],[77.56196,13.04093],[77.56187,13.03594],[77.56604,13.03344],[77.5703,13.03592]]]},"properties":{"h3":"8860145945fffff","loss":null,"place":null}},{"type":"Feature","geometry":{"type":"Polygon","coordinates":[[[77.56187,13.03594],[77.56196,13.04093],[77.55779,13.04343],[77.55353,13.04095],[77.55345,13.03597],[77.55762,13.03346],[77.56187,13.03594]]]},"properties":{"h3":"8860145947fffff","loss":0.004,"place":null}},{"type":"Feature","geometry":{"type":"Polygon","coordinates":[[[77.57005,13.02096],[77.57013,13.02594],[77.56596,13.02845],[77.56171,13.02597],[77.56162,13.02098],[77.56579,13.01848],[77.57005,13.02096]]]},"properties":{"h3":"8860145949fffff","loss":null,"place":null}},{"type":"Feature","geometry":{"type":"Polygon","coordinates":[[[77.56162,13.02098],[77.56171,13.02597],[77.55754,13.02848],[77.55328,13.02599],[77.5532,13.02101],[77.55737,13.0185],[77.56162,13.02098]]]},"properties":{"h3":"886014594bfffff","loss":0.021,"place":null}},{"type":"Feature","geometry":{"type":"Polygon","coordinates":[[[77.57439,13.02842],[77.57447,13.03341],[77.5703,13.03592],[77.56604,13.03344],[77.56596,13.02845],[77.57013,13.02594],[77.57439,13.02842]]]},"properties":{"h3":"886014594dfffff","loss":null,"place":null}},{"type":"Feature","geometry":{"type":"Polygon","coordinates":[[[77.54478,13.02103],[77.54486,13.02602],[77.54069,13.02852],[77.53644,13.02604],[77.53636,13.02106],[77.54053,13.01855],[77.54478,13.02103]]]},"properties":{"h3":"8860145951fffff","loss":null,"place":null}},{"type":"Feature","geometry":{"type":"Polygon","coordinates":[[[77.53636,13.02106],[77.53644,13.02604],[77.53227,13.02855],[77.52802,13.02607],[77.52794,13.02108],[77.53211,13.01858],[77.53636,13.02106]]]},"properties":{"h3":"8860145953fffff","loss":null,"place":null}},{"type":"Feature","geometry":{"type":"Polygon","coordinates":[[[77.54912,13.0285],[77.5492,13.03349],[77.54503,13.03599],[77.54078,13.03351],[77.54069,13.02852],[77.54486,13.02602],[77.54912,13.0285]]]},"properties":{"h3":"8860145955fffff","loss":null,"place":null}},{"type":"Feature","geometry":{"type":"Polygon","coordinates":[[[77.54069,13.02852],[77.54078,13.03351],[77.53661,13.03602],[77.53236,13.03353],[77.53227,13.02855],[77.53644,13.02604],[77.54069,13.02852]]]},"properties":{"h3":"8860145957fffff","loss":null,"place":null}},{"type":"Feature","geometry":{"type":"Polygon","coordinates":[[[77.54887,13.01354],[77.54895,13.01853],[77.54478,13.02103],[77.54053,13.01855],[77.54044,13.01357],[77.54461,13.01106],[77.54887,13.01354]]]},"properties":{"h3":"8860145959fffff","loss":0.013,"place":null}},{"type":"Feature","geometry":{"type":"Polygon","coordinates":[[[77.54044,13.01357],[77.54053,13.01855],[77.53636,13.02106],[77.53211,13.01858],[77.53202,13.01359],[77.53619,13.01109],[77.54044,13.01357]]]},"properties":{"h3":"886014595bfffff","loss":null,"place":null}},{"type":"Feature","geometry":{"type":"Polygon","coordinates":[[[77.5532,13.02101],[77.55328,13.02599],[77.54912,13.0285],[77.54486,13.02602],[77.54478,13.02103],[77.54895,13.01853],[77.5532,13.02101]]]},"properties":{"h3":"886014595dfffff","loss":0.01,"place":null}},{"type":"Feature","geometry":{"type":"Polygon","coordinates":[[[77.57055,13.05088],[77.57063,13.05586],[77.56646,13.05837],[77.56221,13.05589],[77.56212,13.0509],[77.56629,13.0484],[77.57055,13.05088]]]},"properties":{"h3":"8860145961fffff","loss":null,"place":null}},{"type":"Feature","geometry":{"type":"Polygon","coordinates":[[[77.56212,13.0509],[77.56221,13.05589],[77.55804,13.05839],[77.55378,13.05591],[77.5537,13.05093],[77.55787,13.04842],[77.56212,13.0509]]]},"properties":{"h3":"8860145963fffff","loss":null,"place":null}},{"type":"Feature","geometry":{"type":"Polygon","coordinates":[[[77.57489,13.05835],[77.57497,13.06333],[77.5708,13.06584],[77.56655,13.06336],[77.56646,13.05837],[77.57063,13.05586],[77.57489,13.05835]]]},"properties":{"h3":"8860145965fffff","loss":0.014,"place":null}},{"type":"Feature","geometry":{"type":"Polygon","coordinates":[[[77.56646,13.05837],[77.56655,13.06336],[77.56237,13.06586],[77.55812,13.06338],[77.55804,13.05839],[77.56221,13.05589],[77.56646,13.05837]]]},"properties":{"h3":"8860145967fffff","loss":null,"place":null}},{"type":"Feature","geometry":{"type":"Polygon","coordinates":[[[77.57464,13.04339],[77.57472,13.04837],[77.57055,13.05088],[77.56629,13.0484],[77.56621,13.04341],[77.57038,13.0409],[77.57464,13.04339]]]},"properties":{"h3":"8860145969fffff","loss":null,"place":null}},{"type":"Feature","geometry":{"type":"Polygon","coordinates":[[[77.56621,13.04341],[77.56629,13.0484],[77.56212,13.0509],[77.55787,13.04842],[77.55779,13.04343],[77.56196,13.04093],[77.56621,13.04341]]]},"properties":{"h3":"886014596bfffff","loss":null,"place":null}},{"type":"Feature","geometry":{"type":"Polygon","coordinates":[[[77.57897,13.05085],[77.57906,13.05584],[77.57489,13.05835],[77.57063,13.05586],[77.57055,13.05088],[77.57472,13.04837],[77.57897,13.05085]]]},"properties":{"h3":"886014596dfffff","loss":null,"place":null}},{"type":"Feature","geometry":{"type":"Polygon","coordinates":[[[77.49043,13.04362],[77.49051,13.0486],[77.48634,13.05111],[77.48209,13.04862],[77.48201,13.04364],[77.48618,13.04114],[77.49043,13.04362]]]},"properties":{"h3":"8860145981fffff","loss":0.014,"place":null}},{"type":"Feature","geometry":{"type":"Polygon","coordinates":[[[77.48201,13.04364],[77.48209,13.04862],[77.47793,13.05113],[77.47368,13.04865],[77.47359,13.04366],[77.47776,13.04116],[77.48201,13.04364]]]},"properties":{"h3":"8860145983fffff","loss":null,"place":null}},{"type":"Feature","geometry":{"type":"Polygon","coordinates":[[[77.49476,13.05108],[77.49484,13.05607],[77.49067,13.05857],[77.48642,13.05609],[77.48634,13.05111],[77.49051,13.0486],[77.49476,13.05108]]]},"properties":{"h3":"8860145985fffff","loss":null,"place":null}},{"type":"Feature","geometry":{"type":"Polygon","coordinates":[[[77.48634,13.05111],[77.48642,13.05609],[77.48226,13.05859],[77.47801,13.05611],[77.47793,13.05113],[77.48209,13.04862],[77.48634,13.05111]]]},"properties":{"h3":"8860145987fffff","loss":0.026,"place":null}},{"type":"Feature","geometry":{"type":"Polygon","coordinates":[[[77.49451,13.03613],[77.49459,13.04112],[77.49043,13.04362],[77.48618,13.04114],[77.4861,13.03615],[77.49026,13.03365],[77.49451,13.03613]]]},"properties":{"h3":"8860145989fffff","loss":0.034,"place":null}},{"type":"Feature","geometry":{"type":"Polygon","coordinates":[[[77.4861,13.03615],[77.48618,13.04114],[77.48201,13.04364],[77.47776,13.04116],[77.47768,13.03618],[77.48185,13.03367],[77.4861,13.03615]]]},"properties":{"h3":"886014598bfffff","loss":null,"place":null}},{"type":"Feature","geometry":{"type":"Polygon","coordinates":[[[77.49884,13.0436],[77.49893,13.04858],[77.49476,13.05108],[77.49051,13.0486],[77.49043,13.04362],[77.49459,13.04112],[77.49884,13.0436]]]},"properties":{"h3":"886014598dfffff","loss":null,"place":null}},{"type":"Feature","geometry":{"type":"Polygon","coordinates":[[[77.46926,13.0362],[77.46935,13.04118],[77.46518,13.04368],[77.46093,13.0412],[77.46085,13.03622],[77.46502,13.03372],[77.46926,13.0362]]]},"properties":{"h3":"8860145991fffff","loss":null,"place":null}},{"type":"Feature","geometry":{"type":"Polygon","coordinates":[[[77.46085,13.03622],[77.46093,13.0412],[77.45677,13.0437],[77.45252,13.04122],[77.45244,13.03624],[77.4566,13.03374],[77.46085,13.03622]]]},"properties":{"h3":"8860145993fffff","loss":null,"place":null}},{"type":"Feature","geometry":{"type":"Polygon","coordinates":[[[77.47359,13.04366],[77.47368,13.04865],[77.46951,13.05115],[77.46526,13.04867],[77.46518,13.04368],[77.46935,13.04118],[77.47359,13.04366]]]},"properties":{"h3":"8860145995fffff","loss":null,"place":null}},{"type":"Feature","geometry":{"type":"Polygon","coordinates":[[[77.46518,13.04368],[77.46526,13.04867],[77.4611,13.05117],[77.45685,13.04869],[77.45677,13.0437],[77.46093,13.0412],[77.46518,13.04368]]]},"properties":{"h3":"8860145997fffff","loss":null,"place":null}},{"type":"Feature","geometry":{"type":"Polygon","coordinates":[[[77.47335,13.02871],[77.47343,13.03369],[77.46926,13.0362],[77.46502,13.03372],[77.46493,13.02873],[77.4691,13.02623],[77.47335,13.02871]]]},"properties":{"h3":"8860145999fffff","loss":null,"place":null}},{"type":"Feature","geometry":{"type":"Polygon","coordinates":[[[77.46493,13.02873],[77.46502,13.03372],[77.46085,13.03622],[77.4566,13.03374],[77.45652,13.02875],[77.46069,13.02625],[77.46493,13.02873]]]},"properties":{"h3":"886014599bfffff","loss":null,"place":null}},{"type":"Feature","geometry":{"type":"Polygon","coordinates":[[[77.47768,13.03618],[77.47776,13.04116],[77.47359,13.04366],[77.46935,13.04118],[77.46926,13.0362],[77.47343,13.03369],[77.47768,13.03618]]]},"properties":{"h3":"886014599dfffff","loss":null,"place":null}},{"type":"Feature","geometry":{"type":"Polygon","coordinates":[[[77.49501,13.06604],[77.49509,13.07102],[77.49092,13.07352],[77.48667,13.07104],[77.48659,13.06606],[77.49076,13.06356],[77.49501,13.06604]]]},"properties":{"h3":"88601459a1fffff","loss":0.0,"place":null}},{"type":"Feature","geometry":{"type":"Polygon","coordinates":[[[77.48659,13.06606],[77.48667,13.07104],[77.4825,13.07354],[77.47825,13.07106],[77.47817,13.06608],[77.48234,13.06358],[77.48659,13.06606]]]},"properties":{"h3":"88601459a3fffff","loss":0.014,"place":null}},{"type":"Feature","geometry":{"type":"Polygon","coordinates":[[[77.49934,13.0735],[77.49942,13.07849],[77.49525,13.08099],[77.491,13.07851],[77.49092,13.07352],[77.49509,13.07102],[77.49934,13.0735]]]},"properties":{"h3":"88601459a5fffff","loss":null,"place":null}},{"type":"Feature","geometry":{"type":"Polygon","coordinates":[[[77.49092,13.07352],[77.491,13.07851],[77.48683,13.08101],[77.48258,13.07853],[77.4825,13.07354],[77.48667,13.07104],[77.49092,13.07352]]]},"properties":{"h3":"88601459a7fffff","loss":null,"place":null}},{"type":"Feature","geometry":{"type":"Polygon","coordinates":[[[77.49909,13.05855],[77.49917,13.06353],[77.49501,13.06604],[77.49076,13.06356],[77.49067,13.05857],[77.49484,13.05607],[77.49909,13.05855]]]},"properties":{"h3":"88601459a9fffff","loss":0.003,"place":null}},{"type":"Feature","geometry":{"type":"Polygon","coordinates":[[[77.49067,13.05857],[77.49076,13.06356],[77.48659,13.06606],[77.48234,13.06358],[77.48226,13.05859],[77.48642,13.05609],[77.49067,13.05857]]]},"properties":{"h3":"88601459abfffff","loss":0.045,"place":null}},{"type":"Feature","geometry":{"type":"Polygon","coordinates":[[[77.50342,13.06602],[77.50351,13.071],[77.49934,13.0735],[77.49509,13.07102],[77.49501,13.06604],[77.49917,13.06353],[77.50342,13.06602]]]},"properties":{"h3":"88601459adfffff","loss":null,"place":null}},{"type":"Feature","geometry":{"type":"Polygon","coordinates":[[[77.47384,13.05861],[77.47392,13.0636],[77.46976,13.0661],[77.46551,13.06362],[77.46542,13.05863],[77.46959,13.05613],[77.47384,13.05861]]]},"properties":{"h3":"88601459b1fffff","loss":null,"place":null}},{"type":"Feature","geometry":{"type":"Polygon","coordinates":[[[77.46542,13.05863],[77.46551,13.06362],[77.46134,13.06612],[77.45709,13.06364],[77.45701,13.05865],[77.46118,13.05615],[77.46542,13.05863]]]},"properties":{"h3":"88601459b3fffff","loss":0.018,"place":null}},{"type":"Feature","geometry":{"type":"Polygon","coordinates":[[[77.47817,13.06608],[77.47825,13.07106],[77.47409,13.07357],[77.46984,13.07108],[77.46976,13.0661],[77.47392,13.0636],[77.47817,13.06608]]]},"properties":{"h3":"88601459b5fffff","loss":0.004,"place":null}},{"type":"Feature","geometry":{"type":"Polygon","coordinates":[[[77.46976,13.0661],[77.46984,13.07108],[77.46567,13.07358],[77.46142,13.0711],[77.46134,13.06612],[77.46551,13.06362],[77.46976,13.0661]]]},"properties":{"h3":"88601459b7fffff","loss":null,"place":null}},{"type":"Feature","geometry":{"type":"Polygon","coordinates":[[[77.47793,13.05113],[77.47801,13.05611],[77.47384,13.05861],[77.46959,13.05613],[77.46951,13.05115],[77.47368,13.04865],[77.47793,13.05113]]]},"properties":{"h3":"88601459b9fffff","loss":0.02,"place":null}},{"type":"Feature","geometry":{"type":"Polygon","coordinates":[[[77.46951,13.05115],[77.46959,13.05613],[77.46542,13.05863],[77.46118,13.05615],[77.4611,13.05117],[77.46526,13.04867],[77.46951,13.05115]]]},"properties":{"h3":"88601459bbfffff","loss":0.012,"place":null}},{"type":"Feature","geometry":{"type":"Polygon","coordinates":[[[77.48226,13.05859],[77.48234,13.06358],[77.47817,13.06608],[77.47392,13.0636],[77.47384,13.05861],[77.47801,13.05611],[77.48226,13.05859]]]},"properties":{"h3":"88601459bdfffff","loss":0.03,"place":null}},{"type":"Feature","geometry":{"type":"Polygon","coordinates":[[[77.50702,13.02862],[77.5071,13.0336],[77.50293,13.03611],[77.49868,13.03363],[77.4986,13.02864],[77.50276,13.02614],[77.50702,13.02862]]]},"properties":{"h3":"88601459c1fffff","loss":null,"place":null}},{"type":"Feature","geometry":{"type":"Polygon","coordinates":[[[77.4986,13.02864],[77.49868,13.03363],[77.49451,13.03613],[77.49026,13.03365],[77.49018,13.02867],[77.49435,13.02616],[77.4986,13.02864]]]},"properties":{"h3":"88601459c3fffff","loss":null,"place":null}},{"type":"Feature","geometry":{"type":"Polygon","coordinates":[[[77.51135,13.03609],[77.51143,13.04107],[77.50726,13.04357],[77.50301,13.04109],[77.50293,13.03611],[77.5071,13.0336],[77.51135,13.03609]]]},"properties":{"h3":"88601459c5fffff","loss":0.028,"place":null}},{"type":"Feature","geometry":{"type":"Polygon","coordinates":[[[77.50293,13.03611],[77.50301,13.04109],[77.49884,13.0436],[77.49459,13.04112],[77.49451,13.03613],[77.49868,13.03363],[77.50293,13.03611]]]},"properties":{"h3":"88601459c7fffff","loss":null,"place":null}},{"type":"Feature","geometry":{"type":"Polygon","coordinates":[[[77.5111,13.02113],[77.51118,13.02612],[77.50702,13.02862],[77.50276,13.02614],[77.50268,13.02115],[77.50685,13.01865],[77.5111,13.02113]]]},"properties":{"h3":"88601459c9fffff","loss":null,"place":null}},{"type":"Feature","geometry":{"type":"Polygon","coordinates":[[[77.50268,13.02115],[77.50276,13.02614],[77.4986,13.02864],[77.49435,13.02616],[77.49427,13.02118],[77.49843,13.01867],[77.50268,13.02115]]]},"properties":{"h3":"88601459cbfffff","loss":0.011,"place":null}},{"type":"Feature","geometry":{"type":"Polygon","coordinates":[[[77.51543,13.0286],[77.51552,13.03358],[77.51135,13.03609],[77.5071,13.0336],[77.50702,13.02862],[77.51118,13.02612],[77.51543,13.0286]]]},"properties":{"h3":"88601459cdfffff","loss":0.014,"place":null}},{"type":"Feature","geometry":{"type":"Polygon","coordinates":[[[77.48585,13.0212],[77.48593,13.02618],[77.48176,13.02869],[77.47752,13.02621],[77.47743,13.02122],[77.4816,13.01872],[77.48585,13.0212]]]},"properties":{"h3":"88601459d1fffff","loss":null,"place":null}},{"type":"Feature","geometry":{"type":"Polygon","coordinates":[[[77.47743,13.02122],[77.47752,13.02621],[77.47335,13.02871],[77.4691,13.02623],[77.46902,13.02124],[77.47319,13.01874],[77.47743,13.02122]]]},"properties":{"h3":"88601459d3fffff","loss":null,"place":null}},{"type":"Feature","geometry":{"type":"Polygon","coordinates":[[[77.49018,13.02867],[77.49026,13.03365],[77.4861,13.03615],[77.48185,13.03367],[77.48176,13.02869],[77.48593,13.02618],[77.49018,13.02867]]]},"properties":{"h3":"88601459d5fffff","loss":null,"place":null}},{"type":"Feature","geometry":{"type":"Polygon","coordinates":[[[77.48176,13.02869],[77.48185,13.03367],[77.47768,13.03618],[77.47343,13.03369],[77.47335,13.02871],[77.47752,13.02621],[77.48176,13.02869]]]},"properties":{"h3":"88601459d7fffff","loss":null,"place":null}},{"type":"Feature","geometry":{"type":"Polygon","coordinates":[[[77.48993,13.01371],[77.49002,13.0187],[77.48585,13.0212],[77.4816,13.01872],[77.48152,13.01373],[77.48569,13.01123],[77.48993,13.01371]]]},"properties":{"h3":"88601459d9fffff","loss":0.021,"place":null}},{"type":"Feature","geometry":{"type":"Polygon","coordinates":[[[77.48152,13.01373],[77.4816,13.01872],[77.47743,13.02122],[77.47319,13.01874],[77.4731,13.01376],[77.47727,13.01125],[77.48152,13.01373]]]},"properties":{"h3":"88601459dbfffff","loss":0.031,"place":null}},{"type":"Feature","geometry":{"type":"Polygon","coordinates":[[[77.49427,13.02118],[77.49435,13.02616],[77.49018,13.02867],[77.48593,13.02618],[77.48585,13.0212],[77.49002,13.0187],[77.49427,13.02118]]]},"properties":{"h3":"88601459ddfffff","loss":null,"place":null}},{"type":"Feature","geometry":{"type":"Polygon","coordinates":[[[77.5116,13.05104],[77.51168,13.05603],[77.50751,13.05853],[77.50326,13.05605],[77.50318,13.05106],[77.50734,13.04856],[77.5116,13.05104]]]},"properties":{"h3":"88601459e1fffff","loss":0.016,"place":null}},{"type":"Feature","geometry":{"type":"Polygon","coordinates":[[[77.50318,13.05106],[77.50326,13.05605],[77.49909,13.05855],[77.49484,13.05607],[77.49476,13.05108],[77.49893,13.04858],[77.50318,13.05106]]]},"properties":{"h3":"88601459e3fffff","loss":null,"place":null}},{"type":"Feature","geometry":{"type":"Polygon","coordinates":[[[77.51593,13.05851],[77.51601,13.06349],[77.51184,13.066],[77.50759,13.06351],[77.50751,13.05853],[77.51168,13.05603],[77.51593,13.05851]]]},"properties":{"h3":"88601459e5fffff","loss":null,"place":null}},{"type":"Feature","geometry":{"type":"Polygon","coordinates":[[[77.50751,13.05853],[77.50759,13.06351],[77.50342,13.06602],[77.49917,13.06353],[77.49909,13.05855],[77.50326,13.05605],[77.50751,13.05853]]]},"properties":{"h3":"88601459e7fffff","loss":null,"place":null}},{"type":"Feature","geometry":{"type":"Polygon","coordinates":[[[77.51568,13.04355],[77.51576,13.04854],[77.5116,13.05104],[77.50734,13.04856],[77.50726,13.04357],[77.51143,13.04107],[77.51568,13.04355]]]},"properties":{"h3":"88601459e9fffff","loss":0.001,"place":null}},{"type":"Feature","geometry":{"type":"Polygon","coordinates":[[[77.50726,13.04357],[77.50734,13.04856],[77.50318,13.05106],[77.49893,13.04858],[77.49884,13.0436],[77.50301,13.04109],[77.50726,13.04357]]]},"properties":{"h3":"88601459ebfffff","loss":null,"place":null}},{"type":"Feature","geometry":{"type":"Polygon","coordinates":[[[77.52001,13.05102],[77.5201,13.056],[77.51593,13.05851],[77.51168,13.05603],[77.5116,13.05104],[77.51576,13.04854],[77.52001,13.05102]]]},"properties":{"h3":"88601459edfffff","loss":0.002,"place":null}},{"type":"Feature","geometry":{"type":"Polygon","coordinates":[[[77.54762,12.93874],[77.5477,12.94373],[77.54353,12.94624],[77.53928,12.94376],[77.5392,12.93877],[77.54337,12.93626],[77.54762,12.93874]]]},"properties":{"h3":"8860145a01fffff","loss":0.009,"place":null}},{"type":"Feature","geometry":{"type":"Polygon","coordinates":[[[77.5392,12.93877],[77.53928,12.94376],[77.53512,12.94627],[77.53086,12.94379],[77.53078,12.9388],[77.53495,12.93629],[77.5392,12.93877]]]},"properties":{"h3":"8860145a03fffff","loss":0.009,"place":null}},{"type":"Feature","geometry":{"type":"Polygon","coordinates":[[[77.55195,12.94621],[77.55204,12.9512],[77.54787,12.9537],[77.54362,12.95122],[77.54353,12.94624],[77.5477,12.94373],[77.55195,12.94621]]]},"properties":{"h3":"8860145a05fffff","loss":0.021,"place":null}},{"type":"Feature","geometry":{"type":"Polygon","coordinates":[[[77.54353,12.94624],[77.54362,12.95122],[77.53945,12.95373],[77.5352,12.95125],[77.53512,12.94627],[77.53928,12.94376],[77.54353,12.94624]]]},"properties":{"h3":"8860145a07fffff","loss":0.01,"place":null}},{"type":"Feature","geometry":{"type":"Polygon","coordinates":[[[77.5517,12.93125],[77.55179,12.93624],[77.54762,12.93874],[77.54337,12.93626],[77.54329,12.93128],[77.54745,12.92877],[77.5517,12.93125]]]},"properties":{"h3":"8860145a09fffff","loss":0.016,"place":null}},{"type":"Feature","geometry":{"type":"Polygon","coordinates":[[[77.54329,12.93128],[77.54337,12.93626],[77.5392,12.93877],[77.53495,12.93629],[77.53487,12.93131],[77.53903,12.9288],[77.54329,12.93128]]]},"properties":{"h3":"8860145a0bfffff","loss":0.002,"place":null}},{"type":"Feature","geometry":{"type":"Polygon","coordinates":[[[77.55604,12.93871],[77.55612,12.9437],[77.55195,12.94621],[77.5477,12.94373],[77.54762,12.93874],[77.55179,12.93624],[77.55604,12.93871]]]},"properties":{"h3":"8860145a0dfffff","loss":0.031,"place":null}},{"type":"Feature","geometry":{"type":"Polygon","coordinates":[[[77.52645,12.93133],[77.52653,12.93632],[77.52236,12.93883],[77.51811,12.93635],[77.51803,12.93136],[77.5222,12.92886],[77.52645,12.93133]]]},"properties":{"h3":"8860145a11fffff","loss":null,"place":null}},{"type":"Feature","geometry":{"type":"Polygon","coordinates":[[[77.51803,12.93136],[77.51811,12.93635],[77.51395,12.93886],[77.5097,12.93638],[77.50962,12.93139],[77.51378,12.92888],[77.51803,12.93136]]]},"properties":{"h3":"8860145a13fffff","loss":0.03,"place":null}},{"type":"Feature","geometry":{"type":"Polygon","coordinates":[[[77.53078,12.9388],[77.53086,12.94379],[77.5267,12.94629],[77.52245,12.94381],[77.52236,12.93883],[77.52653,12.93632],[77.53078,12.9388]]]},"properties":{"h3":"8860145a15fffff","loss":0.0,"place":null}},{"type":"Feature","geometry":{"type":"Polygon","coordinates":[[[77.52236,12.93883],[77.52245,12.94381],[77.51828,12.94632],[77.51403,12.94384],[77.51395,12.93886],[77.51811,12.93635],[77.52236,12.93883]]]},"properties":{"h3":"8860145a17fffff","loss":null,"place":null}},{"type":"Feature","geometry":{"type":"Polygon","coordinates":[[[77.53053,12.92384],[77.53062,12.92883],[77.52645,12.93133],[77.5222,12.92886],[77.52212,12.92387],[77.52628,12.92136],[77.53053,12.92384]]]},"properties":{"h3":"8860145a19fffff","loss":0.016,"place":null}},{"type":"Feature","geometry":{"type":"Polygon","coordinates":[[[77.52212,12.92387],[77.5222,12.92886],[77.51803,12.93136],[77.51378,12.92888],[77.5137,12.9239],[77.51787,12.92139],[77.52212,12.92387]]]},"properties":{"h3":"8860145a1bfffff","loss":0.011,"place":null}},{"type":"Feature","geometry":{"type":"Polygon","coordinates":[[[77.53487,12.93131],[77.53495,12.93629],[77.53078,12.9388],[77.52653,12.93632],[77.52645,12.93133],[77.53062,12.92883],[77.53487,12.93131]]]},"properties":{"h3":"8860145a1dfffff","loss":0.037,"place":null}},{"type":"Feature","geometry":{"type":"Polygon","coordinates":[[[77.5522,12.96117],[77.55229,12.96616],[77.54812,12.96866],[77.54387,12.96618],[77.54378,12.9612],[77.54795,12.95869],[77.5522,12.96117]]]},"properties":{"h3":"8860145a21fffff","loss":0.019,"place":null}},{"type":"Feature","geometry":{"type":"Polygon","coordinates":[[[77.54378,12.9612],[77.54387,12.96618],[77.5397,12.96869],[77.53545,12.96621],[77.53536,12.96122],[77.53953,12.95872],[77.54378,12.9612]]]},"properties":{"h3":"8860145a23fffff","loss":0.011,"place":null}},{"type":"Feature","geometry":{"type":"Polygon","coordinates":[[[77.55654,12.96864],[77.55662,12.97362],[77.55245,12.97613],[77.5482,12.97365],[77.54812,12.96866],[77.55229,12.96616],[77.55654,12.96864]]]},"properties":{"h3":"8860145a25fffff","loss":0.014,"place":null}},{"type":"Feature","geometry":{"type":"Polygon","coordinates":[[[77.54812,12.96866],[77.5482,12.97365],[77.54403,12.97616],[77.53978,12.97368],[77.5397,12.96869],[77.54387,12.96618],[77.54812,12.96866]]]},"properties":{"h3":"8860145a27fffff","loss":0.021,"place":null}},{"type":"Feature","geometry":{"type":"Polygon","coordinates":[[[77.55629,12.95368],[77.55637,12.95866],[77.5522,12.96117],[77.54795,12.95869],[77.54787,12.9537],[77.55204,12.9512],[77.55629,12.95368]]]},"properties":{"h3":"8860145a29fffff","loss":0.028,"place":null}},{"type":"Feature","geometry":{"type":"Polygon","coordinates":[[[77.54787,12.9537],[77.54795,12.95869],[77.54378,12.9612],[77.53953,12.95872],[77.53945,12.95373],[77.54362,12.95122],[77.54787,12.9537]]]},"properties":{"h3":"8860145a2bfffff","loss":0.018,"place":null}},{"type":"Feature","geometry":{"type":"Polygon","coordinates":[[[77.56062,12.96114],[77.56071,12.96613],[77.55654,12.96864],[77.55229,12.96616],[77.5522,12.96117],[77.55637,12.95866],[77.56062,12.96114]]]},"properties":{"h3":"8860145a2dfffff","loss":0.0,"place":null}},{"type":"Feature","geometry":{"type":"Polygon","coordinates":[[[77.53103,12.95376],[77.53111,12.95875],[77.52695,12.96125],[77.5227,12.95877],[77.52261,12.95379],[77.52678,12.95128],[77.53103,12.95376]]]},"properties":{"h3":"8860145a31fffff","loss":0.006,"place":null}},{"type":"Feature","geometry":{"type":"Polygon","coordinates":[[[77.52261,12.95379],[77.5227,12.95877],[77.51853,12.96128],[77.51428,12.9588],[77.5142,12.95381],[77.51836,12.95131],[77.52261,12.95379]]]},"properties":{"h3":"8860145a33fffff","loss":null,"place":null}},{"type":"Feature","geometry":{"type":"Polygon","coordinates":[[[77.53536,12.96122],[77.53545,12.96621],[77.53128,12.96872],[77.52703,12.96624],[77.52695,12.96125],[77.53111,12.95875],[77.53536,12.96122]]]},"properties":{"h3":"8860145a35fffff","loss":0.005,"place":null}},{"type":"Feature","geometry":{"type":"Polygon","coordinates":[[[77.52695,12.96125],[77.52703,12.96624],[77.52286,12.96874],[77.51861,12.96626],[77.51853,12.96128],[77.5227,12.95877],[77.52695,12.96125]]]},"properties":{"h3":"8860145a37fffff","loss":0.007,"place":null}},{"type":"Feature","geometry":{"type":"Polygon","coordinates":[[[77.53512,12.94627],[77.5352,12.95125],[77.53103,12.95376],[77.52678,12.95128],[77.5267,12.94629],[77.53086,12.94379],[77.53512,12.94627]]]},"properties":{"h3":"8860145a39fffff","loss":null,"place":null}},{"type":"Feature","geometry":{"type":"Polygon","coordinates":[[[77.5267,12.94629],[77.52678,12.95128],[77.52261,12.95379],[77.51836,12.95131],[77.51828,12.94632],[77.52245,12.94381],[77.5267,12.94629]]]},"properties":{"h3":"8860145a3bfffff","loss":null,"place":null}},{"type":"Feature","geometry":{"type":"Polygon","coordinates":[[[77.53945,12.95373],[77.53953,12.95872],[77.53536,12.96122],[77.53111,12.95875],[77.53103,12.95376],[77.5352,12.95125],[77.53945,12.95373]]]},"properties":{"h3":"8860145a3dfffff","loss":null,"place":null}},{"type":"Feature","geometry":{"type":"Polygon","coordinates":[[[77.56421,12.92372],[77.56429,12.92871],[77.56012,12.93122],[77.55587,12.92874],[77.55579,12.92375],[77.55996,12.92124],[77.56421,12.92372]]]},"properties":{"h3":"8860145a41fffff","loss":0.001,"place":null}},{"type":"Feature","geometry":{"type":"Polygon","coordinates":[[[77.55579,12.92375],[77.55587,12.92874],[77.5517,12.93125],[77.54745,12.92877],[77.54737,12.92378],[77.55154,12.92127],[77.55579,12.92375]]]},"properties":{"h3":"8860145a43fffff","loss":0.011,"place":null}},{"type":"Feature","geometry":{"type":"Polygon","coordinates":[[[77.56855,12.93119],[77.56863,12.93618],[77.56446,12.93869],[77.56021,12.93621],[77.56012,12.93122],[77.56429,12.92871],[77.56855,12.93119]]]},"properties":{"h3":"8860145a45fffff","loss":0.037,"place":null}},{"type":"Feature","geometry":{"type":"Polygon","coordinates":[[[77.56012,12.93122],[77.56021,12.93621],[77.55604,12.93871],[77.55179,12.93624],[77.5517,12.93125],[77.55587,12.92874],[77.56012,12.93122]]]},"properties":{"h3":"8860145a47fffff","loss":0.027,"place":null}},{"type":"Feature","geometry":{"type":"Polygon","coordinates":[[[77.5683,12.91623],[77.56838,12.92121],[77.56421,12.92372],[77.55996,12.92124],[77.55987,12.91626],[77.56404,12.91375],[77.5683,12.91623]]]},"properties":{"h3":"8860145a49fffff","loss":0.014,"place":null}},{"type":"Feature","geometry":{"type":"Polygon","coordinates":[[[77.55987,12.91626],[77.55996,12.92124],[77.55579,12.92375],[77.55154,12.92127],[77.55146,12.91629],[77.55562,12.91378],[77.55987,12.91626]]]},"properties":{"h3":"8860145a4bfffff","loss":0.016,"place":null}},{"type":"Feature","geometry":{"type":"Polygon","coordinates":[[[77.57263,12.92369],[77.57271,12.92868],[77.56855,12.93119],[77.56429,12.92871],[77.56421,12.92372],[77.56838,12.92121],[77.57263,12.92369]]]},"properties":{"h3":"8860145a4dfffff","loss":0.008,"place":null}},{"type":"Feature","geometry":{"type":"Polygon","coordinates":[[[77.54304,12.91632],[77.54312,12.9213],[77.53895,12.92381],[77.5347,12.92133],[77.53462,12.91635],[77.53879,12.91384],[77.54304,12.91632]]]},"properties":{"h3":"8860145a51fffff","loss":0.012,"place":null}},{"type":"Feature","geometry":{"type":"Polygon","coordinates":[[[77.53462,12.91635],[77.5347,12.92133],[77.53053,12.92384],[77.52628,12.92136],[77.5262,12.91638],[77.53037,12.91387],[77.53462,12.91635]]]},"properties":{"h3":"8860145a53fffff","loss":0.035,"place":null}},{"type":"Feature","geometry":{"type":"Polygon","coordinates":[[[77.54737,12.92378],[77.54745,12.92877],[77.54329,12.93128],[77.53903,12.9288],[77.53895,12.92381],[77.54312,12.9213],[77.54737,12.92378]]]},"properties":{"h3":"8860145a55fffff","loss":0.018,"place":null}},{"type":"Feature","geometry":{"type":"Polygon","coordinates":[[[77.53895,12.92381],[77.53903,12.9288],[77.53487,12.93131],[77.53062,12.92883],[77.53053,12.92384],[77.5347,12.92133],[77.53895,12.92381]]]},"properties":{"h3":"8860145a57fffff","loss":0.03,"place":null}},{"type":"Feature","geometry":{"type":"Polygon","coordinates":[[[77.54712,12.90882],[77.5472,12.91381],[77.54304,12.91632],[77.53879,12.91384],[77.5387,12.90885],[77.54287,12.90634],[77.54712,12.90882]]]},"properties":{"h3":"8860145a59fffff","loss":0.023,"place":null}},{"type":"Feature","geometry":{"type":"Polygon","coordinates":[[[77.5387,12.90885],[77.53879,12.91384],[77.53462,12.91635],[77.53037,12.91387],[77.53029,12.90888],[77.53445,12.90637],[77.5387,12.90885]]]},"properties":{"h3":"8860145a5bfffff","loss":0.025,"place":null}},{"type":"Feature","geometry":{"type":"Polygon","coordinates":[[[77.55146,12.91629],[77.55154,12.92127],[77.54737,12.92378],[77.54312,12.9213],[77.54304,12.91632],[77.5472,12.91381],[77.55146,12.91629]]]},"properties":{"h3":"8860145a5dfffff","loss":0.023,"place":null}},{"type":"Feature","geometry":{"type":"Polygon","coordinates":[[[77.5688,12.94615],[77.56888,12.95114],[77.56471,12.95365],[77.56046,12.95117],[77.56037,12.94618],[77.56454,12.94367],[77.5688,12.94615]]]},"properties":{"h3":"8860145a61fffff","loss":0.02,"place":null}},{"type":"Feature","geometry":{"type":"Polygon","coordinates":[[[77.56037,12.94618],[77.56046,12.95117],[77.55629,12.95368],[77.55204,12.9512],[77.55195,12.94621],[77.55612,12.9437],[77.56037,12.94618]]]},"properties":{"h3":"8860145a63fffff","loss":0.013,"place":null}},{"type":"Feature","geometry":{"type":"Polygon","coordinates":[[[77.57313,12.95362],[77.57322,12.95861],[77.56905,12.96111],[77.56479,12.95863],[77.56471,12.95365],[77.56888,12.95114],[77.57313,12.95362]]]},"properties":{"h3":"8860145a65fffff","loss":0.036,"place":null}},{"type":"Feature","geometry":{"type":"Polygon","coordinates":[[[77.56471,12.95365],[77.56479,12.95863],[77.56062,12.96114],[77.55637,12.95866],[77.55629,12.95368],[77.56046,12.95117],[77.56471,12.95365]]]},"properties":{"h3":"8860145a67fffff","loss":0.029,"place":null}},{"type":"Feature","geometry":{"type":"Polygon","coordinates":[[[77.57288,12.93866],[77.57296,12.94364],[77.5688,12.94615],[77.56454,12.94367],[77.56446,12.93869],[77.56863,12.93618],[77.57288,12.93866]]]},"properties":{"h3":"8860145a69fffff","loss":0.021,"place":null}},{"type":"Feature","geometry":{"type":"Polygon","coordinates":[[[77.56446,12.93869],[77.56454,12.94367],[77.56037,12.94618],[77.55612,12.9437],[77.55604,12.93871],[77.56021,12.93621],[77.56446,12.93869]]]},"properties":{"h3":"8860145a6bfffff","loss":0.026,"place":null}},{"type":"Feature","geometry":{"type":"Polygon","coordinates":[[[77.57722,12.94612],[77.5773,12.95111],[77.57313,12.95362],[77.56888,12.95114],[77.5688,12.94615],[77.57296,12.94364],[77.57722,12.94612]]]},"properties":{"h3":"8860145a6dfffff","loss":0.036,"place":null}},{"type":"Feature","geometry":{"type":"Polygon","coordinates":[[[77.4887,12.93894],[77.48878,12.94392],[77.48462,12.94643],[77.48037,12.94395],[77.48029,12.93896],[77.48445,12.93646],[77.4887,12.93894]]]},"properties":{"h3":"8860145a81fffff","loss":0.002,"place":null}},{"type":"Feature","geometry":{"type":"Polygon","coordinates":[[[77.48029,12.93896],[77.48037,12.94395],[77.47621,12.94646],[77.47196,12.94398],[77.47188,12.93899],[77.47604,12.93649],[77.48029,12.93896]]]},"properties":{"h3":"8860145a83fffff","loss":0.007,"place":null}},{"type":"Feature","geometry":{"type":"Polygon","coordinates":[[[77.49303,12.9464],[77.49312,12.95139],[77.48895,12.95389],[77.4847,12.95141],[77.48462,12.94643],[77.48878,12.94392],[77.49303,12.9464]]]},"properties":{"h3":"8860145a85fffff","loss":0.002,"place":null}},{"type":"Feature","geometry":{"type":"Polygon","coordinates":[[[77.48462,12.94643],[77.4847,12.95141],[77.48053,12.95392],[77.47629,12.95144],[77.47621,12.94646],[77.48037,12.94395],[77.48462,12.94643]]]},"properties":{"h3":"8860145a87fffff","loss":0.019,"place":null}},{"type":"Feature","geometry":{"type":"Polygon","coordinates":[[[77.49279,12.93145],[77.49287,12.93643],[77.4887,12.93894],[77.48445,12.93646],[77.48437,12.93147],[77.48854,12.92897],[77.49279,12.93145]]]},"properties":{"h3":"8860145a89fffff","loss":0.008,"place":null}},{"type":"Feature","geometry":{"type":"Polygon","coordinates":[[[77.48437,12.93147],[77.48445,12.93646],[77.48029,12.93896],[77.47604,12.93649],[77.47596,12.9315],[77.48013,12.92899],[77.48437,12.93147]]]},"properties":{"h3":"8860145a8bfffff","loss":null,"place":null}},{"type":"Feature","geometry":{"type":"Polygon","coordinates":[[[77.49712,12.93891],[77.4972,12.9439],[77.49303,12.9464],[77.48878,12.94392],[77.4887,12.93894],[77.49287,12.93643],[77.49712,12.93891]]]},"properties":{"h3":"8860145a8dfffff","loss":0.016,"place":null}},{"type":"Feature","geometry":{"type":"Polygon","coordinates":[[[77.46755,12.93153],[77.46763,12.93651],[77.46346,12.93902],[77.45922,12.93654],[77.45914,12.93155],[77.4633,12.92905],[77.46755,12.93153]]]},"properties":{"h3":"8860145a91fffff","loss":0.016,"place":null}},{"type":"Feature","geometry":{"type":"Polygon","coordinates":[[[77.45914,12.93155],[77.45922,12.93654],[77.45505,12.93904],[77.45081,12.93656],[77.45073,12.93158],[77.45489,12.92907],[77.45914,12.93155]]]},"properties":{"h3":"8860145a93fffff","loss":0.017,"place":null}},{"type":"Feature","geometry":{"type":"Polygon","coordinates":[[[77.47188,12.93899],[77.47196,12.94398],[77.46779,12.94648],[77.46355,12.944],[77.46346,12.93902],[77.46763,12.93651],[77.47188,12.93899]]]},"properties":{"h3":"8860145a95fffff","loss":0.012,"place":null}},{"type":"Feature","geometry":{"type":"Polygon","coordinates":[[[77.46346,12.93902],[77.46355,12.944],[77.45938,12.94651],[77.45514,12.94403],[77.45505,12.93904],[77.45922,12.93654],[77.46346,12.93902]]]},"properties":{"h3":"8860145a97fffff","loss":0.018,"place":null}},{"type":"Feature","geometry":{"type":"Polygon","coordinates":[[[77.47163,12.92404],[77.47171,12.92902],[77.46755,12.93153],[77.4633,12.92905],[77.46322,12.92406],[77.46738,12.92156],[77.47163,12.92404]]]},"properties":{"h3":"8860145a99fffff","loss":null,"place":null}},{"type":"Feature","geometry":{"type":"Polygon","coordinates":[[[77.46322,12.92406],[77.4633,12.92905],[77.45914,12.93155],[77.45489,12.92907],[77.45481,12.92409],[77.45897,12.92158],[77.46322,12.92406]]]},"properties":{"h3":"8860145a9bfffff","loss":0.026,"place":null}},{"type":"Feature","geometry":{"type":"Polygon","coordinates":[[[77.47596,12.9315],[77.47604,12.93649],[77.47188,12.93899],[77.46763,12.93651],[77.46755,12.93153],[77.47171,12.92902],[77.47596,12.9315]]]},"properties":{"h3":"8860145a9dfffff","loss":null,"place":null}},{"type":"Feature","geometry":{"type":"Polygon","coordinates":[[[77.49328,12.96136],[77.49336,12.96634],[77.4892,12.96885],[77.48495,12.96637],[77.48486,12.96138],[77.48903,12.95888],[77.49328,12.96136]]]},"properties":{"h3":"8860145aa1fffff","loss":0.035,"place":null}},{"type":"Feature","geometry":{"type":"Polygon","coordinates":[[[77.48486,12.96138],[77.48495,12.96637],[77.48078,12.96887],[77.47653,12.96639],[77.47645,12.96141],[77.48062,12.9589],[77.48486,12.96138]]]},"properties":{"h3":"8860145aa3fffff","loss":null,"place":null}},{"type":"Feature","geometry":{"type":"Polygon","coordinates":[[[77.49761,12.96882],[77.49769,12.97381],[77.49353,12.97631],[77.48928,12.97383],[77.4892,12.96885],[77.49336,12.96634],[77.49761,12.96882]]]},"properties":{"h3":"8860145aa5fffff","loss":0.031,"place":null}},{"type":"Feature","geometry":{"type":"Polygon","coordinates":[[[77.4892,12.96885],[77.48928,12.97383],[77.48511,12.97634],[77.48086,12.97386],[77.48078,12.96887],[77.48495,12.96637],[77.4892,12.96885]]]},"properties":{"h3":"8860145aa7fffff","loss":0.001,"place":null}},{"type":"Feature","geometry":{"type":"Polygon","coordinates":[[[77.49736,12.95387],[77.49745,12.95885],[77.49328,12.96136],[77.48903,12.95888],[77.48895,12.95389],[77.49312,12.95139],[77.49736,12.95387]]]},"properties":{"h3":"8860145aa9fffff","loss":0.01,"place":null}},{"type":"Feature","geometry":{"type":"Polygon","coordinates":[[[77.48895,12.95389],[77.48903,12.95888],[77.48486,12.96138],[77.48062,12.9589],[77.48053,12.95392],[77.4847,12.95141],[77.48895,12.95389]]]},"properties":{"h3":"8860145aabfffff","loss":null,"place":null}},{"type":"Feature","geometry":{"type":"Polygon","coordinates":[[[77.50169,12.96133],[77.50178,12.96632],[77.49761,12.96882],[77.49336,12.96634],[77.49328,12.96136],[77.49745,12.95885],[77.50169,12.96133]]]},"properties":{"h3":"8860145aadfffff","loss":0.057,"place":null}},{"type":"Feature","geometry":{"type":"Polygon","coordinates":[[[77.47212,12.95394],[77.4722,12.95893],[77.46804,12.96143],[77.46379,12.95895],[77.46371,12.95397],[77.46787,12.95147],[77.47212,12.95394]]]},"properties":{"h3":"8860145ab1fffff","loss":0.023,"place":null}},{"type":"Feature","geometry":{"type":"Polygon","coordinates":[[[77.46371,12.95397],[77.46379,12.95895],[77.45963,12.96146],[77.45538,12.95898],[77.4553,12.954],[77.45946,12.95149],[77.46371,12.95397]]]},"properties":{"h3":"8860145ab3fffff","loss":null,"place":null}},{"type":"Feature","geometry":{"type":"Polygon","coordinates":[[[77.47645,12.96141],[77.47653,12.96639],[77.47237,12.9689],[77.46812,12.96642],[77.46804,12.96143],[77.4722,12.95893],[77.47645,12.96141]]]},"properties":{"h3":"8860145ab5fffff","loss":0.001,"place":null}},{"type":"Feature","geometry":{"type":"Polygon","coordinates":[[[77.46804,12.96143],[77.46812,12.96642],[77.46395,12.96892],[77.45971,12.96644],[77.45963,12.96146],[77.46379,12.95895],[77.46804,12.96143]]]},"properties":{"h3":"8860145ab7fffff","loss":null,"place":null}},{"type":"Feature","geometry":{"type":"Polygon","coordinates":[[[77.47621,12.94646],[77.47629,12.95144],[77.47212,12.95394],[77.46787,12.95147],[77.46779,12.94648],[77.47196,12.94398],[77.47621,12.94646]]]},"properties":{"h3":"8860145ab9fffff","loss":null,"place":null}},{"type":"Feature","geometry":{"type":"Polygon","coordinates":[[[77.46779,12.94648],[77.46787,12.95147],[77.46371,12.95397],[77.45946,12.95149],[77.45938,12.94651],[77.46355,12.944],[77.46779,12.94648]]]},"properties":{"h3":"8860145abbfffff","loss":null,"place":null}},{"type":"Feature","geometry":{"type":"Polygon","coordinates":[[[77.48053,12.95392],[77.48062,12.9589],[77.47645,12.96141],[77.4722,12.95893],[77.47212,12.95394],[77.47629,12.95144],[77.48053,12.95392]]]},"properties":{"h3":"8860145abdfffff","loss":null,"place":null}},{"type":"Feature","geometry":{"type":"Polygon","coordinates":[[[77.50528,12.92393],[77.50537,12.92891],[77.5012,12.93142],[77.49695,12.92894],[77.49687,12.92395],[77.50104,12.92145],[77.50528,12.92393]]]},"properties":{"h3":"8860145ac1fffff","loss":0.032,"place":null}},{"type":"Feature","geometry":{"type":"Polygon","coordinates":[[[77.49687,12.92395],[77.49695,12.92894],[77.49279,12.93145],[77.48854,12.92897],[77.48846,12.92398],[77.49262,12.92148],[77.49687,12.92395]]]},"properties":{"h3":"8860145ac3fffff","loss":0.009,"place":null}},{"type":"Feature","geometry":{"type":"Polygon","coordinates":[[[77.50962,12.93139],[77.5097,12.93638],[77.50553,12.93888],[77.50128,12.9364],[77.5012,12.93142],[77.50537,12.92891],[77.50962,12.93139]]]},"properties":{"h3":"8860145ac5fffff","loss":null,"place":null}},{"type":"Feature","geometry":{"type":"Polygon","coordinates":[[[77.5012,12.93142],[77.50128,12.9364],[77.49712,12.93891],[77.49287,12.93643],[77.49279,12.93145],[77.49695,12.92894],[77.5012,12.93142]]]},"properties":{"h3":"8860145ac7fffff","loss":null,"place":null}},{"type":"Feature","geometry":{"type":"Polygon","coordinates":[[[77.50937,12.91643],[77.50945,12.92142],[77.50528,12.92393],[77.50104,12.92145],[77.50095,12.91646],[77.50512,12.91396],[77.50937,12.91643]]]},"properties":{"h3":"8860145ac9fffff","loss":0.032,"place":null}},{"type":"Feature","geometry":{"type":"Polygon","coordinates":[[[77.50095,12.91646],[77.50104,12.92145],[77.49687,12.92395],[77.49262,12.92148],[77.49254,12.91649],[77.49671,12.91398],[77.50095,12.91646]]]},"properties":{"h3":"8860145acbfffff","loss":null,"place":null}},{"type":"Feature","geometry":{"type":"Polygon","coordinates":[[[77.5137,12.9239],[77.51378,12.92888],[77.50962,12.93139],[77.50537,12.92891],[77.50528,12.92393],[77.50945,12.92142],[77.5137,12.9239]]]},"properties":{"h3":"8860145acdfffff","loss":0.027,"place":null}},{"type":"Feature","geometry":{"type":"Polygon","coordinates":[[[77.48413,12.91652],[77.48421,12.9215],[77.48004,12.92401],[77.4758,12.92153],[77.47571,12.91655],[77.47988,12.91404],[77.48413,12.91652]]]},"properties":{"h3":"8860145ad1fffff","loss":0.032,"place":null}},{"type":"Feature","geometry":{"type":"Polygon","coordinates":[[[77.47571,12.91655],[77.4758,12.92153],[77.47163,12.92404],[77.46738,12.92156],[77.4673,12.91657],[77.47147,12.91407],[77.47571,12.91655]]]},"properties":{"h3":"8860145ad3fffff","loss":null,"place":null}},{"type":"Feature","geometry":{"type":"Polygon","coordinates":[[[77.48846,12.92398],[77.48854,12.92897],[77.48437,12.93147],[77.48013,12.92899],[77.48004,12.92401],[77.48421,12.9215],[77.48846,12.92398]]]},"properties":{"h3":"8860145ad5fffff","loss":0.006,"place":null}},{"type":"Feature","geometry":{"type":"Polygon","coordinates":[[[77.48004,12.92401],[77.48013,12.92899],[77.47596,12.9315],[77.47171,12.92902],[77.47163,12.92404],[77.4758,12.92153],[77.48004,12.92401]]]},"properties":{"h3":"8860145ad7fffff","loss":null,"place":null}},{"type":"Feature","geometry":{"type":"Polygon","coordinates":[[[77.48821,12.90903],[77.48829,12.91401],[77.48413,12.91652],[77.47988,12.91404],[77.4798,12.90905],[77.48396,12.90655],[77.48821,12.90903]]]},"properties":{"h3":"8860145ad9fffff","loss":0.017,"place":null}},{"type":"Feature","geometry":{"type":"Polygon","coordinates":[[[77.4798,12.90905],[77.47988,12.91404],[77.47571,12.91655],[77.47147,12.91407],[77.47139,12.90908],[77.47555,12.90658],[77.4798,12.90905]]]},"properties":{"h3":"8860145adbfffff","loss":null,"place":null}},{"type":"Feature","geometry":{"type":"Polygon","coordinates":[[[77.49254,12.91649],[77.49262,12.92148],[77.48846,12.92398],[77.48421,12.9215],[77.48413,12.91652],[77.48829,12.91401],[77.49254,12.91649]]]},"properties":{"h3":"8860145addfffff","loss":null,"place":null}},{"type":"Feature","geometry":{"type":"Polygon","coordinates":[[[77.50986,12.94635],[77.50995,12.95133],[77.50578,12.95384],[77.50153,12.95136],[77.50145,12.94638],[77.50561,12.94387],[77.50986,12.94635]]]},"properties":{"h3":"8860145ae1fffff","loss":null,"place":null}},{"type":"Feature","geometry":{"type":"Polygon","coordinates":[[[77.50145,12.94638],[77.50153,12.95136],[77.49736,12.95387],[77.49312,12.95139],[77.49303,12.9464],[77.4972,12.9439],[77.50145,12.94638]]]},"properties":{"h3":"8860145ae3fffff","loss":0.018,"place":null}},{"type":"Feature","geometry":{"type":"Polygon","coordinates":[[[77.5142,12.95381],[77.51428,12.9588],[77.51011,12.96131],[77.50586,12.95883],[77.50578,12.95384],[77.50995,12.95133],[77.5142,12.95381]]]},"properties":{"h3":"8860145ae5fffff","loss":null,"place":null}},{"type":"Feature","geometry":{"type":"Polygon","coordinates":[[[77.50578,12.95384],[77.50586,12.95883],[77.50169,12.96133],[77.49745,12.95885],[77.49736,12.95387],[77.50153,12.95136],[77.50578,12.95384]]]},"properties":{"h3":"8860145ae7fffff","loss":null,"place":null}},{"type":"Feature","geometry":{"type":"Polygon","coordinates":[[[77.51395,12.93886],[77.51403,12.94384],[77.50986,12.94635],[77.50561,12.94387],[77.50553,12.93888],[77.5097,12.93638],[77.51395,12.93886]]]},"properties":{"h3":"8860145ae9fffff","loss":null,"place":null}},{"type":"Feature","geometry":{"type":"Polygon","coordinates":[[[77.50553,12.93888],[77.50561,12.94387],[77.50145,12.94638],[77.4972,12.9439],[77.49712,12.93891],[77.50128,12.9364],[77.50553,12.93888]]]},"properties":{"h3":"8860145aebfffff","loss":null,"place":null}},{"type":"Feature","geometry":{"type":"Polygon","coordinates":[[[77.51828,12.94632],[77.51836,12.95131],[77.5142,12.95381],[77.50995,12.95133],[77.50986,12.94635],[77.51403,12.94384],[77.51828,12.94632]]]},"properties":{"h3":"8860145aedfffff","loss":null,"place":null}},{"type":"Feature","geometry":{"type":"Polygon","coordinates":[[[77.57797,12.99101],[77.57805,12.996],[77.57388,12.9985],[77.56963,12.99602],[77.56955,12.99104],[77.57372,12.98853],[77.57797,12.99101]]]},"properties":{"h3":"8860145b01fffff","loss":0.021,"place":null}},{"type":"Feature","geometry":{"type":"Polygon","coordinates":[[[77.56955,12.99104],[77.56963,12.99602],[77.56546,12.99853],[77.56121,12.99605],[77.56112,12.99106],[77.56529,12.98856],[77.56955,12.99104]]]},"properties":{"h3":"8860145b03fffff","loss":0.017,"place":null}},{"type":"Feature","geometry":{"type":"Polygon","coordinates":[[[77.58231,12.99848],[77.58239,13.00346],[77.57822,13.00597],[77.57397,13.00349],[77.57388,12.9985],[77.57805,12.996],[77.58231,12.99848]]]},"properties":{"h3":"8860145b05fffff","loss":0.018,"place":null}},{"type":"Feature","geometry":{"type":"Polygon","coordinates":[[[77.57388,12.9985],[77.57397,13.00349],[77.5698,13.006],[77.56554,13.00352],[77.56546,12.99853],[77.56963,12.99602],[77.57388,12.9985]]]},"properties":{"h3":"8860145b07fffff","loss":0.019,"place":null}},{"type":"Feature","geometry":{"type":"Polygon","coordinates":[[[77.58206,12.98351],[77.58214,12.9885],[77.57797,12.99101],[77.57372,12.98853],[77.57363,12.98354],[77.5778,12.98103],[77.58206,12.98351]]]},"properties":{"h3":"8860145b09fffff","loss":0.026,"place":null}},{"type":"Feature","geometry":{"type":"Polygon","coordinates":[[[77.57363,12.98354],[77.57372,12.98853],[77.56955,12.99104],[77.56529,12.98856],[77.56521,12.98357],[77.56938,12.98106],[77.57363,12.98354]]]},"properties":{"h3":"8860145b0bfffff","loss":null,"place":null}},{"type":"Feature","geometry":{"type":"Polygon","coordinates":[[[77.58639,12.99098],[77.58648,12.99597],[77.58231,12.99848],[77.57805,12.996],[77.57797,12.99101],[77.58214,12.9885],[77.58639,12.99098]]]},"properties":{"h3":"8860145b0dfffff","loss":0.009,"place":null}},{"type":"Feature","geometry":{"type":"Polygon","coordinates":[[[77.55679,12.9836],[77.55687,12.98858],[77.5527,12.99109],[77.54845,12.98861],[77.54837,12.98362],[77.55254,12.98112],[77.55679,12.9836]]]},"properties":{"h3":"8860145b11fffff","loss":0.016,"place":null}},{"type":"Feature","geometry":{"type":"Polygon","coordinates":[[[77.54837,12.98362],[77.54845,12.98861],[77.54428,12.99112],[77.54003,12.98864],[77.53995,12.98365],[77.54412,12.98114],[77.54837,12.98362]]]},"properties":{"h3":"8860145b13fffff","loss":0.015,"place":null}},{"type":"Feature","geometry":{"type":"Polygon","coordinates":[[[77.56112,12.99106],[77.56121,12.99605],[77.55704,12.99856],[77.55279,12.99608],[77.5527,12.99109],[77.55687,12.98858],[77.56112,12.99106]]]},"properties":{"h3":"8860145b15fffff","loss":0.002,"place":null}},{"type":"Feature","geometry":{"type":"Polygon","coordinates":[[[77.5527,12.99109],[77.55279,12.99608],[77.54862,12.99858],[77.54436,12.9961],[77.54428,12.99112],[77.54845,12.98861],[77.5527,12.99109]]]},"properties":{"h3":"8860145b17fffff","loss":0.003,"place":null}},{"type":"Feature","geometry":{"type":"Polygon","coordinates":[[[77.56087,12.9761],[77.56096,12.98109],[77.55679,12.9836],[77.55254,12.98112],[77.55245,12.97613],[77.55662,12.97362],[77.56087,12.9761]]]},"properties":{"h3":"8860145b19fffff","loss":0.014,"place":null}},{"type":"Feature","geometry":{"type":"Polygon","coordinates":[[[77.55245,12.97613],[77.55254,12.98112],[77.54837,12.98362],[77.54412,12.98114],[77.54403,12.97616],[77.5482,12.97365],[77.55245,12.97613]]]},"properties":{"h3":"8860145b1bfffff","loss":0.024,"place":null}},{"type":"Feature","geometry":{"type":"Polygon","coordinates":[[[77.56521,12.98357],[77.56529,12.98856],[77.56112,12.99106],[77.55687,12.98858],[77.55679,12.9836],[77.56096,12.98109],[77.56521,12.98357]]]},"properties":{"h3":"8860145b1dfffff","loss":0.009,"place":null}},{"type":"Feature","geometry":{"type":"Polygon","coordinates":[[[77.58256,13.01344],[77.58264,13.01843],[77.57847,13.02093],[77.57422,13.01845],[77.57413,13.01346],[77.5783,13.01096],[77.58256,13.01344]]]},"properties":{"h3":"8860145b21fffff","loss":null,"place":null}},{"type":"Feature","geometry":{"type":"Polygon","coordinates":[[[77.57413,13.01346],[77.57422,13.01845],[77.57005,13.02096],[77.56579,13.01848],[77.56571,13.01349],[77.56988,13.01098],[77.57413,13.01346]]]},"properties":{"h3":"8860145b23fffff","loss":null,"place":null}},{"type":"Feature","geometry":{"type":"Polygon","coordinates":[[[77.5869,13.02091],[77.58698,13.02589],[77.58281,13.0284],[77.57856,13.02592],[77.57847,13.02093],[77.58264,13.01843],[77.5869,13.02091]]]},"properties":{"h3":"8860145b25fffff","loss":null,"place":null}},{"type":"Feature","geometry":{"type":"Polygon","coordinates":[[[77.57847,13.02093],[77.57856,13.02592],[77.57439,13.02842],[77.57013,13.02594],[77.57005,13.02096],[77.57422,13.01845],[77.57847,13.02093]]]},"properties":{"h3":"8860145b27fffff","loss":null,"place":null}},{"type":"Feature","geometry":{"type":"Polygon","coordinates":[[[77.58665,13.00594],[77.58673,13.01093],[77.58256,13.01344],[77.5783,13.01096],[77.57822,13.00597],[77.58239,13.00346],[77.58665,13.00594]]]},"properties":{"h3":"8860145b29fffff","loss":null,"place":null}},{"type":"Feature","geometry":{"type":"Polygon","coordinates":[[[77.57822,13.00597],[77.5783,13.01096],[77.57413,13.01346],[77.56988,13.01098],[77.5698,13.006],[77.57397,13.00349],[77.57822,13.00597]]]},"properties":{"h3":"8860145b2bfffff","loss":0.007,"place":null}},{"type":"Feature","geometry":{"type":"Polygon","coordinates":[[[77.59098,13.01341],[77.59107,13.0184],[77.5869,13.02091],[77.58264,13.01843],[77.58256,13.01344],[77.58673,13.01093],[77.59098,13.01341]]]},"properties":{"h3":"8860145b2dfffff","loss":null,"place":null}},{"type":"Feature","geometry":{"type":"Polygon","coordinates":[[[77.56137,13.00602],[77.56146,13.01101],[77.55729,13.01352],[77.55304,13.01104],[77.55295,13.00605],[77.55712,13.00354],[77.56137,13.00602]]]},"properties":{"h3":"8860145b31fffff","loss":null,"place":null}},{"type":"Feature","geometry":{"type":"Polygon","coordinates":[[[77.55295,13.00605],[77.55304,13.01104],[77.54887,13.01354],[77.54461,13.01106],[77.54453,13.00607],[77.5487,13.00357],[77.55295,13.00605]]]},"properties":{"h3":"8860145b33fffff","loss":null,"place":null}},{"type":"Feature","geometry":{"type":"Polygon","coordinates":[[[77.56571,13.01349],[77.56579,13.01848],[77.56162,13.02098],[77.55737,13.0185],[77.55729,13.01352],[77.56146,13.01101],[77.56571,13.01349]]]},"properties":{"h3":"8860145b35fffff","loss":null,"place":null}},{"type":"Feature","geometry":{"type":"Polygon","coordinates":[[[77.55729,13.01352],[77.55737,13.0185],[77.5532,13.02101],[77.54895,13.01853],[77.54887,13.01354],[77.55304,13.01104],[77.55729,13.01352]]]},"properties":{"h3":"8860145b37fffff","loss":null,"place":null}},{"type":"Feature","geometry":{"type":"Polygon","coordinates":[[[77.56546,12.99853],[77.56554,13.00352],[77.56137,13.00602],[77.55712,13.00354],[77.55704,12.99856],[77.56121,12.99605],[77.56546,12.99853]]]},"properties":{"h3":"8860145b39fffff","loss":0.027,"place":null}},{"type":"Feature","geometry":{"type":"Polygon","coordinates":[[[77.55704,12.99856],[77.55712,13.00354],[77.55295,13.00605],[77.5487,13.00357],[77.54862,12.99858],[77.55279,12.99608],[77.55704,12.99856]]]},"properties":{"h3":"8860145b3bfffff","loss":0.017,"place":null}},{"type":"Feature","geometry":{"type":"Polygon","coordinates":[[[77.5698,13.006],[77.56988,13.01098],[77.56571,13.01349],[77.56146,13.01101],[77.56137,13.00602],[77.56554,13.00352],[77.5698,13.006]]]},"properties":{"h3":"8860145b3dfffff","loss":0.007,"place":null}},{"type":"Feature","geometry":{"type":"Polygon","coordinates":[[[77.59457,12.97599],[77.59465,12.98098],[77.59048,12.98349],[77.58623,12.98101],[77.58614,12.97602],[77.59031,12.97351],[77.59457,12.97599]]]},"properties":{"h3":"8860145b41fffff","loss":null,"place":null}},{"type":"Feature","geometry":{"type":"Polygon","coordinates":[[[77.58614,12.97602],[77.58623,12.98101],[77.58206,12.98351],[77.5778,12.98103],[77.57772,12.97605],[77.58189,12.97354],[77.58614,12.97602]]]},"properties":{"h3":"8860145b43fffff","loss":0.025,"place":null}},{"type":"Feature","geometry":{"type":"Polygon","coordinates":[[[77.59891,12.98346],[77.59899,12.98845],[77.59482,12.99095],[77.59056,12.98847],[77.59048,12.98349],[77.59465,12.98098],[77.59891,12.98346]]]},"properties":{"h3":"8860145b45fffff","loss":null,"place":null}},{"type":"Feature","geometry":{"type":"Polygon","coordinates":[[[77.59048,12.98349],[77.59056,12.98847],[77.58639,12.99098],[77.58214,12.9885],[77.58206,12.98351],[77.58623,12.98101],[77.59048,12.98349]]]},"properties":{"h3":"8860145b47fffff","loss":null,"place":null}},{"type":"Feature","geometry":{"type":"Polygon","coordinates":[[[77.59865,12.96849],[77.59874,12.97348],[77.59457,12.97599],[77.59031,12.97351],[77.59023,12.96852],[77.5944,12.96601],[77.59865,12.96849]]]},"properties":{"h3":"8860145b49fffff","loss":0.003,"place":null}},{"type":"Feature","geometry":{"type":"Polygon","coordinates":[[[77.59023,12.96852],[77.59031,12.97351],[77.58614,12.97602],[77.58189,12.97354],[77.58181,12.96855],[77.58598,12.96604],[77.59023,12.96852]]]},"properties":{"h3":"8860145b4bfffff","loss":0.019,"place":null}},{"type":"Feature","geometry":{"type":"Polygon","coordinates":[[[77.60299,12.97596],[77.60308,12.98095],[77.59891,12.98346],[77.59465,12.98098],[77.59457,12.97599],[77.59874,12.97348],[77.60299,12.97596]]]},"properties":{"h3":"8860145b4dfffff","loss":null,"place":null}},{"type":"Feature","geometry":{"type":"Polygon","coordinates":[[[77.57338,12.96858],[77.57347,12.97357],[77.5693,12.97607],[77.56504,12.9736],[77.56496,12.96861],[77.56913,12.9661],[77.57338,12.96858]]]},"properties":{"h3":"8860145b51fffff","loss":0.012,"place":null}},{"type":"Feature","geometry":{"type":"Polygon","coordinates":[[[77.56496,12.96861],[77.56504,12.9736],[77.56087,12.9761],[77.55662,12.97362],[77.55654,12.96864],[77.56071,12.96613],[77.56496,12.96861]]]},"properties":{"h3":"8860145b53fffff","loss":0.013,"place":null}},{"type":"Feature","geometry":{"type":"Polygon","coordinates":[[[77.57772,12.97605],[77.5778,12.98103],[77.57363,12.98354],[77.56938,12.98106],[77.5693,12.97607],[77.57347,12.97357],[77.57772,12.97605]]]},"properties":{"h3":"8860145b55fffff","loss":0.001,"place":null}},{"type":"Feature","geometry":{"type":"Polygon","coordinates":[[[77.5693,12.97607],[77.56938,12.98106],[77.56521,12.98357],[77.56096,12.98109],[77.56087,12.9761],[77.56504,12.9736],[77.5693,12.97607]]]},"properties":{"h3":"8860145b57fffff","loss":null,"place":null}},{"type":"Feature","geometry":{"type":"Polygon","coordinates":[[[77.57747,12.96108],[77.57755,12.96607],[77.57338,12.96858],[77.56913,12.9661],[77.56905,12.96111],[77.57322,12.95861],[77.57747,12.96108]]]},"properties":{"h3":"8860145b59fffff","loss":0.017,"place":null}},{"type":"Feature","geometry":{"type":"Polygon","coordinates":[[[77.56905,12.96111],[77.56913,12.9661],[77.56496,12.96861],[77.56071,12.96613],[77.56062,12.96114],[77.56479,12.95863],[77.56905,12.96111]]]},"properties":{"h3":"8860145b5bfffff","loss":0.004,"place":null}},{"type":"Feature","geometry":{"type":"Polygon","coordinates":[[[77.58181,12.96855],[77.58189,12.97354],[77.57772,12.97605],[77.57347,12.97357],[77.57338,12.96858],[77.57755,12.96607],[77.58181,12.96855]]]},"properties":{"h3":"8860145b5dfffff","loss":0.029,"place":null}},{"type":"Feature","geometry":{"type":"Polygon","coordinates":[[[77.59916,12.99842],[77.59924,13.00341],[77.59507,13.00592],[77.59082,13.00344],[77.59073,12.99845],[77.5949,12.99594],[77.59916,12.99842]]]},"properties":{"h3":"8860145b61fffff","loss":null,"place":null}},{"type":"Feature","geometry":{"type":"Polygon","coordinates":[[[77.59073,12.99845],[77.59082,13.00344],[77.58665,13.00594],[77.58239,13.00346],[77.58231,12.99848],[77.58648,12.99597],[77.59073,12.99845]]]},"properties":{"h3":"8860145b63fffff","loss":null,"place":null}},{"type":"Feature","geometry":{"type":"Polygon","coordinates":[[[77.6035,13.00589],[77.60358,13.01088],[77.59941,13.01338],[77.59516,13.0109],[77.59507,13.00592],[77.59924,13.00341],[77.6035,13.00589]]]},"properties":{"h3":"8860145b65fffff","loss":null,"place":null}},{"type":"Feature","geometry":{"type":"Polygon","coordinates":[[[77.59507,13.00592],[77.59516,13.0109],[77.59098,13.01341],[77.58673,13.01093],[77.58665,13.00594],[77.59082,13.00344],[77.59507,13.00592]]]},"properties":{"h3":"8860145b67fffff","loss":null,"place":null}},{"type":"Feature","geometry":{"type":"Polygon","coordinates":[[[77.60325,12.99093],[77.60333,12.99591],[77.59916,12.99842],[77.5949,12.99594],[77.59482,12.99095],[77.59899,12.98845],[77.60325,12.99093]]]},"properties":{"h3":"8860145b69fffff","loss":0.036,"place":null}},{"type":"Feature","geometry":{"type":"Polygon","coordinates":[[[77.59482,12.99095],[77.5949,12.99594],[77.59073,12.99845],[77.58648,12.99597],[77.58639,12.99098],[77.59056,12.98847],[77.59482,12.99095]]]},"properties":{"h3":"8860145b6bfffff","loss":0.015,"place":null}},{"type":"Feature","geometry":{"type":"Polygon","coordinates":[[[77.60758,12.99839],[77.60767,13.00338],[77.6035,13.00589],[77.59924,13.00341],[77.59916,12.99842],[77.60333,12.99591],[77.60758,12.99839]]]},"properties":{"h3":"8860145b6dfffff","loss":0.008,"place":null}},{"type":"Feature","geometry":{"type":"Polygon","coordinates":[[[77.60763,12.75143],[77.60772,12.75642],[77.60355,12.75893],[77.5993,12.75646],[77.59921,12.75147],[77.60338,12.74895],[77.60763,12.75143]]]},"properties":{"h3":"886014c821fffff","loss":null,"place":null}},{"type":"Feature","geometry":{"type":"Polygon","coordinates":[[[77.59921,12.75147],[77.5993,12.75646],[77.59513,12.75897],[77.59088,12.75649],[77.59079,12.7515],[77.59496,12.74899],[77.59921,12.75147]]]},"properties":{"h3":"886014c823fffff","loss":null,"place":null}},{"type":"Feature","geometry":{"type":"Polygon","coordinates":[[[77.61197,12.75889],[77.61205,12.76388],[77.60789,12.7664],[77.60363,12.76392],[77.60355,12.75893],[77.60772,12.75642],[77.61197,12.75889]]]},"properties":{"h3":"886014c825fffff","loss":null,"place":null}},{"type":"Feature","geometry":{"type":"Polygon","coordinates":[[[77.60355,12.75893],[77.60363,12.76392],[77.59947,12.76643],[77.59521,12.76396],[77.59513,12.75897],[77.5993,12.75646],[77.60355,12.75893]]]},"properties":{"h3":"886014c827fffff","loss":null,"place":null}},{"type":"Feature","geometry":{"type":"Polygon","coordinates":[[[77.61172,12.74392],[77.6118,12.74891],[77.60763,12.75143],[77.60338,12.74895],[77.6033,12.74396],[77.60747,12.74145],[77.61172,12.74392]]]},"properties":{"h3":"886014c829fffff","loss":null,"place":null}},{"type":"Feature","geometry":{"type":"Polygon","coordinates":[[[77.6033,12.74396],[77.60338,12.74895],[77.59921,12.75147],[77.59496,12.74899],[77.59488,12.744],[77.59905,12.74149],[77.6033,12.74396]]]},"properties":{"h3":"886014c82bfffff","loss":null,"place":null}},{"type":"Feature","geometry":{"type":"Polygon","coordinates":[[[77.61605,12.75139],[77.61614,12.75638],[77.61197,12.75889],[77.60772,12.75642],[77.60763,12.75143],[77.6118,12.74891],[77.61605,12.75139]]]},"properties":{"h3":"886014c82dfffff","loss":0.01,"place":null}},{"type":"Feature","geometry":{"type":"Polygon","coordinates":[[[77.58646,12.74404],[77.58654,12.74903],[77.58238,12.75154],[77.57813,12.74907],[77.57804,12.74408],[77.58221,12.74157],[77.58646,12.74404]]]},"properties":{"h3":"886014c831fffff","loss":null,"place":null}},{"type":"Feature","geometry":{"type":"Polygon","coordinates":[[[77.57804,12.74408],[77.57813,12.74907],[77.57396,12.75158],[77.56971,12.74911],[77.56963,12.74412],[77.57379,12.7416],[77.57804,12.74408]]]},"properties":{"h3":"886014c833fffff","loss":null,"place":null}},{"type":"Feature","geometry":{"type":"Polygon","coordinates":[[[77.59079,12.7515],[77.59088,12.75649],[77.58671,12.75901],[77.58246,12.75653],[77.58238,12.75154],[77.58654,12.74903],[77.59079,12.7515]]]},"properties":{"h3":"886014c835fffff","loss":null,"place":null}},{"type":"Feature","geometry":{"type":"Polygon","coordinates":[[[77.58238,12.75154],[77.58246,12.75653],[77.57829,12.75905],[77.57404,12.75657],[77.57396,12.75158],[77.57813,12.74907],[77.58238,12.75154]]]},"properties":{"h3":"886014c837fffff","loss":null,"place":null}},{"type":"Feature","geometry":{"type":"Polygon","coordinates":[[[77.59488,12.744],[77.59496,12.74899],[77.59079,12.7515],[77.58654,12.74903],[77.58646,12.74404],[77.59063,12.74153],[77.59488,12.744]]]},"properties":{"h3":"886014c83dfffff","loss":null,"place":null}},{"type":"Feature","geometry":{"type":"Polygon","coordinates":[[[77.54871,12.7517],[77.5488,12.75668],[77.54463,12.7592],[77.54038,12.75672],[77.5403,12.75173],[77.54446,12.74922],[77.54871,12.7517]]]},"properties":{"h3":"886014c8a1fffff","loss":null,"place":null}},{"type":"Feature","geometry":{"type":"Polygon","coordinates":[[[77.5403,12.75173],[77.54038,12.75672],[77.53622,12.75923],[77.53197,12.75676],[77.53189,12.75177],[77.53605,12.74926],[77.5403,12.75173]]]},"properties":{"h3":"886014c8a3fffff","loss":null,"place":null}},{"type":"Feature","geometry":{"type":"Polygon","coordinates":[[[77.55304,12.75916],[77.55313,12.76415],[77.54896,12.76666],[77.54471,12.76419],[77.54463,12.7592],[77.5488,12.75668],[77.55304,12.75916]]]},"properties":{"h3":"886014c8a5fffff","loss":null,"place":null}},{"type":"Feature","geometry":{"type":"Polygon","coordinates":[[[77.54463,12.7592],[77.54471,12.76419],[77.54055,12.7667],[77.5363,12.76422],[77.53622,12.75923],[77.54038,12.75672],[77.54463,12.7592]]]},"properties":{"h3":"886014c8a7fffff","loss":null,"place":null}},{"type":"Feature","geometry":{"type":"Polygon","coordinates":[[[77.55713,12.75166],[77.55721,12.75665],[77.55304,12.75916],[77.5488,12.75668],[77.54871,12.7517],[77.55288,12.74918],[77.55713,12.75166]]]},"properties":{"h3":"886014c8adfffff","loss":null,"place":null}},{"type":"Feature","geometry":{"type":"Polygon","coordinates":[[[77.53189,12.75177],[77.53197,12.75676],[77.5278,12.75927],[77.52356,12.7568],[77.52347,12.75181],[77.52764,12.7493],[77.53189,12.75177]]]},"properties":{"h3":"886014c8b5fffff","loss":null,"place":null}},{"type":"Feature","geometry":{"type":"Polygon","coordinates":[[[77.52347,12.75181],[77.52356,12.7568],[77.51939,12.75931],[77.51514,12.75683],[77.51506,12.75185],[77.51923,12.74933],[77.52347,12.75181]]]},"properties":{"h3":"886014c8b7fffff","loss":null,"place":null}},{"type":"Feature","geometry":{"type":"Polygon","coordinates":[[[77.56963,12.74412],[77.56971,12.74911],[77.56554,12.75162],[77.56129,12.74915],[77.56121,12.74416],[77.56538,12.74164],[77.56963,12.74412]]]},"properties":{"h3":"886014c8e5fffff","loss":null,"place":null}},{"type":"Feature","geometry":{"type":"Polygon","coordinates":[[[77.6334,12.78125],[77.63349,12.78624],[77.62932,12.78875],[77.62507,12.78628],[77.62498,12.78129],[77.62915,12.77877],[77.6334,12.78125]]]},"properties":{"h3":"886014c901fffff","loss":0.019,"place":null}},{"type":"Feature","geometry":{"type":"Polygon","coordinates":[[[77.62498,12.78129],[77.62507,12.78628],[77.6209,12.78879],[77.61664,12.78632],[77.61656,12.78133],[77.62073,12.77881],[77.62498,12.78129]]]},"properties":{"h3":"886014c903fffff","loss":0.008,"place":null}},{"type":"Feature","geometry":{"type":"Polygon","coordinates":[[[77.63774,12.78871],[77.63783,12.7937],[77.63366,12.79622],[77.6294,12.79374],[77.62932,12.78875],[77.63349,12.78624],[77.63774,12.78871]]]},"properties":{"h3":"886014c905fffff","loss":0.01,"place":null}},{"type":"Feature","geometry":{"type":"Polygon","coordinates":[[[77.62932,12.78875],[77.6294,12.79374],[77.62523,12.79626],[77.62098,12.79378],[77.6209,12.78879],[77.62507,12.78628],[77.62932,12.78875]]]},"properties":{"h3":"886014c907fffff","loss":0.038,"place":null}},{"type":"Feature","geometry":{"type":"Polygon","coordinates":[[[77.63749,12.77374],[77.63757,12.77873],[77.6334,12.78125],[77.62915,12.77877],[77.62907,12.77378],[77.63324,12.77127],[77.63749,12.77374]]]},"properties":{"h3":"886014c909fffff","loss":null,"place":null}},{"type":"Feature","geometry":{"type":"Polygon","coordinates":[[[77.62907,12.77378],[77.62915,12.77877],[77.62498,12.78129],[77.62073,12.77881],[77.62064,12.77382],[77.62481,12.77131],[77.62907,12.77378]]]},"properties":{"h3":"886014c90bfffff","loss":0.006,"place":null}},{"type":"Feature","geometry":{"type":"Polygon","coordinates":[[[77.64183,12.78121],[77.64191,12.7862],[77.63774,12.78871],[77.63349,12.78624],[77.6334,12.78125],[77.63757,12.77873],[77.64183,12.78121]]]},"properties":{"h3":"886014c90dfffff","loss":0.038,"place":null}},{"type":"Feature","geometry":{"type":"Polygon","coordinates":[[[77.61222,12.77386],[77.61231,12.77885],[77.60814,12.78136],[77.60389,12.77889],[77.6038,12.7739],[77.60797,12.77138],[77.61222,12.77386]]]},"properties":{"h3":"886014c911fffff","loss":null,"place":null}},{"type":"Feature","geometry":{"type":"Polygon","coordinates":[[[77.6038,12.7739],[77.60389,12.77889],[77.59972,12.7814],[77.59547,12.77893],[77.59538,12.77394],[77.59955,12.77142],[77.6038,12.7739]]]},"properties":{"h3":"886014c913fffff","loss":null,"place":null}},{"type":"Feature","geometry":{"type":"Polygon","coordinates":[[[77.61656,12.78133],[77.61664,12.78632],[77.61247,12.78883],[77.60822,12.78635],[77.60814,12.78136],[77.61231,12.77885],[77.61656,12.78133]]]},"properties":{"h3":"886014c915fffff","loss":null,"place":null}},{"type":"Feature","geometry":{"type":"Polygon","coordinates":[[[77.60814,12.78136],[77.60822,12.78635],[77.60405,12.78887],[77.5998,12.78639],[77.59972,12.7814],[77.60389,12.77889],[77.60814,12.78136]]]},"properties":{"h3":"886014c917fffff","loss":null,"place":null}},{"type":"Feature","geometry":{"type":"Polygon","coordinates":[[[77.61631,12.76636],[77.61639,12.77135],[77.61222,12.77386],[77.60797,12.77138],[77.60789,12.7664],[77.61205,12.76388],[77.61631,12.76636]]]},"properties":{"h3":"886014c919fffff","loss":null,"place":null}},{"type":"Feature","geometry":{"type":"Polygon","coordinates":[[[77.60789,12.7664],[77.60797,12.77138],[77.6038,12.7739],[77.59955,12.77142],[77.59947,12.76643],[77.60363,12.76392],[77.60789,12.7664]]]},"properties":{"h3":"886014c91bfffff","loss":null,"place":null}},{"type":"Feature","geometry":{"type":"Polygon","coordinates":[[[77.62064,12.77382],[77.62073,12.77881],[77.61656,12.78133],[77.61231,12.77885],[77.61222,12.77386],[77.61639,12.77135],[77.62064,12.77382]]]},"properties":{"h3":"886014c91dfffff","loss":null,"place":null}},{"type":"Feature","geometry":{"type":"Polygon","coordinates":[[[77.638,12.80369],[77.63808,12.80868],[77.63391,12.81119],[77.62966,12.80871],[77.62957,12.80372],[77.63374,12.80121],[77.638,12.80369]]]},"properties":{"h3":"886014c921fffff","loss":0.081,"place":null}},{"type":"Feature","geometry":{"type":"Polygon","coordinates":[[[77.62957,12.80372],[77.62966,12.80871],[77.62549,12.81123],[77.62123,12.80875],[77.62115,12.80376],[77.62532,12.80125],[77.62957,12.80372]]]},"properties":{"h3":"886014c923fffff","loss":0.015,"place":null}},{"type":"Feature","geometry":{"type":"Polygon","coordinates":[[[77.64234,12.81115],[77.64242,12.81614],[77.63825,12.81866],[77.634,12.81618],[77.63391,12.81119],[77.63808,12.80868],[77.64234,12.81115]]]},"properties":{"h3":"886014c925fffff","loss":0.079,"place":null}},{"type":"Feature","geometry":{"type":"Polygon","coordinates":[[[77.63391,12.81119],[77.634,12.81618],[77.62983,12.81869],[77.62557,12.81622],[77.62549,12.81123],[77.62966,12.80871],[77.63391,12.81119]]]},"properties":{"h3":"886014c927fffff","loss":0.054,"place":null}},{"type":"Feature","geometry":{"type":"Polygon","coordinates":[[[77.64208,12.79618],[77.64217,12.80117],[77.638,12.80369],[77.63374,12.80121],[77.63366,12.79622],[77.63783,12.7937],[77.64208,12.79618]]]},"properties":{"h3":"886014c929fffff","loss":0.007,"place":null}},{"type":"Feature","geometry":{"type":"Polygon","coordinates":[[[77.63366,12.79622],[77.63374,12.80121],[77.62957,12.80372],[77.62532,12.80125],[77.62523,12.79626],[77.6294,12.79374],[77.63366,12.79622]]]},"properties":{"h3":"886014c92bfffff","loss":null,"place":null}},{"type":"Feature","geometry":{"type":"Polygon","coordinates":[[[77.64642,12.80365],[77.64651,12.80864],[77.64234,12.81115],[77.63808,12.80868],[77.638,12.80369],[77.64217,12.80117],[77.64642,12.80365]]]},"properties":{"h3":"886014c92dfffff","loss":0.012,"place":null}},{"type":"Feature","geometry":{"type":"Polygon","coordinates":[[[77.61681,12.7963],[77.6169,12.80128],[77.61273,12.8038],[77.60847,12.80132],[77.60839,12.79633],[77.61256,12.79382],[77.61681,12.7963]]]},"properties":{"h3":"886014c931fffff","loss":0.011,"place":null}},{"type":"Feature","geometry":{"type":"Polygon","coordinates":[[[77.60839,12.79633],[77.60847,12.80132],[77.60431,12.80384],[77.60005,12.80136],[77.59997,12.79637],[77.60414,12.79386],[77.60839,12.79633]]]},"properties":{"h3":"886014c933fffff","loss":0.01,"place":null}},{"type":"Feature","geometry":{"type":"Polygon","coordinates":[[[77.62115,12.80376],[77.62123,12.80875],[77.61706,12.81126],[77.61281,12.80879],[77.61273,12.8038],[77.6169,12.80128],[77.62115,12.80376]]]},"properties":{"h3":"886014c935fffff","loss":0.028,"place":null}},{"type":"Feature","geometry":{"type":"Polygon","coordinates":[[[77.61273,12.8038],[77.61281,12.80879],[77.60864,12.8113],[77.60439,12.80882],[77.60431,12.80384],[77.60847,12.80132],[77.61273,12.8038]]]},"properties":{"h3":"886014c937fffff","loss":0.001,"place":null}},{"type":"Feature","geometry":{"type":"Polygon","coordinates":[[[77.6209,12.78879],[77.62098,12.79378],[77.61681,12.7963],[77.61256,12.79382],[77.61247,12.78883],[77.61664,12.78632],[77.6209,12.78879]]]},"properties":{"h3":"886014c939fffff","loss":null,"place":null}},{"type":"Feature","geometry":{"type":"Polygon","coordinates":[[[77.61247,12.78883],[77.61256,12.79382],[77.60839,12.79633],[77.60414,12.79386],[77.60405,12.78887],[77.60822,12.78635],[77.61247,12.78883]]]},"properties":{"h3":"886014c93bfffff","loss":0.017,"place":null}},{"type":"Feature","geometry":{"type":"Polygon","coordinates":[[[77.62523,12.79626],[77.62532,12.80125],[77.62115,12.80376],[77.6169,12.80128],[77.61681,12.7963],[77.62098,12.79378],[77.62523,12.79626]]]},"properties":{"h3":"886014c93dfffff","loss":0.006,"place":null}},{"type":"Feature","geometry":{"type":"Polygon","coordinates":[[[77.65,12.7662],[77.65008,12.77119],[77.64591,12.7737],[77.64166,12.77123],[77.64157,12.76624],[77.64574,12.76372],[77.65,12.7662]]]},"properties":{"h3":"886014c941fffff","loss":0.026,"place":null}},{"type":"Feature","geometry":{"type":"Polygon","coordinates":[[[77.64157,12.76624],[77.64166,12.77123],[77.63749,12.77374],[77.63324,12.77127],[77.63315,12.76628],[77.63732,12.76376],[77.64157,12.76624]]]},"properties":{"h3":"886014c943fffff","loss":0.009,"place":null}},{"type":"Feature","geometry":{"type":"Polygon","coordinates":[[[77.65434,12.77366],[77.65442,12.77865],[77.65025,12.78117],[77.646,12.77869],[77.64591,12.7737],[77.65008,12.77119],[77.65434,12.77366]]]},"properties":{"h3":"886014c945fffff","loss":0.067,"place":null}},{"type":"Feature","geometry":{"type":"Polygon","coordinates":[[[77.64591,12.7737],[77.646,12.77869],[77.64183,12.78121],[77.63757,12.77873],[77.63749,12.77374],[77.64166,12.77123],[77.64591,12.7737]]]},"properties":{"h3":"886014c947fffff","loss":0.008,"place":null}},{"type":"Feature","geometry":{"type":"Polygon","coordinates":[[[77.65408,12.75869],[77.65417,12.76368],[77.65,12.7662],[77.64574,12.76372],[77.64566,12.75873],[77.64983,12.75622],[77.65408,12.75869]]]},"properties":{"h3":"886014c949fffff","loss":null,"place":null}},{"type":"Feature","geometry":{"type":"Polygon","coordinates":[[[77.64566,12.75873],[77.64574,12.76372],[77.64157,12.76624],[77.63732,12.76376],[77.63724,12.75877],[77.6414,12.75626],[77.64566,12.75873]]]},"properties":{"h3":"886014c94bfffff","loss":0.045,"place":null}},{"type":"Feature","geometry":{"type":"Polygon","coordinates":[[[77.65842,12.76616],[77.65851,12.77115],[77.65434,12.77366],[77.65008,12.77119],[77.65,12.7662],[77.65417,12.76368],[77.65842,12.76616]]]},"properties":{"h3":"886014c94dfffff","loss":0.008,"place":null}},{"type":"Feature","geometry":{"type":"Polygon","coordinates":[[[77.62881,12.75881],[77.6289,12.7638],[77.62473,12.76632],[77.62048,12.76384],[77.62039,12.75885],[77.62456,12.75634],[77.62881,12.75881]]]},"properties":{"h3":"886014c951fffff","loss":null,"place":null}},{"type":"Feature","geometry":{"type":"Polygon","coordinates":[[[77.62039,12.75885],[77.62048,12.76384],[77.61631,12.76636],[77.61205,12.76388],[77.61197,12.75889],[77.61614,12.75638],[77.62039,12.75885]]]},"properties":{"h3":"886014c953fffff","loss":null,"place":null}},{"type":"Feature","geometry":{"type":"Polygon","coordinates":[[[77.63315,12.76628],[77.63324,12.77127],[77.62907,12.77378],[77.62481,12.77131],[77.62473,12.76632],[77.6289,12.7638],[77.63315,12.76628]]]},"properties":{"h3":"886014c955fffff","loss":0.003,"place":null}},{"type":"Feature","geometry":{"type":"Polygon","coordinates":[[[77.62473,12.76632],[77.62481,12.77131],[77.62064,12.77382],[77.61639,12.77135],[77.61631,12.76636],[77.62048,12.76384],[77.62473,12.76632]]]},"properties":{"h3":"886014c957fffff","loss":null,"place":null}},{"type":"Feature","geometry":{"type":"Polygon","coordinates":[[[77.6329,12.75131],[77.63298,12.7563],[77.62881,12.75881],[77.62456,12.75634],[77.62448,12.75135],[77.62864,12.74883],[77.6329,12.75131]]]},"properties":{"h3":"886014c959fffff","loss":0.013,"place":null}},{"type":"Feature","geometry":{"type":"Polygon","coordinates":[[[77.62448,12.75135],[77.62456,12.75634],[77.62039,12.75885],[77.61614,12.75638],[77.61605,12.75139],[77.62022,12.74887],[77.62448,12.75135]]]},"properties":{"h3":"886014c95bfffff","loss":null,"place":null}},{"type":"Feature","geometry":{"type":"Polygon","coordinates":[[[77.63724,12.75877],[77.63732,12.76376],[77.63315,12.76628],[77.6289,12.7638],[77.62881,12.75881],[77.63298,12.7563],[77.63724,12.75877]]]},"properties":{"h3":"886014c95dfffff","loss":null,"place":null}},{"type":"Feature","geometry":{"type":"Polygon","coordinates":[[[77.65459,12.78864],[77.65468,12.79363],[77.65051,12.79614],[77.64625,12.79367],[77.64617,12.78868],[77.65034,12.78616],[77.65459,12.78864]]]},"properties":{"h3":"886014c961fffff","loss":0.009,"place":null}},{"type":"Feature","geometry":{"type":"Polygon","coordinates":[[[77.64617,12.78868],[77.64625,12.79367],[77.64208,12.79618],[77.63783,12.7937],[77.63774,12.78871],[77.64191,12.7862],[77.64617,12.78868]]]},"properties":{"h3":"886014c963fffff","loss":0.013,"place":null}},{"type":"Feature","geometry":{"type":"Polygon","coordinates":[[[77.65893,12.7961],[77.65902,12.80109],[77.65485,12.80361],[77.65059,12.80113],[77.65051,12.79614],[77.65468,12.79363],[77.65893,12.7961]]]},"properties":{"h3":"886014c965fffff","loss":null,"place":null}},{"type":"Feature","geometry":{"type":"Polygon","coordinates":[[[77.65051,12.79614],[77.65059,12.80113],[77.64642,12.80365],[77.64217,12.80117],[77.64208,12.79618],[77.64625,12.79367],[77.65051,12.79614]]]},"properties":{"h3":"886014c967fffff","loss":0.03,"place":null}},{"type":"Feature","geometry":{"type":"Polygon","coordinates":[[[77.65868,12.78113],[77.65876,12.78612],[77.65459,12.78864],[77.65034,12.78616],[77.65025,12.78117],[77.65442,12.77865],[77.65868,12.78113]]]},"properties":{"h3":"886014c969fffff","loss":0.085,"place":null}},{"type":"Feature","geometry":{"type":"Polygon","coordinates":[[[77.65025,12.78117],[77.65034,12.78616],[77.64617,12.78868],[77.64191,12.7862],[77.64183,12.78121],[77.646,12.77869],[77.65025,12.78117]]]},"properties":{"h3":"886014c96bfffff","loss":0.018,"place":null}},{"type":"Feature","geometry":{"type":"Polygon","coordinates":[[[77.66302,12.7886],[77.6631,12.79359],[77.65893,12.7961],[77.65468,12.79363],[77.65459,12.78864],[77.65876,12.78612],[77.66302,12.7886]]]},"properties":{"h3":"886014c96dfffff","loss":0.03,"place":null}},{"type":"Feature","geometry":{"type":"Polygon","coordinates":[[[77.57446,12.78151],[77.57454,12.7865],[77.57038,12.78902],[77.56613,12.78654],[77.56604,12.78155],[77.57021,12.77904],[77.57446,12.78151]]]},"properties":{"h3":"886014c981fffff","loss":null,"place":null}},{"type":"Feature","geometry":{"type":"Polygon","coordinates":[[[77.56604,12.78155],[77.56613,12.78654],[77.56196,12.78905],[77.55771,12.78658],[77.55763,12.78159],[77.56179,12.77908],[77.56604,12.78155]]]},"properties":{"h3":"886014c983fffff","loss":null,"place":null}},{"type":"Feature","geometry":{"type":"Polygon","coordinates":[[[77.57879,12.78898],[77.57888,12.79397],[77.57471,12.79648],[77.57046,12.794],[77.57038,12.78902],[77.57454,12.7865],[77.57879,12.78898]]]},"properties":{"h3":"886014c985fffff","loss":null,"place":null}},{"type":"Feature","geometry":{"type":"Polygon","coordinates":[[[77.57038,12.78902],[77.57046,12.794],[77.56629,12.79652],[77.56204,12.79404],[77.56196,12.78905],[77.56613,12.78654],[77.57038,12.78902]]]},"properties":{"h3":"886014c987fffff","loss":null,"place":null}},{"type":"Feature","geometry":{"type":"Polygon","coordinates":[[[77.57854,12.77401],[77.57863,12.779],[77.57446,12.78151],[77.57021,12.77904],[77.57013,12.77405],[77.57429,12.77154],[77.57854,12.77401]]]},"properties":{"h3":"886014c989fffff","loss":null,"place":null}},{"type":"Feature","geometry":{"type":"Polygon","coordinates":[[[77.57013,12.77405],[77.57021,12.77904],[77.56604,12.78155],[77.56179,12.77908],[77.56171,12.77409],[77.56588,12.77157],[77.57013,12.77405]]]},"properties":{"h3":"886014c98bfffff","loss":null,"place":null}},{"type":"Feature","geometry":{"type":"Polygon","coordinates":[[[77.58288,12.78148],[77.58296,12.78647],[77.57879,12.78898],[77.57454,12.7865],[77.57446,12.78151],[77.57863,12.779],[77.58288,12.78148]]]},"properties":{"h3":"886014c98dfffff","loss":null,"place":null}},{"type":"Feature","geometry":{"type":"Polygon","coordinates":[[[77.55329,12.77412],[77.55338,12.77911],[77.54921,12.78162],[77.54496,12.77915],[77.54488,12.77416],[77.54904,12.77165],[77.55329,12.77412]]]},"properties":{"h3":"886014c991fffff","loss":null,"place":null}},{"type":"Feature","geometry":{"type":"Polygon","coordinates":[[[77.54488,12.77416],[77.54496,12.77915],[77.5408,12.78166],[77.53655,12.77919],[77.53646,12.7742],[77.54063,12.77169],[77.54488,12.77416]]]},"properties":{"h3":"886014c993fffff","loss":null,"place":null}},{"type":"Feature","geometry":{"type":"Polygon","coordinates":[[[77.55763,12.78159],[77.55771,12.78658],[77.55354,12.78909],[77.54929,12.78661],[77.54921,12.78162],[77.55338,12.77911],[77.55763,12.78159]]]},"properties":{"h3":"886014c995fffff","loss":null,"place":null}},{"type":"Feature","geometry":{"type":"Polygon","coordinates":[[[77.54921,12.78162],[77.54929,12.78661],[77.54513,12.78912],[77.54088,12.78665],[77.5408,12.78166],[77.54496,12.77915],[77.54921,12.78162]]]},"properties":{"h3":"886014c997fffff","loss":null,"place":null}},{"type":"Feature","geometry":{"type":"Polygon","coordinates":[[[77.55738,12.76662],[77.55746,12.77161],[77.55329,12.77412],[77.54904,12.77165],[77.54896,12.76666],[77.55313,12.76415],[77.55738,12.76662]]]},"properties":{"h3":"886014c999fffff","loss":null,"place":null}},{"type":"Feature","geometry":{"type":"Polygon","coordinates":[[[77.54896,12.76666],[77.54904,12.77165],[77.54488,12.77416],[77.54063,12.77169],[77.54055,12.7667],[77.54471,12.76419],[77.54896,12.76666]]]},"properties":{"h3":"886014c99bfffff","loss":null,"place":null}},{"type":"Feature","geometry":{"type":"Polygon","coordinates":[[[77.56171,12.77409],[77.56179,12.77908],[77.55763,12.78159],[77.55338,12.77911],[77.55329,12.77412],[77.55746,12.77161],[77.56171,12.77409]]]},"properties":{"h3":"886014c99dfffff","loss":null,"place":null}},{"type":"Feature","geometry":{"type":"Polygon","coordinates":[[[77.57905,12.80395],[77.57913,12.80893],[77.57496,12.81145],[77.57071,12.80897],[77.57063,12.80398],[77.57479,12.80147],[77.57905,12.80395]]]},"properties":{"h3":"886014c9a1fffff","loss":null,"place":null}},{"type":"Feature","geometry":{"type":"Polygon","coordinates":[[[77.57063,12.80398],[77.57071,12.80897],[77.56654,12.81148],[77.56229,12.80901],[77.56221,12.80402],[77.56638,12.80151],[77.57063,12.80398]]]},"properties":{"h3":"886014c9a3fffff","loss":null,"place":null}},{"type":"Feature","geometry":{"type":"Polygon","coordinates":[[[77.58338,12.81141],[77.58346,12.8164],[77.5793,12.81891],[77.57505,12.81643],[77.57496,12.81145],[77.57913,12.80893],[77.58338,12.81141]]]},"properties":{"h3":"886014c9a5fffff","loss":0.016,"place":null}},{"type":"Feature","geometry":{"type":"Polygon","coordinates":[[[77.57496,12.81145],[77.57505,12.81643],[77.57088,12.81895],[77.56663,12.81647],[77.56654,12.81148],[77.57071,12.80897],[77.57496,12.81145]]]},"properties":{"h3":"886014c9a7fffff","loss":null,"place":null}},{"type":"Feature","geometry":{"type":"Polygon","coordinates":[[[77.58313,12.79644],[77.58321,12.80143],[77.57905,12.80395],[77.57479,12.80147],[77.57471,12.79648],[77.57888,12.79397],[77.58313,12.79644]]]},"properties":{"h3":"886014c9a9fffff","loss":null,"place":null}},{"type":"Feature","geometry":{"type":"Polygon","coordinates":[[[77.57471,12.79648],[77.57479,12.80147],[77.57063,12.80398],[77.56638,12.80151],[77.56629,12.79652],[77.57046,12.794],[77.57471,12.79648]]]},"properties":{"h3":"886014c9abfffff","loss":null,"place":null}},{"type":"Feature","geometry":{"type":"Polygon","coordinates":[[[77.58746,12.80391],[77.58755,12.8089],[77.58338,12.81141],[77.57913,12.80893],[77.57905,12.80395],[77.58321,12.80143],[77.58746,12.80391]]]},"properties":{"h3":"886014c9adfffff","loss":null,"place":null}},{"type":"Feature","geometry":{"type":"Polygon","coordinates":[[[77.55788,12.79655],[77.55796,12.80154],[77.55379,12.80405],[77.54954,12.80158],[77.54946,12.79659],[77.55363,12.79408],[77.55788,12.79655]]]},"properties":{"h3":"886014c9b1fffff","loss":null,"place":null}},{"type":"Feature","geometry":{"type":"Polygon","coordinates":[[[77.54946,12.79659],[77.54954,12.80158],[77.54538,12.80409],[77.54113,12.80161],[77.54104,12.79662],[77.54521,12.79411],[77.54946,12.79659]]]},"properties":{"h3":"886014c9b3fffff","loss":0.004,"place":null}},{"type":"Feature","geometry":{"type":"Polygon","coordinates":[[[77.56221,12.80402],[77.56229,12.80901],[77.55813,12.81152],[77.55388,12.80904],[77.55379,12.80405],[77.55796,12.80154],[77.56221,12.80402]]]},"properties":{"h3":"886014c9b5fffff","loss":null,"place":null}},{"type":"Feature","geometry":{"type":"Polygon","coordinates":[[[77.55379,12.80405],[77.55388,12.80904],[77.54971,12.81155],[77.54546,12.80908],[77.54538,12.80409],[77.54954,12.80158],[77.55379,12.80405]]]},"properties":{"h3":"886014c9b7fffff","loss":null,"place":null}},{"type":"Feature","geometry":{"type":"Polygon","coordinates":[[[77.56196,12.78905],[77.56204,12.79404],[77.55788,12.79655],[77.55363,12.79408],[77.55354,12.78909],[77.55771,12.78658],[77.56196,12.78905]]]},"properties":{"h3":"886014c9b9fffff","loss":null,"place":null}},{"type":"Feature","geometry":{"type":"Polygon","coordinates":[[[77.55354,12.78909],[77.55363,12.79408],[77.54946,12.79659],[77.54521,12.79411],[77.54513,12.78912],[77.54929,12.78661],[77.55354,12.78909]]]},"properties":{"h3":"886014c9bbfffff","loss":0.01,"place":null}},{"type":"Feature","geometry":{"type":"Polygon","coordinates":[[[77.56629,12.79652],[77.56638,12.80151],[77.56221,12.80402],[77.55796,12.80154],[77.55788,12.79655],[77.56204,12.79404],[77.56629,12.79652]]]},"properties":{"h3":"886014c9bdfffff","loss":null,"place":null}},{"type":"Feature","geometry":{"type":"Polygon","coordinates":[[[77.59105,12.76647],[77.59113,12.77146],[77.58696,12.77398],[77.58271,12.7715],[77.58263,12.76651],[77.5868,12.764],[77.59105,12.76647]]]},"properties":{"h3":"886014c9c1fffff","loss":null,"place":null}},{"type":"Feature","geometry":{"type":"Polygon","coordinates":[[[77.58263,12.76651],[77.58271,12.7715],[77.57854,12.77401],[77.57429,12.77154],[77.57421,12.76655],[77.57838,12.76404],[77.58263,12.76651]]]},"properties":{"h3":"886014c9c3fffff","loss":null,"place":null}},{"type":"Feature","geometry":{"type":"Polygon","coordinates":[[[77.59538,12.77394],[77.59547,12.77893],[77.5913,12.78144],[77.58705,12.77896],[77.58696,12.77398],[77.59113,12.77146],[77.59538,12.77394]]]},"properties":{"h3":"886014c9c5fffff","loss":null,"place":null}},{"type":"Feature","geometry":{"type":"Polygon","coordinates":[[[77.58696,12.77398],[77.58705,12.77896],[77.58288,12.78148],[77.57863,12.779],[77.57854,12.77401],[77.58271,12.7715],[77.58696,12.77398]]]},"properties":{"h3":"886014c9c7fffff","loss":null,"place":null}},{"type":"Feature","geometry":{"type":"Polygon","coordinates":[[[77.59513,12.75897],[77.59521,12.76396],[77.59105,12.76647],[77.5868,12.764],[77.58671,12.75901],[77.59088,12.75649],[77.59513,12.75897]]]},"properties":{"h3":"886014c9c9fffff","loss":null,"place":null}},{"type":"Feature","geometry":{"type":"Polygon","coordinates":[[[77.58671,12.75901],[77.5868,12.764],[77.58263,12.76651],[77.57838,12.76404],[77.57829,12.75905],[77.58246,12.75653],[77.58671,12.75901]]]},"properties":{"h3":"886014c9cbfffff","loss":null,"place":null}},{"type":"Feature","geometry":{"type":"Polygon","coordinates":[[[77.59947,12.76643],[77.59955,12.77142],[77.59538,12.77394],[77.59113,12.77146],[77.59105,12.76647],[77.59521,12.76396],[77.59947,12.76643]]]},"properties":{"h3":"886014c9cdfffff","loss":null,"place":null}},{"type":"Feature","geometry":{"type":"Polygon","coordinates":[[[77.56988,12.75908],[77.56996,12.76407],[77.56579,12.76659],[77.56154,12.76411],[77.56146,12.75912],[77.56563,12.75661],[77.56988,12.75908]]]},"properties":{"h3":"886014c9d1fffff","loss":null,"place":null}},{"type":"Feature","geometry":{"type":"Polygon","coordinates":[[[77.56146,12.75912],[77.56154,12.76411],[77.55738,12.76662],[77.55313,12.76415],[77.55304,12.75916],[77.55721,12.75665],[77.56146,12.75912]]]},"properties":{"h3":"886014c9d3fffff","loss":null,"place":null}},{"type":"Feature","geometry":{"type":"Polygon","coordinates":[[[77.57421,12.76655],[77.57429,12.77154],[77.57013,12.77405],[77.56588,12.77157],[77.56579,12.76659],[77.56996,12.76407],[77.57421,12.76655]]]},"properties":{"h3":"886014c9d5fffff","loss":null,"place":null}},{"type":"Feature","geometry":{"type":"Polygon","coordinates":[[[77.56579,12.76659],[77.56588,12.77157],[77.56171,12.77409],[77.55746,12.77161],[77.55738,12.76662],[77.56154,12.76411],[77.56579,12.76659]]]},"properties":{"h3":"886014c9d7fffff","loss":null,"place":null}},{"type":"Feature","geometry":{"type":"Polygon","coordinates":[[[77.57396,12.75158],[77.57404,12.75657],[77.56988,12.75908],[77.56563,12.75661],[77.56554,12.75162],[77.56971,12.74911],[77.57396,12.75158]]]},"properties":{"h3":"886014c9d9fffff","loss":null,"place":null}},{"type":"Feature","geometry":{"type":"Polygon","coordinates":[[[77.56554,12.75162],[77.56563,12.75661],[77.56146,12.75912],[77.55721,12.75665],[77.55713,12.75166],[77.56129,12.74915],[77.56554,12.75162]]]},"properties":{"h3":"886014c9dbfffff","loss":null,"place":null}},{"type":"Feature","geometry":{"type":"Polygon","coordinates":[[[77.57829,12.75905],[77.57838,12.76404],[77.57421,12.76655],[77.56996,12.76407],[77.56988,12.75908],[77.57404,12.75657],[77.57829,12.75905]]]},"properties":{"h3":"886014c9ddfffff","loss":null,"place":null}},{"type":"Feature","geometry":{"type":"Polygon","coordinates":[[[77.59563,12.7889],[77.59572,12.79389],[77.59155,12.79641],[77.5873,12.79393],[77.58721,12.78894],[77.59138,12.78643],[77.59563,12.7889]]]},"properties":{"h3":"886014c9e1fffff","loss":null,"place":null}},{"type":"Feature","geometry":{"type":"Polygon","coordinates":[[[77.58721,12.78894],[77.5873,12.79393],[77.58313,12.79644],[77.57888,12.79397],[77.57879,12.78898],[77.58296,12.78647],[77.58721,12.78894]]]},"properties":{"h3":"886014c9e3fffff","loss":null,"place":null}},{"type":"Feature","geometry":{"type":"Polygon","coordinates":[[[77.59997,12.79637],[77.60005,12.80136],[77.59588,12.80387],[77.59163,12.8014],[77.59155,12.79641],[77.59572,12.79389],[77.59997,12.79637]]]},"properties":{"h3":"886014c9e5fffff","loss":null,"place":null}},{"type":"Feature","geometry":{"type":"Polygon","coordinates":[[[77.59155,12.79641],[77.59163,12.8014],[77.58746,12.80391],[77.58321,12.80143],[77.58313,12.79644],[77.5873,12.79393],[77.59155,12.79641]]]},"properties":{"h3":"886014c9e7fffff","loss":null,"place":null}},{"type":"Feature","geometry":{"type":"Polygon","coordinates":[[[77.59972,12.7814],[77.5998,12.78639],[77.59563,12.7889],[77.59138,12.78643],[77.5913,12.78144],[77.59547,12.77893],[77.59972,12.7814]]]},"properties":{"h3":"886014c9e9fffff","loss":null,"place":null}},{"type":"Feature","geometry":{"type":"Polygon","coordinates":[[[77.5913,12.78144],[77.59138,12.78643],[77.58721,12.78894],[77.58296,12.78647],[77.58288,12.78148],[77.58705,12.77896],[77.5913,12.78144]]]},"properties":{"h3":"886014c9ebfffff","loss":null,"place":null}},{"type":"Feature","geometry":{"type":"Polygon","coordinates":[[[77.60405,12.78887],[77.60414,12.79386],[77.59997,12.79637],[77.59572,12.79389],[77.59563,12.7889],[77.5998,12.78639],[77.60405,12.78887]]]},"properties":{"h3":"886014c9edfffff","loss":null,"place":null}},{"type":"Feature","geometry":{"type":"Polygon","coordinates":[[[77.49416,12.75942],[77.49424,12.7644],[77.49008,12.76691],[77.48583,12.76444],[77.48575,12.75945],[77.48991,12.75694],[77.49416,12.75942]]]},"properties":{"h3":"886014cd25fffff","loss":null,"place":null}},{"type":"Feature","geometry":{"type":"Polygon","coordinates":[[[77.48575,12.75945],[77.48583,12.76444],[77.48167,12.76695],[77.47742,12.76447],[77.47734,12.75949],[77.4815,12.75698],[77.48575,12.75945]]]},"properties":{"h3":"886014cd27fffff","loss":0.009,"place":null}},{"type":"Feature","geometry":{"type":"Polygon","coordinates":[[[77.61137,13.22282],[77.61146,13.22781],[77.60728,13.23031],[77.60302,13.22782],[77.60294,13.22284],[77.60711,13.22033],[77.61137,13.22282]]]},"properties":{"h3":"8860168259fffff","loss":null,"place":null}},{"type":"Feature","geometry":{"type":"Polygon","coordinates":[[[77.60294,13.22284],[77.60302,13.22782],[77.59885,13.23032],[77.59459,13.22784],[77.59451,13.22285],[77.59868,13.22035],[77.60294,13.22284]]]},"properties":{"h3":"886016825bfffff","loss":null,"place":null}},{"type":"Feature","geometry":{"type":"Polygon","coordinates":[[[77.55236,13.22293],[77.55244,13.22792],[77.54827,13.23042],[77.54402,13.22793],[77.54393,13.22295],[77.5481,13.22045],[77.55236,13.22293]]]},"properties":{"h3":"88601682d9fffff","loss":null,"place":null}},{"type":"Feature","geometry":{"type":"Polygon","coordinates":[[[77.67835,13.19274],[77.67844,13.19773],[77.67426,13.20023],[77.67,13.19775],[77.66991,13.19276],[77.67409,13.19026],[77.67835,13.19274]]]},"properties":{"h3":"8860169011fffff","loss":null,"place":null}},{"type":"Feature","geometry":{"type":"Polygon","coordinates":[[[77.66991,13.19276],[77.67,13.19775],[77.66582,13.20025],[77.66156,13.19777],[77.66148,13.19278],[77.66565,13.19028],[77.66991,13.19276]]]},"properties":{"h3":"8860169013fffff","loss":0.006,"place":null}},{"type":"Feature","geometry":{"type":"Polygon","coordinates":[[[77.6827,13.20021],[77.68279,13.2052],[77.67861,13.20771],[77.67435,13.20522],[77.67426,13.20023],[77.67844,13.19773],[77.6827,13.20021]]]},"properties":{"h3":"8860169015fffff","loss":null,"place":null}},{"type":"Feature","geometry":{"type":"Polygon","coordinates":[[[77.67426,13.20023],[77.67435,13.20522],[77.67017,13.20773],[77.66591,13.20524],[77.66582,13.20025],[77.67,13.19775],[77.67426,13.20023]]]},"properties":{"h3":"8860169017fffff","loss":null,"place":null}},{"type":"Feature","geometry":{"type":"Polygon","coordinates":[[[77.68244,13.18525],[77.68253,13.19024],[77.67835,13.19274],[77.67409,13.19026],[77.67401,13.18527],[77.67818,13.18276],[77.68244,13.18525]]]},"properties":{"h3":"8860169019fffff","loss":null,"place":null}},{"type":"Feature","geometry":{"type":"Polygon","coordinates":[[[77.67401,13.18527],[77.67409,13.19026],[77.66991,13.19276],[77.66565,13.19028],[77.66557,13.18529],[77.66974,13.18278],[77.67401,13.18527]]]},"properties":{"h3":"886016901bfffff","loss":null,"place":null}},{"type":"Feature","geometry":{"type":"Polygon","coordinates":[[[77.68679,13.19272],[77.68688,13.19771],[77.6827,13.20021],[77.67844,13.19773],[77.67835,13.19274],[77.68253,13.19024],[77.68679,13.19272]]]},"properties":{"h3":"886016901dfffff","loss":null,"place":null}},{"type":"Feature","geometry":{"type":"Polygon","coordinates":[[[77.69497,13.17773],[77.69506,13.18272],[77.69088,13.18523],[77.68662,13.18274],[77.68654,13.17775],[77.69071,13.17525],[77.69497,13.17773]]]},"properties":{"h3":"8860169051fffff","loss":null,"place":null}},{"type":"Feature","geometry":{"type":"Polygon","coordinates":[[[77.68654,13.17775],[77.68662,13.18274],[77.68244,13.18525],[77.67818,13.18276],[77.6781,13.17778],[77.68227,13.17527],[77.68654,13.17775]]]},"properties":{"h3":"8860169053fffff","loss":null,"place":null}},{"type":"Feature","geometry":{"type":"Polygon","coordinates":[[[77.69932,13.1852],[77.69941,13.19019],[77.69523,13.1927],[77.69097,13.19021],[77.69088,13.18523],[77.69506,13.18272],[77.69932,13.1852]]]},"properties":{"h3":"8860169055fffff","loss":null,"place":null}},{"type":"Feature","geometry":{"type":"Polygon","coordinates":[[[77.69088,13.18523],[77.69097,13.19021],[77.68679,13.19272],[77.68253,13.19024],[77.68244,13.18525],[77.68662,13.18274],[77.69088,13.18523]]]},"properties":{"h3":"8860169057fffff","loss":null,"place":null}},{"type":"Feature","geometry":{"type":"Polygon","coordinates":[[[77.69907,13.17024],[77.69915,13.17523],[77.69497,13.17773],[77.69071,13.17525],[77.69063,13.17026],[77.6948,13.16775],[77.69907,13.17024]]]},"properties":{"h3":"8860169059fffff","loss":null,"place":null}},{"type":"Feature","geometry":{"type":"Polygon","coordinates":[[[77.69063,13.17026],[77.69071,13.17525],[77.68654,13.17775],[77.68227,13.17527],[77.68219,13.17028],[77.68636,13.16778],[77.69063,13.17026]]]},"properties":{"h3":"886016905bfffff","loss":null,"place":null}},{"type":"Feature","geometry":{"type":"Polygon","coordinates":[[[77.70342,13.17771],[77.7035,13.1827],[77.69932,13.1852],[77.69506,13.18272],[77.69497,13.17773],[77.69915,13.17523],[77.70342,13.17771]]]},"properties":{"h3":"886016905dfffff","loss":null,"place":null}},{"type":"Feature","geometry":{"type":"Polygon","coordinates":[[[77.64051,13.20031],[77.6406,13.2053],[77.63642,13.2078],[77.63216,13.20532],[77.63208,13.20033],[77.63625,13.19783],[77.64051,13.20031]]]},"properties":{"h3":"8860169081fffff","loss":null,"place":null}},{"type":"Feature","geometry":{"type":"Polygon","coordinates":[[[77.63208,13.20033],[77.63216,13.20532],[77.62799,13.20782],[77.62373,13.20534],[77.62364,13.20035],[77.62782,13.19785],[77.63208,13.20033]]]},"properties":{"h3":"8860169083fffff","loss":0.002,"place":null}},{"type":"Feature","geometry":{"type":"Polygon","coordinates":[[[77.64486,13.20779],[77.64494,13.21277],[77.64077,13.21528],[77.63651,13.21279],[77.63642,13.2078],[77.6406,13.2053],[77.64486,13.20779]]]},"properties":{"h3":"8860169085fffff","loss":null,"place":null}},{"type":"Feature","geometry":{"type":"Polygon","coordinates":[[[77.63642,13.2078],[77.63651,13.21279],[77.63233,13.21529],[77.62807,13.21281],[77.62799,13.20782],[77.63216,13.20532],[77.63642,13.2078]]]},"properties":{"h3":"8860169087fffff","loss":null,"place":null}},{"type":"Feature","geometry":{"type":"Polygon","coordinates":[[[77.6446,13.19282],[77.64469,13.19781],[77.64051,13.20031],[77.63625,13.19783],[77.63617,13.19284],[77.64034,13.19034],[77.6446,13.19282]]]},"properties":{"h3":"8860169089fffff","loss":0.01,"place":null}},{"type":"Feature","geometry":{"type":"Polygon","coordinates":[[[77.63617,13.19284],[77.63625,13.19783],[77.63208,13.20033],[77.62782,13.19785],[77.62773,13.19286],[77.63191,13.19036],[77.63617,13.19284]]]},"properties":{"h3":"886016908bfffff","loss":null,"place":null}},{"type":"Feature","geometry":{"type":"Polygon","coordinates":[[[77.64895,13.20029],[77.64903,13.20528],[77.64486,13.20779],[77.6406,13.2053],[77.64051,13.20031],[77.64469,13.19781],[77.64895,13.20029]]]},"properties":{"h3":"886016908dfffff","loss":null,"place":null}},{"type":"Feature","geometry":{"type":"Polygon","coordinates":[[[77.6193,13.19288],[77.61939,13.19787],[77.61521,13.20037],[77.61095,13.19789],[77.61087,13.1929],[77.61504,13.1904],[77.6193,13.19288]]]},"properties":{"h3":"8860169091fffff","loss":null,"place":null}},{"type":"Feature","geometry":{"type":"Polygon","coordinates":[[[77.61087,13.1929],[77.61095,13.19789],[77.60678,13.20039],[77.60252,13.1979],[77.60244,13.19292],[77.60661,13.19042],[77.61087,13.1929]]]},"properties":{"h3":"8860169093fffff","loss":null,"place":null}},{"type":"Feature","geometry":{"type":"Polygon","coordinates":[[[77.62364,13.20035],[77.62373,13.20534],[77.61955,13.20784],[77.6153,13.20536],[77.61521,13.20037],[77.61939,13.19787],[77.62364,13.20035]]]},"properties":{"h3":"8860169095fffff","loss":null,"place":null}},{"type":"Feature","geometry":{"type":"Polygon","coordinates":[[[77.61521,13.20037],[77.6153,13.20536],[77.61112,13.20786],[77.60686,13.20538],[77.60678,13.20039],[77.61095,13.19789],[77.61521,13.20037]]]},"properties":{"h3":"8860169097fffff","loss":null,"place":null}},{"type":"Feature","geometry":{"type":"Polygon","coordinates":[[[77.62339,13.18539],[77.62348,13.19038],[77.6193,13.19288],[77.61504,13.1904],[77.61496,13.18541],[77.61913,13.18291],[77.62339,13.18539]]]},"properties":{"h3":"8860169099fffff","loss":null,"place":null}},{"type":"Feature","geometry":{"type":"Polygon","coordinates":[[[77.61496,13.18541],[77.61504,13.1904],[77.61087,13.1929],[77.60661,13.19042],[77.60653,13.18543],[77.6107,13.18293],[77.61496,13.18541]]]},"properties":{"h3":"886016909bfffff","loss":null,"place":null}},{"type":"Feature","geometry":{"type":"Polygon","coordinates":[[[77.62773,13.19286],[77.62782,13.19785],[77.62364,13.20035],[77.61939,13.19787],[77.6193,13.19288],[77.62348,13.19038],[77.62773,13.19286]]]},"properties":{"h3":"886016909dfffff","loss":null,"place":null}},{"type":"Feature","geometry":{"type":"Polygon","coordinates":[[[77.6492,13.21526],[77.64929,13.22024],[77.64511,13.22275],[77.64085,13.22026],[77.64077,13.21528],[77.64494,13.21277],[77.6492,13.21526]]]},"properties":{"h3":"88601690a9fffff","loss":null,"place":null}},{"type":"Feature","geometry":{"type":"Polygon","coordinates":[[[77.64077,13.21528],[77.64085,13.22026],[77.63668,13.22277],[77.63242,13.22028],[77.63233,13.21529],[77.63651,13.21279],[77.64077,13.21528]]]},"properties":{"h3":"88601690abfffff","loss":null,"place":null}},{"type":"Feature","geometry":{"type":"Polygon","coordinates":[[[77.6239,13.21531],[77.62398,13.2203],[77.61981,13.2228],[77.61555,13.22032],[77.61546,13.21533],[77.61964,13.21283],[77.6239,13.21531]]]},"properties":{"h3":"88601690b1fffff","loss":null,"place":null}},{"type":"Feature","geometry":{"type":"Polygon","coordinates":[[[77.61546,13.21533],[77.61555,13.22032],[77.61137,13.22282],[77.60711,13.22033],[77.60703,13.21535],[77.6112,13.21285],[77.61546,13.21533]]]},"properties":{"h3":"88601690b3fffff","loss":null,"place":null}},{"type":"Feature","geometry":{"type":"Polygon","coordinates":[[[77.61981,13.2228],[77.61989,13.22779],[77.61572,13.23029],[77.61146,13.22781],[77.61137,13.22282],[77.61555,13.22032],[77.61981,13.2228]]]},"properties":{"h3":"88601690b7fffff","loss":null,"place":null}},{"type":"Feature","geometry":{"type":"Polygon","coordinates":[[[77.62799,13.20782],[77.62807,13.21281],[77.6239,13.21531],[77.61964,13.21283],[77.61955,13.20784],[77.62373,13.20534],[77.62799,13.20782]]]},"properties":{"h3":"88601690b9fffff","loss":null,"place":null}},{"type":"Feature","geometry":{"type":"Polygon","coordinates":[[[77.61955,13.20784],[77.61964,13.21283],[77.61546,13.21533],[77.6112,13.21285],[77.61112,13.20786],[77.6153,13.20536],[77.61955,13.20784]]]},"properties":{"h3":"88601690bbfffff","loss":0.014,"place":null}},{"type":"Feature","geometry":{"type":"Polygon","coordinates":[[[77.63233,13.21529],[77.63242,13.22028],[77.62824,13.22278],[77.62398,13.2203],[77.6239,13.21531],[77.62807,13.21281],[77.63233,13.21529]]]},"properties":{"h3":"88601690bdfffff","loss":null,"place":null}},{"type":"Feature","geometry":{"type":"Polygon","coordinates":[[[77.65713,13.18531],[77.65722,13.1903],[77.65304,13.1928],[77.64878,13.19032],[77.64869,13.18533],[77.65287,13.18283],[77.65713,13.18531]]]},"properties":{"h3":"88601690c1fffff","loss":0.001,"place":null}},{"type":"Feature","geometry":{"type":"Polygon","coordinates":[[[77.64869,13.18533],[77.64878,13.19032],[77.6446,13.19282],[77.64034,13.19034],[77.64026,13.18535],[77.64443,13.18285],[77.64869,13.18533]]]},"properties":{"h3":"88601690c3fffff","loss":null,"place":null}},{"type":"Feature","geometry":{"type":"Polygon","coordinates":[[[77.66148,13.19278],[77.66156,13.19777],[77.65739,13.20027],[77.65312,13.19779],[77.65304,13.1928],[77.65722,13.1903],[77.66148,13.19278]]]},"properties":{"h3":"88601690c5fffff","loss":0.004,"place":null}},{"type":"Feature","geometry":{"type":"Polygon","coordinates":[[[77.65304,13.1928],[77.65312,13.19779],[77.64895,13.20029],[77.64469,13.19781],[77.6446,13.19282],[77.64878,13.19032],[77.65304,13.1928]]]},"properties":{"h3":"88601690c7fffff","loss":null,"place":null}},{"type":"Feature","geometry":{"type":"Polygon","coordinates":[[[77.66122,13.17782],[77.66131,13.18281],[77.65713,13.18531],[77.65287,13.18283],[77.65279,13.17784],[77.65696,13.17533],[77.66122,13.17782]]]},"properties":{"h3":"88601690c9fffff","loss":null,"place":null}},{"type":"Feature","geometry":{"type":"Polygon","coordinates":[[[77.65279,13.17784],[77.65287,13.18283],[77.64869,13.18533],[77.64443,13.18285],[77.64435,13.17786],[77.64852,13.17536],[77.65279,13.17784]]]},"properties":{"h3":"88601690cbfffff","loss":0.056,"place":null}},{"type":"Feature","geometry":{"type":"Polygon","coordinates":[[[77.66557,13.18529],[77.66565,13.19028],[77.66148,13.19278],[77.65722,13.1903],[77.65713,13.18531],[77.66131,13.18281],[77.66557,13.18529]]]},"properties":{"h3":"88601690cdfffff","loss":null,"place":null}},{"type":"Feature","geometry":{"type":"Polygon","coordinates":[[[77.63591,13.17788],[77.636,13.18287],[77.63182,13.18537],[77.62757,13.18289],[77.62748,13.1779],[77.63166,13.1754],[77.63591,13.17788]]]},"properties":{"h3":"88601690d1fffff","loss":null,"place":null}},{"type":"Feature","geometry":{"type":"Polygon","coordinates":[[[77.62748,13.1779],[77.62757,13.18289],[77.62339,13.18539],[77.61913,13.18291],[77.61905,13.17792],[77.62322,13.17542],[77.62748,13.1779]]]},"properties":{"h3":"88601690d3fffff","loss":null,"place":null}},{"type":"Feature","geometry":{"type":"Polygon","coordinates":[[[77.64026,13.18535],[77.64034,13.19034],[77.63617,13.19284],[77.63191,13.19036],[77.63182,13.18537],[77.636,13.18287],[77.64026,13.18535]]]},"properties":{"h3":"88601690d5fffff","loss":null,"place":null}},{"type":"Feature","geometry":{"type":"Polygon","coordinates":[[[77.63182,13.18537],[77.63191,13.19036],[77.62773,13.19286],[77.62348,13.19038],[77.62339,13.18539],[77.62757,13.18289],[77.63182,13.18537]]]},"properties":{"h3":"88601690d7fffff","loss":null,"place":null}},{"type":"Feature","geometry":{"type":"Polygon","coordinates":[[[77.64,13.17039],[77.64009,13.17538],[77.63591,13.17788],[77.63166,13.1754],[77.63157,13.17041],[77.63575,13.16791],[77.64,13.17039]]]},"properties":{"h3":"88601690d9fffff","loss":null,"place":null}},{"type":"Feature","geometry":{"type":"Polygon","coordinates":[[[77.63157,13.17041],[77.63166,13.1754],[77.62748,13.1779],[77.62322,13.17542],[77.62314,13.17043],[77.62731,13.16793],[77.63157,13.17041]]]},"properties":{"h3":"88601690dbfffff","loss":null,"place":null}},{"type":"Feature","geometry":{"type":"Polygon","coordinates":[[[77.64435,13.17786],[77.64443,13.18285],[77.64026,13.18535],[77.636,13.18287],[77.63591,13.17788],[77.64009,13.17538],[77.64435,13.17786]]]},"properties":{"h3":"88601690ddfffff","loss":null,"place":null}},{"type":"Feature","geometry":{"type":"Polygon","coordinates":[[[77.66173,13.20775],[77.66182,13.21273],[77.65764,13.21524],[77.65338,13.21275],[77.65329,13.20777],[77.65747,13.20526],[77.66173,13.20775]]]},"properties":{"h3":"88601690e1fffff","loss":null,"place":null}},{"type":"Feature","geometry":{"type":"Polygon","coordinates":[[[77.65329,13.20777],[77.65338,13.21275],[77.6492,13.21526],[77.64494,13.21277],[77.64486,13.20779],[77.64903,13.20528],[77.65329,13.20777]]]},"properties":{"h3":"88601690e3fffff","loss":null,"place":null}},{"type":"Feature","geometry":{"type":"Polygon","coordinates":[[[77.66582,13.20025],[77.66591,13.20524],[77.66173,13.20775],[77.65747,13.20526],[77.65739,13.20027],[77.66156,13.19777],[77.66582,13.20025]]]},"properties":{"h3":"88601690e9fffff","loss":null,"place":null}},{"type":"Feature","geometry":{"type":"Polygon","coordinates":[[[77.65739,13.20027],[77.65747,13.20526],[77.65329,13.20777],[77.64903,13.20528],[77.64895,13.20029],[77.65312,13.19779],[77.65739,13.20027]]]},"properties":{"h3":"88601690ebfffff","loss":null,"place":null}},{"type":"Feature","geometry":{"type":"Polygon","coordinates":[[[77.72822,13.1477],[77.72831,13.15269],[77.72413,13.1552],[77.71987,13.15271],[77.71978,13.14772],[77.72396,13.14522],[77.72822,13.1477]]]},"properties":{"h3":"8860169201fffff","loss":0.003,"place":null}},{"type":"Feature","geometry":{"type":"Polygon","coordinates":[[[77.71978,13.14772],[77.71987,13.15271],[77.71569,13.15522],[77.71143,13.15274],[77.71134,13.14775],[77.71552,13.14524],[77.71978,13.14772]]]},"properties":{"h3":"8860169203fffff","loss":0.036,"place":null}},{"type":"Feature","geometry":{"type":"Polygon","coordinates":[[[77.72413,13.1552],[77.72422,13.16019],[77.72004,13.16269],[77.71578,13.16021],[77.71569,13.15522],[77.71987,13.15271],[77.72413,13.1552]]]},"properties":{"h3":"8860169207fffff","loss":0.016,"place":null}},{"type":"Feature","geometry":{"type":"Polygon","coordinates":[[[77.73232,13.1402],[77.7324,13.14519],[77.72822,13.1477],[77.72396,13.14522],[77.72387,13.14023],[77.72805,13.13772],[77.73232,13.1402]]]},"properties":{"h3":"8860169209fffff","loss":null,"place":null}},{"type":"Feature","geometry":{"type":"Polygon","coordinates":[[[77.72387,13.14023],[77.72396,13.14522],[77.71978,13.14772],[77.71552,13.14524],[77.71543,13.14025],[77.71961,13.13774],[77.72387,13.14023]]]},"properties":{"h3":"886016920bfffff","loss":null,"place":null}},{"type":"Feature","geometry":{"type":"Polygon","coordinates":[[[77.70699,13.14028],[77.70708,13.14527],[77.7029,13.14777],[77.69864,13.14529],[77.69855,13.1403],[77.70273,13.13779],[77.70699,13.14028]]]},"properties":{"h3":"8860169211fffff","loss":null,"place":null}},{"type":"Feature","geometry":{"type":"Polygon","coordinates":[[[77.69855,13.1403],[77.69864,13.14529],[77.69446,13.1478],[77.6902,13.14531],[77.69011,13.14032],[77.69429,13.13782],[77.69855,13.1403]]]},"properties":{"h3":"8860169213fffff","loss":null,"place":null}},{"type":"Feature","geometry":{"type":"Polygon","coordinates":[[[77.71134,13.14775],[77.71143,13.15274],[77.70725,13.15524],[77.70299,13.15276],[77.7029,13.14777],[77.70708,13.14527],[77.71134,13.14775]]]},"properties":{"h3":"8860169215fffff","loss":null,"place":null}},{"type":"Feature","geometry":{"type":"Polygon","coordinates":[[[77.7029,13.14777],[77.70299,13.15276],[77.69881,13.15527],[77.69455,13.15279],[77.69446,13.1478],[77.69864,13.14529],[77.7029,13.14777]]]},"properties":{"h3":"8860169217fffff","loss":null,"place":null}},{"type":"Feature","geometry":{"type":"Polygon","coordinates":[[[77.71108,13.13278],[77.71117,13.13777],[77.70699,13.14028],[77.70273,13.13779],[77.70264,13.1328],[77.70682,13.1303],[77.71108,13.13278]]]},"properties":{"h3":"8860169219fffff","loss":null,"place":null}},{"type":"Feature","geometry":{"type":"Polygon","coordinates":[[[77.70264,13.1328],[77.70273,13.13779],[77.69855,13.1403],[77.69429,13.13782],[77.6942,13.13283],[77.69838,13.13032],[77.70264,13.1328]]]},"properties":{"h3":"886016921bfffff","loss":null,"place":null}},{"type":"Feature","geometry":{"type":"Polygon","coordinates":[[[77.71543,13.14025],[77.71552,13.14524],[77.71134,13.14775],[77.70708,13.14527],[77.70699,13.14028],[77.71117,13.13777],[77.71543,13.14025]]]},"properties":{"h3":"886016921dfffff","loss":null,"place":null}},{"type":"Feature","geometry":{"type":"Polygon","coordinates":[[[77.7116,13.16272],[77.71168,13.16771],[77.70751,13.17021],[77.70324,13.16773],[77.70316,13.16274],[77.70733,13.16023],[77.7116,13.16272]]]},"properties":{"h3":"8860169231fffff","loss":0.012,"place":null}},{"type":"Feature","geometry":{"type":"Polygon","coordinates":[[[77.70316,13.16274],[77.70324,13.16773],[77.69907,13.17024],[77.6948,13.16775],[77.69472,13.16276],[77.69889,13.16026],[77.70316,13.16274]]]},"properties":{"h3":"8860169233fffff","loss":0.006,"place":null}},{"type":"Feature","geometry":{"type":"Polygon","coordinates":[[[77.70751,13.17021],[77.70759,13.1752],[77.70342,13.17771],[77.69915,13.17523],[77.69907,13.17024],[77.70324,13.16773],[77.70751,13.17021]]]},"properties":{"h3":"8860169237fffff","loss":0.034,"place":null}},{"type":"Feature","geometry":{"type":"Polygon","coordinates":[[[77.71569,13.15522],[77.71578,13.16021],[77.7116,13.16272],[77.70733,13.16023],[77.70725,13.15524],[77.71143,13.15274],[77.71569,13.15522]]]},"properties":{"h3":"8860169239fffff","loss":0.035,"place":null}},{"type":"Feature","geometry":{"type":"Polygon","coordinates":[[[77.70725,13.15524],[77.70733,13.16023],[77.70316,13.16274],[77.69889,13.16026],[77.69881,13.15527],[77.70299,13.15276],[77.70725,13.15524]]]},"properties":{"h3":"886016923bfffff","loss":null,"place":null}},{"type":"Feature","geometry":{"type":"Polygon","coordinates":[[[77.72004,13.16269],[77.72013,13.16768],[77.71595,13.17019],[77.71168,13.16771],[77.7116,13.16272],[77.71578,13.16021],[77.72004,13.16269]]]},"properties":{"h3":"886016923dfffff","loss":0.043,"place":null}},{"type":"Feature","geometry":{"type":"Polygon","coordinates":[[[77.73641,13.1327],[77.73649,13.13769],[77.73232,13.1402],[77.72805,13.13772],[77.72796,13.13273],[77.73214,13.13022],[77.73641,13.1327]]]},"properties":{"h3":"8860169243fffff","loss":null,"place":null}},{"type":"Feature","geometry":{"type":"Polygon","coordinates":[[[77.7405,13.1252],[77.74059,13.13019],[77.73641,13.1327],[77.73214,13.13022],[77.73206,13.12523],[77.73623,13.12272],[77.7405,13.1252]]]},"properties":{"h3":"886016924bfffff","loss":null,"place":null}},{"type":"Feature","geometry":{"type":"Polygon","coordinates":[[[77.72361,13.12526],[77.7237,13.13025],[77.71952,13.13275],[77.71526,13.13027],[77.71517,13.12528],[77.71935,13.12277],[77.72361,13.12526]]]},"properties":{"h3":"8860169251fffff","loss":null,"place":null}},{"type":"Feature","geometry":{"type":"Polygon","coordinates":[[[77.71517,13.12528],[77.71526,13.13027],[77.71108,13.13278],[77.70682,13.1303],[77.70673,13.12531],[77.71091,13.1228],[77.71517,13.12528]]]},"properties":{"h3":"8860169253fffff","loss":0.019,"place":null}},{"type":"Feature","geometry":{"type":"Polygon","coordinates":[[[77.72796,13.13273],[77.72805,13.13772],[77.72387,13.14023],[77.71961,13.13774],[77.71952,13.13275],[77.7237,13.13025],[77.72796,13.13273]]]},"properties":{"h3":"8860169255fffff","loss":null,"place":null}},{"type":"Feature","geometry":{"type":"Polygon","coordinates":[[[77.71952,13.13275],[77.71961,13.13774],[77.71543,13.14025],[77.71117,13.13777],[77.71108,13.13278],[77.71526,13.13027],[77.71952,13.13275]]]},"properties":{"h3":"8860169257fffff","loss":0.003,"place":null}},{"type":"Feature","geometry":{"type":"Polygon","coordinates":[[[77.72771,13.11776],[77.72779,13.12275],[77.72361,13.12526],[77.71935,13.12277],[77.71927,13.11778],[77.72344,13.11528],[77.72771,13.11776]]]},"properties":{"h3":"8860169259fffff","loss":null,"place":null}},{"type":"Feature","geometry":{"type":"Polygon","coordinates":[[[77.71927,13.11778],[77.71935,13.12277],[77.71517,13.12528],[77.71091,13.1228],[77.71082,13.11781],[77.715,13.1153],[77.71927,13.11778]]]},"properties":{"h3":"886016925bfffff","loss":0.048,"place":null}},{"type":"Feature","geometry":{"type":"Polygon","coordinates":[[[77.73206,13.12523],[77.73214,13.13022],[77.72796,13.13273],[77.7237,13.13025],[77.72361,13.12526],[77.72779,13.12275],[77.73206,13.12523]]]},"properties":{"h3":"886016925dfffff","loss":0.011,"place":null}},{"type":"Feature","geometry":{"type":"Polygon","coordinates":[[[77.66915,13.14787],[77.66923,13.15285],[77.66506,13.15536],[77.6608,13.15288],[77.66071,13.14789],[77.66489,13.14538],[77.66915,13.14787]]]},"properties":{"h3":"8860169281fffff","loss":null,"place":null}},{"type":"Feature","geometry":{"type":"Polygon","coordinates":[[[77.66071,13.14789],[77.6608,13.15288],[77.65662,13.15538],[77.65236,13.1529],[77.65228,13.14791],[77.65645,13.14541],[77.66071,13.14789]]]},"properties":{"h3":"8860169283fffff","loss":0.007,"place":null}},{"type":"Feature","geometry":{"type":"Polygon","coordinates":[[[77.67349,13.15534],[77.67358,13.16033],[77.6694,13.16283],[77.66514,13.16035],[77.66506,13.15536],[77.66923,13.15285],[77.67349,13.15534]]]},"properties":{"h3":"8860169285fffff","loss":null,"place":null}},{"type":"Feature","geometry":{"type":"Polygon","coordinates":[[[77.66506,13.15536],[77.66514,13.16035],[77.66097,13.16285],[77.65671,13.16037],[77.65662,13.15538],[77.6608,13.15288],[77.66506,13.15536]]]},"properties":{"h3":"8860169287fffff","loss":null,"place":null}},{"type":"Feature","geometry":{"type":"Polygon","coordinates":[[[77.67324,13.14037],[77.67332,13.14536],[77.66915,13.14787],[77.66489,13.14538],[77.6648,13.14039],[77.66898,13.13789],[77.67324,13.14037]]]},"properties":{"h3":"8860169289fffff","loss":null,"place":null}},{"type":"Feature","geometry":{"type":"Polygon","coordinates":[[[77.6648,13.14039],[77.66489,13.14538],[77.66071,13.14789],[77.65645,13.14541],[77.65637,13.14042],[77.66054,13.13791],[77.6648,13.14039]]]},"properties":{"h3":"886016928bfffff","loss":null,"place":null}},{"type":"Feature","geometry":{"type":"Polygon","coordinates":[[[77.67758,13.14784],[77.67767,13.15283],[77.67349,13.15534],[77.66923,13.15285],[77.66915,13.14787],[77.67332,13.14536],[77.67758,13.14784]]]},"properties":{"h3":"886016928dfffff","loss":null,"place":null}},{"type":"Feature","geometry":{"type":"Polygon","coordinates":[[[77.64793,13.14044],[77.64802,13.14543],[77.64384,13.14793],[77.63958,13.14545],[77.6395,13.14046],[77.64367,13.13796],[77.64793,13.14044]]]},"properties":{"h3":"8860169291fffff","loss":null,"place":null}},{"type":"Feature","geometry":{"type":"Polygon","coordinates":[[[77.6395,13.14046],[77.63958,13.14545],[77.63541,13.14795],[77.63115,13.14547],[77.63106,13.14048],[77.63524,13.13798],[77.6395,13.14046]]]},"properties":{"h3":"8860169293fffff","loss":null,"place":null}},{"type":"Feature","geometry":{"type":"Polygon","coordinates":[[[77.65228,13.14791],[77.65236,13.1529],[77.64819,13.1554],[77.64393,13.15292],[77.64384,13.14793],[77.64802,13.14543],[77.65228,13.14791]]]},"properties":{"h3":"8860169295fffff","loss":null,"place":null}},{"type":"Feature","geometry":{"type":"Polygon","coordinates":[[[77.64384,13.14793],[77.64393,13.15292],[77.63975,13.15543],[77.63549,13.15294],[77.63541,13.14795],[77.63958,13.14545],[77.64384,13.14793]]]},"properties":{"h3":"8860169297fffff","loss":null,"place":null}},{"type":"Feature","geometry":{"type":"Polygon","coordinates":[[[77.65202,13.13295],[77.65211,13.13793],[77.64793,13.14044],[77.64367,13.13796],[77.64359,13.13297],[77.64776,13.13046],[77.65202,13.13295]]]},"properties":{"h3":"8860169299fffff","loss":null,"place":null}},{"type":"Feature","geometry":{"type":"Polygon","coordinates":[[[77.64359,13.13297],[77.64367,13.13796],[77.6395,13.14046],[77.63524,13.13798],[77.63515,13.13299],[77.63933,13.13049],[77.64359,13.13297]]]},"properties":{"h3":"886016929bfffff","loss":null,"place":null}},{"type":"Feature","geometry":{"type":"Polygon","coordinates":[[[77.65637,13.14042],[77.65645,13.14541],[77.65228,13.14791],[77.64802,13.14543],[77.64793,13.14044],[77.65211,13.13793],[77.65637,13.14042]]]},"properties":{"h3":"886016929dfffff","loss":null,"place":null}},{"type":"Feature","geometry":{"type":"Polygon","coordinates":[[[77.67375,13.1703],[77.67383,13.17529],[77.66966,13.1778],[77.6654,13.17531],[77.66531,13.17032],[77.66949,13.16782],[77.67375,13.1703]]]},"properties":{"h3":"88601692a1fffff","loss":null,"place":null}},{"type":"Feature","geometry":{"type":"Polygon","coordinates":[[[77.66531,13.17032],[77.6654,13.17531],[77.66122,13.17782],[77.65696,13.17533],[77.65688,13.17035],[77.66105,13.16784],[77.66531,13.17032]]]},"properties":{"h3":"88601692a3fffff","loss":null,"place":null}},{"type":"Feature","geometry":{"type":"Polygon","coordinates":[[[77.6781,13.17778],[77.67818,13.18276],[77.67401,13.18527],[77.66974,13.18278],[77.66966,13.1778],[77.67383,13.17529],[77.6781,13.17778]]]},"properties":{"h3":"88601692a5fffff","loss":0.005,"place":null}},{"type":"Feature","geometry":{"type":"Polygon","coordinates":[[[77.66966,13.1778],[77.66974,13.18278],[77.66557,13.18529],[77.66131,13.18281],[77.66122,13.17782],[77.6654,13.17531],[77.66966,13.1778]]]},"properties":{"h3":"88601692a7fffff","loss":null,"place":null}},{"type":"Feature","geometry":{"type":"Polygon","coordinates":[[[77.67784,13.16281],[77.67793,13.1678],[77.67375,13.1703],[77.66949,13.16782],[77.6694,13.16283],[77.67358,13.16033],[77.67784,13.16281]]]},"properties":{"h3":"88601692a9fffff","loss":null,"place":null}},{"type":"Feature","geometry":{"type":"Polygon","coordinates":[[[77.6694,13.16283],[77.66949,13.16782],[77.66531,13.17032],[77.66105,13.16784],[77.66097,13.16285],[77.66514,13.16035],[77.6694,13.16283]]]},"properties":{"h3":"88601692abfffff","loss":null,"place":null}},{"type":"Feature","geometry":{"type":"Polygon","coordinates":[[[77.68219,13.17028],[77.68227,13.17527],[77.6781,13.17778],[77.67383,13.17529],[77.67375,13.1703],[77.67793,13.1678],[77.68219,13.17028]]]},"properties":{"h3":"88601692adfffff","loss":null,"place":null}},{"type":"Feature","geometry":{"type":"Polygon","coordinates":[[[77.65253,13.16288],[77.65262,13.16786],[77.64844,13.17037],[77.64418,13.16788],[77.6441,13.1629],[77.64827,13.16039],[77.65253,13.16288]]]},"properties":{"h3":"88601692b1fffff","loss":null,"place":null}},{"type":"Feature","geometry":{"type":"Polygon","coordinates":[[[77.6441,13.1629],[77.64418,13.16788],[77.64,13.17039],[77.63575,13.16791],[77.63566,13.16292],[77.63984,13.16041],[77.6441,13.1629]]]},"properties":{"h3":"88601692b3fffff","loss":null,"place":null}},{"type":"Feature","geometry":{"type":"Polygon","coordinates":[[[77.65688,13.17035],[77.65696,13.17533],[77.65279,13.17784],[77.64852,13.17536],[77.64844,13.17037],[77.65262,13.16786],[77.65688,13.17035]]]},"properties":{"h3":"88601692b5fffff","loss":null,"place":null}},{"type":"Feature","geometry":{"type":"Polygon","coordinates":[[[77.64844,13.17037],[77.64852,13.17536],[77.64435,13.17786],[77.64009,13.17538],[77.64,13.17039],[77.64418,13.16788],[77.64844,13.17037]]]},"properties":{"h3":"88601692b7fffff","loss":null,"place":null}},{"type":"Feature","geometry":{"type":"Polygon","coordinates":[[[77.65662,13.15538],[77.65671,13.16037],[77.65253,13.16288],[77.64827,13.16039],[77.64819,13.1554],[77.65236,13.1529],[77.65662,13.15538]]]},"properties":{"h3":"88601692b9fffff","loss":null,"place":null}},{"type":"Feature","geometry":{"type":"Polygon","coordinates":[[[77.64819,13.1554],[77.64827,13.16039],[77.6441,13.1629],[77.63984,13.16041],[77.63975,13.15543],[77.64393,13.15292],[77.64819,13.1554]]]},"properties":{"h3":"88601692bbfffff","loss":null,"place":null}},{"type":"Feature","geometry":{"type":"Polygon","coordinates":[[[77.66097,13.16285],[77.66105,13.16784],[77.65688,13.17035],[77.65262,13.16786],[77.65253,13.16288],[77.65671,13.16037],[77.66097,13.16285]]]},"properties":{"h3":"88601692bdfffff","loss":null,"place":null}},{"type":"Feature","geometry":{"type":"Polygon","coordinates":[[[77.68577,13.13285],[77.68585,13.13784],[77.68167,13.14035],[77.67741,13.13787],[77.67733,13.13288],[77.6815,13.13037],[77.68577,13.13285]]]},"properties":{"h3":"88601692c1fffff","loss":null,"place":null}},{"type":"Feature","geometry":{"type":"Polygon","coordinates":[[[77.67733,13.13288],[77.67741,13.13787],[77.67324,13.14037],[77.66898,13.13789],[77.66889,13.1329],[77.67307,13.13039],[77.67733,13.13288]]]},"properties":{"h3":"88601692c3fffff","loss":0.015,"place":null}},{"type":"Feature","geometry":{"type":"Polygon","coordinates":[[[77.69011,13.14032],[77.6902,13.14531],[77.68602,13.14782],[77.68176,13.14534],[77.68167,13.14035],[77.68585,13.13784],[77.69011,13.14032]]]},"properties":{"h3":"88601692c5fffff","loss":0.02,"place":null}},{"type":"Feature","geometry":{"type":"Polygon","coordinates":[[[77.68167,13.14035],[77.68176,13.14534],[77.67758,13.14784],[77.67332,13.14536],[77.67324,13.14037],[77.67741,13.13787],[77.68167,13.14035]]]},"properties":{"h3":"88601692c7fffff","loss":0.095,"place":null}},{"type":"Feature","geometry":{"type":"Polygon","coordinates":[[[77.68986,13.12536],[77.68994,13.13035],[77.68577,13.13285],[77.6815,13.13037],[77.68142,13.12538],[77.68559,13.12287],[77.68986,13.12536]]]},"properties":{"h3":"88601692c9fffff","loss":0.042,"place":null}},{"type":"Feature","geometry":{"type":"Polygon","coordinates":[[[77.68142,13.12538],[77.6815,13.13037],[77.67733,13.13288],[77.67307,13.13039],[77.67298,13.1254],[77.67716,13.1229],[77.68142,13.12538]]]},"properties":{"h3":"88601692cbfffff","loss":null,"place":null}},{"type":"Feature","geometry":{"type":"Polygon","coordinates":[[[77.6942,13.13283],[77.69429,13.13782],[77.69011,13.14032],[77.68585,13.13784],[77.68577,13.13285],[77.68994,13.13035],[77.6942,13.13283]]]},"properties":{"h3":"88601692cdfffff","loss":null,"place":null}},{"type":"Feature","geometry":{"type":"Polygon","coordinates":[[[77.66455,13.12543],[77.66463,13.13042],[77.66046,13.13292],[77.6562,13.13044],[77.65611,13.12545],[77.66029,13.12295],[77.66455,13.12543]]]},"properties":{"h3":"88601692d1fffff","loss":null,"place":null}},{"type":"Feature","geometry":{"type":"Polygon","coordinates":[[[77.65611,13.12545],[77.6562,13.13044],[77.65202,13.13295],[77.64776,13.13046],[77.64768,13.12548],[77.65185,13.12297],[77.65611,13.12545]]]},"properties":{"h3":"88601692d3fffff","loss":0.005,"place":null}},{"type":"Feature","geometry":{"type":"Polygon","coordinates":[[[77.66889,13.1329],[77.66898,13.13789],[77.6648,13.14039],[77.66054,13.13791],[77.66046,13.13292],[77.66463,13.13042],[77.66889,13.1329]]]},"properties":{"h3":"88601692d5fffff","loss":null,"place":null}},{"type":"Feature","geometry":{"type":"Polygon","coordinates":[[[77.66046,13.13292],[77.66054,13.13791],[77.65637,13.14042],[77.65211,13.13793],[77.65202,13.13295],[77.6562,13.13044],[77.66046,13.13292]]]},"properties":{"h3":"88601692d7fffff","loss":0.019,"place":null}},{"type":"Feature","geometry":{"type":"Polygon","coordinates":[[[77.66864,13.11793],[77.66872,13.12292],[77.66455,13.12543],[77.66029,13.12295],[77.6602,13.11796],[77.66438,13.11545],[77.66864,13.11793]]]},"properties":{"h3":"88601692d9fffff","loss":null,"place":null}},{"type":"Feature","geometry":{"type":"Polygon","coordinates":[[[77.6602,13.11796],[77.66029,13.12295],[77.65611,13.12545],[77.65185,13.12297],[77.65177,13.11798],[77.65594,13.11548],[77.6602,13.11796]]]},"properties":{"h3":"88601692dbfffff","loss":null,"place":null}},{"type":"Feature","geometry":{"type":"Polygon","coordinates":[[[77.67298,13.1254],[77.67307,13.13039],[77.66889,13.1329],[77.66463,13.13042],[77.66455,13.12543],[77.66872,13.12292],[77.67298,13.1254]]]},"properties":{"h3":"88601692ddfffff","loss":null,"place":null}},{"type":"Feature","geometry":{"type":"Polygon","coordinates":[[[77.69037,13.15529],[77.69046,13.16028],[77.68628,13.16279],[77.68202,13.1603],[77.68193,13.15531],[77.68611,13.15281],[77.69037,13.15529]]]},"properties":{"h3":"88601692e1fffff","loss":0.035,"place":null}},{"type":"Feature","geometry":{"type":"Polygon","coordinates":[[[77.68193,13.15531],[77.68202,13.1603],[77.67784,13.16281],[77.67358,13.16033],[77.67349,13.15534],[77.67767,13.15283],[77.68193,13.15531]]]},"properties":{"h3":"88601692e3fffff","loss":null,"place":null}},{"type":"Feature","geometry":{"type":"Polygon","coordinates":[[[77.69472,13.16276],[77.6948,13.16775],[77.69063,13.17026],[77.68636,13.16778],[77.68628,13.16279],[77.69046,13.16028],[77.69472,13.16276]]]},"properties":{"h3":"88601692e5fffff","loss":0.03,"place":null}},{"type":"Feature","geometry":{"type":"Polygon","coordinates":[[[77.68628,13.16279],[77.68636,13.16778],[77.68219,13.17028],[77.67793,13.1678],[77.67784,13.16281],[77.68202,13.1603],[77.68628,13.16279]]]},"properties":{"h3":"88601692e7fffff","loss":null,"place":null}},{"type":"Feature","geometry":{"type":"Polygon","coordinates":[[[77.69446,13.1478],[77.69455,13.15279],[77.69037,13.15529],[77.68611,13.15281],[77.68602,13.14782],[77.6902,13.14531],[77.69446,13.1478]]]},"properties":{"h3":"88601692e9fffff","loss":null,"place":null}},{"type":"Feature","geometry":{"type":"Polygon","coordinates":[[[77.68602,13.14782],[77.68611,13.15281],[77.68193,13.15531],[77.67767,13.15283],[77.67758,13.14784],[77.68176,13.14534],[77.68602,13.14782]]]},"properties":{"h3":"88601692ebfffff","loss":0.013,"place":null}},{"type":"Feature","geometry":{"type":"Polygon","coordinates":[[[77.69881,13.15527],[77.69889,13.16026],[77.69472,13.16276],[77.69046,13.16028],[77.69037,13.15529],[77.69455,13.15279],[77.69881,13.15527]]]},"properties":{"h3":"88601692edfffff","loss":0.036,"place":null}},{"type":"Feature","geometry":{"type":"Polygon","coordinates":[[[77.55111,13.14816],[77.55119,13.15314],[77.54702,13.15565],[77.54277,13.15316],[77.54269,13.14818],[77.54686,13.14567],[77.55111,13.14816]]]},"properties":{"h3":"8860169401fffff","loss":null,"place":null}},{"type":"Feature","geometry":{"type":"Polygon","coordinates":[[[77.54269,13.14818],[77.54277,13.15316],[77.5386,13.15566],[77.53435,13.15318],[77.53426,13.1482],[77.53843,13.14569],[77.54269,13.14818]]]},"properties":{"h3":"8860169403fffff","loss":null,"place":null}},{"type":"Feature","geometry":{"type":"Polygon","coordinates":[[[77.55545,13.15563],[77.55553,13.16061],[77.55136,13.16311],[77.54711,13.16063],[77.54702,13.15565],[77.55119,13.15314],[77.55545,13.15563]]]},"properties":{"h3":"8860169405fffff","loss":null,"place":null}},{"type":"Feature","geometry":{"type":"Polygon","coordinates":[[[77.54702,13.15565],[77.54711,13.16063],[77.54294,13.16313],[77.53868,13.16065],[77.5386,13.15566],[77.54277,13.15316],[77.54702,13.15565]]]},"properties":{"h3":"8860169407fffff","loss":null,"place":null}},{"type":"Feature","geometry":{"type":"Polygon","coordinates":[[[77.5552,13.14067],[77.55528,13.14566],[77.55111,13.14816],[77.54686,13.14567],[77.54677,13.14069],[77.55095,13.13819],[77.5552,13.14067]]]},"properties":{"h3":"8860169409fffff","loss":null,"place":null}},{"type":"Feature","geometry":{"type":"Polygon","coordinates":[[[77.54677,13.14069],[77.54686,13.14567],[77.54269,13.14818],[77.53843,13.14569],[77.53835,13.14071],[77.54252,13.13821],[77.54677,13.14069]]]},"properties":{"h3":"886016940bfffff","loss":null,"place":null}},{"type":"Feature","geometry":{"type":"Polygon","coordinates":[[[77.55954,13.14814],[77.55962,13.15312],[77.55545,13.15563],[77.55119,13.15314],[77.55111,13.14816],[77.55528,13.14566],[77.55954,13.14814]]]},"properties":{"h3":"886016940dfffff","loss":null,"place":null}},{"type":"Feature","geometry":{"type":"Polygon","coordinates":[[[77.52993,13.14073],[77.53001,13.14571],[77.52584,13.14821],[77.52159,13.14573],[77.5215,13.14075],[77.52567,13.13824],[77.52993,13.14073]]]},"properties":{"h3":"8860169411fffff","loss":null,"place":null}},{"type":"Feature","geometry":{"type":"Polygon","coordinates":[[[77.5215,13.14075],[77.52159,13.14573],[77.51742,13.14823],[77.51316,13.14575],[77.51308,13.14076],[77.51725,13.13826],[77.5215,13.14075]]]},"properties":{"h3":"8860169413fffff","loss":null,"place":null}},{"type":"Feature","geometry":{"type":"Polygon","coordinates":[[[77.53426,13.1482],[77.53435,13.15318],[77.53017,13.15568],[77.52592,13.1532],[77.52584,13.14821],[77.53001,13.14571],[77.53426,13.1482]]]},"properties":{"h3":"8860169415fffff","loss":0.005,"place":null}},{"type":"Feature","geometry":{"type":"Polygon","coordinates":[[[77.52584,13.14821],[77.52592,13.1532],[77.52175,13.1557],[77.5175,13.15322],[77.51742,13.14823],[77.52159,13.14573],[77.52584,13.14821]]]},"properties":{"h3":"8860169417fffff","loss":null,"place":null}},{"type":"Feature","geometry":{"type":"Polygon","coordinates":[[[77.53401,13.13324],[77.5341,13.13823],[77.52993,13.14073],[77.52567,13.13824],[77.52559,13.13326],[77.52976,13.13076],[77.53401,13.13324]]]},"properties":{"h3":"8860169419fffff","loss":0.038,"place":null}},{"type":"Feature","geometry":{"type":"Polygon","coordinates":[[[77.52559,13.13326],[77.52567,13.13824],[77.5215,13.14075],[77.51725,13.13826],[77.51717,13.13328],[77.52134,13.13078],[77.52559,13.13326]]]},"properties":{"h3":"886016941bfffff","loss":0.007,"place":null}},{"type":"Feature","geometry":{"type":"Polygon","coordinates":[[[77.53835,13.14071],[77.53843,13.14569],[77.53426,13.1482],[77.53001,13.14571],[77.52993,13.14073],[77.5341,13.13823],[77.53835,13.14071]]]},"properties":{"h3":"886016941dfffff","loss":null,"place":null}},{"type":"Feature","geometry":{"type":"Polygon","coordinates":[[[77.5557,13.17058],[77.55578,13.17557],[77.55161,13.17807],[77.54736,13.17559],[77.54727,13.1706],[77.55144,13.1681],[77.5557,13.17058]]]},"properties":{"h3":"8860169421fffff","loss":null,"place":null}},{"type":"Feature","geometry":{"type":"Polygon","coordinates":[[[77.54727,13.1706],[77.54736,13.17559],[77.54318,13.17809],[77.53893,13.1756],[77.53885,13.17062],[77.54302,13.16812],[77.54727,13.1706]]]},"properties":{"h3":"8860169423fffff","loss":null,"place":null}},{"type":"Feature","geometry":{"type":"Polygon","coordinates":[[[77.56004,13.17805],[77.56012,13.18304],[77.55595,13.18554],[77.55169,13.18305],[77.55161,13.17807],[77.55578,13.17557],[77.56004,13.17805]]]},"properties":{"h3":"8860169425fffff","loss":null,"place":null}},{"type":"Feature","geometry":{"type":"Polygon","coordinates":[[[77.55161,13.17807],[77.55169,13.18305],[77.54752,13.18556],[77.54327,13.18307],[77.54318,13.17809],[77.54736,13.17559],[77.55161,13.17807]]]},"properties":{"h3":"8860169427fffff","loss":null,"place":null}},{"type":"Feature","geometry":{"type":"Polygon","coordinates":[[[77.55979,13.1631],[77.55987,13.16808],[77.5557,13.17058],[77.55144,13.1681],[77.55136,13.16311],[77.55553,13.16061],[77.55979,13.1631]]]},"properties":{"h3":"8860169429fffff","loss":0.046,"place":null}},{"type":"Feature","geometry":{"type":"Polygon","coordinates":[[[77.55136,13.16311],[77.55144,13.1681],[77.54727,13.1706],[77.54302,13.16812],[77.54294,13.16313],[77.54711,13.16063],[77.55136,13.16311]]]},"properties":{"h3":"886016942bfffff","loss":null,"place":null}},{"type":"Feature","geometry":{"type":"Polygon","coordinates":[[[77.56413,13.17056],[77.56421,13.17555],[77.56004,13.17805],[77.55578,13.17557],[77.5557,13.17058],[77.55987,13.16808],[77.56413,13.17056]]]},"properties":{"h3":"886016942dfffff","loss":null,"place":null}},{"type":"Feature","geometry":{"type":"Polygon","coordinates":[[[77.53451,13.16315],[77.53459,13.16813],[77.53042,13.17064],[77.52617,13.16815],[77.52609,13.16317],[77.53026,13.16067],[77.53451,13.16315]]]},"properties":{"h3":"8860169431fffff","loss":null,"place":null}},{"type":"Feature","geometry":{"type":"Polygon","coordinates":[[[77.52609,13.16317],[77.52617,13.16815],[77.522,13.17065],[77.51775,13.16817],[77.51766,13.16318],[77.52183,13.16068],[77.52609,13.16317]]]},"properties":{"h3":"8860169433fffff","loss":null,"place":null}},{"type":"Feature","geometry":{"type":"Polygon","coordinates":[[[77.53885,13.17062],[77.53893,13.1756],[77.53476,13.1781],[77.53051,13.17562],[77.53042,13.17064],[77.53459,13.16813],[77.53885,13.17062]]]},"properties":{"h3":"8860169435fffff","loss":null,"place":null}},{"type":"Feature","geometry":{"type":"Polygon","coordinates":[[[77.53042,13.17064],[77.53051,13.17562],[77.52634,13.17812],[77.52208,13.17564],[77.522,13.17065],[77.52617,13.16815],[77.53042,13.17064]]]},"properties":{"h3":"8860169437fffff","loss":null,"place":null}},{"type":"Feature","geometry":{"type":"Polygon","coordinates":[[[77.5386,13.15566],[77.53868,13.16065],[77.53451,13.16315],[77.53026,13.16067],[77.53017,13.15568],[77.53435,13.15318],[77.5386,13.15566]]]},"properties":{"h3":"8860169439fffff","loss":null,"place":null}},{"type":"Feature","geometry":{"type":"Polygon","coordinates":[[[77.53017,13.15568],[77.53026,13.16067],[77.52609,13.16317],[77.52183,13.16068],[77.52175,13.1557],[77.52592,13.1532],[77.53017,13.15568]]]},"properties":{"h3":"886016943bfffff","loss":null,"place":null}},{"type":"Feature","geometry":{"type":"Polygon","coordinates":[[[77.54294,13.16313],[77.54302,13.16812],[77.53885,13.17062],[77.53459,13.16813],[77.53451,13.16315],[77.53868,13.16065],[77.54294,13.16313]]]},"properties":{"h3":"886016943dfffff","loss":null,"place":null}},{"type":"Feature","geometry":{"type":"Polygon","coordinates":[[[77.56771,13.13316],[77.5678,13.13815],[77.56363,13.14065],[77.55937,13.13817],[77.55929,13.13318],[77.56346,13.13068],[77.56771,13.13316]]]},"properties":{"h3":"8860169441fffff","loss":0.007,"place":null}},{"type":"Feature","geometry":{"type":"Polygon","coordinates":[[[77.55929,13.13318],[77.55937,13.13817],[77.5552,13.14067],[77.55095,13.13819],[77.55086,13.1332],[77.55503,13.1307],[77.55929,13.13318]]]},"properties":{"h3":"8860169443fffff","loss":null,"place":null}},{"type":"Feature","geometry":{"type":"Polygon","coordinates":[[[77.57205,13.14063],[77.57214,13.14562],[77.56796,13.14812],[77.56371,13.14564],[77.56363,13.14065],[77.5678,13.13815],[77.57205,13.14063]]]},"properties":{"h3":"8860169445fffff","loss":0.012,"place":null}},{"type":"Feature","geometry":{"type":"Polygon","coordinates":[[[77.56363,13.14065],[77.56371,13.14564],[77.55954,13.14814],[77.55528,13.14566],[77.5552,13.14067],[77.55937,13.13817],[77.56363,13.14065]]]},"properties":{"h3":"8860169447fffff","loss":0.004,"place":null}},{"type":"Feature","geometry":{"type":"Polygon","coordinates":[[[77.5718,13.12567],[77.57189,13.13066],[77.56771,13.13316],[77.56346,13.13068],[77.56338,13.12569],[77.56755,13.12319],[77.5718,13.12567]]]},"properties":{"h3":"8860169449fffff","loss":0.046,"place":null}},{"type":"Feature","geometry":{"type":"Polygon","coordinates":[[[77.56338,13.12569],[77.56346,13.13068],[77.55929,13.13318],[77.55503,13.1307],[77.55495,13.12571],[77.55912,13.12321],[77.56338,13.12569]]]},"properties":{"h3":"886016944bfffff","loss":null,"place":null}},{"type":"Feature","geometry":{"type":"Polygon","coordinates":[[[77.57614,13.13314],[77.57622,13.13813],[77.57205,13.14063],[77.5678,13.13815],[77.56771,13.13316],[77.57189,13.13066],[77.57614,13.13314]]]},"properties":{"h3":"886016944dfffff","loss":null,"place":null}},{"type":"Feature","geometry":{"type":"Polygon","coordinates":[[[77.54652,13.12573],[77.54661,13.13072],[77.54244,13.13322],[77.53818,13.13074],[77.5381,13.12575],[77.54227,13.12325],[77.54652,13.12573]]]},"properties":{"h3":"8860169451fffff","loss":null,"place":null}},{"type":"Feature","geometry":{"type":"Polygon","coordinates":[[[77.5381,13.12575],[77.53818,13.13074],[77.53401,13.13324],[77.52976,13.13076],[77.52968,13.12577],[77.53385,13.12327],[77.5381,13.12575]]]},"properties":{"h3":"8860169453fffff","loss":0.033,"place":null}},{"type":"Feature","geometry":{"type":"Polygon","coordinates":[[[77.55086,13.1332],[77.55095,13.13819],[77.54677,13.14069],[77.54252,13.13821],[77.54244,13.13322],[77.54661,13.13072],[77.55086,13.1332]]]},"properties":{"h3":"8860169455fffff","loss":null,"place":null}},{"type":"Feature","geometry":{"type":"Polygon","coordinates":[[[77.54244,13.13322],[77.54252,13.13821],[77.53835,13.14071],[77.5341,13.13823],[77.53401,13.13324],[77.53818,13.13074],[77.54244,13.13322]]]},"properties":{"h3":"8860169457fffff","loss":0.026,"place":null}},{"type":"Feature","geometry":{"type":"Polygon","coordinates":[[[77.55061,13.11825],[77.5507,13.12323],[77.54652,13.12573],[77.54227,13.12325],[77.54219,13.11827],[77.54636,13.11576],[77.55061,13.11825]]]},"properties":{"h3":"8860169459fffff","loss":0.049,"place":null}},{"type":"Feature","geometry":{"type":"Polygon","coordinates":[[[77.54219,13.11827],[77.54227,13.12325],[77.5381,13.12575],[77.53385,13.12327],[77.53376,13.11829],[77.53793,13.11578],[77.54219,13.11827]]]},"properties":{"h3":"886016945bfffff","loss":null,"place":null}},{"type":"Feature","geometry":{"type":"Polygon","coordinates":[[[77.55495,13.12571],[77.55503,13.1307],[77.55086,13.1332],[77.54661,13.13072],[77.54652,13.12573],[77.5507,13.12323],[77.55495,13.12571]]]},"properties":{"h3":"886016945dfffff","loss":null,"place":null}},{"type":"Feature","geometry":{"type":"Polygon","coordinates":[[[77.5723,13.15559],[77.57239,13.16057],[77.56821,13.16308],[77.56396,13.16059],[77.56388,13.15561],[77.56805,13.15311],[77.5723,13.15559]]]},"properties":{"h3":"8860169461fffff","loss":0.003,"place":null}},{"type":"Feature","geometry":{"type":"Polygon","coordinates":[[[77.56388,13.15561],[77.56396,13.16059],[77.55979,13.1631],[77.55553,13.16061],[77.55545,13.15563],[77.55962,13.15312],[77.56388,13.15561]]]},"properties":{"h3":"8860169463fffff","loss":0.001,"place":null}},{"type":"Feature","geometry":{"type":"Polygon","coordinates":[[[77.57664,13.16306],[77.57673,13.16804],[77.57255,13.17055],[77.5683,13.16806],[77.56821,13.16308],[77.57239,13.16057],[77.57664,13.16306]]]},"properties":{"h3":"8860169465fffff","loss":null,"place":null}},{"type":"Feature","geometry":{"type":"Polygon","coordinates":[[[77.56821,13.16308],[77.5683,13.16806],[77.56413,13.17056],[77.55987,13.16808],[77.55979,13.1631],[77.56396,13.16059],[77.56821,13.16308]]]},"properties":{"h3":"8860169467fffff","loss":0.029,"place":null}},{"type":"Feature","geometry":{"type":"Polygon","coordinates":[[[77.57639,13.1481],[77.57648,13.15309],[77.5723,13.15559],[77.56805,13.15311],[77.56796,13.14812],[77.57214,13.14562],[77.57639,13.1481]]]},"properties":{"h3":"8860169469fffff","loss":null,"place":null}},{"type":"Feature","geometry":{"type":"Polygon","coordinates":[[[77.56796,13.14812],[77.56805,13.15311],[77.56388,13.15561],[77.55962,13.15312],[77.55954,13.14814],[77.56371,13.14564],[77.56796,13.14812]]]},"properties":{"h3":"886016946bfffff","loss":null,"place":null}},{"type":"Feature","geometry":{"type":"Polygon","coordinates":[[[77.58073,13.15557],[77.58082,13.16056],[77.57664,13.16306],[77.57239,13.16057],[77.5723,13.15559],[77.57648,13.15309],[77.58073,13.15557]]]},"properties":{"h3":"886016946dfffff","loss":null,"place":null}},{"type":"Feature","geometry":{"type":"Polygon","coordinates":[[[77.49215,13.14828],[77.49223,13.15327],[77.48807,13.15577],[77.48381,13.15328],[77.48373,13.1483],[77.4879,13.1458],[77.49215,13.14828]]]},"properties":{"h3":"8860169481fffff","loss":null,"place":null}},{"type":"Feature","geometry":{"type":"Polygon","coordinates":[[[77.48373,13.1483],[77.48381,13.15328],[77.47965,13.15578],[77.4754,13.1533],[77.47531,13.14832],[77.47948,13.14582],[77.48373,13.1483]]]},"properties":{"h3":"8860169483fffff","loss":null,"place":null}},{"type":"Feature","geometry":{"type":"Polygon","coordinates":[[[77.49649,13.15575],[77.49657,13.16073],[77.4924,13.16323],[77.48815,13.16075],[77.48807,13.15577],[77.49223,13.15327],[77.49649,13.15575]]]},"properties":{"h3":"8860169485fffff","loss":null,"place":null}},{"type":"Feature","geometry":{"type":"Polygon","coordinates":[[[77.48807,13.15577],[77.48815,13.16075],[77.48398,13.16325],[77.47973,13.16077],[77.47965,13.15578],[77.48381,13.15328],[77.48807,13.15577]]]},"properties":{"h3":"8860169487fffff","loss":null,"place":null}},{"type":"Feature","geometry":{"type":"Polygon","coordinates":[[[77.49624,13.1408],[77.49632,13.14578],[77.49215,13.14828],[77.4879,13.1458],[77.48782,13.14082],[77.49199,13.13832],[77.49624,13.1408]]]},"properties":{"h3":"8860169489fffff","loss":null,"place":null}},{"type":"Feature","geometry":{"type":"Polygon","coordinates":[[[77.48782,13.14082],[77.4879,13.1458],[77.48373,13.1483],[77.47948,13.14582],[77.4794,13.14083],[77.48357,13.13833],[77.48782,13.14082]]]},"properties":{"h3":"886016948bfffff","loss":null,"place":null}},{"type":"Feature","geometry":{"type":"Polygon","coordinates":[[[77.50057,13.14827],[77.50066,13.15325],[77.49649,13.15575],[77.49223,13.15327],[77.49215,13.14828],[77.49632,13.14578],[77.50057,13.14827]]]},"properties":{"h3":"886016948dfffff","loss":null,"place":null}},{"type":"Feature","geometry":{"type":"Polygon","coordinates":[[[77.47098,13.14085],[77.47106,13.14583],[77.4669,13.14833],[77.46265,13.14585],[77.46257,13.14087],[77.46673,13.13837],[77.47098,13.14085]]]},"properties":{"h3":"8860169491fffff","loss":null,"place":null}},{"type":"Feature","geometry":{"type":"Polygon","coordinates":[[[77.46257,13.14087],[77.46265,13.14585],[77.45848,13.14835],[77.45423,13.14587],[77.45415,13.14088],[77.45832,13.13838],[77.46257,13.14087]]]},"properties":{"h3":"8860169493fffff","loss":null,"place":null}},{"type":"Feature","geometry":{"type":"Polygon","coordinates":[[[77.47531,13.14832],[77.4754,13.1533],[77.47123,13.1558],[77.46698,13.15332],[77.4669,13.14833],[77.47106,13.14583],[77.47531,13.14832]]]},"properties":{"h3":"8860169495fffff","loss":null,"place":null}},{"type":"Feature","geometry":{"type":"Polygon","coordinates":[[[77.4669,13.14833],[77.46698,13.15332],[77.46281,13.15582],[77.45856,13.15333],[77.45848,13.14835],[77.46265,13.14585],[77.4669,13.14833]]]},"properties":{"h3":"8860169497fffff","loss":null,"place":null}},{"type":"Feature","geometry":{"type":"Polygon","coordinates":[[[77.47507,13.13337],[77.47515,13.13835],[77.47098,13.14085],[77.46673,13.13837],[77.46665,13.13338],[77.47082,13.13088],[77.47507,13.13337]]]},"properties":{"h3":"8860169499fffff","loss":null,"place":null}},{"type":"Feature","geometry":{"type":"Polygon","coordinates":[[[77.46665,13.13338],[77.46673,13.13837],[77.46257,13.14087],[77.45832,13.13838],[77.45823,13.1334],[77.4624,13.1309],[77.46665,13.13338]]]},"properties":{"h3":"886016949bfffff","loss":null,"place":null}},{"type":"Feature","geometry":{"type":"Polygon","coordinates":[[[77.4794,13.14083],[77.47948,13.14582],[77.47531,13.14832],[77.47106,13.14583],[77.47098,13.14085],[77.47515,13.13835],[77.4794,13.14083]]]},"properties":{"h3":"886016949dfffff","loss":null,"place":null}},{"type":"Feature","geometry":{"type":"Polygon","coordinates":[[[77.49673,13.1707],[77.49682,13.17569],[77.49265,13.17819],[77.48839,13.1757],[77.48831,13.17072],[77.49248,13.16822],[77.49673,13.1707]]]},"properties":{"h3":"88601694a1fffff","loss":null,"place":null}},{"type":"Feature","geometry":{"type":"Polygon","coordinates":[[[77.48831,13.17072],[77.48839,13.1757],[77.48423,13.1782],[77.47997,13.17572],[77.47989,13.17073],[77.48406,13.16823],[77.48831,13.17072]]]},"properties":{"h3":"88601694a3fffff","loss":null,"place":null}},{"type":"Feature","geometry":{"type":"Polygon","coordinates":[[[77.50107,13.17817],[77.50115,13.18315],[77.49698,13.18565],[77.49273,13.18317],[77.49265,13.17819],[77.49682,13.17569],[77.50107,13.17817]]]},"properties":{"h3":"88601694a5fffff","loss":null,"place":null}},{"type":"Feature","geometry":{"type":"Polygon","coordinates":[[[77.50082,13.16322],[77.5009,13.1682],[77.49673,13.1707],[77.49248,13.16822],[77.4924,13.16323],[77.49657,13.16073],[77.50082,13.16322]]]},"properties":{"h3":"88601694a9fffff","loss":null,"place":null}},{"type":"Feature","geometry":{"type":"Polygon","coordinates":[[[77.4924,13.16323],[77.49248,13.16822],[77.48831,13.17072],[77.48406,13.16823],[77.48398,13.16325],[77.48815,13.16075],[77.4924,13.16323]]]},"properties":{"h3":"88601694abfffff","loss":null,"place":null}},{"type":"Feature","geometry":{"type":"Polygon","coordinates":[[[77.50515,13.17069],[77.50524,13.17567],[77.50107,13.17817],[77.49682,13.17569],[77.49673,13.1707],[77.5009,13.1682],[77.50515,13.17069]]]},"properties":{"h3":"88601694adfffff","loss":null,"place":null}},{"type":"Feature","geometry":{"type":"Polygon","coordinates":[[[77.47556,13.16327],[77.47564,13.16825],[77.47147,13.17075],[77.46722,13.16827],[77.46714,13.16328],[77.47131,13.16078],[77.47556,13.16327]]]},"properties":{"h3":"88601694b1fffff","loss":null,"place":null}},{"type":"Feature","geometry":{"type":"Polygon","coordinates":[[[77.47965,13.15578],[77.47973,13.16077],[77.47556,13.16327],[77.47131,13.16078],[77.47123,13.1558],[77.4754,13.1533],[77.47965,13.15578]]]},"properties":{"h3":"88601694b9fffff","loss":null,"place":null}},{"type":"Feature","geometry":{"type":"Polygon","coordinates":[[[77.47123,13.1558],[77.47131,13.16078],[77.46714,13.16328],[77.46289,13.1608],[77.46281,13.15582],[77.46698,13.15332],[77.47123,13.1558]]]},"properties":{"h3":"88601694bbfffff","loss":null,"place":null}},{"type":"Feature","geometry":{"type":"Polygon","coordinates":[[[77.48398,13.16325],[77.48406,13.16823],[77.47989,13.17073],[77.47564,13.16825],[77.47556,13.16327],[77.47973,13.16077],[77.48398,13.16325]]]},"properties":{"h3":"88601694bdfffff","loss":null,"place":null}},{"type":"Feature","geometry":{"type":"Polygon","coordinates":[[[77.50875,13.1333],[77.50883,13.13828],[77.50466,13.14078],[77.50041,13.1383],[77.50033,13.13331],[77.50449,13.13081],[77.50875,13.1333]]]},"properties":{"h3":"88601694c1fffff","loss":null,"place":null}},{"type":"Feature","geometry":{"type":"Polygon","coordinates":[[[77.50033,13.13331],[77.50041,13.1383],[77.49624,13.1408],[77.49199,13.13832],[77.49191,13.13333],[77.49607,13.13083],[77.50033,13.13331]]]},"properties":{"h3":"88601694c3fffff","loss":null,"place":null}},{"type":"Feature","geometry":{"type":"Polygon","coordinates":[[[77.51308,13.14076],[77.51316,13.14575],[77.50899,13.14825],[77.50474,13.14577],[77.50466,13.14078],[77.50883,13.13828],[77.51308,13.14076]]]},"properties":{"h3":"88601694c5fffff","loss":null,"place":null}},{"type":"Feature","geometry":{"type":"Polygon","coordinates":[[[77.50466,13.14078],[77.50474,13.14577],[77.50057,13.14827],[77.49632,13.14578],[77.49624,13.1408],[77.50041,13.1383],[77.50466,13.14078]]]},"properties":{"h3":"88601694c7fffff","loss":null,"place":null}},{"type":"Feature","geometry":{"type":"Polygon","coordinates":[[[77.51283,13.12581],[77.51292,13.1308],[77.50875,13.1333],[77.50449,13.13081],[77.50441,13.12583],[77.50858,13.12333],[77.51283,13.12581]]]},"properties":{"h3":"88601694c9fffff","loss":0.003,"place":null}},{"type":"Feature","geometry":{"type":"Polygon","coordinates":[[[77.50441,13.12583],[77.50449,13.13081],[77.50033,13.13331],[77.49607,13.13083],[77.49599,13.12585],[77.50016,13.12335],[77.50441,13.12583]]]},"properties":{"h3":"88601694cbfffff","loss":null,"place":null}},{"type":"Feature","geometry":{"type":"Polygon","coordinates":[[[77.51717,13.13328],[77.51725,13.13826],[77.51308,13.14076],[77.50883,13.13828],[77.50875,13.1333],[77.51292,13.1308],[77.51717,13.13328]]]},"properties":{"h3":"88601694cdfffff","loss":0.019,"place":null}},{"type":"Feature","geometry":{"type":"Polygon","coordinates":[[[77.48757,13.12587],[77.48766,13.13085],[77.48349,13.13335],[77.47924,13.13087],[77.47915,13.12588],[77.48332,13.12338],[77.48757,13.12587]]]},"properties":{"h3":"88601694d1fffff","loss":null,"place":null}},{"type":"Feature","geometry":{"type":"Polygon","coordinates":[[[77.47915,13.12588],[77.47924,13.13087],[77.47507,13.13337],[77.47082,13.13088],[77.47074,13.1259],[77.4749,13.1234],[77.47915,13.12588]]]},"properties":{"h3":"88601694d3fffff","loss":null,"place":null}},{"type":"Feature","geometry":{"type":"Polygon","coordinates":[[[77.49191,13.13333],[77.49199,13.13832],[77.48782,13.14082],[77.48357,13.13833],[77.48349,13.13335],[77.48766,13.13085],[77.49191,13.13333]]]},"properties":{"h3":"88601694d5fffff","loss":null,"place":null}},{"type":"Feature","geometry":{"type":"Polygon","coordinates":[[[77.48349,13.13335],[77.48357,13.13833],[77.4794,13.14083],[77.47515,13.13835],[77.47507,13.13337],[77.47924,13.13087],[77.48349,13.13335]]]},"properties":{"h3":"88601694d7fffff","loss":null,"place":null}},{"type":"Feature","geometry":{"type":"Polygon","coordinates":[[[77.49166,13.11838],[77.49174,13.12337],[77.48757,13.12587],[77.48332,13.12338],[77.48324,13.1184],[77.48741,13.1159],[77.49166,13.11838]]]},"properties":{"h3":"88601694d9fffff","loss":null,"place":null}},{"type":"Feature","geometry":{"type":"Polygon","coordinates":[[[77.48324,13.1184],[77.48332,13.12338],[77.47915,13.12588],[77.4749,13.1234],[77.47482,13.11842],[77.47899,13.11592],[77.48324,13.1184]]]},"properties":{"h3":"88601694dbfffff","loss":null,"place":null}},{"type":"Feature","geometry":{"type":"Polygon","coordinates":[[[77.49599,13.12585],[77.49607,13.13083],[77.49191,13.13333],[77.48766,13.13085],[77.48757,13.12587],[77.49174,13.12337],[77.49599,13.12585]]]},"properties":{"h3":"88601694ddfffff","loss":null,"place":null}},{"type":"Feature","geometry":{"type":"Polygon","coordinates":[[[77.51333,13.15572],[77.51341,13.1607],[77.50924,13.1632],[77.50499,13.16072],[77.50491,13.15573],[77.50908,13.15323],[77.51333,13.15572]]]},"properties":{"h3":"88601694e1fffff","loss":null,"place":null}},{"type":"Feature","geometry":{"type":"Polygon","coordinates":[[[77.50491,13.15573],[77.50499,13.16072],[77.50082,13.16322],[77.49657,13.16073],[77.49649,13.15575],[77.50066,13.15325],[77.50491,13.15573]]]},"properties":{"h3":"88601694e3fffff","loss":null,"place":null}},{"type":"Feature","geometry":{"type":"Polygon","coordinates":[[[77.51766,13.16318],[77.51775,13.16817],[77.51358,13.17067],[77.50932,13.16819],[77.50924,13.1632],[77.51341,13.1607],[77.51766,13.16318]]]},"properties":{"h3":"88601694e5fffff","loss":null,"place":null}},{"type":"Feature","geometry":{"type":"Polygon","coordinates":[[[77.50924,13.1632],[77.50932,13.16819],[77.50515,13.17069],[77.5009,13.1682],[77.50082,13.16322],[77.50499,13.16072],[77.50924,13.1632]]]},"properties":{"h3":"88601694e7fffff","loss":null,"place":null}},{"type":"Feature","geometry":{"type":"Polygon","coordinates":[[[77.51742,13.14823],[77.5175,13.15322],[77.51333,13.15572],[77.50908,13.15323],[77.50899,13.14825],[77.51316,13.14575],[77.51742,13.14823]]]},"properties":{"h3":"88601694e9fffff","loss":null,"place":null}},{"type":"Feature","geometry":{"type":"Polygon","coordinates":[[[77.50899,13.14825],[77.50908,13.15323],[77.50491,13.15573],[77.50066,13.15325],[77.50057,13.14827],[77.50474,13.14577],[77.50899,13.14825]]]},"properties":{"h3":"88601694ebfffff","loss":null,"place":null}},{"type":"Feature","geometry":{"type":"Polygon","coordinates":[[[77.52175,13.1557],[77.52183,13.16068],[77.51766,13.16318],[77.51341,13.1607],[77.51333,13.15572],[77.5175,13.15322],[77.52175,13.1557]]]},"properties":{"h3":"88601694edfffff","loss":0.012,"place":null}},{"type":"Feature","geometry":{"type":"Polygon","coordinates":[[[77.58148,13.20044],[77.58157,13.20543],[77.5774,13.20793],[77.57314,13.20545],[77.57306,13.20046],[77.57723,13.19796],[77.58148,13.20044]]]},"properties":{"h3":"8860169501fffff","loss":null,"place":null}},{"type":"Feature","geometry":{"type":"Polygon","coordinates":[[[77.57306,13.20046],[77.57314,13.20545],[77.56897,13.20795],[77.56471,13.20546],[77.56463,13.20048],[77.5688,13.19798],[77.57306,13.20046]]]},"properties":{"h3":"8860169503fffff","loss":null,"place":null}},{"type":"Feature","geometry":{"type":"Polygon","coordinates":[[[77.58583,13.20791],[77.58591,13.2129],[77.58174,13.2154],[77.57748,13.21292],[77.5774,13.20793],[77.58157,13.20543],[77.58583,13.20791]]]},"properties":{"h3":"8860169505fffff","loss":0.014,"place":null}},{"type":"Feature","geometry":{"type":"Polygon","coordinates":[[[77.5774,13.20793],[77.57748,13.21292],[77.57331,13.21542],[77.56905,13.21293],[77.56897,13.20795],[77.57314,13.20545],[77.5774,13.20793]]]},"properties":{"h3":"8860169507fffff","loss":null,"place":null}},{"type":"Feature","geometry":{"type":"Polygon","coordinates":[[[77.58557,13.19295],[77.58566,13.19794],[77.58148,13.20044],[77.57723,13.19796],[77.57714,13.19297],[77.58132,13.19047],[77.58557,13.19295]]]},"properties":{"h3":"8860169509fffff","loss":null,"place":null}},{"type":"Feature","geometry":{"type":"Polygon","coordinates":[[[77.57714,13.19297],[77.57723,13.19796],[77.57306,13.20046],[77.5688,13.19798],[77.56872,13.19299],[77.57289,13.19049],[77.57714,13.19297]]]},"properties":{"h3":"886016950bfffff","loss":null,"place":null}},{"type":"Feature","geometry":{"type":"Polygon","coordinates":[[[77.58992,13.20042],[77.59,13.20541],[77.58583,13.20791],[77.58157,13.20543],[77.58148,13.20044],[77.58566,13.19794],[77.58992,13.20042]]]},"properties":{"h3":"886016950dfffff","loss":null,"place":null}},{"type":"Feature","geometry":{"type":"Polygon","coordinates":[[[77.56029,13.19301],[77.56037,13.19799],[77.5562,13.20049],[77.55194,13.19801],[77.55186,13.19302],[77.55603,13.19052],[77.56029,13.19301]]]},"properties":{"h3":"8860169511fffff","loss":null,"place":null}},{"type":"Feature","geometry":{"type":"Polygon","coordinates":[[[77.55186,13.19302],[77.55194,13.19801],[77.54777,13.20051],[77.54352,13.19803],[77.54343,13.19304],[77.54761,13.19054],[77.55186,13.19302]]]},"properties":{"h3":"8860169513fffff","loss":null,"place":null}},{"type":"Feature","geometry":{"type":"Polygon","coordinates":[[[77.56463,13.20048],[77.56471,13.20546],[77.56054,13.20796],[77.55628,13.20548],[77.5562,13.20049],[77.56037,13.19799],[77.56463,13.20048]]]},"properties":{"h3":"8860169515fffff","loss":null,"place":null}},{"type":"Feature","geometry":{"type":"Polygon","coordinates":[[[77.5562,13.20049],[77.55628,13.20548],[77.55211,13.20798],[77.54786,13.20549],[77.54777,13.20051],[77.55194,13.19801],[77.5562,13.20049]]]},"properties":{"h3":"8860169517fffff","loss":null,"place":null}},{"type":"Feature","geometry":{"type":"Polygon","coordinates":[[[77.56438,13.18552],[77.56446,13.19051],[77.56029,13.19301],[77.55603,13.19052],[77.55595,13.18554],[77.56012,13.18304],[77.56438,13.18552]]]},"properties":{"h3":"8860169519fffff","loss":null,"place":null}},{"type":"Feature","geometry":{"type":"Polygon","coordinates":[[[77.55595,13.18554],[77.55603,13.19052],[77.55186,13.19302],[77.54761,13.19054],[77.54752,13.18556],[77.55169,13.18305],[77.55595,13.18554]]]},"properties":{"h3":"886016951bfffff","loss":null,"place":null}},{"type":"Feature","geometry":{"type":"Polygon","coordinates":[[[77.56872,13.19299],[77.5688,13.19798],[77.56463,13.20048],[77.56037,13.19799],[77.56029,13.19301],[77.56446,13.19051],[77.56872,13.19299]]]},"properties":{"h3":"886016951dfffff","loss":null,"place":null}},{"type":"Feature","geometry":{"type":"Polygon","coordinates":[[[77.58608,13.22287],[77.58616,13.22786],[77.58199,13.23036],[77.57773,13.22787],[77.57765,13.22289],[77.58182,13.22039],[77.58608,13.22287]]]},"properties":{"h3":"8860169521fffff","loss":null,"place":null}},{"type":"Feature","geometry":{"type":"Polygon","coordinates":[[[77.57765,13.22289],[77.57773,13.22787],[77.57356,13.23037],[77.5693,13.22789],[77.56922,13.2229],[77.57339,13.2204],[77.57765,13.22289]]]},"properties":{"h3":"8860169523fffff","loss":null,"place":null}},{"type":"Feature","geometry":{"type":"Polygon","coordinates":[[[77.59017,13.21538],[77.59025,13.22037],[77.58608,13.22287],[77.58182,13.22039],[77.58174,13.2154],[77.58591,13.2129],[77.59017,13.21538]]]},"properties":{"h3":"8860169529fffff","loss":null,"place":null}},{"type":"Feature","geometry":{"type":"Polygon","coordinates":[[[77.58174,13.2154],[77.58182,13.22039],[77.57765,13.22289],[77.57339,13.2204],[77.57331,13.21542],[77.57748,13.21292],[77.58174,13.2154]]]},"properties":{"h3":"886016952bfffff","loss":0.002,"place":null}},{"type":"Feature","geometry":{"type":"Polygon","coordinates":[[[77.59451,13.22285],[77.59459,13.22784],[77.59042,13.23034],[77.58616,13.22786],[77.58608,13.22287],[77.59025,13.22037],[77.59451,13.22285]]]},"properties":{"h3":"886016952dfffff","loss":0.01,"place":null}},{"type":"Feature","geometry":{"type":"Polygon","coordinates":[[[77.56488,13.21543],[77.56496,13.22042],[77.56079,13.22292],[77.55653,13.22043],[77.55645,13.21545],[77.56062,13.21295],[77.56488,13.21543]]]},"properties":{"h3":"8860169531fffff","loss":null,"place":null}},{"type":"Feature","geometry":{"type":"Polygon","coordinates":[[[77.55645,13.21545],[77.55653,13.22043],[77.55236,13.22293],[77.5481,13.22045],[77.54802,13.21546],[77.55219,13.21296],[77.55645,13.21545]]]},"properties":{"h3":"8860169533fffff","loss":null,"place":null}},{"type":"Feature","geometry":{"type":"Polygon","coordinates":[[[77.56922,13.2229],[77.5693,13.22789],[77.56513,13.23039],[77.56087,13.2279],[77.56079,13.22292],[77.56496,13.22042],[77.56922,13.2229]]]},"properties":{"h3":"8860169535fffff","loss":null,"place":null}},{"type":"Feature","geometry":{"type":"Polygon","coordinates":[[[77.56079,13.22292],[77.56087,13.2279],[77.5567,13.2304],[77.55244,13.22792],[77.55236,13.22293],[77.55653,13.22043],[77.56079,13.22292]]]},"properties":{"h3":"8860169537fffff","loss":null,"place":null}},{"type":"Feature","geometry":{"type":"Polygon","coordinates":[[[77.56897,13.20795],[77.56905,13.21293],[77.56488,13.21543],[77.56062,13.21295],[77.56054,13.20796],[77.56471,13.20546],[77.56897,13.20795]]]},"properties":{"h3":"8860169539fffff","loss":null,"place":null}},{"type":"Feature","geometry":{"type":"Polygon","coordinates":[[[77.56054,13.20796],[77.56062,13.21295],[77.55645,13.21545],[77.55219,13.21296],[77.55211,13.20798],[77.55628,13.20548],[77.56054,13.20796]]]},"properties":{"h3":"886016953bfffff","loss":null,"place":null}},{"type":"Feature","geometry":{"type":"Polygon","coordinates":[[[77.57331,13.21542],[77.57339,13.2204],[77.56922,13.2229],[77.56496,13.22042],[77.56488,13.21543],[77.56905,13.21293],[77.57331,13.21542]]]},"properties":{"h3":"886016953dfffff","loss":null,"place":null}},{"type":"Feature","geometry":{"type":"Polygon","coordinates":[[[77.59809,13.18545],[77.59818,13.19043],[77.594,13.19294],[77.58975,13.19045],[77.58966,13.18547],[77.59384,13.18296],[77.59809,13.18545]]]},"properties":{"h3":"8860169541fffff","loss":null,"place":null}},{"type":"Feature","geometry":{"type":"Polygon","coordinates":[[[77.58966,13.18547],[77.58975,13.19045],[77.58557,13.19295],[77.58132,13.19047],[77.58123,13.18549],[77.58541,13.18298],[77.58966,13.18547]]]},"properties":{"h3":"8860169543fffff","loss":null,"place":null}},{"type":"Feature","geometry":{"type":"Polygon","coordinates":[[[77.60244,13.19292],[77.60252,13.1979],[77.59835,13.20041],[77.59409,13.19792],[77.594,13.19294],[77.59818,13.19043],[77.60244,13.19292]]]},"properties":{"h3":"8860169545fffff","loss":null,"place":null}},{"type":"Feature","geometry":{"type":"Polygon","coordinates":[[[77.594,13.19294],[77.59409,13.19792],[77.58992,13.20042],[77.58566,13.19794],[77.58557,13.19295],[77.58975,13.19045],[77.594,13.19294]]]},"properties":{"h3":"8860169547fffff","loss":null,"place":null}},{"type":"Feature","geometry":{"type":"Polygon","coordinates":[[[77.60218,13.17796],[77.60227,13.18295],[77.59809,13.18545],[77.59384,13.18296],[77.59375,13.17798],[77.59793,13.17548],[77.60218,13.17796]]]},"properties":{"h3":"8860169549fffff","loss":null,"place":null}},{"type":"Feature","geometry":{"type":"Polygon","coordinates":[[[77.59375,13.17798],[77.59384,13.18296],[77.58966,13.18547],[77.58541,13.18298],[77.58532,13.178],[77.5895,13.17549],[77.59375,13.17798]]]},"properties":{"h3":"886016954bfffff","loss":null,"place":null}},{"type":"Feature","geometry":{"type":"Polygon","coordinates":[[[77.60653,13.18543],[77.60661,13.19042],[77.60244,13.19292],[77.59818,13.19043],[77.59809,13.18545],[77.60227,13.18295],[77.60653,13.18543]]]},"properties":{"h3":"886016954dfffff","loss":null,"place":null}},{"type":"Feature","geometry":{"type":"Polygon","coordinates":[[[77.57689,13.17802],[77.57698,13.183],[77.5728,13.1855],[77.56855,13.18302],[77.56847,13.17803],[77.57264,13.17553],[77.57689,13.17802]]]},"properties":{"h3":"8860169551fffff","loss":null,"place":null}},{"type":"Feature","geometry":{"type":"Polygon","coordinates":[[[77.56847,13.17803],[77.56855,13.18302],[77.56438,13.18552],[77.56012,13.18304],[77.56004,13.17805],[77.56421,13.17555],[77.56847,13.17803]]]},"properties":{"h3":"8860169553fffff","loss":null,"place":null}},{"type":"Feature","geometry":{"type":"Polygon","coordinates":[[[77.58123,13.18549],[77.58132,13.19047],[77.57714,13.19297],[77.57289,13.19049],[77.5728,13.1855],[77.57698,13.183],[77.58123,13.18549]]]},"properties":{"h3":"8860169555fffff","loss":null,"place":null}},{"type":"Feature","geometry":{"type":"Polygon","coordinates":[[[77.5728,13.1855],[77.57289,13.19049],[77.56872,13.19299],[77.56446,13.19051],[77.56438,13.18552],[77.56855,13.18302],[77.5728,13.1855]]]},"properties":{"h3":"8860169557fffff","loss":null,"place":null}},{"type":"Feature","geometry":{"type":"Polygon","coordinates":[[[77.58098,13.17053],[77.58107,13.17551],[77.57689,13.17802],[77.57264,13.17553],[77.57255,13.17055],[77.57673,13.16804],[77.58098,13.17053]]]},"properties":{"h3":"8860169559fffff","loss":null,"place":null}},{"type":"Feature","geometry":{"type":"Polygon","coordinates":[[[77.57255,13.17055],[77.57264,13.17553],[77.56847,13.17803],[77.56421,13.17555],[77.56413,13.17056],[77.5683,13.16806],[77.57255,13.17055]]]},"properties":{"h3":"886016955bfffff","loss":0.029,"place":null}},{"type":"Feature","geometry":{"type":"Polygon","coordinates":[[[77.58532,13.178],[77.58541,13.18298],[77.58123,13.18549],[77.57698,13.183],[77.57689,13.17802],[77.58107,13.17551],[77.58532,13.178]]]},"properties":{"h3":"886016955dfffff","loss":0.014,"place":null}},{"type":"Feature","geometry":{"type":"Polygon","coordinates":[[[77.60269,13.20788],[77.60277,13.21286],[77.5986,13.21537],[77.59434,13.21288],[77.59426,13.2079],[77.59843,13.20539],[77.60269,13.20788]]]},"properties":{"h3":"8860169561fffff","loss":0.04,"place":null}},{"type":"Feature","geometry":{"type":"Polygon","coordinates":[[[77.59426,13.2079],[77.59434,13.21288],[77.59017,13.21538],[77.58591,13.2129],[77.58583,13.20791],[77.59,13.20541],[77.59426,13.2079]]]},"properties":{"h3":"8860169563fffff","loss":null,"place":null}},{"type":"Feature","geometry":{"type":"Polygon","coordinates":[[[77.60703,13.21535],[77.60711,13.22033],[77.60294,13.22284],[77.59868,13.22035],[77.5986,13.21537],[77.60277,13.21286],[77.60703,13.21535]]]},"properties":{"h3":"8860169565fffff","loss":null,"place":null}},{"type":"Feature","geometry":{"type":"Polygon","coordinates":[[[77.5986,13.21537],[77.59868,13.22035],[77.59451,13.22285],[77.59025,13.22037],[77.59017,13.21538],[77.59434,13.21288],[77.5986,13.21537]]]},"properties":{"h3":"8860169567fffff","loss":null,"place":null}},{"type":"Feature","geometry":{"type":"Polygon","coordinates":[[[77.60678,13.20039],[77.60686,13.20538],[77.60269,13.20788],[77.59843,13.20539],[77.59835,13.20041],[77.60252,13.1979],[77.60678,13.20039]]]},"properties":{"h3":"8860169569fffff","loss":null,"place":null}},{"type":"Feature","geometry":{"type":"Polygon","coordinates":[[[77.59835,13.20041],[77.59843,13.20539],[77.59426,13.2079],[77.59,13.20541],[77.58992,13.20042],[77.59409,13.19792],[77.59835,13.20041]]]},"properties":{"h3":"886016956bfffff","loss":null,"place":null}},{"type":"Feature","geometry":{"type":"Polygon","coordinates":[[[77.61112,13.20786],[77.6112,13.21285],[77.60703,13.21535],[77.60277,13.21286],[77.60269,13.20788],[77.60686,13.20538],[77.61112,13.20786]]]},"properties":{"h3":"886016956dfffff","loss":null,"place":null}},{"type":"Feature","geometry":{"type":"Polygon","coordinates":[[[77.5225,13.20056],[77.52258,13.20554],[77.51841,13.20804],[77.51415,13.20556],[77.51407,13.20057],[77.51824,13.19807],[77.5225,13.20056]]]},"properties":{"h3":"8860169581fffff","loss":null,"place":null}},{"type":"Feature","geometry":{"type":"Polygon","coordinates":[[[77.51407,13.20057],[77.51415,13.20556],[77.50998,13.20806],[77.50573,13.20557],[77.50565,13.20059],[77.50982,13.19809],[77.51407,13.20057]]]},"properties":{"h3":"8860169583fffff","loss":null,"place":null}},{"type":"Feature","geometry":{"type":"Polygon","coordinates":[[[77.52683,13.20803],[77.52691,13.21301],[77.52274,13.21551],[77.51849,13.21303],[77.51841,13.20804],[77.52258,13.20554],[77.52683,13.20803]]]},"properties":{"h3":"8860169585fffff","loss":null,"place":null}},{"type":"Feature","geometry":{"type":"Polygon","coordinates":[[[77.52658,13.19307],[77.52667,13.19806],[77.5225,13.20056],[77.51824,13.19807],[77.51816,13.19309],[77.52233,13.19059],[77.52658,13.19307]]]},"properties":{"h3":"8860169589fffff","loss":null,"place":null}},{"type":"Feature","geometry":{"type":"Polygon","coordinates":[[[77.51816,13.19309],[77.51824,13.19807],[77.51407,13.20057],[77.50982,13.19809],[77.50974,13.19311],[77.51391,13.19061],[77.51816,13.19309]]]},"properties":{"h3":"886016958bfffff","loss":null,"place":null}},{"type":"Feature","geometry":{"type":"Polygon","coordinates":[[[77.53092,13.20054],[77.531,13.20553],[77.52683,13.20803],[77.52258,13.20554],[77.5225,13.20056],[77.52667,13.19806],[77.53092,13.20054]]]},"properties":{"h3":"886016958dfffff","loss":null,"place":null}},{"type":"Feature","geometry":{"type":"Polygon","coordinates":[[[77.5054,13.18564],[77.50548,13.19062],[77.50131,13.19312],[77.49706,13.19064],[77.49698,13.18565],[77.50115,13.18315],[77.5054,13.18564]]]},"properties":{"h3":"8860169599fffff","loss":null,"place":null}},{"type":"Feature","geometry":{"type":"Polygon","coordinates":[[[77.50974,13.19311],[77.50982,13.19809],[77.50565,13.20059],[77.5014,13.1981],[77.50131,13.19312],[77.50548,13.19062],[77.50974,13.19311]]]},"properties":{"h3":"886016959dfffff","loss":null,"place":null}},{"type":"Feature","geometry":{"type":"Polygon","coordinates":[[[77.53117,13.2155],[77.53125,13.22048],[77.52708,13.22298],[77.52283,13.22049],[77.52274,13.21551],[77.52691,13.21301],[77.53117,13.2155]]]},"properties":{"h3":"88601695a9fffff","loss":null,"place":null}},{"type":"Feature","geometry":{"type":"Polygon","coordinates":[[[77.5391,13.18557],[77.53918,13.19056],[77.53501,13.19306],[77.53075,13.19057],[77.53067,13.18559],[77.53484,13.18309],[77.5391,13.18557]]]},"properties":{"h3":"88601695c1fffff","loss":null,"place":null}},{"type":"Feature","geometry":{"type":"Polygon","coordinates":[[[77.53067,13.18559],[77.53075,13.19057],[77.52658,13.19307],[77.52233,13.19059],[77.52225,13.18561],[77.52642,13.18311],[77.53067,13.18559]]]},"properties":{"h3":"88601695c3fffff","loss":null,"place":null}},{"type":"Feature","geometry":{"type":"Polygon","coordinates":[[[77.54343,13.19304],[77.54352,13.19803],[77.53935,13.20053],[77.53509,13.19804],[77.53501,13.19306],[77.53918,13.19056],[77.54343,13.19304]]]},"properties":{"h3":"88601695c5fffff","loss":null,"place":null}},{"type":"Feature","geometry":{"type":"Polygon","coordinates":[[[77.53501,13.19306],[77.53509,13.19804],[77.53092,13.20054],[77.52667,13.19806],[77.52658,13.19307],[77.53075,13.19057],[77.53501,13.19306]]]},"properties":{"h3":"88601695c7fffff","loss":null,"place":null}},{"type":"Feature","geometry":{"type":"Polygon","coordinates":[[[77.54318,13.17809],[77.54327,13.18307],[77.5391,13.18557],[77.53484,13.18309],[77.53476,13.1781],[77.53893,13.1756],[77.54318,13.17809]]]},"properties":{"h3":"88601695c9fffff","loss":null,"place":null}},{"type":"Feature","geometry":{"type":"Polygon","coordinates":[[[77.53476,13.1781],[77.53484,13.18309],[77.53067,13.18559],[77.52642,13.18311],[77.52634,13.17812],[77.53051,13.17562],[77.53476,13.1781]]]},"properties":{"h3":"88601695cbfffff","loss":null,"place":null}},{"type":"Feature","geometry":{"type":"Polygon","coordinates":[[[77.54752,13.18556],[77.54761,13.19054],[77.54343,13.19304],[77.53918,13.19056],[77.5391,13.18557],[77.54327,13.18307],[77.54752,13.18556]]]},"properties":{"h3":"88601695cdfffff","loss":null,"place":null}},{"type":"Feature","geometry":{"type":"Polygon","coordinates":[[[77.51791,13.17814],[77.51799,13.18312],[77.51382,13.18562],[77.50957,13.18314],[77.50949,13.17815],[77.51366,13.17565],[77.51791,13.17814]]]},"properties":{"h3":"88601695d1fffff","loss":null,"place":null}},{"type":"Feature","geometry":{"type":"Polygon","coordinates":[[[77.50949,13.17815],[77.50957,13.18314],[77.5054,13.18564],[77.50115,13.18315],[77.50107,13.17817],[77.50524,13.17567],[77.50949,13.17815]]]},"properties":{"h3":"88601695d3fffff","loss":null,"place":null}},{"type":"Feature","geometry":{"type":"Polygon","coordinates":[[[77.52225,13.18561],[77.52233,13.19059],[77.51816,13.19309],[77.51391,13.19061],[77.51382,13.18562],[77.51799,13.18312],[77.52225,13.18561]]]},"properties":{"h3":"88601695d5fffff","loss":null,"place":null}},{"type":"Feature","geometry":{"type":"Polygon","coordinates":[[[77.51382,13.18562],[77.51391,13.19061],[77.50974,13.19311],[77.50548,13.19062],[77.5054,13.18564],[77.50957,13.18314],[77.51382,13.18562]]]},"properties":{"h3":"88601695d7fffff","loss":null,"place":null}},{"type":"Feature","geometry":{"type":"Polygon","coordinates":[[[77.522,13.17065],[77.52208,13.17564],[77.51791,13.17814],[77.51366,13.17565],[77.51358,13.17067],[77.51775,13.16817],[77.522,13.17065]]]},"properties":{"h3":"88601695d9fffff","loss":null,"place":null}},{"type":"Feature","geometry":{"type":"Polygon","coordinates":[[[77.51358,13.17067],[77.51366,13.17565],[77.50949,13.17815],[77.50524,13.17567],[77.50515,13.17069],[77.50932,13.16819],[77.51358,13.17067]]]},"properties":{"h3":"88601695dbfffff","loss":null,"place":null}},{"type":"Feature","geometry":{"type":"Polygon","coordinates":[[[77.52634,13.17812],[77.52642,13.18311],[77.52225,13.18561],[77.51799,13.18312],[77.51791,13.17814],[77.52208,13.17564],[77.52634,13.17812]]]},"properties":{"h3":"88601695ddfffff","loss":null,"place":null}},{"type":"Feature","geometry":{"type":"Polygon","coordinates":[[[77.54368,13.208],[77.54377,13.21298],[77.53959,13.21548],[77.53534,13.213],[77.53526,13.20801],[77.53943,13.20551],[77.54368,13.208]]]},"properties":{"h3":"88601695e1fffff","loss":null,"place":null}},{"type":"Feature","geometry":{"type":"Polygon","coordinates":[[[77.53526,13.20801],[77.53534,13.213],[77.53117,13.2155],[77.52691,13.21301],[77.52683,13.20803],[77.531,13.20553],[77.53526,13.20801]]]},"properties":{"h3":"88601695e3fffff","loss":null,"place":null}},{"type":"Feature","geometry":{"type":"Polygon","coordinates":[[[77.54802,13.21546],[77.5481,13.22045],[77.54393,13.22295],[77.53968,13.22046],[77.53959,13.21548],[77.54377,13.21298],[77.54802,13.21546]]]},"properties":{"h3":"88601695e5fffff","loss":null,"place":null}},{"type":"Feature","geometry":{"type":"Polygon","coordinates":[[[77.53959,13.21548],[77.53968,13.22046],[77.53551,13.22296],[77.53125,13.22048],[77.53117,13.2155],[77.53534,13.213],[77.53959,13.21548]]]},"properties":{"h3":"88601695e7fffff","loss":null,"place":null}},{"type":"Feature","geometry":{"type":"Polygon","coordinates":[[[77.54777,13.20051],[77.54786,13.20549],[77.54368,13.208],[77.53943,13.20551],[77.53935,13.20053],[77.54352,13.19803],[77.54777,13.20051]]]},"properties":{"h3":"88601695e9fffff","loss":null,"place":null}},{"type":"Feature","geometry":{"type":"Polygon","coordinates":[[[77.53935,13.20053],[77.53943,13.20551],[77.53526,13.20801],[77.531,13.20553],[77.53092,13.20054],[77.53509,13.19804],[77.53935,13.20053]]]},"properties":{"h3":"88601695ebfffff","loss":null,"place":null}},{"type":"Feature","geometry":{"type":"Polygon","coordinates":[[[77.55211,13.20798],[77.55219,13.21296],[77.54802,13.21546],[77.54377,13.21298],[77.54368,13.208],[77.54786,13.20549],[77.55211,13.20798]]]},"properties":{"h3":"88601695edfffff","loss":null,"place":null}},{"type":"Feature","geometry":{"type":"Polygon","coordinates":[[[77.57973,13.09573],[77.57981,13.10072],[77.57564,13.10322],[77.57138,13.10074],[77.5713,13.09576],[77.57547,13.09325],[77.57973,13.09573]]]},"properties":{"h3":"8860169601fffff","loss":null,"place":null}},{"type":"Feature","geometry":{"type":"Polygon","coordinates":[[[77.5713,13.09576],[77.57138,13.10074],[77.56721,13.10325],[77.56296,13.10076],[77.56288,13.09578],[77.56705,13.09327],[77.5713,13.09576]]]},"properties":{"h3":"8860169603fffff","loss":null,"place":null}},{"type":"Feature","geometry":{"type":"Polygon","coordinates":[[[77.58407,13.1032],[77.58415,13.10819],[77.57998,13.11069],[77.57572,13.10821],[77.57564,13.10322],[77.57981,13.10072],[77.58407,13.1032]]]},"properties":{"h3":"8860169605fffff","loss":null,"place":null}},{"type":"Feature","geometry":{"type":"Polygon","coordinates":[[[77.57564,13.10322],[77.57572,13.10821],[77.57155,13.11071],[77.5673,13.10823],[77.56721,13.10325],[77.57138,13.10074],[77.57564,13.10322]]]},"properties":{"h3":"8860169607fffff","loss":null,"place":null}},{"type":"Feature","geometry":{"type":"Polygon","coordinates":[[[77.58381,13.08824],[77.5839,13.09323],[77.57973,13.09573],[77.57547,13.09325],[77.57539,13.08827],[77.57956,13.08576],[77.58381,13.08824]]]},"properties":{"h3":"8860169609fffff","loss":null,"place":null}},{"type":"Feature","geometry":{"type":"Polygon","coordinates":[[[77.57539,13.08827],[77.57547,13.09325],[77.5713,13.09576],[77.56705,13.09327],[77.56696,13.08829],[77.57113,13.08578],[77.57539,13.08827]]]},"properties":{"h3":"886016960bfffff","loss":null,"place":null}},{"type":"Feature","geometry":{"type":"Polygon","coordinates":[[[77.58815,13.09571],[77.58824,13.1007],[77.58407,13.1032],[77.57981,13.10072],[77.57973,13.09573],[77.5839,13.09323],[77.58815,13.09571]]]},"properties":{"h3":"886016960dfffff","loss":0.019,"place":null}},{"type":"Feature","geometry":{"type":"Polygon","coordinates":[[[77.55854,13.08831],[77.55862,13.0933],[77.55445,13.0958],[77.5502,13.09332],[77.55011,13.08833],[77.55428,13.08583],[77.55854,13.08831]]]},"properties":{"h3":"8860169611fffff","loss":0.02,"place":null}},{"type":"Feature","geometry":{"type":"Polygon","coordinates":[[[77.55011,13.08833],[77.5502,13.09332],[77.54603,13.09582],[77.54177,13.09334],[77.54169,13.08835],[77.54586,13.08585],[77.55011,13.08833]]]},"properties":{"h3":"8860169613fffff","loss":0.002,"place":null}},{"type":"Feature","geometry":{"type":"Polygon","coordinates":[[[77.56288,13.09578],[77.56296,13.10076],[77.55879,13.10327],[77.55453,13.10079],[77.55445,13.0958],[77.55862,13.0933],[77.56288,13.09578]]]},"properties":{"h3":"8860169615fffff","loss":0.043,"place":null}},{"type":"Feature","geometry":{"type":"Polygon","coordinates":[[[77.55445,13.0958],[77.55453,13.10079],[77.55036,13.10329],[77.54611,13.10081],[77.54603,13.09582],[77.5502,13.09332],[77.55445,13.0958]]]},"properties":{"h3":"8860169617fffff","loss":0.107,"place":"shivaram-karanth-layout-east"}},{"type":"Feature","geometry":{"type":"Polygon","coordinates":[[[77.56262,13.08082],[77.56271,13.08581],[77.55854,13.08831],[77.55428,13.08583],[77.5542,13.08084],[77.55837,13.07834],[77.56262,13.08082]]]},"properties":{"h3":"8860169619fffff","loss":null,"place":null}},{"type":"Feature","geometry":{"type":"Polygon","coordinates":[[[77.5542,13.08084],[77.55428,13.08583],[77.55011,13.08833],[77.54586,13.08585],[77.54578,13.08086],[77.54995,13.07836],[77.5542,13.08084]]]},"properties":{"h3":"886016961bfffff","loss":0.011,"place":null}},{"type":"Feature","geometry":{"type":"Polygon","coordinates":[[[77.56696,13.08829],[77.56705,13.09327],[77.56288,13.09578],[77.55862,13.0933],[77.55854,13.08831],[77.56271,13.08581],[77.56696,13.08829]]]},"properties":{"h3":"886016961dfffff","loss":null,"place":null}},{"type":"Feature","geometry":{"type":"Polygon","coordinates":[[[77.58432,13.11816],[77.5844,13.12315],[77.58023,13.12565],[77.57597,13.12317],[77.57589,13.11818],[77.58006,13.11568],[77.58432,13.11816]]]},"properties":{"h3":"8860169621fffff","loss":null,"place":null}},{"type":"Feature","geometry":{"type":"Polygon","coordinates":[[[77.57589,13.11818],[77.57597,13.12317],[77.5718,13.12567],[77.56755,13.12319],[77.56746,13.1182],[77.57163,13.1157],[77.57589,13.11818]]]},"properties":{"h3":"8860169623fffff","loss":null,"place":null}},{"type":"Feature","geometry":{"type":"Polygon","coordinates":[[[77.58866,13.12563],[77.58874,13.13062],[77.58457,13.13312],[77.58031,13.13064],[77.58023,13.12565],[77.5844,13.12315],[77.58866,13.12563]]]},"properties":{"h3":"8860169625fffff","loss":null,"place":null}},{"type":"Feature","geometry":{"type":"Polygon","coordinates":[[[77.58023,13.12565],[77.58031,13.13064],[77.57614,13.13314],[77.57189,13.13066],[77.5718,13.12567],[77.57597,13.12317],[77.58023,13.12565]]]},"properties":{"h3":"8860169627fffff","loss":0.004,"place":null}},{"type":"Feature","geometry":{"type":"Polygon","coordinates":[[[77.58841,13.11067],[77.58849,13.11566],[77.58432,13.11816],[77.58006,13.11568],[77.57998,13.11069],[77.58415,13.10819],[77.58841,13.11067]]]},"properties":{"h3":"8860169629fffff","loss":null,"place":null}},{"type":"Feature","geometry":{"type":"Polygon","coordinates":[[[77.57998,13.11069],[77.58006,13.11568],[77.57589,13.11818],[77.57163,13.1157],[77.57155,13.11071],[77.57572,13.10821],[77.57998,13.11069]]]},"properties":{"h3":"886016962bfffff","loss":null,"place":null}},{"type":"Feature","geometry":{"type":"Polygon","coordinates":[[[77.59275,13.11814],[77.59283,13.12313],[77.58866,13.12563],[77.5844,13.12315],[77.58432,13.11816],[77.58849,13.11566],[77.59275,13.11814]]]},"properties":{"h3":"886016962dfffff","loss":null,"place":null}},{"type":"Feature","geometry":{"type":"Polygon","coordinates":[[[77.56313,13.11074],[77.56321,13.11572],[77.55904,13.11822],[77.55478,13.11574],[77.5547,13.11076],[77.55887,13.10825],[77.56313,13.11074]]]},"properties":{"h3":"8860169631fffff","loss":0.097,"place":null}},{"type":"Feature","geometry":{"type":"Polygon","coordinates":[[[77.5547,13.11076],[77.55478,13.11574],[77.55061,13.11825],[77.54636,13.11576],[77.54628,13.11078],[77.55045,13.10827],[77.5547,13.11076]]]},"properties":{"h3":"8860169633fffff","loss":0.037,"place":null}},{"type":"Feature","geometry":{"type":"Polygon","coordinates":[[[77.56746,13.1182],[77.56755,13.12319],[77.56338,13.12569],[77.55912,13.12321],[77.55904,13.11822],[77.56321,13.11572],[77.56746,13.1182]]]},"properties":{"h3":"8860169635fffff","loss":0.035,"place":null}},{"type":"Feature","geometry":{"type":"Polygon","coordinates":[[[77.55904,13.11822],[77.55912,13.12321],[77.55495,13.12571],[77.5507,13.12323],[77.55061,13.11825],[77.55478,13.11574],[77.55904,13.11822]]]},"properties":{"h3":"8860169637fffff","loss":0.072,"place":null}},{"type":"Feature","geometry":{"type":"Polygon","coordinates":[[[77.56721,13.10325],[77.5673,13.10823],[77.56313,13.11074],[77.55887,13.10825],[77.55879,13.10327],[77.56296,13.10076],[77.56721,13.10325]]]},"properties":{"h3":"8860169639fffff","loss":0.036,"place":null}},{"type":"Feature","geometry":{"type":"Polygon","coordinates":[[[77.55879,13.10327],[77.55887,13.10825],[77.5547,13.11076],[77.55045,13.10827],[77.55036,13.10329],[77.55453,13.10079],[77.55879,13.10327]]]},"properties":{"h3":"886016963bfffff","loss":0.147,"place":"shivaram-karanth-layout-east"}},{"type":"Feature","geometry":{"type":"Polygon","coordinates":[[[77.57155,13.11071],[77.57163,13.1157],[77.56746,13.1182],[77.56321,13.11572],[77.56313,13.11074],[77.5673,13.10823],[77.57155,13.11071]]]},"properties":{"h3":"886016963dfffff","loss":0.039,"place":null}},{"type":"Feature","geometry":{"type":"Polygon","coordinates":[[[77.59633,13.08073],[77.59641,13.08571],[77.59224,13.08822],[77.58799,13.08574],[77.5879,13.08075],[77.59207,13.07825],[77.59633,13.08073]]]},"properties":{"h3":"8860169641fffff","loss":null,"place":null}},{"type":"Feature","geometry":{"type":"Polygon","coordinates":[[[77.5879,13.08075],[77.58799,13.08574],[77.58381,13.08824],[77.57956,13.08576],[77.57948,13.08077],[77.58365,13.07827],[77.5879,13.08075]]]},"properties":{"h3":"8860169643fffff","loss":null,"place":null}},{"type":"Feature","geometry":{"type":"Polygon","coordinates":[[[77.60067,13.0882],[77.60075,13.09318],[77.59658,13.09569],[77.59233,13.09321],[77.59224,13.08822],[77.59641,13.08571],[77.60067,13.0882]]]},"properties":{"h3":"8860169645fffff","loss":0.032,"place":null}},{"type":"Feature","geometry":{"type":"Polygon","coordinates":[[[77.59224,13.08822],[77.59233,13.09321],[77.58815,13.09571],[77.5839,13.09323],[77.58381,13.08824],[77.58799,13.08574],[77.59224,13.08822]]]},"properties":{"h3":"8860169647fffff","loss":0.017,"place":null}},{"type":"Feature","geometry":{"type":"Polygon","coordinates":[[[77.60042,13.07323],[77.6005,13.07822],[77.59633,13.08073],[77.59207,13.07825],[77.59199,13.07326],[77.59616,13.07075],[77.60042,13.07323]]]},"properties":{"h3":"8860169649fffff","loss":null,"place":null}},{"type":"Feature","geometry":{"type":"Polygon","coordinates":[[[77.59199,13.07326],[77.59207,13.07825],[77.5879,13.08075],[77.58365,13.07827],[77.58356,13.07328],[77.58774,13.07078],[77.59199,13.07326]]]},"properties":{"h3":"886016964bfffff","loss":null,"place":null}},{"type":"Feature","geometry":{"type":"Polygon","coordinates":[[[77.60476,13.0807],[77.60484,13.08569],[77.60067,13.0882],[77.59641,13.08571],[77.59633,13.08073],[77.6005,13.07822],[77.60476,13.0807]]]},"properties":{"h3":"886016964dfffff","loss":null,"place":null}},{"type":"Feature","geometry":{"type":"Polygon","coordinates":[[[77.57514,13.07331],[77.57522,13.07829],[77.57105,13.0808],[77.5668,13.07831],[77.56671,13.07333],[77.57088,13.07082],[77.57514,13.07331]]]},"properties":{"h3":"8860169651fffff","loss":null,"place":null}},{"type":"Feature","geometry":{"type":"Polygon","coordinates":[[[77.56671,13.07333],[77.5668,13.07831],[77.56262,13.08082],[77.55837,13.07834],[77.55829,13.07335],[77.56246,13.07085],[77.56671,13.07333]]]},"properties":{"h3":"8860169653fffff","loss":null,"place":null}},{"type":"Feature","geometry":{"type":"Polygon","coordinates":[[[77.57948,13.08077],[77.57956,13.08576],[77.57539,13.08827],[77.57113,13.08578],[77.57105,13.0808],[77.57522,13.07829],[77.57948,13.08077]]]},"properties":{"h3":"8860169655fffff","loss":null,"place":null}},{"type":"Feature","geometry":{"type":"Polygon","coordinates":[[[77.57105,13.0808],[77.57113,13.08578],[77.56696,13.08829],[77.56271,13.08581],[77.56262,13.08082],[77.5668,13.07831],[77.57105,13.0808]]]},"properties":{"h3":"8860169657fffff","loss":null,"place":null}},{"type":"Feature","geometry":{"type":"Polygon","coordinates":[[[77.57922,13.06581],[77.57931,13.0708],[77.57514,13.07331],[77.57088,13.07082],[77.5708,13.06584],[77.57497,13.06333],[77.57922,13.06581]]]},"properties":{"h3":"8860169659fffff","loss":null,"place":null}},{"type":"Feature","geometry":{"type":"Polygon","coordinates":[[[77.5708,13.06584],[77.57088,13.07082],[77.56671,13.07333],[77.56246,13.07085],[77.56237,13.06586],[77.56655,13.06336],[77.5708,13.06584]]]},"properties":{"h3":"886016965bfffff","loss":null,"place":null}},{"type":"Feature","geometry":{"type":"Polygon","coordinates":[[[77.58356,13.07328],[77.58365,13.07827],[77.57948,13.08077],[77.57522,13.07829],[77.57514,13.07331],[77.57931,13.0708],[77.58356,13.07328]]]},"properties":{"h3":"886016965dfffff","loss":null,"place":null}},{"type":"Feature","geometry":{"type":"Polygon","coordinates":[[[77.60092,13.10316],[77.60101,13.10814],[77.59683,13.11065],[77.59258,13.10817],[77.59249,13.10318],[77.59667,13.10068],[77.60092,13.10316]]]},"properties":{"h3":"8860169661fffff","loss":0.042,"place":null}},{"type":"Feature","geometry":{"type":"Polygon","coordinates":[[[77.59249,13.10318],[77.59258,13.10817],[77.58841,13.11067],[77.58415,13.10819],[77.58407,13.1032],[77.58824,13.1007],[77.59249,13.10318]]]},"properties":{"h3":"8860169663fffff","loss":0.024,"place":null}},{"type":"Feature","geometry":{"type":"Polygon","coordinates":[[[77.60526,13.11063],[77.60535,13.11561],[77.60117,13.11812],[77.59692,13.11564],[77.59683,13.11065],[77.60101,13.10814],[77.60526,13.11063]]]},"properties":{"h3":"8860169665fffff","loss":0.018,"place":null}},{"type":"Feature","geometry":{"type":"Polygon","coordinates":[[[77.59683,13.11065],[77.59692,13.11564],[77.59275,13.11814],[77.58849,13.11566],[77.58841,13.11067],[77.59258,13.10817],[77.59683,13.11065]]]},"properties":{"h3":"8860169667fffff","loss":null,"place":null}},{"type":"Feature","geometry":{"type":"Polygon","coordinates":[[[77.60501,13.09567],[77.6051,13.10065],[77.60092,13.10316],[77.59667,13.10068],[77.59658,13.09569],[77.60075,13.09318],[77.60501,13.09567]]]},"properties":{"h3":"8860169669fffff","loss":0.081,"place":null}},{"type":"Feature","geometry":{"type":"Polygon","coordinates":[[[77.59658,13.09569],[77.59667,13.10068],[77.59249,13.10318],[77.58824,13.1007],[77.58815,13.09571],[77.59233,13.09321],[77.59658,13.09569]]]},"properties":{"h3":"886016966bfffff","loss":0.011,"place":null}},{"type":"Feature","geometry":{"type":"Polygon","coordinates":[[[77.60935,13.10313],[77.60944,13.10812],[77.60526,13.11063],[77.60101,13.10814],[77.60092,13.10316],[77.6051,13.10065],[77.60935,13.10313]]]},"properties":{"h3":"886016966dfffff","loss":0.031,"place":null}},{"type":"Feature","geometry":{"type":"Polygon","coordinates":[[[77.52076,13.09588],[77.52084,13.10087],[77.51667,13.10337],[77.51242,13.10089],[77.51234,13.0959],[77.51651,13.0934],[77.52076,13.09588]]]},"properties":{"h3":"8860169681fffff","loss":0.173,"place":"shivaram-karanth-layout"}},{"type":"Feature","geometry":{"type":"Polygon","coordinates":[[[77.51234,13.0959],[77.51242,13.10089],[77.50825,13.10339],[77.504,13.10091],[77.50392,13.09592],[77.50809,13.09342],[77.51234,13.0959]]]},"properties":{"h3":"8860169683fffff","loss":0.154,"place":"shivaram-karanth-layout"}},{"type":"Feature","geometry":{"type":"Polygon","coordinates":[[[77.52509,13.10335],[77.52518,13.10834],[77.52101,13.11084],[77.51675,13.10836],[77.51667,13.10337],[77.52084,13.10087],[77.52509,13.10335]]]},"properties":{"h3":"8860169685fffff","loss":0.195,"place":"shivaram-karanth-layout"}},{"type":"Feature","geometry":{"type":"Polygon","coordinates":[[[77.51667,13.10337],[77.51675,13.10836],[77.51259,13.11086],[77.50833,13.10837],[77.50825,13.10339],[77.51242,13.10089],[77.51667,13.10337]]]},"properties":{"h3":"8860169687fffff","loss":0.133,"place":"shivaram-karanth-layout"}},{"type":"Feature","geometry":{"type":"Polygon","coordinates":[[[77.52485,13.0884],[77.52493,13.09338],[77.52076,13.09588],[77.51651,13.0934],[77.51642,13.08842],[77.52059,13.08591],[77.52485,13.0884]]]},"properties":{"h3":"8860169689fffff","loss":0.114,"place":"shivaram-karanth-layout"}},{"type":"Feature","geometry":{"type":"Polygon","coordinates":[[[77.51642,13.08842],[77.51651,13.0934],[77.51234,13.0959],[77.50809,13.09342],[77.508,13.08844],[77.51217,13.08593],[77.51642,13.08842]]]},"properties":{"h3":"886016968bfffff","loss":0.18,"place":"shivaram-karanth-layout"}},{"type":"Feature","geometry":{"type":"Polygon","coordinates":[[[77.52918,13.09586],[77.52926,13.10085],[77.52509,13.10335],[77.52084,13.10087],[77.52076,13.09588],[77.52493,13.09338],[77.52918,13.09586]]]},"properties":{"h3":"886016968dfffff","loss":0.077,"place":null}},{"type":"Feature","geometry":{"type":"Polygon","coordinates":[[[77.49958,13.08846],[77.49967,13.09344],[77.4955,13.09594],[77.49125,13.09346],[77.49117,13.08848],[77.49533,13.08598],[77.49958,13.08846]]]},"properties":{"h3":"8860169691fffff","loss":null,"place":null}},{"type":"Feature","geometry":{"type":"Polygon","coordinates":[[[77.49117,13.08848],[77.49125,13.09346],[77.48708,13.09596],[77.48283,13.09348],[77.48275,13.0885],[77.48692,13.08599],[77.49117,13.08848]]]},"properties":{"h3":"8860169693fffff","loss":null,"place":null}},{"type":"Feature","geometry":{"type":"Polygon","coordinates":[[[77.50392,13.09592],[77.504,13.10091],[77.49983,13.10341],[77.49558,13.10093],[77.4955,13.09594],[77.49967,13.09344],[77.50392,13.09592]]]},"properties":{"h3":"8860169695fffff","loss":null,"place":null}},{"type":"Feature","geometry":{"type":"Polygon","coordinates":[[[77.4955,13.09594],[77.49558,13.10093],[77.49141,13.10343],[77.48716,13.10095],[77.48708,13.09596],[77.49125,13.09346],[77.4955,13.09594]]]},"properties":{"h3":"8860169697fffff","loss":0.004,"place":null}},{"type":"Feature","geometry":{"type":"Polygon","coordinates":[[[77.50367,13.08097],[77.50375,13.08595],[77.49958,13.08846],[77.49533,13.08598],[77.49525,13.08099],[77.49942,13.07849],[77.50367,13.08097]]]},"properties":{"h3":"8860169699fffff","loss":0.024,"place":null}},{"type":"Feature","geometry":{"type":"Polygon","coordinates":[[[77.49525,13.08099],[77.49533,13.08598],[77.49117,13.08848],[77.48692,13.08599],[77.48683,13.08101],[77.491,13.07851],[77.49525,13.08099]]]},"properties":{"h3":"886016969bfffff","loss":null,"place":null}},{"type":"Feature","geometry":{"type":"Polygon","coordinates":[[[77.508,13.08844],[77.50809,13.09342],[77.50392,13.09592],[77.49967,13.09344],[77.49958,13.08846],[77.50375,13.08595],[77.508,13.08844]]]},"properties":{"h3":"886016969dfffff","loss":0.112,"place":"shivaram-karanth-layout"}},{"type":"Feature","geometry":{"type":"Polygon","coordinates":[[[77.52534,13.11831],[77.52542,13.12329],[77.52125,13.12579],[77.517,13.12331],[77.51692,13.11832],[77.52109,13.11582],[77.52534,13.11831]]]},"properties":{"h3":"88601696a1fffff","loss":0.017,"place":null}},{"type":"Feature","geometry":{"type":"Polygon","coordinates":[[[77.51692,13.11832],[77.517,13.12331],[77.51283,13.12581],[77.50858,13.12333],[77.5085,13.11834],[77.51267,13.11584],[77.51692,13.11832]]]},"properties":{"h3":"88601696a3fffff","loss":null,"place":null}},{"type":"Feature","geometry":{"type":"Polygon","coordinates":[[[77.52968,13.12577],[77.52976,13.13076],[77.52559,13.13326],[77.52134,13.13078],[77.52125,13.12579],[77.52542,13.12329],[77.52968,13.12577]]]},"properties":{"h3":"88601696a5fffff","loss":0.029,"place":null}},{"type":"Feature","geometry":{"type":"Polygon","coordinates":[[[77.52125,13.12579],[77.52134,13.13078],[77.51717,13.13328],[77.51292,13.1308],[77.51283,13.12581],[77.517,13.12331],[77.52125,13.12579]]]},"properties":{"h3":"88601696a7fffff","loss":0.006,"place":null}},{"type":"Feature","geometry":{"type":"Polygon","coordinates":[[[77.52943,13.11082],[77.52951,13.1158],[77.52534,13.11831],[77.52109,13.11582],[77.52101,13.11084],[77.52518,13.10834],[77.52943,13.11082]]]},"properties":{"h3":"88601696a9fffff","loss":0.078,"place":null}},{"type":"Feature","geometry":{"type":"Polygon","coordinates":[[[77.52101,13.11084],[77.52109,13.11582],[77.51692,13.11832],[77.51267,13.11584],[77.51259,13.11086],[77.51675,13.10836],[77.52101,13.11084]]]},"properties":{"h3":"88601696abfffff","loss":0.031,"place":null}},{"type":"Feature","geometry":{"type":"Polygon","coordinates":[[[77.53376,13.11829],[77.53385,13.12327],[77.52968,13.12577],[77.52542,13.12329],[77.52534,13.11831],[77.52951,13.1158],[77.53376,13.11829]]]},"properties":{"h3":"88601696adfffff","loss":0.008,"place":null}},{"type":"Feature","geometry":{"type":"Polygon","coordinates":[[[77.50417,13.11088],[77.50425,13.11586],[77.50008,13.11836],[77.49583,13.11588],[77.49575,13.1109],[77.49991,13.10839],[77.50417,13.11088]]]},"properties":{"h3":"88601696b1fffff","loss":null,"place":null}},{"type":"Feature","geometry":{"type":"Polygon","coordinates":[[[77.49575,13.1109],[77.49583,13.11588],[77.49166,13.11838],[77.48741,13.1159],[77.48733,13.11091],[77.49149,13.10841],[77.49575,13.1109]]]},"properties":{"h3":"88601696b3fffff","loss":null,"place":null}},{"type":"Feature","geometry":{"type":"Polygon","coordinates":[[[77.5085,13.11834],[77.50858,13.12333],[77.50441,13.12583],[77.50016,13.12335],[77.50008,13.11836],[77.50425,13.11586],[77.5085,13.11834]]]},"properties":{"h3":"88601696b5fffff","loss":null,"place":null}},{"type":"Feature","geometry":{"type":"Polygon","coordinates":[[[77.50008,13.11836],[77.50016,13.12335],[77.49599,13.12585],[77.49174,13.12337],[77.49166,13.11838],[77.49583,13.11588],[77.50008,13.11836]]]},"properties":{"h3":"88601696b7fffff","loss":null,"place":null}},{"type":"Feature","geometry":{"type":"Polygon","coordinates":[[[77.50825,13.10339],[77.50833,13.10837],[77.50417,13.11088],[77.49991,13.10839],[77.49983,13.10341],[77.504,13.10091],[77.50825,13.10339]]]},"properties":{"h3":"88601696b9fffff","loss":null,"place":null}},{"type":"Feature","geometry":{"type":"Polygon","coordinates":[[[77.49983,13.10341],[77.49991,13.10839],[77.49575,13.1109],[77.49149,13.10841],[77.49141,13.10343],[77.49558,13.10093],[77.49983,13.10341]]]},"properties":{"h3":"88601696bbfffff","loss":null,"place":null}},{"type":"Feature","geometry":{"type":"Polygon","coordinates":[[[77.51259,13.11086],[77.51267,13.11584],[77.5085,13.11834],[77.50425,13.11586],[77.50417,13.11088],[77.50833,13.10837],[77.51259,13.11086]]]},"properties":{"h3":"88601696bdfffff","loss":null,"place":null}},{"type":"Feature","geometry":{"type":"Polygon","coordinates":[[[77.53735,13.08089],[77.53744,13.08587],[77.53327,13.08837],[77.52901,13.08589],[77.52893,13.08091],[77.5331,13.0784],[77.53735,13.08089]]]},"properties":{"h3":"88601696c1fffff","loss":0.049,"place":null}},{"type":"Feature","geometry":{"type":"Polygon","coordinates":[[[77.52893,13.08091],[77.52901,13.08589],[77.52485,13.0884],[77.52059,13.08591],[77.52051,13.08093],[77.52468,13.07843],[77.52893,13.08091]]]},"properties":{"h3":"88601696c3fffff","loss":0.076,"place":null}},{"type":"Feature","geometry":{"type":"Polygon","coordinates":[[[77.54169,13.08835],[77.54177,13.09334],[77.5376,13.09584],[77.53335,13.09336],[77.53327,13.08837],[77.53744,13.08587],[77.54169,13.08835]]]},"properties":{"h3":"88601696c5fffff","loss":0.027,"place":null}},{"type":"Feature","geometry":{"type":"Polygon","coordinates":[[[77.53327,13.08837],[77.53335,13.09336],[77.52918,13.09586],[77.52493,13.09338],[77.52485,13.0884],[77.52901,13.08589],[77.53327,13.08837]]]},"properties":{"h3":"88601696c7fffff","loss":0.078,"place":null}},{"type":"Feature","geometry":{"type":"Polygon","coordinates":[[[77.54144,13.0734],[77.54152,13.07838],[77.53735,13.08089],[77.5331,13.0784],[77.53302,13.07342],[77.53719,13.07091],[77.54144,13.0734]]]},"properties":{"h3":"88601696c9fffff","loss":0.012,"place":null}},{"type":"Feature","geometry":{"type":"Polygon","coordinates":[[[77.53302,13.07342],[77.5331,13.0784],[77.52893,13.08091],[77.52468,13.07843],[77.5246,13.07344],[77.52877,13.07094],[77.53302,13.07342]]]},"properties":{"h3":"88601696cbfffff","loss":0.023,"place":null}},{"type":"Feature","geometry":{"type":"Polygon","coordinates":[[[77.54578,13.08086],[77.54586,13.08585],[77.54169,13.08835],[77.53744,13.08587],[77.53735,13.08089],[77.54152,13.07838],[77.54578,13.08086]]]},"properties":{"h3":"88601696cdfffff","loss":null,"place":null}},{"type":"Feature","geometry":{"type":"Polygon","coordinates":[[[77.51618,13.07346],[77.51626,13.07845],[77.51209,13.08095],[77.50784,13.07847],[77.50776,13.07348],[77.51193,13.07098],[77.51618,13.07346]]]},"properties":{"h3":"88601696d1fffff","loss":0.006,"place":null}},{"type":"Feature","geometry":{"type":"Polygon","coordinates":[[[77.50776,13.07348],[77.50784,13.07847],[77.50367,13.08097],[77.49942,13.07849],[77.49934,13.0735],[77.50351,13.071],[77.50776,13.07348]]]},"properties":{"h3":"88601696d3fffff","loss":0.019,"place":null}},{"type":"Feature","geometry":{"type":"Polygon","coordinates":[[[77.52051,13.08093],[77.52059,13.08591],[77.51642,13.08842],[77.51217,13.08593],[77.51209,13.08095],[77.51626,13.07845],[77.52051,13.08093]]]},"properties":{"h3":"88601696d5fffff","loss":0.145,"place":"shivaram-karanth-layout"}},{"type":"Feature","geometry":{"type":"Polygon","coordinates":[[[77.51209,13.08095],[77.51217,13.08593],[77.508,13.08844],[77.50375,13.08595],[77.50367,13.08097],[77.50784,13.07847],[77.51209,13.08095]]]},"properties":{"h3":"88601696d7fffff","loss":0.119,"place":null}},{"type":"Feature","geometry":{"type":"Polygon","coordinates":[[[77.52026,13.06597],[77.52035,13.07096],[77.51618,13.07346],[77.51193,13.07098],[77.51184,13.066],[77.51601,13.06349],[77.52026,13.06597]]]},"properties":{"h3":"88601696d9fffff","loss":null,"place":null}},{"type":"Feature","geometry":{"type":"Polygon","coordinates":[[[77.51184,13.066],[77.51193,13.07098],[77.50776,13.07348],[77.50351,13.071],[77.50342,13.06602],[77.50759,13.06351],[77.51184,13.066]]]},"properties":{"h3":"88601696dbfffff","loss":0.006,"place":null}},{"type":"Feature","geometry":{"type":"Polygon","coordinates":[[[77.5246,13.07344],[77.52468,13.07843],[77.52051,13.08093],[77.51626,13.07845],[77.51618,13.07346],[77.52035,13.07096],[77.5246,13.07344]]]},"properties":{"h3":"88601696ddfffff","loss":0.009,"place":null}},{"type":"Feature","geometry":{"type":"Polygon","coordinates":[[[77.54194,13.10331],[77.54202,13.10829],[77.53785,13.1108],[77.5336,13.10832],[77.53352,13.10333],[77.53769,13.10083],[77.54194,13.10331]]]},"properties":{"h3":"88601696e1fffff","loss":null,"place":null}},{"type":"Feature","geometry":{"type":"Polygon","coordinates":[[[77.53352,13.10333],[77.5336,13.10832],[77.52943,13.11082],[77.52518,13.10834],[77.52509,13.10335],[77.52926,13.10085],[77.53352,13.10333]]]},"properties":{"h3":"88601696e3fffff","loss":0.112,"place":"shivaram-karanth-layout"}},{"type":"Feature","geometry":{"type":"Polygon","coordinates":[[[77.54628,13.11078],[77.54636,13.11576],[77.54219,13.11827],[77.53793,13.11578],[77.53785,13.1108],[77.54202,13.10829],[77.54628,13.11078]]]},"properties":{"h3":"88601696e5fffff","loss":null,"place":null}},{"type":"Feature","geometry":{"type":"Polygon","coordinates":[[[77.53785,13.1108],[77.53793,13.11578],[77.53376,13.11829],[77.52951,13.1158],[77.52943,13.11082],[77.5336,13.10832],[77.53785,13.1108]]]},"properties":{"h3":"88601696e7fffff","loss":null,"place":null}},{"type":"Feature","geometry":{"type":"Polygon","coordinates":[[[77.54603,13.09582],[77.54611,13.10081],[77.54194,13.10331],[77.53769,13.10083],[77.5376,13.09584],[77.54177,13.09334],[77.54603,13.09582]]]},"properties":{"h3":"88601696e9fffff","loss":0.053,"place":null}},{"type":"Feature","geometry":{"type":"Polygon","coordinates":[[[77.5376,13.09584],[77.53769,13.10083],[77.53352,13.10333],[77.52926,13.10085],[77.52918,13.09586],[77.53335,13.09336],[77.5376,13.09584]]]},"properties":{"h3":"88601696ebfffff","loss":0.038,"place":null}},{"type":"Feature","geometry":{"type":"Polygon","coordinates":[[[77.55036,13.10329],[77.55045,13.10827],[77.54628,13.11078],[77.54202,13.10829],[77.54194,13.10331],[77.54611,13.10081],[77.55036,13.10329]]]},"properties":{"h3":"88601696edfffff","loss":null,"place":null}},{"type":"Feature","geometry":{"type":"Polygon","coordinates":[[[77.61011,13.14802],[77.61019,13.15301],[77.60602,13.15551],[77.60176,13.15303],[77.60168,13.14804],[77.60585,13.14554],[77.61011,13.14802]]]},"properties":{"h3":"8860169701fffff","loss":null,"place":null}},{"type":"Feature","geometry":{"type":"Polygon","coordinates":[[[77.60168,13.14804],[77.60176,13.15303],[77.59759,13.15553],[77.59333,13.15305],[77.59325,13.14806],[77.59742,13.14556],[77.60168,13.14804]]]},"properties":{"h3":"8860169703fffff","loss":null,"place":null}},{"type":"Feature","geometry":{"type":"Polygon","coordinates":[[[77.61445,13.15549],[77.61454,13.16048],[77.61036,13.16298],[77.6061,13.1605],[77.60602,13.15551],[77.61019,13.15301],[77.61445,13.15549]]]},"properties":{"h3":"8860169705fffff","loss":0.012,"place":null}},{"type":"Feature","geometry":{"type":"Polygon","coordinates":[[[77.60602,13.15551],[77.6061,13.1605],[77.60193,13.163],[77.59767,13.16052],[77.59759,13.15553],[77.60176,13.15303],[77.60602,13.15551]]]},"properties":{"h3":"8860169707fffff","loss":0.025,"place":null}},{"type":"Feature","geometry":{"type":"Polygon","coordinates":[[[77.6142,13.14053],[77.61428,13.14551],[77.61011,13.14802],[77.60585,13.14554],[77.60577,13.14055],[77.60994,13.13804],[77.6142,13.14053]]]},"properties":{"h3":"8860169709fffff","loss":null,"place":null}},{"type":"Feature","geometry":{"type":"Polygon","coordinates":[[[77.60577,13.14055],[77.60585,13.14554],[77.60168,13.14804],[77.59742,13.14556],[77.59734,13.14057],[77.60151,13.13807],[77.60577,13.14055]]]},"properties":{"h3":"886016970bfffff","loss":null,"place":null}},{"type":"Feature","geometry":{"type":"Polygon","coordinates":[[[77.61854,13.148],[77.61863,13.15298],[77.61445,13.15549],[77.61019,13.15301],[77.61011,13.14802],[77.61428,13.14551],[77.61854,13.148]]]},"properties":{"h3":"886016970dfffff","loss":0.031,"place":null}},{"type":"Feature","geometry":{"type":"Polygon","coordinates":[[[77.58891,13.14059],[77.58899,13.14558],[77.58482,13.14808],[77.58056,13.1456],[77.58048,13.14061],[77.58465,13.13811],[77.58891,13.14059]]]},"properties":{"h3":"8860169711fffff","loss":0.043,"place":null}},{"type":"Feature","geometry":{"type":"Polygon","coordinates":[[[77.58048,13.14061],[77.58056,13.1456],[77.57639,13.1481],[77.57214,13.14562],[77.57205,13.14063],[77.57622,13.13813],[77.58048,13.14061]]]},"properties":{"h3":"8860169713fffff","loss":null,"place":null}},{"type":"Feature","geometry":{"type":"Polygon","coordinates":[[[77.59325,13.14806],[77.59333,13.15305],[77.58916,13.15555],[77.5849,13.15307],[77.58482,13.14808],[77.58899,13.14558],[77.59325,13.14806]]]},"properties":{"h3":"8860169715fffff","loss":0.051,"place":null}},{"type":"Feature","geometry":{"type":"Polygon","coordinates":[[[77.58482,13.14808],[77.5849,13.15307],[77.58073,13.15557],[77.57648,13.15309],[77.57639,13.1481],[77.58056,13.1456],[77.58482,13.14808]]]},"properties":{"h3":"8860169717fffff","loss":0.023,"place":null}},{"type":"Feature","geometry":{"type":"Polygon","coordinates":[[[77.593,13.1331],[77.59308,13.13809],[77.58891,13.14059],[77.58465,13.13811],[77.58457,13.13312],[77.58874,13.13062],[77.593,13.1331]]]},"properties":{"h3":"8860169719fffff","loss":null,"place":null}},{"type":"Feature","geometry":{"type":"Polygon","coordinates":[[[77.58457,13.13312],[77.58465,13.13811],[77.58048,13.14061],[77.57622,13.13813],[77.57614,13.13314],[77.58031,13.13064],[77.58457,13.13312]]]},"properties":{"h3":"886016971bfffff","loss":null,"place":null}},{"type":"Feature","geometry":{"type":"Polygon","coordinates":[[[77.59734,13.14057],[77.59742,13.14556],[77.59325,13.14806],[77.58899,13.14558],[77.58891,13.14059],[77.59308,13.13809],[77.59734,13.14057]]]},"properties":{"h3":"886016971dfffff","loss":null,"place":null}},{"type":"Feature","geometry":{"type":"Polygon","coordinates":[[[77.6147,13.17045],[77.61479,13.17544],[77.61062,13.17794],[77.60636,13.17546],[77.60627,13.17047],[77.61045,13.16797],[77.6147,13.17045]]]},"properties":{"h3":"8860169721fffff","loss":null,"place":null}},{"type":"Feature","geometry":{"type":"Polygon","coordinates":[[[77.60627,13.17047],[77.60636,13.17546],[77.60218,13.17796],[77.59793,13.17548],[77.59784,13.17049],[77.60202,13.16799],[77.60627,13.17047]]]},"properties":{"h3":"8860169723fffff","loss":0.023,"place":null}},{"type":"Feature","geometry":{"type":"Polygon","coordinates":[[[77.61905,13.17792],[77.61913,13.18291],[77.61496,13.18541],[77.6107,13.18293],[77.61062,13.17794],[77.61479,13.17544],[77.61905,13.17792]]]},"properties":{"h3":"8860169725fffff","loss":null,"place":null}},{"type":"Feature","geometry":{"type":"Polygon","coordinates":[[[77.61062,13.17794],[77.6107,13.18293],[77.60653,13.18543],[77.60227,13.18295],[77.60218,13.17796],[77.60636,13.17546],[77.61062,13.17794]]]},"properties":{"h3":"8860169727fffff","loss":null,"place":null}},{"type":"Feature","geometry":{"type":"Polygon","coordinates":[[[77.61879,13.16296],[77.61888,13.16795],[77.6147,13.17045],[77.61045,13.16797],[77.61036,13.16298],[77.61454,13.16048],[77.61879,13.16296]]]},"properties":{"h3":"8860169729fffff","loss":null,"place":null}},{"type":"Feature","geometry":{"type":"Polygon","coordinates":[[[77.61036,13.16298],[77.61045,13.16797],[77.60627,13.17047],[77.60202,13.16799],[77.60193,13.163],[77.6061,13.1605],[77.61036,13.16298]]]},"properties":{"h3":"886016972bfffff","loss":null,"place":null}},{"type":"Feature","geometry":{"type":"Polygon","coordinates":[[[77.62314,13.17043],[77.62322,13.17542],[77.61905,13.17792],[77.61479,13.17544],[77.6147,13.17045],[77.61888,13.16795],[77.62314,13.17043]]]},"properties":{"h3":"886016972dfffff","loss":null,"place":null}},{"type":"Feature","geometry":{"type":"Polygon","coordinates":[[[77.5935,13.16302],[77.59358,13.16801],[77.58941,13.17051],[77.58516,13.16802],[77.58507,13.16304],[77.58924,13.16054],[77.5935,13.16302]]]},"properties":{"h3":"8860169731fffff","loss":null,"place":null}},{"type":"Feature","geometry":{"type":"Polygon","coordinates":[[[77.58507,13.16304],[77.58516,13.16802],[77.58098,13.17053],[77.57673,13.16804],[77.57664,13.16306],[77.58082,13.16056],[77.58507,13.16304]]]},"properties":{"h3":"8860169733fffff","loss":null,"place":null}},{"type":"Feature","geometry":{"type":"Polygon","coordinates":[[[77.59784,13.17049],[77.59793,13.17548],[77.59375,13.17798],[77.5895,13.17549],[77.58941,13.17051],[77.59358,13.16801],[77.59784,13.17049]]]},"properties":{"h3":"8860169735fffff","loss":null,"place":null}},{"type":"Feature","geometry":{"type":"Polygon","coordinates":[[[77.58941,13.17051],[77.5895,13.17549],[77.58532,13.178],[77.58107,13.17551],[77.58098,13.17053],[77.58516,13.16802],[77.58941,13.17051]]]},"properties":{"h3":"8860169737fffff","loss":0.007,"place":null}},{"type":"Feature","geometry":{"type":"Polygon","coordinates":[[[77.59759,13.15553],[77.59767,13.16052],[77.5935,13.16302],[77.58924,13.16054],[77.58916,13.15555],[77.59333,13.15305],[77.59759,13.15553]]]},"properties":{"h3":"8860169739fffff","loss":0.01,"place":null}},{"type":"Feature","geometry":{"type":"Polygon","coordinates":[[[77.58916,13.15555],[77.58924,13.16054],[77.58507,13.16304],[77.58082,13.16056],[77.58073,13.15557],[77.5849,13.15307],[77.58916,13.15555]]]},"properties":{"h3":"886016973bfffff","loss":0.081,"place":null}},{"type":"Feature","geometry":{"type":"Polygon","coordinates":[[[77.60193,13.163],[77.60202,13.16799],[77.59784,13.17049],[77.59358,13.16801],[77.5935,13.16302],[77.59767,13.16052],[77.60193,13.163]]]},"properties":{"h3":"886016973dfffff","loss":null,"place":null}},{"type":"Feature","geometry":{"type":"Polygon","coordinates":[[[77.62672,13.13301],[77.6268,13.138],[77.62263,13.14051],[77.61837,13.13802],[77.61829,13.13304],[77.62246,13.13053],[77.62672,13.13301]]]},"properties":{"h3":"8860169741fffff","loss":null,"place":null}},{"type":"Feature","geometry":{"type":"Polygon","coordinates":[[[77.61829,13.13304],[77.61837,13.13802],[77.6142,13.14053],[77.60994,13.13804],[77.60986,13.13306],[77.61403,13.13055],[77.61829,13.13304]]]},"properties":{"h3":"8860169743fffff","loss":null,"place":null}},{"type":"Feature","geometry":{"type":"Polygon","coordinates":[[[77.63106,13.14048],[77.63115,13.14547],[77.62697,13.14798],[77.62272,13.14549],[77.62263,13.14051],[77.6268,13.138],[77.63106,13.14048]]]},"properties":{"h3":"8860169745fffff","loss":0.004,"place":null}},{"type":"Feature","geometry":{"type":"Polygon","coordinates":[[[77.62263,13.14051],[77.62272,13.14549],[77.61854,13.148],[77.61428,13.14551],[77.6142,13.14053],[77.61837,13.13802],[77.62263,13.14051]]]},"properties":{"h3":"8860169747fffff","loss":0.022,"place":null}},{"type":"Feature","geometry":{"type":"Polygon","coordinates":[[[77.63081,13.12552],[77.63089,13.13051],[77.62672,13.13301],[77.62246,13.13053],[77.62238,13.12554],[77.62655,13.12304],[77.63081,13.12552]]]},"properties":{"h3":"8860169749fffff","loss":null,"place":null}},{"type":"Feature","geometry":{"type":"Polygon","coordinates":[[[77.62238,13.12554],[77.62246,13.13053],[77.61829,13.13304],[77.61403,13.13055],[77.61395,13.12557],[77.61812,13.12306],[77.62238,13.12554]]]},"properties":{"h3":"886016974bfffff","loss":null,"place":null}},{"type":"Feature","geometry":{"type":"Polygon","coordinates":[[[77.63515,13.13299],[77.63524,13.13798],[77.63106,13.14048],[77.6268,13.138],[77.62672,13.13301],[77.63089,13.13051],[77.63515,13.13299]]]},"properties":{"h3":"886016974dfffff","loss":null,"place":null}},{"type":"Feature","geometry":{"type":"Polygon","coordinates":[[[77.60552,13.12559],[77.6056,13.13057],[77.60143,13.13308],[77.59717,13.1306],[77.59709,13.12561],[77.60126,13.12311],[77.60552,13.12559]]]},"properties":{"h3":"8860169751fffff","loss":null,"place":null}},{"type":"Feature","geometry":{"type":"Polygon","coordinates":[[[77.59709,13.12561],[77.59717,13.1306],[77.593,13.1331],[77.58874,13.13062],[77.58866,13.12563],[77.59283,13.12313],[77.59709,13.12561]]]},"properties":{"h3":"8860169753fffff","loss":null,"place":null}},{"type":"Feature","geometry":{"type":"Polygon","coordinates":[[[77.60986,13.13306],[77.60994,13.13804],[77.60577,13.14055],[77.60151,13.13807],[77.60143,13.13308],[77.6056,13.13057],[77.60986,13.13306]]]},"properties":{"h3":"8860169755fffff","loss":null,"place":null}},{"type":"Feature","geometry":{"type":"Polygon","coordinates":[[[77.60143,13.13308],[77.60151,13.13807],[77.59734,13.14057],[77.59308,13.13809],[77.593,13.1331],[77.59717,13.1306],[77.60143,13.13308]]]},"properties":{"h3":"8860169757fffff","loss":null,"place":null}},{"type":"Feature","geometry":{"type":"Polygon","coordinates":[[[77.6096,13.1181],[77.60969,13.12308],[77.60552,13.12559],[77.60126,13.12311],[77.60117,13.11812],[77.60535,13.11561],[77.6096,13.1181]]]},"properties":{"h3":"8860169759fffff","loss":null,"place":null}},{"type":"Feature","geometry":{"type":"Polygon","coordinates":[[[77.60117,13.11812],[77.60126,13.12311],[77.59709,13.12561],[77.59283,13.12313],[77.59275,13.11814],[77.59692,13.11564],[77.60117,13.11812]]]},"properties":{"h3":"886016975bfffff","loss":0.004,"place":null}},{"type":"Feature","geometry":{"type":"Polygon","coordinates":[[[77.61395,13.12557],[77.61403,13.13055],[77.60986,13.13306],[77.6056,13.13057],[77.60552,13.12559],[77.60969,13.12308],[77.61395,13.12557]]]},"properties":{"h3":"886016975dfffff","loss":null,"place":null}},{"type":"Feature","geometry":{"type":"Polygon","coordinates":[[[77.63132,13.15545],[77.6314,13.16043],[77.62723,13.16294],[77.62297,13.16046],[77.62288,13.15547],[77.62706,13.15296],[77.63132,13.15545]]]},"properties":{"h3":"8860169761fffff","loss":null,"place":null}},{"type":"Feature","geometry":{"type":"Polygon","coordinates":[[[77.62288,13.15547],[77.62297,13.16046],[77.61879,13.16296],[77.61454,13.16048],[77.61445,13.15549],[77.61863,13.15298],[77.62288,13.15547]]]},"properties":{"h3":"8860169763fffff","loss":null,"place":null}},{"type":"Feature","geometry":{"type":"Polygon","coordinates":[[[77.63566,13.16292],[77.63575,13.16791],[77.63157,13.17041],[77.62731,13.16793],[77.62723,13.16294],[77.6314,13.16043],[77.63566,13.16292]]]},"properties":{"h3":"8860169765fffff","loss":0.012,"place":null}},{"type":"Feature","geometry":{"type":"Polygon","coordinates":[[[77.62723,13.16294],[77.62731,13.16793],[77.62314,13.17043],[77.61888,13.16795],[77.61879,13.16296],[77.62297,13.16046],[77.62723,13.16294]]]},"properties":{"h3":"8860169767fffff","loss":null,"place":null}},{"type":"Feature","geometry":{"type":"Polygon","coordinates":[[[77.63541,13.14795],[77.63549,13.15294],[77.63132,13.15545],[77.62706,13.15296],[77.62697,13.14798],[77.63115,13.14547],[77.63541,13.14795]]]},"properties":{"h3":"8860169769fffff","loss":null,"place":null}},{"type":"Feature","geometry":{"type":"Polygon","coordinates":[[[77.62697,13.14798],[77.62706,13.15296],[77.62288,13.15547],[77.61863,13.15298],[77.61854,13.148],[77.62272,13.14549],[77.62697,13.14798]]]},"properties":{"h3":"886016976bfffff","loss":null,"place":null}},{"type":"Feature","geometry":{"type":"Polygon","coordinates":[[[77.63975,13.15543],[77.63984,13.16041],[77.63566,13.16292],[77.6314,13.16043],[77.63132,13.15545],[77.63549,13.15294],[77.63975,13.15543]]]},"properties":{"h3":"886016976dfffff","loss":null,"place":null}},{"type":"Feature","geometry":{"type":"Polygon","coordinates":[[[77.78368,12.93783],[77.78376,12.94282],[77.77959,12.94534],[77.77532,12.94286],[77.77524,12.93787],[77.77941,12.93535],[77.78368,12.93783]]]},"properties":{"h3":"8861892001fffff","loss":0.011,"place":null}},{"type":"Feature","geometry":{"type":"Polygon","coordinates":[[[77.77524,12.93787],[77.77532,12.94286],[77.77115,12.94537],[77.76688,12.9429],[77.76679,12.9379],[77.77097,12.93539],[77.77524,12.93787]]]},"properties":{"h3":"8861892003fffff","loss":0.079,"place":null}},{"type":"Feature","geometry":{"type":"Polygon","coordinates":[[[77.78803,12.9453],[77.78812,12.9503],[77.78394,12.95281],[77.77967,12.95033],[77.77959,12.94534],[77.78376,12.94282],[77.78803,12.9453]]]},"properties":{"h3":"8861892005fffff","loss":0.069,"place":null}},{"type":"Feature","geometry":{"type":"Polygon","coordinates":[[[77.77959,12.94534],[77.77967,12.95033],[77.7755,12.95285],[77.77123,12.95037],[77.77115,12.94537],[77.77532,12.94286],[77.77959,12.94534]]]},"properties":{"h3":"8861892007fffff","loss":0.046,"place":null}},{"type":"Feature","geometry":{"type":"Polygon","coordinates":[[[77.78777,12.93032],[77.78785,12.93532],[77.78368,12.93783],[77.77941,12.93535],[77.77932,12.93036],[77.7835,12.92784],[77.78777,12.93032]]]},"properties":{"h3":"8861892009fffff","loss":0.079,"place":null}},{"type":"Feature","geometry":{"type":"Polygon","coordinates":[[[77.77932,12.93036],[77.77941,12.93535],[77.77524,12.93787],[77.77097,12.93539],[77.77088,12.9304],[77.77506,12.92788],[77.77932,12.93036]]]},"properties":{"h3":"886189200bfffff","loss":0.009,"place":null}},{"type":"Feature","geometry":{"type":"Polygon","coordinates":[[[77.79212,12.93779],[77.79221,12.94279],[77.78803,12.9453],[77.78376,12.94282],[77.78368,12.93783],[77.78785,12.93532],[77.79212,12.93779]]]},"properties":{"h3":"886189200dfffff","loss":0.041,"place":null}},{"type":"Feature","geometry":{"type":"Polygon","coordinates":[[[77.76244,12.93043],[77.76253,12.93542],[77.75835,12.93794],[77.75409,12.93546],[77.75401,12.93047],[77.75818,12.92795],[77.76244,12.93043]]]},"properties":{"h3":"8861892011fffff","loss":0.026,"place":null}},{"type":"Feature","geometry":{"type":"Polygon","coordinates":[[[77.75401,12.93047],[77.75409,12.93546],[77.74992,12.93797],[77.74565,12.9355],[77.74557,12.9305],[77.74974,12.92799],[77.75401,12.93047]]]},"properties":{"h3":"8861892013fffff","loss":0.075,"place":null}},{"type":"Feature","geometry":{"type":"Polygon","coordinates":[[[77.76679,12.9379],[77.76688,12.9429],[77.7627,12.94541],[77.75844,12.94293],[77.75835,12.93794],[77.76253,12.93542],[77.76679,12.9379]]]},"properties":{"h3":"8861892015fffff","loss":0.054,"place":null}},{"type":"Feature","geometry":{"type":"Polygon","coordinates":[[[77.75835,12.93794],[77.75844,12.94293],[77.75427,12.94544],[77.75,12.94297],[77.74992,12.93797],[77.75409,12.93546],[77.75835,12.93794]]]},"properties":{"h3":"8861892017fffff","loss":0.026,"place":null}},{"type":"Feature","geometry":{"type":"Polygon","coordinates":[[[77.76653,12.92292],[77.76662,12.92792],[77.76244,12.93043],[77.75818,12.92795],[77.75809,12.92296],[77.76227,12.92045],[77.76653,12.92292]]]},"properties":{"h3":"8861892019fffff","loss":0.043,"place":null}},{"type":"Feature","geometry":{"type":"Polygon","coordinates":[[[77.75809,12.92296],[77.75818,12.92795],[77.75401,12.93047],[77.74974,12.92799],[77.74966,12.923],[77.75383,12.92048],[77.75809,12.92296]]]},"properties":{"h3":"886189201bfffff","loss":0.047,"place":null}},{"type":"Feature","geometry":{"type":"Polygon","coordinates":[[[77.77088,12.9304],[77.77097,12.93539],[77.76679,12.9379],[77.76253,12.93542],[77.76244,12.93043],[77.76662,12.92792],[77.77088,12.9304]]]},"properties":{"h3":"886189201dfffff","loss":0.07,"place":null}},{"type":"Feature","geometry":{"type":"Polygon","coordinates":[[[77.78829,12.96028],[77.78838,12.96528],[77.7842,12.96779],[77.77993,12.96531],[77.77985,12.96032],[77.78402,12.9578],[77.78829,12.96028]]]},"properties":{"h3":"8861892021fffff","loss":0.117,"place":null}},{"type":"Feature","geometry":{"type":"Polygon","coordinates":[[[77.77985,12.96032],[77.77993,12.96531],[77.77576,12.96782],[77.77149,12.96535],[77.77141,12.96035],[77.77558,12.95784],[77.77985,12.96032]]]},"properties":{"h3":"8861892023fffff","loss":0.097,"place":null}},{"type":"Feature","geometry":{"type":"Polygon","coordinates":[[[77.79264,12.96775],[77.79273,12.97275],[77.78855,12.97526],[77.78429,12.97278],[77.7842,12.96779],[77.78838,12.96528],[77.79264,12.96775]]]},"properties":{"h3":"8861892025fffff","loss":0.06,"place":null}},{"type":"Feature","geometry":{"type":"Polygon","coordinates":[[[77.7842,12.96779],[77.78429,12.97278],[77.78011,12.9753],[77.77584,12.97282],[77.77576,12.96782],[77.77993,12.96531],[77.7842,12.96779]]]},"properties":{"h3":"8861892027fffff","loss":null,"place":null}},{"type":"Feature","geometry":{"type":"Polygon","coordinates":[[[77.79238,12.95277],[77.79247,12.95777],[77.78829,12.96028],[77.78402,12.9578],[77.78394,12.95281],[77.78812,12.9503],[77.79238,12.95277]]]},"properties":{"h3":"8861892029fffff","loss":0.071,"place":null}},{"type":"Feature","geometry":{"type":"Polygon","coordinates":[[[77.78394,12.95281],[77.78402,12.9578],[77.77985,12.96032],[77.77558,12.95784],[77.7755,12.95285],[77.77967,12.95033],[77.78394,12.95281]]]},"properties":{"h3":"886189202bfffff","loss":0.05,"place":null}},{"type":"Feature","geometry":{"type":"Polygon","coordinates":[[[77.79673,12.96025],[77.79682,12.96524],[77.79264,12.96775],[77.78838,12.96528],[77.78829,12.96028],[77.79247,12.95777],[77.79673,12.96025]]]},"properties":{"h3":"886189202dfffff","loss":0.099,"place":null}},{"type":"Feature","geometry":{"type":"Polygon","coordinates":[[[77.76706,12.95288],[77.76714,12.95787],[77.76297,12.96039],[77.7587,12.95791],[77.75861,12.95292],[77.76279,12.9504],[77.76706,12.95288]]]},"properties":{"h3":"8861892031fffff","loss":0.156,"place":"varthur"}},{"type":"Feature","geometry":{"type":"Polygon","coordinates":[[[77.75861,12.95292],[77.7587,12.95791],[77.75453,12.96042],[77.75026,12.95794],[77.75018,12.95295],[77.75435,12.95044],[77.75861,12.95292]]]},"properties":{"h3":"8861892033fffff","loss":0.058,"place":null}},{"type":"Feature","geometry":{"type":"Polygon","coordinates":[[[77.77141,12.96035],[77.77149,12.96535],[77.76732,12.96786],[77.76305,12.96538],[77.76297,12.96039],[77.76714,12.95787],[77.77141,12.96035]]]},"properties":{"h3":"8861892035fffff","loss":0.044,"place":null}},{"type":"Feature","geometry":{"type":"Polygon","coordinates":[[[77.76297,12.96039],[77.76305,12.96538],[77.75888,12.96789],[77.75461,12.96541],[77.75453,12.96042],[77.7587,12.95791],[77.76297,12.96039]]]},"properties":{"h3":"8861892037fffff","loss":0.027,"place":null}},{"type":"Feature","geometry":{"type":"Polygon","coordinates":[[[77.77115,12.94537],[77.77123,12.95037],[77.76706,12.95288],[77.76279,12.9504],[77.7627,12.94541],[77.76688,12.9429],[77.77115,12.94537]]]},"properties":{"h3":"8861892039fffff","loss":0.093,"place":null}},{"type":"Feature","geometry":{"type":"Polygon","coordinates":[[[77.7627,12.94541],[77.76279,12.9504],[77.75861,12.95292],[77.75435,12.95044],[77.75427,12.94544],[77.75844,12.94293],[77.7627,12.94541]]]},"properties":{"h3":"886189203bfffff","loss":0.125,"place":"varthur"}},{"type":"Feature","geometry":{"type":"Polygon","coordinates":[[[77.7755,12.95285],[77.77558,12.95784],[77.77141,12.96035],[77.76714,12.95787],[77.76706,12.95288],[77.77123,12.95037],[77.7755,12.95285]]]},"properties":{"h3":"886189203dfffff","loss":0.085,"place":null}},{"type":"Feature","geometry":{"type":"Polygon","coordinates":[[[77.8003,12.92278],[77.80039,12.92777],[77.79621,12.93028],[77.79194,12.92781],[77.79186,12.92281],[77.79603,12.9203],[77.8003,12.92278]]]},"properties":{"h3":"8861892041fffff","loss":0.079,"place":null}},{"type":"Feature","geometry":{"type":"Polygon","coordinates":[[[77.79186,12.92281],[77.79194,12.92781],[77.78777,12.93032],[77.7835,12.92784],[77.78341,12.92285],[77.78759,12.92033],[77.79186,12.92281]]]},"properties":{"h3":"8861892043fffff","loss":0.089,"place":null}},{"type":"Feature","geometry":{"type":"Polygon","coordinates":[[[77.80465,12.93025],[77.80474,12.93524],[77.80056,12.93776],[77.7963,12.93528],[77.79621,12.93028],[77.80039,12.92777],[77.80465,12.93025]]]},"properties":{"h3":"8861892045fffff","loss":0.054,"place":null}},{"type":"Feature","geometry":{"type":"Polygon","coordinates":[[[77.79621,12.93028],[77.7963,12.93528],[77.79212,12.93779],[77.78785,12.93532],[77.78777,12.93032],[77.79194,12.92781],[77.79621,12.93028]]]},"properties":{"h3":"8861892047fffff","loss":0.112,"place":null}},{"type":"Feature","geometry":{"type":"Polygon","coordinates":[[[77.80439,12.91527],[77.80448,12.92026],[77.8003,12.92278],[77.79603,12.9203],[77.79595,12.9153],[77.80012,12.91279],[77.80439,12.91527]]]},"properties":{"h3":"8861892049fffff","loss":0.03,"place":null}},{"type":"Feature","geometry":{"type":"Polygon","coordinates":[[[77.79595,12.9153],[77.79603,12.9203],[77.79186,12.92281],[77.78759,12.92033],[77.7875,12.91534],[77.79168,12.91283],[77.79595,12.9153]]]},"properties":{"h3":"886189204bfffff","loss":0.05,"place":null}},{"type":"Feature","geometry":{"type":"Polygon","coordinates":[[[77.80874,12.92274],[77.80883,12.92773],[77.80465,12.93025],[77.80039,12.92777],[77.8003,12.92278],[77.80448,12.92026],[77.80874,12.92274]]]},"properties":{"h3":"886189204dfffff","loss":0.078,"place":null}},{"type":"Feature","geometry":{"type":"Polygon","coordinates":[[[77.77906,12.91538],[77.77915,12.92037],[77.77497,12.92289],[77.77071,12.92041],[77.77062,12.91542],[77.7748,12.9129],[77.77906,12.91538]]]},"properties":{"h3":"8861892051fffff","loss":0.034,"place":null}},{"type":"Feature","geometry":{"type":"Polygon","coordinates":[[[77.77062,12.91542],[77.77071,12.92041],[77.76653,12.92292],[77.76227,12.92045],[77.76218,12.91545],[77.76636,12.91294],[77.77062,12.91542]]]},"properties":{"h3":"8861892053fffff","loss":0.072,"place":null}},{"type":"Feature","geometry":{"type":"Polygon","coordinates":[[[77.78341,12.92285],[77.7835,12.92784],[77.77932,12.93036],[77.77506,12.92788],[77.77497,12.92289],[77.77915,12.92037],[77.78341,12.92285]]]},"properties":{"h3":"8861892055fffff","loss":0.084,"place":null}},{"type":"Feature","geometry":{"type":"Polygon","coordinates":[[[77.77497,12.92289],[77.77506,12.92788],[77.77088,12.9304],[77.76662,12.92792],[77.76653,12.92292],[77.77071,12.92041],[77.77497,12.92289]]]},"properties":{"h3":"8861892057fffff","loss":0.065,"place":null}},{"type":"Feature","geometry":{"type":"Polygon","coordinates":[[[77.78315,12.90787],[77.78324,12.91286],[77.77906,12.91538],[77.7748,12.9129],[77.77471,12.90791],[77.77889,12.90539],[77.78315,12.90787]]]},"properties":{"h3":"8861892059fffff","loss":0.033,"place":null}},{"type":"Feature","geometry":{"type":"Polygon","coordinates":[[[77.77471,12.90791],[77.7748,12.9129],[77.77062,12.91542],[77.76636,12.91294],[77.76627,12.90794],[77.77045,12.90543],[77.77471,12.90791]]]},"properties":{"h3":"886189205bfffff","loss":0.055,"place":null}},{"type":"Feature","geometry":{"type":"Polygon","coordinates":[[[77.7875,12.91534],[77.78759,12.92033],[77.78341,12.92285],[77.77915,12.92037],[77.77906,12.91538],[77.78324,12.91286],[77.7875,12.91534]]]},"properties":{"h3":"886189205dfffff","loss":0.058,"place":null}},{"type":"Feature","geometry":{"type":"Polygon","coordinates":[[[77.80491,12.94523],[77.805,12.95022],[77.80082,12.95274],[77.79656,12.95026],[77.79647,12.94527],[77.80065,12.94275],[77.80491,12.94523]]]},"properties":{"h3":"8861892061fffff","loss":0.074,"place":null}},{"type":"Feature","geometry":{"type":"Polygon","coordinates":[[[77.79647,12.94527],[77.79656,12.95026],[77.79238,12.95277],[77.78812,12.9503],[77.78803,12.9453],[77.79221,12.94279],[77.79647,12.94527]]]},"properties":{"h3":"8861892063fffff","loss":0.071,"place":null}},{"type":"Feature","geometry":{"type":"Polygon","coordinates":[[[77.80927,12.9527],[77.80936,12.9577],[77.80518,12.96021],[77.80091,12.95773],[77.80082,12.95274],[77.805,12.95022],[77.80927,12.9527]]]},"properties":{"h3":"8861892065fffff","loss":0.03,"place":null}},{"type":"Feature","geometry":{"type":"Polygon","coordinates":[[[77.80082,12.95274],[77.80091,12.95773],[77.79673,12.96025],[77.79247,12.95777],[77.79238,12.95277],[77.79656,12.95026],[77.80082,12.95274]]]},"properties":{"h3":"8861892067fffff","loss":0.084,"place":null}},{"type":"Feature","geometry":{"type":"Polygon","coordinates":[[[77.80901,12.93772],[77.80909,12.94271],[77.80491,12.94523],[77.80065,12.94275],[77.80056,12.93776],[77.80474,12.93524],[77.80901,12.93772]]]},"properties":{"h3":"8861892069fffff","loss":0.044,"place":null}},{"type":"Feature","geometry":{"type":"Polygon","coordinates":[[[77.80056,12.93776],[77.80065,12.94275],[77.79647,12.94527],[77.79221,12.94279],[77.79212,12.93779],[77.7963,12.93528],[77.80056,12.93776]]]},"properties":{"h3":"886189206bfffff","loss":0.14,"place":"mutsandra"}},{"type":"Feature","geometry":{"type":"Polygon","coordinates":[[[77.81336,12.94519],[77.81345,12.95019],[77.80927,12.9527],[77.805,12.95022],[77.80491,12.94523],[77.80909,12.94271],[77.81336,12.94519]]]},"properties":{"h3":"886189206dfffff","loss":0.011,"place":null}},{"type":"Feature","geometry":{"type":"Polygon","coordinates":[[[77.7246,12.93808],[77.72469,12.94307],[77.72051,12.94558],[77.71625,12.9431],[77.71617,12.93811],[77.72034,12.9356],[77.7246,12.93808]]]},"properties":{"h3":"8861892081fffff","loss":0.078,"place":null}},{"type":"Feature","geometry":{"type":"Polygon","coordinates":[[[77.71617,12.93811],[77.71625,12.9431],[77.71208,12.94562],[77.70782,12.94314],[77.70773,12.93815],[77.71191,12.93563],[77.71617,12.93811]]]},"properties":{"h3":"8861892083fffff","loss":null,"place":null}},{"type":"Feature","geometry":{"type":"Polygon","coordinates":[[[77.72895,12.94555],[77.72904,12.95054],[77.72486,12.95305],[77.7206,12.95057],[77.72051,12.94558],[77.72469,12.94307],[77.72895,12.94555]]]},"properties":{"h3":"8861892085fffff","loss":0.043,"place":null}},{"type":"Feature","geometry":{"type":"Polygon","coordinates":[[[77.72051,12.94558],[77.7206,12.95057],[77.71643,12.95309],[77.71217,12.95061],[77.71208,12.94562],[77.71625,12.9431],[77.72051,12.94558]]]},"properties":{"h3":"8861892087fffff","loss":0.018,"place":null}},{"type":"Feature","geometry":{"type":"Polygon","coordinates":[[[77.72869,12.93057],[77.72878,12.93557],[77.7246,12.93808],[77.72034,12.9356],[77.72026,12.93061],[77.72443,12.9281],[77.72869,12.93057]]]},"properties":{"h3":"8861892089fffff","loss":0.075,"place":null}},{"type":"Feature","geometry":{"type":"Polygon","coordinates":[[[77.72026,12.93061],[77.72034,12.9356],[77.71617,12.93811],[77.71191,12.93563],[77.71182,12.93064],[77.716,12.92813],[77.72026,12.93061]]]},"properties":{"h3":"886189208bfffff","loss":0.101,"place":null}},{"type":"Feature","geometry":{"type":"Polygon","coordinates":[[[77.73304,12.93804],[77.73313,12.94304],[77.72895,12.94555],[77.72469,12.94307],[77.7246,12.93808],[77.72878,12.93557],[77.73304,12.93804]]]},"properties":{"h3":"886189208dfffff","loss":0.165,"place":"panathur"}},{"type":"Feature","geometry":{"type":"Polygon","coordinates":[[[77.70339,12.93068],[77.70347,12.93567],[77.6993,12.93818],[77.69504,12.9357],[77.69495,12.93071],[77.69913,12.9282],[77.70339,12.93068]]]},"properties":{"h3":"8861892091fffff","loss":0.059,"place":null}},{"type":"Feature","geometry":{"type":"Polygon","coordinates":[[[77.69495,12.93071],[77.69504,12.9357],[77.69087,12.93821],[77.68661,12.93574],[77.68652,12.93075],[77.69069,12.92823],[77.69495,12.93071]]]},"properties":{"h3":"8861892093fffff","loss":null,"place":null}},{"type":"Feature","geometry":{"type":"Polygon","coordinates":[[[77.70773,12.93815],[77.70782,12.94314],[77.70364,12.94565],[77.69938,12.94317],[77.6993,12.93818],[77.70347,12.93567],[77.70773,12.93815]]]},"properties":{"h3":"8861892095fffff","loss":0.037,"place":null}},{"type":"Feature","geometry":{"type":"Polygon","coordinates":[[[77.6993,12.93818],[77.69938,12.94317],[77.69521,12.94568],[77.69095,12.94321],[77.69087,12.93821],[77.69504,12.9357],[77.6993,12.93818]]]},"properties":{"h3":"8861892097fffff","loss":0.02,"place":null}},{"type":"Feature","geometry":{"type":"Polygon","coordinates":[[[77.70748,12.92317],[77.70756,12.92816],[77.70339,12.93068],[77.69913,12.9282],[77.69904,12.92321],[77.70322,12.92069],[77.70748,12.92317]]]},"properties":{"h3":"8861892099fffff","loss":0.047,"place":null}},{"type":"Feature","geometry":{"type":"Polygon","coordinates":[[[77.69904,12.92321],[77.69913,12.9282],[77.69495,12.93071],[77.69069,12.92823],[77.69061,12.92324],[77.69478,12.92073],[77.69904,12.92321]]]},"properties":{"h3":"886189209bfffff","loss":null,"place":null}},{"type":"Feature","geometry":{"type":"Polygon","coordinates":[[[77.71182,12.93064],[77.71191,12.93563],[77.70773,12.93815],[77.70347,12.93567],[77.70339,12.93068],[77.70756,12.92816],[77.71182,12.93064]]]},"properties":{"h3":"886189209dfffff","loss":0.087,"place":null}},{"type":"Feature","geometry":{"type":"Polygon","coordinates":[[[77.72921,12.96052],[77.7293,12.96552],[77.72512,12.96803],[77.72086,12.96555],[77.72077,12.96056],[77.72495,12.95805],[77.72921,12.96052]]]},"properties":{"h3":"88618920a1fffff","loss":0.028,"place":null}},{"type":"Feature","geometry":{"type":"Polygon","coordinates":[[[77.72077,12.96056],[77.72086,12.96555],[77.71668,12.96806],[77.71242,12.96558],[77.71234,12.96059],[77.71651,12.95808],[77.72077,12.96056]]]},"properties":{"h3":"88618920a3fffff","loss":0.002,"place":null}},{"type":"Feature","geometry":{"type":"Polygon","coordinates":[[[77.73356,12.96799],[77.73364,12.97299],[77.72947,12.9755],[77.72521,12.97302],[77.72512,12.96803],[77.7293,12.96552],[77.73356,12.96799]]]},"properties":{"h3":"88618920a5fffff","loss":null,"place":null}},{"type":"Feature","geometry":{"type":"Polygon","coordinates":[[[77.72512,12.96803],[77.72521,12.97302],[77.72103,12.97553],[77.71677,12.97305],[77.71668,12.96806],[77.72086,12.96555],[77.72512,12.96803]]]},"properties":{"h3":"88618920a7fffff","loss":null,"place":null}},{"type":"Feature","geometry":{"type":"Polygon","coordinates":[[[77.7333,12.95302],[77.73339,12.95801],[77.72921,12.96052],[77.72495,12.95805],[77.72486,12.95305],[77.72904,12.95054],[77.7333,12.95302]]]},"properties":{"h3":"88618920a9fffff","loss":0.09,"place":null}},{"type":"Feature","geometry":{"type":"Polygon","coordinates":[[[77.72486,12.95305],[77.72495,12.95805],[77.72077,12.96056],[77.71651,12.95808],[77.71643,12.95309],[77.7206,12.95057],[77.72486,12.95305]]]},"properties":{"h3":"88618920abfffff","loss":0.032,"place":null}},{"type":"Feature","geometry":{"type":"Polygon","coordinates":[[[77.73765,12.96049],[77.73773,12.96548],[77.73356,12.96799],[77.7293,12.96552],[77.72921,12.96052],[77.73339,12.95801],[77.73765,12.96049]]]},"properties":{"h3":"88618920adfffff","loss":0.029,"place":null}},{"type":"Feature","geometry":{"type":"Polygon","coordinates":[[[77.70799,12.95312],[77.70808,12.95811],[77.7039,12.96062],[77.69964,12.95814],[77.69956,12.95315],[77.70373,12.95064],[77.70799,12.95312]]]},"properties":{"h3":"88618920b1fffff","loss":0.03,"place":null}},{"type":"Feature","geometry":{"type":"Polygon","coordinates":[[[77.69956,12.95315],[77.69964,12.95814],[77.69547,12.96066],[77.69121,12.95818],[77.69112,12.95319],[77.6953,12.95067],[77.69956,12.95315]]]},"properties":{"h3":"88618920b3fffff","loss":null,"place":null}},{"type":"Feature","geometry":{"type":"Polygon","coordinates":[[[77.71234,12.96059],[77.71242,12.96558],[77.70825,12.96809],[77.70399,12.96561],[77.7039,12.96062],[77.70808,12.95811],[77.71234,12.96059]]]},"properties":{"h3":"88618920b5fffff","loss":0.014,"place":null}},{"type":"Feature","geometry":{"type":"Polygon","coordinates":[[[77.7039,12.96062],[77.70399,12.96561],[77.69981,12.96813],[77.69555,12.96565],[77.69547,12.96066],[77.69964,12.95814],[77.7039,12.96062]]]},"properties":{"h3":"88618920b7fffff","loss":null,"place":null}},{"type":"Feature","geometry":{"type":"Polygon","coordinates":[[[77.71208,12.94562],[77.71217,12.95061],[77.70799,12.95312],[77.70373,12.95064],[77.70364,12.94565],[77.70782,12.94314],[77.71208,12.94562]]]},"properties":{"h3":"88618920b9fffff","loss":0.029,"place":null}},{"type":"Feature","geometry":{"type":"Polygon","coordinates":[[[77.70364,12.94565],[77.70373,12.95064],[77.69956,12.95315],[77.6953,12.95067],[77.69521,12.94568],[77.69938,12.94317],[77.70364,12.94565]]]},"properties":{"h3":"88618920bbfffff","loss":0.02,"place":null}},{"type":"Feature","geometry":{"type":"Polygon","coordinates":[[[77.71643,12.95309],[77.71651,12.95808],[77.71234,12.96059],[77.70808,12.95811],[77.70799,12.95312],[77.71217,12.95061],[77.71643,12.95309]]]},"properties":{"h3":"88618920bdfffff","loss":0.06,"place":null}},{"type":"Feature","geometry":{"type":"Polygon","coordinates":[[[77.74122,12.92303],[77.7413,12.92802],[77.73713,12.93054],[77.73287,12.92806],[77.73278,12.92307],[77.73696,12.92055],[77.74122,12.92303]]]},"properties":{"h3":"88618920c1fffff","loss":0.073,"place":null}},{"type":"Feature","geometry":{"type":"Polygon","coordinates":[[[77.73278,12.92307],[77.73287,12.92806],[77.72869,12.93057],[77.72443,12.9281],[77.72435,12.9231],[77.72852,12.92059],[77.73278,12.92307]]]},"properties":{"h3":"88618920c3fffff","loss":0.053,"place":null}},{"type":"Feature","geometry":{"type":"Polygon","coordinates":[[[77.74557,12.9305],[77.74565,12.9355],[77.74148,12.93801],[77.73722,12.93553],[77.73713,12.93054],[77.7413,12.92802],[77.74557,12.9305]]]},"properties":{"h3":"88618920c5fffff","loss":0.037,"place":null}},{"type":"Feature","geometry":{"type":"Polygon","coordinates":[[[77.73713,12.93054],[77.73722,12.93553],[77.73304,12.93804],[77.72878,12.93557],[77.72869,12.93057],[77.73287,12.92806],[77.73713,12.93054]]]},"properties":{"h3":"88618920c7fffff","loss":0.003,"place":null}},{"type":"Feature","geometry":{"type":"Polygon","coordinates":[[[77.74531,12.91553],[77.74539,12.92052],[77.74122,12.92303],[77.73696,12.92055],[77.73687,12.91556],[77.74105,12.91305],[77.74531,12.91553]]]},"properties":{"h3":"88618920c9fffff","loss":0.09,"place":null}},{"type":"Feature","geometry":{"type":"Polygon","coordinates":[[[77.73687,12.91556],[77.73696,12.92055],[77.73278,12.92307],[77.72852,12.92059],[77.72843,12.9156],[77.73261,12.91308],[77.73687,12.91556]]]},"properties":{"h3":"88618920cbfffff","loss":0.073,"place":null}},{"type":"Feature","geometry":{"type":"Polygon","coordinates":[[[77.74966,12.923],[77.74974,12.92799],[77.74557,12.9305],[77.7413,12.92802],[77.74122,12.92303],[77.74539,12.92052],[77.74966,12.923]]]},"properties":{"h3":"88618920cdfffff","loss":null,"place":null}},{"type":"Feature","geometry":{"type":"Polygon","coordinates":[[[77.72,12.91563],[77.72008,12.92063],[77.71591,12.92314],[77.71165,12.92066],[77.71156,12.91567],[77.71574,12.91316],[77.72,12.91563]]]},"properties":{"h3":"88618920d1fffff","loss":0.002,"place":null}},{"type":"Feature","geometry":{"type":"Polygon","coordinates":[[[77.71156,12.91567],[77.71165,12.92066],[77.70748,12.92317],[77.70322,12.92069],[77.70313,12.9157],[77.7073,12.91319],[77.71156,12.91567]]]},"properties":{"h3":"88618920d3fffff","loss":null,"place":null}},{"type":"Feature","geometry":{"type":"Polygon","coordinates":[[[77.72435,12.9231],[77.72443,12.9281],[77.72026,12.93061],[77.716,12.92813],[77.71591,12.92314],[77.72008,12.92063],[77.72435,12.9231]]]},"properties":{"h3":"88618920d5fffff","loss":0.024,"place":null}},{"type":"Feature","geometry":{"type":"Polygon","coordinates":[[[77.71591,12.92314],[77.716,12.92813],[77.71182,12.93064],[77.70756,12.92816],[77.70748,12.92317],[77.71165,12.92066],[77.71591,12.92314]]]},"properties":{"h3":"88618920d7fffff","loss":0.03,"place":null}},{"type":"Feature","geometry":{"type":"Polygon","coordinates":[[[77.72409,12.90813],[77.72417,12.91312],[77.72,12.91563],[77.71574,12.91316],[77.71565,12.90816],[77.71983,12.90565],[77.72409,12.90813]]]},"properties":{"h3":"88618920d9fffff","loss":null,"place":null}},{"type":"Feature","geometry":{"type":"Polygon","coordinates":[[[77.71565,12.90816],[77.71574,12.91316],[77.71156,12.91567],[77.7073,12.91319],[77.70722,12.9082],[77.71139,12.90569],[77.71565,12.90816]]]},"properties":{"h3":"88618920dbfffff","loss":null,"place":null}},{"type":"Feature","geometry":{"type":"Polygon","coordinates":[[[77.72843,12.9156],[77.72852,12.92059],[77.72435,12.9231],[77.72008,12.92063],[77.72,12.91563],[77.72417,12.91312],[77.72843,12.9156]]]},"properties":{"h3":"88618920ddfffff","loss":0.071,"place":null}},{"type":"Feature","geometry":{"type":"Polygon","coordinates":[[[77.74583,12.94548],[77.74591,12.95047],[77.74174,12.95299],[77.73747,12.95051],[77.73739,12.94551],[77.74156,12.943],[77.74583,12.94548]]]},"properties":{"h3":"88618920e1fffff","loss":null,"place":null}},{"type":"Feature","geometry":{"type":"Polygon","coordinates":[[[77.73739,12.94551],[77.73747,12.95051],[77.7333,12.95302],[77.72904,12.95054],[77.72895,12.94555],[77.73313,12.94304],[77.73739,12.94551]]]},"properties":{"h3":"88618920e3fffff","loss":0.105,"place":null}},{"type":"Feature","geometry":{"type":"Polygon","coordinates":[[[77.75018,12.95295],[77.75026,12.95794],[77.74609,12.96046],[77.74182,12.95798],[77.74174,12.95299],[77.74591,12.95047],[77.75018,12.95295]]]},"properties":{"h3":"88618920e5fffff","loss":0.148,"place":"varthur"}},{"type":"Feature","geometry":{"type":"Polygon","coordinates":[[[77.74174,12.95299],[77.74182,12.95798],[77.73765,12.96049],[77.73339,12.95801],[77.7333,12.95302],[77.73747,12.95051],[77.74174,12.95299]]]},"properties":{"h3":"88618920e7fffff","loss":0.062,"place":null}},{"type":"Feature","geometry":{"type":"Polygon","coordinates":[[[77.74992,12.93797],[77.75,12.94297],[77.74583,12.94548],[77.74156,12.943],[77.74148,12.93801],[77.74565,12.9355],[77.74992,12.93797]]]},"properties":{"h3":"88618920e9fffff","loss":0.045,"place":null}},{"type":"Feature","geometry":{"type":"Polygon","coordinates":[[[77.74148,12.93801],[77.74156,12.943],[77.73739,12.94551],[77.73313,12.94304],[77.73304,12.93804],[77.73722,12.93553],[77.74148,12.93801]]]},"properties":{"h3":"88618920ebfffff","loss":0.139,"place":"panathur"}},{"type":"Feature","geometry":{"type":"Polygon","coordinates":[[[77.75427,12.94544],[77.75435,12.95044],[77.75018,12.95295],[77.74591,12.95047],[77.74583,12.94548],[77.75,12.94297],[77.75427,12.94544]]]},"properties":{"h3":"88618920edfffff","loss":0.163,"place":"varthur"}},{"type":"Feature","geometry":{"type":"Polygon","coordinates":[[[77.81415,12.99014],[77.81424,12.99513],[77.81006,12.99765],[77.80579,12.99517],[77.8057,12.99017],[77.80988,12.98766],[77.81415,12.99014]]]},"properties":{"h3":"8861892101fffff","loss":null,"place":null}},{"type":"Feature","geometry":{"type":"Polygon","coordinates":[[[77.8057,12.99017],[77.80579,12.99517],[77.80161,12.99768],[77.79734,12.9952],[77.79726,12.99021],[77.80144,12.98769],[77.8057,12.99017]]]},"properties":{"h3":"8861892103fffff","loss":null,"place":null}},{"type":"Feature","geometry":{"type":"Polygon","coordinates":[[[77.8185,12.99761],[77.81859,13.0026],[77.81441,13.00512],[77.81014,13.00264],[77.81006,12.99765],[77.81424,12.99513],[77.8185,12.99761]]]},"properties":{"h3":"8861892105fffff","loss":0.028,"place":null}},{"type":"Feature","geometry":{"type":"Polygon","coordinates":[[[77.81006,12.99765],[77.81014,13.00264],[77.80596,13.00515],[77.8017,13.00267],[77.80161,12.99768],[77.80579,12.99517],[77.81006,12.99765]]]},"properties":{"h3":"8861892107fffff","loss":0.002,"place":null}},{"type":"Feature","geometry":{"type":"Polygon","coordinates":[[[77.81824,12.98263],[77.81833,12.98762],[77.81415,12.99014],[77.80988,12.98766],[77.80979,12.98266],[77.81397,12.98015],[77.81824,12.98263]]]},"properties":{"h3":"8861892109fffff","loss":0.022,"place":null}},{"type":"Feature","geometry":{"type":"Polygon","coordinates":[[[77.80979,12.98266],[77.80988,12.98766],[77.8057,12.99017],[77.80144,12.98769],[77.80135,12.9827],[77.80553,12.98019],[77.80979,12.98266]]]},"properties":{"h3":"886189210bfffff","loss":0.027,"place":null}},{"type":"Feature","geometry":{"type":"Polygon","coordinates":[[[77.82259,12.9901],[77.82268,12.9951],[77.8185,12.99761],[77.81424,12.99513],[77.81415,12.99014],[77.81833,12.98762],[77.82259,12.9901]]]},"properties":{"h3":"886189210dfffff","loss":null,"place":null}},{"type":"Feature","geometry":{"type":"Polygon","coordinates":[[[77.7929,12.98273],[77.79299,12.98773],[77.78881,12.99024],[77.78455,12.98776],[77.78446,12.98277],[77.78864,12.98025],[77.7929,12.98273]]]},"properties":{"h3":"8861892111fffff","loss":0.071,"place":null}},{"type":"Feature","geometry":{"type":"Polygon","coordinates":[[[77.78446,12.98277],[77.78455,12.98776],[77.78037,12.99028],[77.77611,12.9878],[77.77602,12.9828],[77.7802,12.98029],[77.78446,12.98277]]]},"properties":{"h3":"8861892113fffff","loss":0.081,"place":null}},{"type":"Feature","geometry":{"type":"Polygon","coordinates":[[[77.79726,12.99021],[77.79734,12.9952],[77.79317,12.99771],[77.7889,12.99523],[77.78881,12.99024],[77.79299,12.98773],[77.79726,12.99021]]]},"properties":{"h3":"8861892115fffff","loss":0.027,"place":null}},{"type":"Feature","geometry":{"type":"Polygon","coordinates":[[[77.78881,12.99024],[77.7889,12.99523],[77.78472,12.99775],[77.78046,12.99527],[77.78037,12.99028],[77.78455,12.98776],[77.78881,12.99024]]]},"properties":{"h3":"8861892117fffff","loss":0.03,"place":null}},{"type":"Feature","geometry":{"type":"Polygon","coordinates":[[[77.79699,12.97523],[77.79708,12.98022],[77.7929,12.98273],[77.78864,12.98025],[77.78855,12.97526],[77.79273,12.97275],[77.79699,12.97523]]]},"properties":{"h3":"8861892119fffff","loss":0.066,"place":null}},{"type":"Feature","geometry":{"type":"Polygon","coordinates":[[[77.78855,12.97526],[77.78864,12.98025],[77.78446,12.98277],[77.7802,12.98029],[77.78011,12.9753],[77.78429,12.97278],[77.78855,12.97526]]]},"properties":{"h3":"886189211bfffff","loss":0.061,"place":null}},{"type":"Feature","geometry":{"type":"Polygon","coordinates":[[[77.80135,12.9827],[77.80144,12.98769],[77.79726,12.99021],[77.79299,12.98773],[77.7929,12.98273],[77.79708,12.98022],[77.80135,12.9827]]]},"properties":{"h3":"886189211dfffff","loss":0.069,"place":null}},{"type":"Feature","geometry":{"type":"Polygon","coordinates":[[[77.81877,13.01259],[77.81885,13.01759],[77.81467,13.0201],[77.81041,13.01762],[77.81032,13.01263],[77.8145,13.01011],[77.81877,13.01259]]]},"properties":{"h3":"8861892121fffff","loss":0.002,"place":null}},{"type":"Feature","geometry":{"type":"Polygon","coordinates":[[[77.81032,13.01263],[77.81041,13.01762],[77.80623,13.02013],[77.80196,13.01765],[77.80187,13.01266],[77.80605,13.01015],[77.81032,13.01263]]]},"properties":{"h3":"8861892123fffff","loss":0.03,"place":null}},{"type":"Feature","geometry":{"type":"Polygon","coordinates":[[[77.82312,13.02007],[77.82321,13.02506],[77.81903,13.02757],[77.81476,13.02509],[77.81467,13.0201],[77.81885,13.01759],[77.82312,13.02007]]]},"properties":{"h3":"8861892125fffff","loss":0.038,"place":null}},{"type":"Feature","geometry":{"type":"Polygon","coordinates":[[[77.81467,13.0201],[77.81476,13.02509],[77.81058,13.02761],[77.80631,13.02513],[77.80623,13.02013],[77.81041,13.01762],[77.81467,13.0201]]]},"properties":{"h3":"8861892127fffff","loss":0.017,"place":null}},{"type":"Feature","geometry":{"type":"Polygon","coordinates":[[[77.82286,13.00508],[77.82295,13.01008],[77.81877,13.01259],[77.8145,13.01011],[77.81441,13.00512],[77.81859,13.0026],[77.82286,13.00508]]]},"properties":{"h3":"8861892129fffff","loss":0.004,"place":null}},{"type":"Feature","geometry":{"type":"Polygon","coordinates":[[[77.81441,13.00512],[77.8145,13.01011],[77.81032,13.01263],[77.80605,13.01015],[77.80596,13.00515],[77.81014,13.00264],[77.81441,13.00512]]]},"properties":{"h3":"886189212bfffff","loss":null,"place":null}},{"type":"Feature","geometry":{"type":"Polygon","coordinates":[[[77.82721,13.01256],[77.8273,13.01755],[77.82312,13.02007],[77.81885,13.01759],[77.81877,13.01259],[77.82295,13.01008],[77.82721,13.01256]]]},"properties":{"h3":"886189212dfffff","loss":null,"place":null}},{"type":"Feature","geometry":{"type":"Polygon","coordinates":[[[77.79752,13.00519],[77.79761,13.01018],[77.79343,13.01269],[77.78916,13.01021],[77.78907,13.00522],[77.79325,13.00271],[77.79752,13.00519]]]},"properties":{"h3":"8861892131fffff","loss":0.043,"place":null}},{"type":"Feature","geometry":{"type":"Polygon","coordinates":[[[77.78907,13.00522],[77.78916,13.01021],[77.78498,13.01273],[77.78072,13.01025],[77.78063,13.00525],[77.78481,13.00274],[77.78907,13.00522]]]},"properties":{"h3":"8861892133fffff","loss":0.064,"place":null}},{"type":"Feature","geometry":{"type":"Polygon","coordinates":[[[77.80187,13.01266],[77.80196,13.01765],[77.79778,13.02017],[77.79352,13.01769],[77.79343,13.01269],[77.79761,13.01018],[77.80187,13.01266]]]},"properties":{"h3":"8861892135fffff","loss":0.097,"place":null}},{"type":"Feature","geometry":{"type":"Polygon","coordinates":[[[77.79343,13.01269],[77.79352,13.01769],[77.78934,13.0202],[77.78507,13.01772],[77.78498,13.01273],[77.78916,13.01021],[77.79343,13.01269]]]},"properties":{"h3":"8861892137fffff","loss":0.066,"place":null}},{"type":"Feature","geometry":{"type":"Polygon","coordinates":[[[77.80161,12.99768],[77.8017,13.00267],[77.79752,13.00519],[77.79325,13.00271],[77.79317,12.99771],[77.79734,12.9952],[77.80161,12.99768]]]},"properties":{"h3":"8861892139fffff","loss":0.049,"place":null}},{"type":"Feature","geometry":{"type":"Polygon","coordinates":[[[77.79317,12.99771],[77.79325,13.00271],[77.78907,13.00522],[77.78481,13.00274],[77.78472,12.99775],[77.7889,12.99523],[77.79317,12.99771]]]},"properties":{"h3":"886189213bfffff","loss":0.058,"place":null}},{"type":"Feature","geometry":{"type":"Polygon","coordinates":[[[77.80596,13.00515],[77.80605,13.01015],[77.80187,13.01266],[77.79761,13.01018],[77.79752,13.00519],[77.8017,13.00267],[77.80596,13.00515]]]},"properties":{"h3":"886189213dfffff","loss":0.033,"place":null}},{"type":"Feature","geometry":{"type":"Polygon","coordinates":[[[77.83078,12.97508],[77.83087,12.98008],[77.82669,12.98259],[77.82242,12.98011],[77.82233,12.97512],[77.82651,12.97261],[77.83078,12.97508]]]},"properties":{"h3":"8861892141fffff","loss":0.006,"place":null}},{"type":"Feature","geometry":{"type":"Polygon","coordinates":[[[77.82233,12.97512],[77.82242,12.98011],[77.81824,12.98263],[77.81397,12.98015],[77.81388,12.97516],[77.81806,12.97264],[77.82233,12.97512]]]},"properties":{"h3":"8861892143fffff","loss":0.019,"place":null}},{"type":"Feature","geometry":{"type":"Polygon","coordinates":[[[77.83513,12.98256],[77.83522,12.98755],[77.83104,12.99007],[77.82677,12.98759],[77.82669,12.98259],[77.83087,12.98008],[77.83513,12.98256]]]},"properties":{"h3":"8861892145fffff","loss":0.007,"place":null}},{"type":"Feature","geometry":{"type":"Polygon","coordinates":[[[77.82669,12.98259],[77.82677,12.98759],[77.82259,12.9901],[77.81833,12.98762],[77.81824,12.98263],[77.82242,12.98011],[77.82669,12.98259]]]},"properties":{"h3":"8861892147fffff","loss":null,"place":null}},{"type":"Feature","geometry":{"type":"Polygon","coordinates":[[[77.83487,12.96757],[77.83496,12.97257],[77.83078,12.97508],[77.82651,12.97261],[77.82642,12.96761],[77.8306,12.9651],[77.83487,12.96757]]]},"properties":{"h3":"8861892149fffff","loss":0.013,"place":null}},{"type":"Feature","geometry":{"type":"Polygon","coordinates":[[[77.82642,12.96761],[77.82651,12.97261],[77.82233,12.97512],[77.81806,12.97264],[77.81798,12.96765],[77.82215,12.96513],[77.82642,12.96761]]]},"properties":{"h3":"886189214bfffff","loss":0.005,"place":null}},{"type":"Feature","geometry":{"type":"Polygon","coordinates":[[[77.83922,12.97505],[77.83931,12.98004],[77.83513,12.98256],[77.83087,12.98008],[77.83078,12.97508],[77.83496,12.97257],[77.83922,12.97505]]]},"properties":{"h3":"886189214dfffff","loss":0.033,"place":null}},{"type":"Feature","geometry":{"type":"Polygon","coordinates":[[[77.80953,12.96768],[77.80962,12.97268],[77.80544,12.97519],[77.80117,12.97271],[77.80109,12.96772],[77.80526,12.9652],[77.80953,12.96768]]]},"properties":{"h3":"8861892151fffff","loss":0.069,"place":null}},{"type":"Feature","geometry":{"type":"Polygon","coordinates":[[[77.80109,12.96772],[77.80117,12.97271],[77.79699,12.97523],[77.79273,12.97275],[77.79264,12.96775],[77.79682,12.96524],[77.80109,12.96772]]]},"properties":{"h3":"8861892153fffff","loss":0.055,"place":null}},{"type":"Feature","geometry":{"type":"Polygon","coordinates":[[[77.81388,12.97516],[77.81397,12.98015],[77.80979,12.98266],[77.80553,12.98019],[77.80544,12.97519],[77.80962,12.97268],[77.81388,12.97516]]]},"properties":{"h3":"8861892155fffff","loss":0.047,"place":null}},{"type":"Feature","geometry":{"type":"Polygon","coordinates":[[[77.80544,12.97519],[77.80553,12.98019],[77.80135,12.9827],[77.79708,12.98022],[77.79699,12.97523],[77.80117,12.97271],[77.80544,12.97519]]]},"properties":{"h3":"8861892157fffff","loss":0.062,"place":null}},{"type":"Feature","geometry":{"type":"Polygon","coordinates":[[[77.81362,12.96017],[77.81371,12.96517],[77.80953,12.96768],[77.80526,12.9652],[77.80518,12.96021],[77.80936,12.9577],[77.81362,12.96017]]]},"properties":{"h3":"8861892159fffff","loss":0.026,"place":null}},{"type":"Feature","geometry":{"type":"Polygon","coordinates":[[[77.80518,12.96021],[77.80526,12.9652],[77.80109,12.96772],[77.79682,12.96524],[77.79673,12.96025],[77.80091,12.95773],[77.80518,12.96021]]]},"properties":{"h3":"886189215bfffff","loss":0.066,"place":null}},{"type":"Feature","geometry":{"type":"Polygon","coordinates":[[[77.81798,12.96765],[77.81806,12.97264],[77.81388,12.97516],[77.80962,12.97268],[77.80953,12.96768],[77.81371,12.96517],[77.81798,12.96765]]]},"properties":{"h3":"886189215dfffff","loss":null,"place":null}},{"type":"Feature","geometry":{"type":"Polygon","coordinates":[[[77.8354,12.99754],[77.83549,13.00253],[77.8313,13.00505],[77.82704,13.00257],[77.82695,12.99758],[77.83113,12.99506],[77.8354,12.99754]]]},"properties":{"h3":"8861892161fffff","loss":null,"place":null}},{"type":"Feature","geometry":{"type":"Polygon","coordinates":[[[77.82695,12.99758],[77.82704,13.00257],[77.82286,13.00508],[77.81859,13.0026],[77.8185,12.99761],[77.82268,12.9951],[77.82695,12.99758]]]},"properties":{"h3":"8861892163fffff","loss":0.003,"place":null}},{"type":"Feature","geometry":{"type":"Polygon","coordinates":[[[77.83975,13.00501],[77.83984,13.01001],[77.83566,13.01252],[77.83139,13.01004],[77.8313,13.00505],[77.83549,13.00253],[77.83975,13.00501]]]},"properties":{"h3":"8861892165fffff","loss":0.008,"place":null}},{"type":"Feature","geometry":{"type":"Polygon","coordinates":[[[77.8313,13.00505],[77.83139,13.01004],[77.82721,13.01256],[77.82295,13.01008],[77.82286,13.00508],[77.82704,13.00257],[77.8313,13.00505]]]},"properties":{"h3":"8861892167fffff","loss":0.043,"place":null}},{"type":"Feature","geometry":{"type":"Polygon","coordinates":[[[77.83949,12.99003],[77.83958,12.99503],[77.8354,12.99754],[77.83113,12.99506],[77.83104,12.99007],[77.83522,12.98755],[77.83949,12.99003]]]},"properties":{"h3":"8861892169fffff","loss":0.02,"place":null}},{"type":"Feature","geometry":{"type":"Polygon","coordinates":[[[77.83104,12.99007],[77.83113,12.99506],[77.82695,12.99758],[77.82268,12.9951],[77.82259,12.9901],[77.82677,12.98759],[77.83104,12.99007]]]},"properties":{"h3":"886189216bfffff","loss":0.014,"place":null}},{"type":"Feature","geometry":{"type":"Polygon","coordinates":[[[77.84385,12.99751],[77.84393,13.0025],[77.83975,13.00501],[77.83549,13.00253],[77.8354,12.99754],[77.83958,12.99503],[77.84385,12.99751]]]},"properties":{"h3":"886189216dfffff","loss":null,"place":null}},{"type":"Feature","geometry":{"type":"Polygon","coordinates":[[[77.75504,12.99038],[77.75513,12.99537],[77.75095,12.99788],[77.74669,12.9954],[77.7466,12.99041],[77.75078,12.9879],[77.75504,12.99038]]]},"properties":{"h3":"8861892181fffff","loss":0.029,"place":null}},{"type":"Feature","geometry":{"type":"Polygon","coordinates":[[[77.7466,12.99041],[77.74669,12.9954],[77.74251,12.99791],[77.73825,12.99543],[77.73817,12.99044],[77.74234,12.98793],[77.7466,12.99041]]]},"properties":{"h3":"8861892183fffff","loss":0.043,"place":null}},{"type":"Feature","geometry":{"type":"Polygon","coordinates":[[[77.7594,12.99785],[77.75948,13.00284],[77.7553,13.00535],[77.75104,13.00287],[77.75095,12.99788],[77.75513,12.99537],[77.7594,12.99785]]]},"properties":{"h3":"8861892185fffff","loss":0.008,"place":null}},{"type":"Feature","geometry":{"type":"Polygon","coordinates":[[[77.75095,12.99788],[77.75104,13.00287],[77.74686,13.00538],[77.7426,13.0029],[77.74251,12.99791],[77.74669,12.9954],[77.75095,12.99788]]]},"properties":{"h3":"8861892187fffff","loss":0.063,"place":null}},{"type":"Feature","geometry":{"type":"Polygon","coordinates":[[[77.75914,12.98287],[77.75922,12.98786],[77.75504,12.99038],[77.75078,12.9879],[77.75069,12.9829],[77.75487,12.98039],[77.75914,12.98287]]]},"properties":{"h3":"8861892189fffff","loss":0.064,"place":null}},{"type":"Feature","geometry":{"type":"Polygon","coordinates":[[[77.75069,12.9829],[77.75078,12.9879],[77.7466,12.99041],[77.74234,12.98793],[77.74226,12.98294],[77.74643,12.98042],[77.75069,12.9829]]]},"properties":{"h3":"886189218bfffff","loss":0.047,"place":null}},{"type":"Feature","geometry":{"type":"Polygon","coordinates":[[[77.76349,12.99034],[77.76357,12.99533],[77.7594,12.99785],[77.75513,12.99537],[77.75504,12.99038],[77.75922,12.98786],[77.76349,12.99034]]]},"properties":{"h3":"886189218dfffff","loss":0.024,"place":null}},{"type":"Feature","geometry":{"type":"Polygon","coordinates":[[[77.73382,12.98297],[77.7339,12.98796],[77.72973,12.99047],[77.72547,12.98799],[77.72538,12.983],[77.72955,12.98049],[77.73382,12.98297]]]},"properties":{"h3":"8861892191fffff","loss":0.003,"place":null}},{"type":"Feature","geometry":{"type":"Polygon","coordinates":[[[77.72538,12.983],[77.72547,12.98799],[77.72129,12.99051],[77.71703,12.98803],[77.71694,12.98303],[77.72112,12.98052],[77.72538,12.983]]]},"properties":{"h3":"8861892193fffff","loss":0.008,"place":null}},{"type":"Feature","geometry":{"type":"Polygon","coordinates":[[[77.73817,12.99044],[77.73825,12.99543],[77.73408,12.99794],[77.72981,12.99546],[77.72973,12.99047],[77.7339,12.98796],[77.73817,12.99044]]]},"properties":{"h3":"8861892195fffff","loss":0.008,"place":null}},{"type":"Feature","geometry":{"type":"Polygon","coordinates":[[[77.72973,12.99047],[77.72981,12.99546],[77.72564,12.99798],[77.72138,12.9955],[77.72129,12.99051],[77.72547,12.98799],[77.72973,12.99047]]]},"properties":{"h3":"8861892197fffff","loss":null,"place":null}},{"type":"Feature","geometry":{"type":"Polygon","coordinates":[[[77.73791,12.97547],[77.73799,12.98046],[77.73382,12.98297],[77.72955,12.98049],[77.72947,12.9755],[77.73364,12.97299],[77.73791,12.97547]]]},"properties":{"h3":"8861892199fffff","loss":0.032,"place":null}},{"type":"Feature","geometry":{"type":"Polygon","coordinates":[[[77.72947,12.9755],[77.72955,12.98049],[77.72538,12.983],[77.72112,12.98052],[77.72103,12.97553],[77.72521,12.97302],[77.72947,12.9755]]]},"properties":{"h3":"886189219bfffff","loss":0.008,"place":null}},{"type":"Feature","geometry":{"type":"Polygon","coordinates":[[[77.74226,12.98294],[77.74234,12.98793],[77.73817,12.99044],[77.7339,12.98796],[77.73382,12.98297],[77.73799,12.98046],[77.74226,12.98294]]]},"properties":{"h3":"886189219dfffff","loss":0.018,"place":null}},{"type":"Feature","geometry":{"type":"Polygon","coordinates":[[[77.75966,13.01282],[77.75974,13.01782],[77.75556,13.02033],[77.7513,13.01785],[77.75121,13.01286],[77.75539,13.01034],[77.75966,13.01282]]]},"properties":{"h3":"88618921a1fffff","loss":0.17,"place":"k-dommasandra"}},{"type":"Feature","geometry":{"type":"Polygon","coordinates":[[[77.75121,13.01286],[77.7513,13.01785],[77.74712,13.02036],[77.74286,13.01788],[77.74277,13.01289],[77.74695,13.01038],[77.75121,13.01286]]]},"properties":{"h3":"88618921a3fffff","loss":0.226,"place":"k-dommasandra"}},{"type":"Feature","geometry":{"type":"Polygon","coordinates":[[[77.76401,13.0203],[77.76409,13.02529],[77.75992,13.0278],[77.75565,13.02532],[77.75556,13.02033],[77.75974,13.01782],[77.76401,13.0203]]]},"properties":{"h3":"88618921a5fffff","loss":0.013,"place":null}},{"type":"Feature","geometry":{"type":"Polygon","coordinates":[[[77.75556,13.02033],[77.75565,13.02532],[77.75147,13.02783],[77.74721,13.02535],[77.74712,13.02036],[77.7513,13.01785],[77.75556,13.02033]]]},"properties":{"h3":"88618921a7fffff","loss":0.047,"place":null}},{"type":"Feature","geometry":{"type":"Polygon","coordinates":[[[77.76375,13.00532],[77.76383,13.01031],[77.75966,13.01282],[77.75539,13.01034],[77.7553,13.00535],[77.75948,13.00284],[77.76375,13.00532]]]},"properties":{"h3":"88618921a9fffff","loss":0.007,"place":null}},{"type":"Feature","geometry":{"type":"Polygon","coordinates":[[[77.7553,13.00535],[77.75539,13.01034],[77.75121,13.01286],[77.74695,13.01038],[77.74686,13.00538],[77.75104,13.00287],[77.7553,13.00535]]]},"properties":{"h3":"88618921abfffff","loss":0.096,"place":null}},{"type":"Feature","geometry":{"type":"Polygon","coordinates":[[[77.7681,13.01279],[77.76818,13.01778],[77.76401,13.0203],[77.75974,13.01782],[77.75966,13.01282],[77.76383,13.01031],[77.7681,13.01279]]]},"properties":{"h3":"88618921adfffff","loss":0.053,"place":null}},{"type":"Feature","geometry":{"type":"Polygon","coordinates":[[[77.73842,13.00542],[77.73851,13.01041],[77.73433,13.01292],[77.73007,13.01044],[77.72999,13.00545],[77.73416,13.00294],[77.73842,13.00542]]]},"properties":{"h3":"88618921b1fffff","loss":0.009,"place":null}},{"type":"Feature","geometry":{"type":"Polygon","coordinates":[[[77.72999,13.00545],[77.73007,13.01044],[77.7259,13.01295],[77.72163,13.01047],[77.72155,13.00548],[77.72572,13.00297],[77.72999,13.00545]]]},"properties":{"h3":"88618921b3fffff","loss":0.012,"place":null}},{"type":"Feature","geometry":{"type":"Polygon","coordinates":[[[77.74277,13.01289],[77.74286,13.01788],[77.73868,13.02039],[77.73442,13.01791],[77.73433,13.01292],[77.73851,13.01041],[77.74277,13.01289]]]},"properties":{"h3":"88618921b5fffff","loss":0.198,"place":"k-dommasandra"}},{"type":"Feature","geometry":{"type":"Polygon","coordinates":[[[77.73433,13.01292],[77.73442,13.01791],[77.73024,13.02042],[77.72598,13.01794],[77.7259,13.01295],[77.73007,13.01044],[77.73433,13.01292]]]},"properties":{"h3":"88618921b7fffff","loss":0.024,"place":null}},{"type":"Feature","geometry":{"type":"Polygon","coordinates":[[[77.74251,12.99791],[77.7426,13.0029],[77.73842,13.00542],[77.73416,13.00294],[77.73408,12.99794],[77.73825,12.99543],[77.74251,12.99791]]]},"properties":{"h3":"88618921b9fffff","loss":0.037,"place":null}},{"type":"Feature","geometry":{"type":"Polygon","coordinates":[[[77.73408,12.99794],[77.73416,13.00294],[77.72999,13.00545],[77.72572,13.00297],[77.72564,12.99798],[77.72981,12.99546],[77.73408,12.99794]]]},"properties":{"h3":"88618921bbfffff","loss":0.072,"place":null}},{"type":"Feature","geometry":{"type":"Polygon","coordinates":[[[77.74686,13.00538],[77.74695,13.01038],[77.74277,13.01289],[77.73851,13.01041],[77.73842,13.00542],[77.7426,13.0029],[77.74686,13.00538]]]},"properties":{"h3":"88618921bdfffff","loss":0.105,"place":"k-dommasandra"}},{"type":"Feature","geometry":{"type":"Polygon","coordinates":[[[77.77167,12.97533],[77.77175,12.98032],[77.76758,12.98284],[77.76331,12.98036],[77.76323,12.97537],[77.7674,12.97285],[77.77167,12.97533]]]},"properties":{"h3":"88618921c1fffff","loss":0.017,"place":null}},{"type":"Feature","geometry":{"type":"Polygon","coordinates":[[[77.76323,12.97537],[77.76331,12.98036],[77.75914,12.98287],[77.75487,12.98039],[77.75479,12.9754],[77.75896,12.97289],[77.76323,12.97537]]]},"properties":{"h3":"88618921c3fffff","loss":null,"place":null}},{"type":"Feature","geometry":{"type":"Polygon","coordinates":[[[77.77602,12.9828],[77.77611,12.9878],[77.77193,12.99031],[77.76766,12.98783],[77.76758,12.98284],[77.77175,12.98032],[77.77602,12.9828]]]},"properties":{"h3":"88618921c5fffff","loss":0.144,"place":"channasandra"}},{"type":"Feature","geometry":{"type":"Polygon","coordinates":[[[77.76758,12.98284],[77.76766,12.98783],[77.76349,12.99034],[77.75922,12.98786],[77.75914,12.98287],[77.76331,12.98036],[77.76758,12.98284]]]},"properties":{"h3":"88618921c7fffff","loss":0.02,"place":null}},{"type":"Feature","geometry":{"type":"Polygon","coordinates":[[[77.77576,12.96782],[77.77584,12.97282],[77.77167,12.97533],[77.7674,12.97285],[77.76732,12.96786],[77.77149,12.96535],[77.77576,12.96782]]]},"properties":{"h3":"88618921c9fffff","loss":0.076,"place":null}},{"type":"Feature","geometry":{"type":"Polygon","coordinates":[[[77.76732,12.96786],[77.7674,12.97285],[77.76323,12.97537],[77.75896,12.97289],[77.75888,12.96789],[77.76305,12.96538],[77.76732,12.96786]]]},"properties":{"h3":"88618921cbfffff","loss":0.029,"place":null}},{"type":"Feature","geometry":{"type":"Polygon","coordinates":[[[77.78011,12.9753],[77.7802,12.98029],[77.77602,12.9828],[77.77175,12.98032],[77.77167,12.97533],[77.77584,12.97282],[77.78011,12.9753]]]},"properties":{"h3":"88618921cdfffff","loss":0.098,"place":null}},{"type":"Feature","geometry":{"type":"Polygon","coordinates":[[[77.75044,12.96793],[77.75052,12.97292],[77.74635,12.97543],[77.74208,12.97295],[77.742,12.96796],[77.74617,12.96545],[77.75044,12.96793]]]},"properties":{"h3":"88618921d1fffff","loss":0.047,"place":null}},{"type":"Feature","geometry":{"type":"Polygon","coordinates":[[[77.742,12.96796],[77.74208,12.97295],[77.73791,12.97547],[77.73364,12.97299],[77.73356,12.96799],[77.73773,12.96548],[77.742,12.96796]]]},"properties":{"h3":"88618921d3fffff","loss":0.086,"place":null}},{"type":"Feature","geometry":{"type":"Polygon","coordinates":[[[77.75479,12.9754],[77.75487,12.98039],[77.75069,12.9829],[77.74643,12.98042],[77.74635,12.97543],[77.75052,12.97292],[77.75479,12.9754]]]},"properties":{"h3":"88618921d5fffff","loss":0.01,"place":null}},{"type":"Feature","geometry":{"type":"Polygon","coordinates":[[[77.74635,12.97543],[77.74643,12.98042],[77.74226,12.98294],[77.73799,12.98046],[77.73791,12.97547],[77.74208,12.97295],[77.74635,12.97543]]]},"properties":{"h3":"88618921d7fffff","loss":0.082,"place":null}},{"type":"Feature","geometry":{"type":"Polygon","coordinates":[[[77.75453,12.96042],[77.75461,12.96541],[77.75044,12.96793],[77.74617,12.96545],[77.74609,12.96046],[77.75026,12.95794],[77.75453,12.96042]]]},"properties":{"h3":"88618921d9fffff","loss":0.04,"place":null}},{"type":"Feature","geometry":{"type":"Polygon","coordinates":[[[77.74609,12.96046],[77.74617,12.96545],[77.742,12.96796],[77.73773,12.96548],[77.73765,12.96049],[77.74182,12.95798],[77.74609,12.96046]]]},"properties":{"h3":"88618921dbfffff","loss":0.033,"place":null}},{"type":"Feature","geometry":{"type":"Polygon","coordinates":[[[77.75888,12.96789],[77.75896,12.97289],[77.75479,12.9754],[77.75052,12.97292],[77.75044,12.96793],[77.75461,12.96541],[77.75888,12.96789]]]},"properties":{"h3":"88618921ddfffff","loss":0.042,"place":null}},{"type":"Feature","geometry":{"type":"Polygon","coordinates":[[[77.77628,12.99778],[77.77637,13.00277],[77.77219,13.00529],[77.76792,13.00281],[77.76784,12.99781],[77.77201,12.9953],[77.77628,12.99778]]]},"properties":{"h3":"88618921e1fffff","loss":0.02,"place":null}},{"type":"Feature","geometry":{"type":"Polygon","coordinates":[[[77.76784,12.99781],[77.76792,13.00281],[77.76375,13.00532],[77.75948,13.00284],[77.7594,12.99785],[77.76357,12.99533],[77.76784,12.99781]]]},"properties":{"h3":"88618921e3fffff","loss":0.017,"place":null}},{"type":"Feature","geometry":{"type":"Polygon","coordinates":[[[77.78063,13.00525],[77.78072,13.01025],[77.77654,13.01276],[77.77228,13.01028],[77.77219,13.00529],[77.77637,13.00277],[77.78063,13.00525]]]},"properties":{"h3":"88618921e5fffff","loss":0.048,"place":null}},{"type":"Feature","geometry":{"type":"Polygon","coordinates":[[[77.77219,13.00529],[77.77228,13.01028],[77.7681,13.01279],[77.76383,13.01031],[77.76375,13.00532],[77.76792,13.00281],[77.77219,13.00529]]]},"properties":{"h3":"88618921e7fffff","loss":0.06,"place":null}},{"type":"Feature","geometry":{"type":"Polygon","coordinates":[[[77.78037,12.99028],[77.78046,12.99527],[77.77628,12.99778],[77.77201,12.9953],[77.77193,12.99031],[77.77611,12.9878],[77.78037,12.99028]]]},"properties":{"h3":"88618921e9fffff","loss":0.118,"place":null}},{"type":"Feature","geometry":{"type":"Polygon","coordinates":[[[77.77193,12.99031],[77.77201,12.9953],[77.76784,12.99781],[77.76357,12.99533],[77.76349,12.99034],[77.76766,12.98783],[77.77193,12.99031]]]},"properties":{"h3":"88618921ebfffff","loss":0.032,"place":null}},{"type":"Feature","geometry":{"type":"Polygon","coordinates":[[[77.78472,12.99775],[77.78481,13.00274],[77.78063,13.00525],[77.77637,13.00277],[77.77628,12.99778],[77.78046,12.99527],[77.78472,12.99775]]]},"properties":{"h3":"88618921edfffff","loss":0.029,"place":null}},{"type":"Feature","geometry":{"type":"Polygon","coordinates":[[[77.81231,12.88526],[77.81239,12.89026],[77.80822,12.89277],[77.80395,12.89029],[77.80386,12.8853],[77.80804,12.88278],[77.81231,12.88526]]]},"properties":{"h3":"8861892201fffff","loss":null,"place":null}},{"type":"Feature","geometry":{"type":"Polygon","coordinates":[[[77.80386,12.8853],[77.80395,12.89029],[77.79977,12.89281],[77.79551,12.89033],[77.79542,12.88534],[77.7996,12.88282],[77.80386,12.8853]]]},"properties":{"h3":"8861892203fffff","loss":0.013,"place":null}},{"type":"Feature","geometry":{"type":"Polygon","coordinates":[[[77.81666,12.89273],[77.81675,12.89773],[77.81257,12.90024],[77.8083,12.89777],[77.80822,12.89277],[77.81239,12.89026],[77.81666,12.89273]]]},"properties":{"h3":"8861892205fffff","loss":0.03,"place":null}},{"type":"Feature","geometry":{"type":"Polygon","coordinates":[[[77.80822,12.89277],[77.8083,12.89777],[77.80413,12.90028],[77.79986,12.89781],[77.79977,12.89281],[77.80395,12.89029],[77.80822,12.89277]]]},"properties":{"h3":"8861892207fffff","loss":0.024,"place":null}},{"type":"Feature","geometry":{"type":"Polygon","coordinates":[[[77.8164,12.87775],[77.81648,12.88274],[77.81231,12.88526],[77.80804,12.88278],[77.80795,12.87779],[77.81213,12.87527],[77.8164,12.87775]]]},"properties":{"h3":"8861892209fffff","loss":0.049,"place":null}},{"type":"Feature","geometry":{"type":"Polygon","coordinates":[[[77.80795,12.87779],[77.80804,12.88278],[77.80386,12.8853],[77.7996,12.88282],[77.79951,12.87783],[77.80369,12.87531],[77.80795,12.87779]]]},"properties":{"h3":"886189220bfffff","loss":0.007,"place":null}},{"type":"Feature","geometry":{"type":"Polygon","coordinates":[[[77.82075,12.88522],[77.82084,12.89022],[77.81666,12.89273],[77.81239,12.89026],[77.81231,12.88526],[77.81648,12.88274],[77.82075,12.88522]]]},"properties":{"h3":"886189220dfffff","loss":0.018,"place":null}},{"type":"Feature","geometry":{"type":"Polygon","coordinates":[[[77.79107,12.87787],[77.79116,12.88286],[77.78698,12.88538],[77.78272,12.8829],[77.78263,12.87791],[77.78681,12.87539],[77.79107,12.87787]]]},"properties":{"h3":"8861892211fffff","loss":0.011,"place":null}},{"type":"Feature","geometry":{"type":"Polygon","coordinates":[[[77.78263,12.87791],[77.78272,12.8829],[77.77854,12.88542],[77.77428,12.88294],[77.77419,12.87795],[77.77837,12.87543],[77.78263,12.87791]]]},"properties":{"h3":"8861892213fffff","loss":0.037,"place":null}},{"type":"Feature","geometry":{"type":"Polygon","coordinates":[[[77.79542,12.88534],[77.79551,12.89033],[77.79133,12.89285],[77.78707,12.89037],[77.78698,12.88538],[77.79116,12.88286],[77.79542,12.88534]]]},"properties":{"h3":"8861892215fffff","loss":0.019,"place":null}},{"type":"Feature","geometry":{"type":"Polygon","coordinates":[[[77.78698,12.88538],[77.78707,12.89037],[77.78289,12.89289],[77.77863,12.89041],[77.77854,12.88542],[77.78272,12.8829],[77.78698,12.88538]]]},"properties":{"h3":"8861892217fffff","loss":0.048,"place":null}},{"type":"Feature","geometry":{"type":"Polygon","coordinates":[[[77.79516,12.87036],[77.79525,12.87535],[77.79107,12.87787],[77.78681,12.87539],[77.78672,12.8704],[77.7909,12.86788],[77.79516,12.87036]]]},"properties":{"h3":"8861892219fffff","loss":null,"place":null}},{"type":"Feature","geometry":{"type":"Polygon","coordinates":[[[77.78672,12.8704],[77.78681,12.87539],[77.78263,12.87791],[77.77837,12.87543],[77.77828,12.87044],[77.78246,12.86792],[77.78672,12.8704]]]},"properties":{"h3":"886189221bfffff","loss":null,"place":null}},{"type":"Feature","geometry":{"type":"Polygon","coordinates":[[[77.79951,12.87783],[77.7996,12.88282],[77.79542,12.88534],[77.79116,12.88286],[77.79107,12.87787],[77.79525,12.87535],[77.79951,12.87783]]]},"properties":{"h3":"886189221dfffff","loss":null,"place":null}},{"type":"Feature","geometry":{"type":"Polygon","coordinates":[[[77.81692,12.90772],[77.81701,12.91271],[77.81283,12.91523],[77.80857,12.91275],[77.80848,12.90775],[77.81266,12.90524],[77.81692,12.90772]]]},"properties":{"h3":"8861892221fffff","loss":0.019,"place":null}},{"type":"Feature","geometry":{"type":"Polygon","coordinates":[[[77.80848,12.90775],[77.80857,12.91275],[77.80439,12.91527],[77.80012,12.91279],[77.80004,12.90779],[77.80421,12.90528],[77.80848,12.90775]]]},"properties":{"h3":"8861892223fffff","loss":0.023,"place":null}},{"type":"Feature","geometry":{"type":"Polygon","coordinates":[[[77.82128,12.91519],[77.82136,12.92018],[77.81719,12.9227],[77.81292,12.92022],[77.81283,12.91523],[77.81701,12.91271],[77.82128,12.91519]]]},"properties":{"h3":"8861892225fffff","loss":0.009,"place":null}},{"type":"Feature","geometry":{"type":"Polygon","coordinates":[[[77.81283,12.91523],[77.81292,12.92022],[77.80874,12.92274],[77.80448,12.92026],[77.80439,12.91527],[77.80857,12.91275],[77.81283,12.91523]]]},"properties":{"h3":"8861892227fffff","loss":0.061,"place":null}},{"type":"Feature","geometry":{"type":"Polygon","coordinates":[[[77.82101,12.9002],[77.8211,12.9052],[77.81692,12.90772],[77.81266,12.90524],[77.81257,12.90024],[77.81675,12.89773],[77.82101,12.9002]]]},"properties":{"h3":"8861892229fffff","loss":null,"place":null}},{"type":"Feature","geometry":{"type":"Polygon","coordinates":[[[77.81257,12.90024],[77.81266,12.90524],[77.80848,12.90775],[77.80421,12.90528],[77.80413,12.90028],[77.8083,12.89777],[77.81257,12.90024]]]},"properties":{"h3":"886189222bfffff","loss":0.009,"place":null}},{"type":"Feature","geometry":{"type":"Polygon","coordinates":[[[77.82537,12.90768],[77.82546,12.91267],[77.82128,12.91519],[77.81701,12.91271],[77.81692,12.90772],[77.8211,12.9052],[77.82537,12.90768]]]},"properties":{"h3":"886189222dfffff","loss":0.021,"place":null}},{"type":"Feature","geometry":{"type":"Polygon","coordinates":[[[77.79568,12.90032],[77.79577,12.90532],[77.79159,12.90783],[77.78733,12.90535],[77.78724,12.90036],[77.79142,12.89784],[77.79568,12.90032]]]},"properties":{"h3":"8861892231fffff","loss":0.035,"place":null}},{"type":"Feature","geometry":{"type":"Polygon","coordinates":[[[77.78724,12.90036],[77.78733,12.90535],[77.78315,12.90787],[77.77889,12.90539],[77.7788,12.9004],[77.78298,12.89788],[77.78724,12.90036]]]},"properties":{"h3":"8861892233fffff","loss":0.033,"place":null}},{"type":"Feature","geometry":{"type":"Polygon","coordinates":[[[77.80004,12.90779],[77.80012,12.91279],[77.79595,12.9153],[77.79168,12.91283],[77.79159,12.90783],[77.79577,12.90532],[77.80004,12.90779]]]},"properties":{"h3":"8861892235fffff","loss":0.059,"place":null}},{"type":"Feature","geometry":{"type":"Polygon","coordinates":[[[77.79159,12.90783],[77.79168,12.91283],[77.7875,12.91534],[77.78324,12.91286],[77.78315,12.90787],[77.78733,12.90535],[77.79159,12.90783]]]},"properties":{"h3":"8861892237fffff","loss":0.035,"place":null}},{"type":"Feature","geometry":{"type":"Polygon","coordinates":[[[77.79977,12.89281],[77.79986,12.89781],[77.79568,12.90032],[77.79142,12.89784],[77.79133,12.89285],[77.79551,12.89033],[77.79977,12.89281]]]},"properties":{"h3":"8861892239fffff","loss":0.023,"place":null}},{"type":"Feature","geometry":{"type":"Polygon","coordinates":[[[77.79133,12.89285],[77.79142,12.89784],[77.78724,12.90036],[77.78298,12.89788],[77.78289,12.89289],[77.78707,12.89037],[77.79133,12.89285]]]},"properties":{"h3":"886189223bfffff","loss":0.043,"place":null}},{"type":"Feature","geometry":{"type":"Polygon","coordinates":[[[77.80413,12.90028],[77.80421,12.90528],[77.80004,12.90779],[77.79577,12.90532],[77.79568,12.90032],[77.79986,12.89781],[77.80413,12.90028]]]},"properties":{"h3":"886189223dfffff","loss":0.013,"place":null}},{"type":"Feature","geometry":{"type":"Polygon","coordinates":[[[77.82893,12.8702],[77.82902,12.87519],[77.82484,12.87771],[77.82057,12.87523],[77.82049,12.87024],[77.82467,12.86772],[77.82893,12.8702]]]},"properties":{"h3":"8861892241fffff","loss":0.075,"place":null}},{"type":"Feature","geometry":{"type":"Polygon","coordinates":[[[77.82049,12.87024],[77.82057,12.87523],[77.8164,12.87775],[77.81213,12.87527],[77.81204,12.87028],[77.81622,12.86776],[77.82049,12.87024]]]},"properties":{"h3":"8861892243fffff","loss":0.014,"place":null}},{"type":"Feature","geometry":{"type":"Polygon","coordinates":[[[77.83328,12.87767],[77.83337,12.88266],[77.82919,12.88518],[77.82493,12.8827],[77.82484,12.87771],[77.82902,12.87519],[77.83328,12.87767]]]},"properties":{"h3":"8861892245fffff","loss":0.029,"place":null}},{"type":"Feature","geometry":{"type":"Polygon","coordinates":[[[77.82484,12.87771],[77.82493,12.8827],[77.82075,12.88522],[77.81648,12.88274],[77.8164,12.87775],[77.82057,12.87523],[77.82484,12.87771]]]},"properties":{"h3":"8861892247fffff","loss":0.002,"place":null}},{"type":"Feature","geometry":{"type":"Polygon","coordinates":[[[77.83302,12.86268],[77.83311,12.86768],[77.82893,12.8702],[77.82467,12.86772],[77.82458,12.86272],[77.82876,12.86021],[77.83302,12.86268]]]},"properties":{"h3":"8861892249fffff","loss":0.025,"place":null}},{"type":"Feature","geometry":{"type":"Polygon","coordinates":[[[77.82458,12.86272],[77.82467,12.86772],[77.82049,12.87024],[77.81622,12.86776],[77.81613,12.86276],[77.82031,12.86025],[77.82458,12.86272]]]},"properties":{"h3":"886189224bfffff","loss":null,"place":null}},{"type":"Feature","geometry":{"type":"Polygon","coordinates":[[[77.83738,12.87015],[77.83746,12.87515],[77.83328,12.87767],[77.82902,12.87519],[77.82893,12.8702],[77.83311,12.86768],[77.83738,12.87015]]]},"properties":{"h3":"886189224dfffff","loss":0.019,"place":null}},{"type":"Feature","geometry":{"type":"Polygon","coordinates":[[[77.80769,12.86281],[77.80778,12.8678],[77.8036,12.87032],[77.79934,12.86784],[77.79925,12.86285],[77.80343,12.86033],[77.80769,12.86281]]]},"properties":{"h3":"8861892251fffff","loss":0.032,"place":null}},{"type":"Feature","geometry":{"type":"Polygon","coordinates":[[[77.79925,12.86285],[77.79934,12.86784],[77.79516,12.87036],[77.7909,12.86788],[77.79081,12.86289],[77.79499,12.86037],[77.79925,12.86285]]]},"properties":{"h3":"8861892253fffff","loss":0.005,"place":null}},{"type":"Feature","geometry":{"type":"Polygon","coordinates":[[[77.81204,12.87028],[77.81213,12.87527],[77.80795,12.87779],[77.80369,12.87531],[77.8036,12.87032],[77.80778,12.8678],[77.81204,12.87028]]]},"properties":{"h3":"8861892255fffff","loss":0.02,"place":null}},{"type":"Feature","geometry":{"type":"Polygon","coordinates":[[[77.8036,12.87032],[77.80369,12.87531],[77.79951,12.87783],[77.79525,12.87535],[77.79516,12.87036],[77.79934,12.86784],[77.8036,12.87032]]]},"properties":{"h3":"8861892257fffff","loss":0.001,"place":null}},{"type":"Feature","geometry":{"type":"Polygon","coordinates":[[[77.81178,12.85529],[77.81187,12.86029],[77.80769,12.86281],[77.80343,12.86033],[77.80334,12.85533],[77.80752,12.85282],[77.81178,12.85529]]]},"properties":{"h3":"8861892259fffff","loss":0.021,"place":null}},{"type":"Feature","geometry":{"type":"Polygon","coordinates":[[[77.80334,12.85533],[77.80343,12.86033],[77.79925,12.86285],[77.79499,12.86037],[77.7949,12.85538],[77.79908,12.85286],[77.80334,12.85533]]]},"properties":{"h3":"886189225bfffff","loss":0.005,"place":null}},{"type":"Feature","geometry":{"type":"Polygon","coordinates":[[[77.81613,12.86276],[77.81622,12.86776],[77.81204,12.87028],[77.80778,12.8678],[77.80769,12.86281],[77.81187,12.86029],[77.81613,12.86276]]]},"properties":{"h3":"886189225dfffff","loss":null,"place":null}},{"type":"Feature","geometry":{"type":"Polygon","coordinates":[[[77.83355,12.89265],[77.83364,12.89765],[77.82946,12.90017],[77.82519,12.89769],[77.8251,12.89269],[77.82928,12.89018],[77.83355,12.89265]]]},"properties":{"h3":"8861892261fffff","loss":0.036,"place":null}},{"type":"Feature","geometry":{"type":"Polygon","coordinates":[[[77.8251,12.89269],[77.82519,12.89769],[77.82101,12.9002],[77.81675,12.89773],[77.81666,12.89273],[77.82084,12.89022],[77.8251,12.89269]]]},"properties":{"h3":"8861892263fffff","loss":0.049,"place":null}},{"type":"Feature","geometry":{"type":"Polygon","coordinates":[[[77.8379,12.90013],[77.83799,12.90512],[77.83381,12.90764],[77.82955,12.90516],[77.82946,12.90017],[77.83364,12.89765],[77.8379,12.90013]]]},"properties":{"h3":"8861892265fffff","loss":null,"place":null}},{"type":"Feature","geometry":{"type":"Polygon","coordinates":[[[77.82946,12.90017],[77.82955,12.90516],[77.82537,12.90768],[77.8211,12.9052],[77.82101,12.9002],[77.82519,12.89769],[77.82946,12.90017]]]},"properties":{"h3":"8861892267fffff","loss":0.064,"place":null}},{"type":"Feature","geometry":{"type":"Polygon","coordinates":[[[77.83764,12.88514],[77.83773,12.89014],[77.83355,12.89265],[77.82928,12.89018],[77.82919,12.88518],[77.83337,12.88266],[77.83764,12.88514]]]},"properties":{"h3":"8861892269fffff","loss":0.052,"place":null}},{"type":"Feature","geometry":{"type":"Polygon","coordinates":[[[77.82919,12.88518],[77.82928,12.89018],[77.8251,12.89269],[77.82084,12.89022],[77.82075,12.88522],[77.82493,12.8827],[77.82919,12.88518]]]},"properties":{"h3":"886189226bfffff","loss":0.011,"place":null}},{"type":"Feature","geometry":{"type":"Polygon","coordinates":[[[77.84199,12.89261],[77.84208,12.89761],[77.8379,12.90013],[77.83364,12.89765],[77.83355,12.89265],[77.83773,12.89014],[77.84199,12.89261]]]},"properties":{"h3":"886189226dfffff","loss":0.018,"place":null}},{"type":"Feature","geometry":{"type":"Polygon","coordinates":[[[77.75323,12.88553],[77.75331,12.89053],[77.74914,12.89304],[77.74488,12.89056],[77.74479,12.88557],[77.74896,12.88306],[77.75323,12.88553]]]},"properties":{"h3":"8861892281fffff","loss":0.05,"place":null}},{"type":"Feature","geometry":{"type":"Polygon","coordinates":[[[77.74479,12.88557],[77.74488,12.89056],[77.7407,12.89308],[77.73644,12.8906],[77.73635,12.88561],[77.74053,12.88309],[77.74479,12.88557]]]},"properties":{"h3":"8861892283fffff","loss":0.002,"place":null}},{"type":"Feature","geometry":{"type":"Polygon","coordinates":[[[77.75757,12.893],[77.75766,12.898],[77.75349,12.90051],[77.74922,12.89803],[77.74914,12.89304],[77.75331,12.89053],[77.75757,12.893]]]},"properties":{"h3":"8861892285fffff","loss":0.017,"place":null}},{"type":"Feature","geometry":{"type":"Polygon","coordinates":[[[77.74914,12.89304],[77.74922,12.89803],[77.74505,12.90055],[77.74079,12.89807],[77.7407,12.89308],[77.74488,12.89056],[77.74914,12.89304]]]},"properties":{"h3":"8861892287fffff","loss":0.049,"place":null}},{"type":"Feature","geometry":{"type":"Polygon","coordinates":[[[77.75731,12.87802],[77.7574,12.88302],[77.75323,12.88553],[77.74896,12.88306],[77.74888,12.87806],[77.75305,12.87555],[77.75731,12.87802]]]},"properties":{"h3":"8861892289fffff","loss":0.005,"place":null}},{"type":"Feature","geometry":{"type":"Polygon","coordinates":[[[77.74888,12.87806],[77.74896,12.88306],[77.74479,12.88557],[77.74053,12.88309],[77.74044,12.8781],[77.74462,12.87559],[77.74888,12.87806]]]},"properties":{"h3":"886189228bfffff","loss":null,"place":null}},{"type":"Feature","geometry":{"type":"Polygon","coordinates":[[[77.76166,12.88549],[77.76175,12.89049],[77.75757,12.893],[77.75331,12.89053],[77.75323,12.88553],[77.7574,12.88302],[77.76166,12.88549]]]},"properties":{"h3":"886189228dfffff","loss":null,"place":null}},{"type":"Feature","geometry":{"type":"Polygon","coordinates":[[[77.73201,12.87814],[77.73209,12.88313],[77.72792,12.88565],[77.72366,12.88317],[77.72357,12.87818],[77.72774,12.87566],[77.73201,12.87814]]]},"properties":{"h3":"8861892291fffff","loss":null,"place":null}},{"type":"Feature","geometry":{"type":"Polygon","coordinates":[[[77.72357,12.87818],[77.72366,12.88317],[77.71948,12.88568],[77.71522,12.8832],[77.71514,12.87821],[77.71931,12.8757],[77.72357,12.87818]]]},"properties":{"h3":"8861892293fffff","loss":0.016,"place":null}},{"type":"Feature","geometry":{"type":"Polygon","coordinates":[[[77.73635,12.88561],[77.73644,12.8906],[77.73226,12.89312],[77.728,12.89064],[77.72792,12.88565],[77.73209,12.88313],[77.73635,12.88561]]]},"properties":{"h3":"8861892295fffff","loss":0.012,"place":null}},{"type":"Feature","geometry":{"type":"Polygon","coordinates":[[[77.72792,12.88565],[77.728,12.89064],[77.72383,12.89315],[77.71957,12.89067],[77.71948,12.88568],[77.72366,12.88317],[77.72792,12.88565]]]},"properties":{"h3":"8861892297fffff","loss":null,"place":null}},{"type":"Feature","geometry":{"type":"Polygon","coordinates":[[[77.73609,12.87063],[77.73618,12.87562],[77.73201,12.87814],[77.72774,12.87566],[77.72766,12.87067],[77.73183,12.86815],[77.73609,12.87063]]]},"properties":{"h3":"8861892299fffff","loss":null,"place":null}},{"type":"Feature","geometry":{"type":"Polygon","coordinates":[[[77.72766,12.87067],[77.72774,12.87566],[77.72357,12.87818],[77.71931,12.8757],[77.71922,12.87071],[77.7234,12.86819],[77.72766,12.87067]]]},"properties":{"h3":"886189229bfffff","loss":null,"place":null}},{"type":"Feature","geometry":{"type":"Polygon","coordinates":[[[77.74044,12.8781],[77.74053,12.88309],[77.73635,12.88561],[77.73209,12.88313],[77.73201,12.87814],[77.73618,12.87562],[77.74044,12.8781]]]},"properties":{"h3":"886189229dfffff","loss":0.014,"place":null}},{"type":"Feature","geometry":{"type":"Polygon","coordinates":[[[77.75783,12.90798],[77.75792,12.91297],[77.75375,12.91549],[77.74948,12.91301],[77.7494,12.90802],[77.75357,12.9055],[77.75783,12.90798]]]},"properties":{"h3":"88618922a1fffff","loss":0.038,"place":null}},{"type":"Feature","geometry":{"type":"Polygon","coordinates":[[[77.7494,12.90802],[77.74948,12.91301],[77.74531,12.91553],[77.74105,12.91305],[77.74096,12.90806],[77.74513,12.90554],[77.7494,12.90802]]]},"properties":{"h3":"88618922a3fffff","loss":0.062,"place":null}},{"type":"Feature","geometry":{"type":"Polygon","coordinates":[[[77.76218,12.91545],[77.76227,12.92045],[77.75809,12.92296],[77.75383,12.92048],[77.75375,12.91549],[77.75792,12.91297],[77.76218,12.91545]]]},"properties":{"h3":"88618922a5fffff","loss":0.089,"place":null}},{"type":"Feature","geometry":{"type":"Polygon","coordinates":[[[77.75375,12.91549],[77.75383,12.92048],[77.74966,12.923],[77.74539,12.92052],[77.74531,12.91553],[77.74948,12.91301],[77.75375,12.91549]]]},"properties":{"h3":"88618922a7fffff","loss":0.096,"place":null}},{"type":"Feature","geometry":{"type":"Polygon","coordinates":[[[77.76192,12.90047],[77.76201,12.90547],[77.75783,12.90798],[77.75357,12.9055],[77.75349,12.90051],[77.75766,12.898],[77.76192,12.90047]]]},"properties":{"h3":"88618922a9fffff","loss":0.053,"place":null}},{"type":"Feature","geometry":{"type":"Polygon","coordinates":[[[77.75349,12.90051],[77.75357,12.9055],[77.7494,12.90802],[77.74513,12.90554],[77.74505,12.90055],[77.74922,12.89803],[77.75349,12.90051]]]},"properties":{"h3":"88618922abfffff","loss":0.019,"place":null}},{"type":"Feature","geometry":{"type":"Polygon","coordinates":[[[77.76627,12.90794],[77.76636,12.91294],[77.76218,12.91545],[77.75792,12.91297],[77.75783,12.90798],[77.76201,12.90547],[77.76627,12.90794]]]},"properties":{"h3":"88618922adfffff","loss":0.084,"place":null}},{"type":"Feature","geometry":{"type":"Polygon","coordinates":[[[77.73661,12.90059],[77.7367,12.90558],[77.73252,12.90809],[77.72826,12.90561],[77.72818,12.90062],[77.73235,12.89811],[77.73661,12.90059]]]},"properties":{"h3":"88618922b1fffff","loss":0.032,"place":null}},{"type":"Feature","geometry":{"type":"Polygon","coordinates":[[[77.72818,12.90062],[77.72826,12.90561],[77.72409,12.90813],[77.71983,12.90565],[77.71974,12.90066],[77.72391,12.89814],[77.72818,12.90062]]]},"properties":{"h3":"88618922b3fffff","loss":0.056,"place":null}},{"type":"Feature","geometry":{"type":"Polygon","coordinates":[[[77.74096,12.90806],[77.74105,12.91305],[77.73687,12.91556],[77.73261,12.91308],[77.73252,12.90809],[77.7367,12.90558],[77.74096,12.90806]]]},"properties":{"h3":"88618922b5fffff","loss":0.048,"place":null}},{"type":"Feature","geometry":{"type":"Polygon","coordinates":[[[77.73252,12.90809],[77.73261,12.91308],[77.72843,12.9156],[77.72417,12.91312],[77.72409,12.90813],[77.72826,12.90561],[77.73252,12.90809]]]},"properties":{"h3":"88618922b7fffff","loss":null,"place":null}},{"type":"Feature","geometry":{"type":"Polygon","coordinates":[[[77.7407,12.89308],[77.74079,12.89807],[77.73661,12.90059],[77.73235,12.89811],[77.73226,12.89312],[77.73644,12.8906],[77.7407,12.89308]]]},"properties":{"h3":"88618922b9fffff","loss":null,"place":null}},{"type":"Feature","geometry":{"type":"Polygon","coordinates":[[[77.73226,12.89312],[77.73235,12.89811],[77.72818,12.90062],[77.72391,12.89814],[77.72383,12.89315],[77.728,12.89064],[77.73226,12.89312]]]},"properties":{"h3":"88618922bbfffff","loss":0.023,"place":null}},{"type":"Feature","geometry":{"type":"Polygon","coordinates":[[[77.74505,12.90055],[77.74513,12.90554],[77.74096,12.90806],[77.7367,12.90558],[77.73661,12.90059],[77.74079,12.89807],[77.74505,12.90055]]]},"properties":{"h3":"88618922bdfffff","loss":null,"place":null}},{"type":"Feature","geometry":{"type":"Polygon","coordinates":[[[77.76984,12.87048],[77.76993,12.87547],[77.76575,12.87799],[77.76149,12.87551],[77.7614,12.87052],[77.76558,12.868],[77.76984,12.87048]]]},"properties":{"h3":"88618922c1fffff","loss":0.004,"place":null}},{"type":"Feature","geometry":{"type":"Polygon","coordinates":[[[77.7614,12.87052],[77.76149,12.87551],[77.75731,12.87802],[77.75305,12.87555],[77.75297,12.87055],[77.75714,12.86804],[77.7614,12.87052]]]},"properties":{"h3":"88618922c3fffff","loss":null,"place":null}},{"type":"Feature","geometry":{"type":"Polygon","coordinates":[[[77.77419,12.87795],[77.77428,12.88294],[77.7701,12.88546],[77.76584,12.88298],[77.76575,12.87799],[77.76993,12.87547],[77.77419,12.87795]]]},"properties":{"h3":"88618922c5fffff","loss":0.011,"place":null}},{"type":"Feature","geometry":{"type":"Polygon","coordinates":[[[77.76575,12.87799],[77.76584,12.88298],[77.76166,12.88549],[77.7574,12.88302],[77.75731,12.87802],[77.76149,12.87551],[77.76575,12.87799]]]},"properties":{"h3":"88618922c7fffff","loss":0.01,"place":null}},{"type":"Feature","geometry":{"type":"Polygon","coordinates":[[[77.77393,12.86297],[77.77402,12.86796],[77.76984,12.87048],[77.76558,12.868],[77.76549,12.86301],[77.76967,12.86049],[77.77393,12.86297]]]},"properties":{"h3":"88618922c9fffff","loss":0.013,"place":null}},{"type":"Feature","geometry":{"type":"Polygon","coordinates":[[[77.76549,12.86301],[77.76558,12.868],[77.7614,12.87052],[77.75714,12.86804],[77.75705,12.86305],[77.76123,12.86053],[77.76549,12.86301]]]},"properties":{"h3":"88618922cbfffff","loss":null,"place":null}},{"type":"Feature","geometry":{"type":"Polygon","coordinates":[[[77.77828,12.87044],[77.77837,12.87543],[77.77419,12.87795],[77.76993,12.87547],[77.76984,12.87048],[77.77402,12.86796],[77.77828,12.87044]]]},"properties":{"h3":"88618922cdfffff","loss":0.026,"place":null}},{"type":"Feature","geometry":{"type":"Polygon","coordinates":[[[77.74862,12.86308],[77.7487,12.86808],[77.74453,12.87059],[77.74027,12.86812],[77.74018,12.86312],[77.74436,12.86061],[77.74862,12.86308]]]},"properties":{"h3":"88618922d1fffff","loss":null,"place":null}},{"type":"Feature","geometry":{"type":"Polygon","coordinates":[[[77.74018,12.86312],[77.74027,12.86812],[77.73609,12.87063],[77.73183,12.86815],[77.73175,12.86316],[77.73592,12.86065],[77.74018,12.86312]]]},"properties":{"h3":"88618922d3fffff","loss":null,"place":null}},{"type":"Feature","geometry":{"type":"Polygon","coordinates":[[[77.75297,12.87055],[77.75305,12.87555],[77.74888,12.87806],[77.74462,12.87559],[77.74453,12.87059],[77.7487,12.86808],[77.75297,12.87055]]]},"properties":{"h3":"88618922d5fffff","loss":null,"place":null}},{"type":"Feature","geometry":{"type":"Polygon","coordinates":[[[77.74453,12.87059],[77.74462,12.87559],[77.74044,12.8781],[77.73618,12.87562],[77.73609,12.87063],[77.74027,12.86812],[77.74453,12.87059]]]},"properties":{"h3":"88618922d7fffff","loss":0.03,"place":null}},{"type":"Feature","geometry":{"type":"Polygon","coordinates":[[[77.75271,12.85558],[77.75279,12.86057],[77.74862,12.86308],[77.74436,12.86061],[77.74427,12.85561],[77.74844,12.8531],[77.75271,12.85558]]]},"properties":{"h3":"88618922d9fffff","loss":0.008,"place":null}},{"type":"Feature","geometry":{"type":"Polygon","coordinates":[[[77.74427,12.85561],[77.74436,12.86061],[77.74018,12.86312],[77.73592,12.86065],[77.73583,12.85565],[77.74001,12.85314],[77.74427,12.85561]]]},"properties":{"h3":"88618922dbfffff","loss":null,"place":null}},{"type":"Feature","geometry":{"type":"Polygon","coordinates":[[[77.75705,12.86305],[77.75714,12.86804],[77.75297,12.87055],[77.7487,12.86808],[77.74862,12.86308],[77.75279,12.86057],[77.75705,12.86305]]]},"properties":{"h3":"88618922ddfffff","loss":null,"place":null}},{"type":"Feature","geometry":{"type":"Polygon","coordinates":[[[77.77445,12.89293],[77.77454,12.89792],[77.77036,12.90044],[77.7661,12.89796],[77.76601,12.89297],[77.77019,12.89045],[77.77445,12.89293]]]},"properties":{"h3":"88618922e1fffff","loss":0.024,"place":null}},{"type":"Feature","geometry":{"type":"Polygon","coordinates":[[[77.76601,12.89297],[77.7661,12.89796],[77.76192,12.90047],[77.75766,12.898],[77.75757,12.893],[77.76175,12.89049],[77.76601,12.89297]]]},"properties":{"h3":"88618922e3fffff","loss":0.036,"place":null}},{"type":"Feature","geometry":{"type":"Polygon","coordinates":[[[77.7788,12.9004],[77.77889,12.90539],[77.77471,12.90791],[77.77045,12.90543],[77.77036,12.90044],[77.77454,12.89792],[77.7788,12.9004]]]},"properties":{"h3":"88618922e5fffff","loss":0.024,"place":null}},{"type":"Feature","geometry":{"type":"Polygon","coordinates":[[[77.77036,12.90044],[77.77045,12.90543],[77.76627,12.90794],[77.76201,12.90547],[77.76192,12.90047],[77.7661,12.89796],[77.77036,12.90044]]]},"properties":{"h3":"88618922e7fffff","loss":0.073,"place":null}},{"type":"Feature","geometry":{"type":"Polygon","coordinates":[[[77.77854,12.88542],[77.77863,12.89041],[77.77445,12.89293],[77.77019,12.89045],[77.7701,12.88546],[77.77428,12.88294],[77.77854,12.88542]]]},"properties":{"h3":"88618922e9fffff","loss":null,"place":null}},{"type":"Feature","geometry":{"type":"Polygon","coordinates":[[[77.7701,12.88546],[77.77019,12.89045],[77.76601,12.89297],[77.76175,12.89049],[77.76166,12.88549],[77.76584,12.88298],[77.7701,12.88546]]]},"properties":{"h3":"88618922ebfffff","loss":0.022,"place":null}},{"type":"Feature","geometry":{"type":"Polygon","coordinates":[[[77.78289,12.89289],[77.78298,12.89788],[77.7788,12.9004],[77.77454,12.89792],[77.77445,12.89293],[77.77863,12.89041],[77.78289,12.89289]]]},"properties":{"h3":"88618922edfffff","loss":0.006,"place":null}},{"type":"Feature","geometry":{"type":"Polygon","coordinates":[[[77.84279,12.93757],[77.84288,12.94256],[77.8387,12.94508],[77.83443,12.9426],[77.83434,12.93761],[77.83852,12.93509],[77.84279,12.93757]]]},"properties":{"h3":"8861892301fffff","loss":0.016,"place":null}},{"type":"Feature","geometry":{"type":"Polygon","coordinates":[[[77.83434,12.93761],[77.83443,12.9426],[77.83025,12.94512],[77.82598,12.94264],[77.82589,12.93764],[77.83007,12.93513],[77.83434,12.93761]]]},"properties":{"h3":"8861892303fffff","loss":0.041,"place":null}},{"type":"Feature","geometry":{"type":"Polygon","coordinates":[[[77.84714,12.94504],[77.84723,12.95004],[77.84305,12.95255],[77.83878,12.95007],[77.8387,12.94508],[77.84288,12.94256],[77.84714,12.94504]]]},"properties":{"h3":"8861892305fffff","loss":0.027,"place":null}},{"type":"Feature","geometry":{"type":"Polygon","coordinates":[[[77.8387,12.94508],[77.83878,12.95007],[77.8346,12.95259],[77.83034,12.95011],[77.83025,12.94512],[77.83443,12.9426],[77.8387,12.94508]]]},"properties":{"h3":"8861892307fffff","loss":0.03,"place":null}},{"type":"Feature","geometry":{"type":"Polygon","coordinates":[[[77.84688,12.93006],[77.84697,12.93505],[77.84279,12.93757],[77.83852,12.93509],[77.83843,12.9301],[77.84261,12.92758],[77.84688,12.93006]]]},"properties":{"h3":"8861892309fffff","loss":0.031,"place":null}},{"type":"Feature","geometry":{"type":"Polygon","coordinates":[[[77.83843,12.9301],[77.83852,12.93509],[77.83434,12.93761],[77.83007,12.93513],[77.82999,12.93013],[77.83416,12.92762],[77.83843,12.9301]]]},"properties":{"h3":"886189230bfffff","loss":0.04,"place":null}},{"type":"Feature","geometry":{"type":"Polygon","coordinates":[[[77.85124,12.93753],[77.85132,12.94252],[77.84714,12.94504],[77.84288,12.94256],[77.84279,12.93757],[77.84697,12.93505],[77.85124,12.93753]]]},"properties":{"h3":"886189230dfffff","loss":0.002,"place":null}},{"type":"Feature","geometry":{"type":"Polygon","coordinates":[[[77.82154,12.93017],[77.82163,12.93517],[77.81745,12.93768],[77.81318,12.9352],[77.8131,12.93021],[77.81727,12.92769],[77.82154,12.93017]]]},"properties":{"h3":"8861892311fffff","loss":0.057,"place":null}},{"type":"Feature","geometry":{"type":"Polygon","coordinates":[[[77.8131,12.93021],[77.81318,12.9352],[77.80901,12.93772],[77.80474,12.93524],[77.80465,12.93025],[77.80883,12.92773],[77.8131,12.93021]]]},"properties":{"h3":"8861892313fffff","loss":0.115,"place":null}},{"type":"Feature","geometry":{"type":"Polygon","coordinates":[[[77.82589,12.93764],[77.82598,12.94264],[77.8218,12.94515],[77.81754,12.94268],[77.81745,12.93768],[77.82163,12.93517],[77.82589,12.93764]]]},"properties":{"h3":"8861892315fffff","loss":null,"place":null}},{"type":"Feature","geometry":{"type":"Polygon","coordinates":[[[77.81745,12.93768],[77.81754,12.94268],[77.81336,12.94519],[77.80909,12.94271],[77.80901,12.93772],[77.81318,12.9352],[77.81745,12.93768]]]},"properties":{"h3":"8861892317fffff","loss":0.014,"place":null}},{"type":"Feature","geometry":{"type":"Polygon","coordinates":[[[77.82563,12.92266],[77.82572,12.92766],[77.82154,12.93017],[77.81727,12.92769],[77.81719,12.9227],[77.82136,12.92018],[77.82563,12.92266]]]},"properties":{"h3":"8861892319fffff","loss":0.064,"place":null}},{"type":"Feature","geometry":{"type":"Polygon","coordinates":[[[77.81719,12.9227],[77.81727,12.92769],[77.8131,12.93021],[77.80883,12.92773],[77.80874,12.92274],[77.81292,12.92022],[77.81719,12.9227]]]},"properties":{"h3":"886189231bfffff","loss":0.017,"place":null}},{"type":"Feature","geometry":{"type":"Polygon","coordinates":[[[77.82999,12.93013],[77.83007,12.93513],[77.82589,12.93764],[77.82163,12.93517],[77.82154,12.93017],[77.82572,12.92766],[77.82999,12.93013]]]},"properties":{"h3":"886189231dfffff","loss":0.022,"place":null}},{"type":"Feature","geometry":{"type":"Polygon","coordinates":[[[77.84741,12.96003],[77.8475,12.96502],[77.84332,12.96754],[77.83905,12.96506],[77.83896,12.96006],[77.84314,12.95755],[77.84741,12.96003]]]},"properties":{"h3":"8861892321fffff","loss":0.049,"place":null}},{"type":"Feature","geometry":{"type":"Polygon","coordinates":[[[77.83896,12.96006],[77.83905,12.96506],[77.83487,12.96757],[77.8306,12.9651],[77.83051,12.9601],[77.83469,12.95759],[77.83896,12.96006]]]},"properties":{"h3":"8861892323fffff","loss":0.038,"place":null}},{"type":"Feature","geometry":{"type":"Polygon","coordinates":[[[77.85177,12.9675],[77.85185,12.9725],[77.84767,12.97501],[77.8434,12.97253],[77.84332,12.96754],[77.8475,12.96502],[77.85177,12.9675]]]},"properties":{"h3":"8861892325fffff","loss":0.069,"place":null}},{"type":"Feature","geometry":{"type":"Polygon","coordinates":[[[77.84332,12.96754],[77.8434,12.97253],[77.83922,12.97505],[77.83496,12.97257],[77.83487,12.96757],[77.83905,12.96506],[77.84332,12.96754]]]},"properties":{"h3":"8861892327fffff","loss":0.035,"place":null}},{"type":"Feature","geometry":{"type":"Polygon","coordinates":[[[77.8515,12.95252],[77.85159,12.95751],[77.84741,12.96003],[77.84314,12.95755],[77.84305,12.95255],[77.84723,12.95004],[77.8515,12.95252]]]},"properties":{"h3":"8861892329fffff","loss":0.04,"place":null}},{"type":"Feature","geometry":{"type":"Polygon","coordinates":[[[77.84305,12.95255],[77.84314,12.95755],[77.83896,12.96006],[77.83469,12.95759],[77.8346,12.95259],[77.83878,12.95007],[77.84305,12.95255]]]},"properties":{"h3":"886189232bfffff","loss":0.043,"place":null}},{"type":"Feature","geometry":{"type":"Polygon","coordinates":[[[77.85586,12.95999],[77.85595,12.96498],[77.85177,12.9675],[77.8475,12.96502],[77.84741,12.96003],[77.85159,12.95751],[77.85586,12.95999]]]},"properties":{"h3":"886189232dfffff","loss":0.07,"place":null}},{"type":"Feature","geometry":{"type":"Polygon","coordinates":[[[77.82616,12.95263],[77.82625,12.95762],[77.82207,12.96014],[77.8178,12.95766],[77.81771,12.95266],[77.82189,12.95015],[77.82616,12.95263]]]},"properties":{"h3":"8861892331fffff","loss":null,"place":null}},{"type":"Feature","geometry":{"type":"Polygon","coordinates":[[[77.81771,12.95266],[77.8178,12.95766],[77.81362,12.96017],[77.80936,12.9577],[77.80927,12.9527],[77.81345,12.95019],[77.81771,12.95266]]]},"properties":{"h3":"8861892333fffff","loss":null,"place":null}},{"type":"Feature","geometry":{"type":"Polygon","coordinates":[[[77.83051,12.9601],[77.8306,12.9651],[77.82642,12.96761],[77.82215,12.96513],[77.82207,12.96014],[77.82625,12.95762],[77.83051,12.9601]]]},"properties":{"h3":"8861892335fffff","loss":0.022,"place":null}},{"type":"Feature","geometry":{"type":"Polygon","coordinates":[[[77.82207,12.96014],[77.82215,12.96513],[77.81798,12.96765],[77.81371,12.96517],[77.81362,12.96017],[77.8178,12.95766],[77.82207,12.96014]]]},"properties":{"h3":"8861892337fffff","loss":null,"place":null}},{"type":"Feature","geometry":{"type":"Polygon","coordinates":[[[77.83025,12.94512],[77.83034,12.95011],[77.82616,12.95263],[77.82189,12.95015],[77.8218,12.94515],[77.82598,12.94264],[77.83025,12.94512]]]},"properties":{"h3":"8861892339fffff","loss":0.027,"place":null}},{"type":"Feature","geometry":{"type":"Polygon","coordinates":[[[77.8218,12.94515],[77.82189,12.95015],[77.81771,12.95266],[77.81345,12.95019],[77.81336,12.94519],[77.81754,12.94268],[77.8218,12.94515]]]},"properties":{"h3":"886189233bfffff","loss":0.026,"place":null}},{"type":"Feature","geometry":{"type":"Polygon","coordinates":[[[77.8346,12.95259],[77.83469,12.95759],[77.83051,12.9601],[77.82625,12.95762],[77.82616,12.95263],[77.83034,12.95011],[77.8346,12.95259]]]},"properties":{"h3":"886189233dfffff","loss":0.063,"place":null}},{"type":"Feature","geometry":{"type":"Polygon","coordinates":[[[77.85942,12.9225],[77.85951,12.9275],[77.85533,12.93002],[77.85106,12.92754],[77.85097,12.92254],[77.85515,12.92003],[77.85942,12.9225]]]},"properties":{"h3":"8861892341fffff","loss":0.016,"place":null}},{"type":"Feature","geometry":{"type":"Polygon","coordinates":[[[77.85097,12.92254],[77.85106,12.92754],[77.84688,12.93006],[77.84261,12.92758],[77.84252,12.92258],[77.8467,12.92007],[77.85097,12.92254]]]},"properties":{"h3":"8861892343fffff","loss":null,"place":null}},{"type":"Feature","geometry":{"type":"Polygon","coordinates":[[[77.86378,12.92998],[77.86386,12.93497],[77.85968,12.93749],[77.85542,12.93501],[77.85533,12.93002],[77.85951,12.9275],[77.86378,12.92998]]]},"properties":{"h3":"8861892345fffff","loss":0.015,"place":null}},{"type":"Feature","geometry":{"type":"Polygon","coordinates":[[[77.85533,12.93002],[77.85542,12.93501],[77.85124,12.93753],[77.84697,12.93505],[77.84688,12.93006],[77.85106,12.92754],[77.85533,12.93002]]]},"properties":{"h3":"8861892347fffff","loss":null,"place":null}},{"type":"Feature","geometry":{"type":"Polygon","coordinates":[[[77.86351,12.91499],[77.8636,12.91999],[77.85942,12.9225],[77.85515,12.92003],[77.85506,12.91503],[77.85924,12.91251],[77.86351,12.91499]]]},"properties":{"h3":"8861892349fffff","loss":0.038,"place":null}},{"type":"Feature","geometry":{"type":"Polygon","coordinates":[[[77.85506,12.91503],[77.85515,12.92003],[77.85097,12.92254],[77.8467,12.92007],[77.84661,12.91507],[77.85079,12.91255],[77.85506,12.91503]]]},"properties":{"h3":"886189234bfffff","loss":0.01,"place":null}},{"type":"Feature","geometry":{"type":"Polygon","coordinates":[[[77.86787,12.92246],[77.86796,12.92746],[77.86378,12.92998],[77.85951,12.9275],[77.85942,12.9225],[77.8636,12.91999],[77.86787,12.92246]]]},"properties":{"h3":"886189234dfffff","loss":0.06,"place":null}},{"type":"Feature","geometry":{"type":"Polygon","coordinates":[[[77.83817,12.91511],[77.83826,12.92011],[77.83408,12.92262],[77.82981,12.92014],[77.82972,12.91515],[77.8339,12.91263],[77.83817,12.91511]]]},"properties":{"h3":"8861892351fffff","loss":null,"place":null}},{"type":"Feature","geometry":{"type":"Polygon","coordinates":[[[77.82972,12.91515],[77.82981,12.92014],[77.82563,12.92266],[77.82136,12.92018],[77.82128,12.91519],[77.82546,12.91267],[77.82972,12.91515]]]},"properties":{"h3":"8861892353fffff","loss":0.013,"place":null}},{"type":"Feature","geometry":{"type":"Polygon","coordinates":[[[77.84252,12.92258],[77.84261,12.92758],[77.83843,12.9301],[77.83416,12.92762],[77.83408,12.92262],[77.83826,12.92011],[77.84252,12.92258]]]},"properties":{"h3":"8861892355fffff","loss":0.042,"place":null}},{"type":"Feature","geometry":{"type":"Polygon","coordinates":[[[77.83408,12.92262],[77.83416,12.92762],[77.82999,12.93013],[77.82572,12.92766],[77.82563,12.92266],[77.82981,12.92014],[77.83408,12.92262]]]},"properties":{"h3":"8861892357fffff","loss":null,"place":null}},{"type":"Feature","geometry":{"type":"Polygon","coordinates":[[[77.84226,12.9076],[77.84235,12.91259],[77.83817,12.91511],[77.8339,12.91263],[77.83381,12.90764],[77.83799,12.90512],[77.84226,12.9076]]]},"properties":{"h3":"8861892359fffff","loss":0.016,"place":null}},{"type":"Feature","geometry":{"type":"Polygon","coordinates":[[[77.83381,12.90764],[77.8339,12.91263],[77.82972,12.91515],[77.82546,12.91267],[77.82537,12.90768],[77.82955,12.90516],[77.83381,12.90764]]]},"properties":{"h3":"886189235bfffff","loss":0.008,"place":null}},{"type":"Feature","geometry":{"type":"Polygon","coordinates":[[[77.84661,12.91507],[77.8467,12.92007],[77.84252,12.92258],[77.83826,12.92011],[77.83817,12.91511],[77.84235,12.91259],[77.84661,12.91507]]]},"properties":{"h3":"886189235dfffff","loss":0.001,"place":null}},{"type":"Feature","geometry":{"type":"Polygon","coordinates":[[[77.86404,12.94496],[77.86413,12.94996],[77.85995,12.95248],[77.85568,12.95],[77.85559,12.945],[77.85977,12.94249],[77.86404,12.94496]]]},"properties":{"h3":"8861892361fffff","loss":0.038,"place":null}},{"type":"Feature","geometry":{"type":"Polygon","coordinates":[[[77.85559,12.945],[77.85568,12.95],[77.8515,12.95252],[77.84723,12.95004],[77.84714,12.94504],[77.85132,12.94252],[77.85559,12.945]]]},"properties":{"h3":"8861892363fffff","loss":0.025,"place":null}},{"type":"Feature","geometry":{"type":"Polygon","coordinates":[[[77.8684,12.95244],[77.86849,12.95743],[77.86431,12.95995],[77.86004,12.95747],[77.85995,12.95248],[77.86413,12.94996],[77.8684,12.95244]]]},"properties":{"h3":"8861892365fffff","loss":0.03,"place":null}},{"type":"Feature","geometry":{"type":"Polygon","coordinates":[[[77.85995,12.95248],[77.86004,12.95747],[77.85586,12.95999],[77.85159,12.95751],[77.8515,12.95252],[77.85568,12.95],[77.85995,12.95248]]]},"properties":{"h3":"8861892367fffff","loss":null,"place":null}},{"type":"Feature","geometry":{"type":"Polygon","coordinates":[[[77.86813,12.93745],[77.86822,12.94245],[77.86404,12.94496],[77.85977,12.94249],[77.85968,12.93749],[77.86386,12.93497],[77.86813,12.93745]]]},"properties":{"h3":"8861892369fffff","loss":0.057,"place":null}},{"type":"Feature","geometry":{"type":"Polygon","coordinates":[[[77.85968,12.93749],[77.85977,12.94249],[77.85559,12.945],[77.85132,12.94252],[77.85124,12.93753],[77.85542,12.93501],[77.85968,12.93749]]]},"properties":{"h3":"886189236bfffff","loss":0.04,"place":null}},{"type":"Feature","geometry":{"type":"Polygon","coordinates":[[[77.87249,12.94493],[77.87258,12.94992],[77.8684,12.95244],[77.86413,12.94996],[77.86404,12.94496],[77.86822,12.94245],[77.87249,12.94493]]]},"properties":{"h3":"886189236dfffff","loss":0.079,"place":null}},{"type":"Feature","geometry":{"type":"Polygon","coordinates":[[[77.63518,12.88604],[77.63526,12.89103],[77.63109,12.89354],[77.62684,12.89106],[77.62675,12.88607],[77.63092,12.88356],[77.63518,12.88604]]]},"properties":{"h3":"8861892401fffff","loss":0.013,"place":null}},{"type":"Feature","geometry":{"type":"Polygon","coordinates":[[[77.62675,12.88607],[77.62684,12.89106],[77.62267,12.89357],[77.61841,12.89109],[77.61833,12.8861],[77.6225,12.88359],[77.62675,12.88607]]]},"properties":{"h3":"8861892403fffff","loss":null,"place":null}},{"type":"Feature","geometry":{"type":"Polygon","coordinates":[[[77.63952,12.8935],[77.6396,12.89849],[77.63543,12.90101],[77.63118,12.89853],[77.63109,12.89354],[77.63526,12.89103],[77.63952,12.8935]]]},"properties":{"h3":"8861892405fffff","loss":0.019,"place":null}},{"type":"Feature","geometry":{"type":"Polygon","coordinates":[[[77.63109,12.89354],[77.63118,12.89853],[77.62701,12.90104],[77.62275,12.89856],[77.62267,12.89357],[77.62684,12.89106],[77.63109,12.89354]]]},"properties":{"h3":"8861892407fffff","loss":0.01,"place":null}},{"type":"Feature","geometry":{"type":"Polygon","coordinates":[[[77.63927,12.87854],[77.63935,12.88353],[77.63518,12.88604],[77.63092,12.88356],[77.63084,12.87857],[77.63501,12.87606],[77.63927,12.87854]]]},"properties":{"h3":"8861892409fffff","loss":null,"place":null}},{"type":"Feature","geometry":{"type":"Polygon","coordinates":[[[77.63084,12.87857],[77.63092,12.88356],[77.62675,12.88607],[77.6225,12.88359],[77.62241,12.8786],[77.62658,12.87609],[77.63084,12.87857]]]},"properties":{"h3":"886189240bfffff","loss":null,"place":null}},{"type":"Feature","geometry":{"type":"Polygon","coordinates":[[[77.64361,12.886],[77.64369,12.89099],[77.63952,12.8935],[77.63526,12.89103],[77.63518,12.88604],[77.63935,12.88353],[77.64361,12.886]]]},"properties":{"h3":"886189240dfffff","loss":0.019,"place":null}},{"type":"Feature","geometry":{"type":"Polygon","coordinates":[[[77.61399,12.87864],[77.61407,12.88363],[77.6099,12.88614],[77.60565,12.88366],[77.60557,12.87867],[77.60974,12.87616],[77.61399,12.87864]]]},"properties":{"h3":"8861892411fffff","loss":null,"place":null}},{"type":"Feature","geometry":{"type":"Polygon","coordinates":[[[77.60557,12.87867],[77.60565,12.88366],[77.60148,12.88617],[77.59723,12.88369],[77.59714,12.8787],[77.60131,12.87619],[77.60557,12.87867]]]},"properties":{"h3":"8861892413fffff","loss":0.023,"place":null}},{"type":"Feature","geometry":{"type":"Polygon","coordinates":[[[77.61833,12.8861],[77.61841,12.89109],[77.61424,12.8936],[77.60999,12.89113],[77.6099,12.88614],[77.61407,12.88363],[77.61833,12.8861]]]},"properties":{"h3":"8861892415fffff","loss":null,"place":null}},{"type":"Feature","geometry":{"type":"Polygon","coordinates":[[[77.6099,12.88614],[77.60999,12.89113],[77.60582,12.89364],[77.60156,12.89116],[77.60148,12.88617],[77.60565,12.88366],[77.6099,12.88614]]]},"properties":{"h3":"8861892417fffff","loss":0.006,"place":null}},{"type":"Feature","geometry":{"type":"Polygon","coordinates":[[[77.61808,12.87114],[77.61816,12.87613],[77.61399,12.87864],[77.60974,12.87616],[77.60965,12.87117],[77.61382,12.86866],[77.61808,12.87114]]]},"properties":{"h3":"8861892419fffff","loss":null,"place":null}},{"type":"Feature","geometry":{"type":"Polygon","coordinates":[[[77.60965,12.87117],[77.60974,12.87616],[77.60557,12.87867],[77.60131,12.87619],[77.60123,12.87121],[77.6054,12.86869],[77.60965,12.87117]]]},"properties":{"h3":"886189241bfffff","loss":null,"place":null}},{"type":"Feature","geometry":{"type":"Polygon","coordinates":[[[77.62241,12.8786],[77.6225,12.88359],[77.61833,12.8861],[77.61407,12.88363],[77.61399,12.87864],[77.61816,12.87613],[77.62241,12.8786]]]},"properties":{"h3":"886189241dfffff","loss":null,"place":null}},{"type":"Feature","geometry":{"type":"Polygon","coordinates":[[[77.63977,12.90847],[77.63986,12.91346],[77.63569,12.91597],[77.63143,12.9135],[77.63135,12.90851],[77.63552,12.906],[77.63977,12.90847]]]},"properties":{"h3":"8861892421fffff","loss":0.011,"place":null}},{"type":"Feature","geometry":{"type":"Polygon","coordinates":[[[77.63135,12.90851],[77.63143,12.9135],[77.62726,12.91601],[77.62301,12.91353],[77.62292,12.90854],[77.62709,12.90603],[77.63135,12.90851]]]},"properties":{"h3":"8861892423fffff","loss":0.026,"place":null}},{"type":"Feature","geometry":{"type":"Polygon","coordinates":[[[77.64411,12.91594],[77.6442,12.92093],[77.64003,12.92344],[77.63577,12.92096],[77.63569,12.91597],[77.63986,12.91346],[77.64411,12.91594]]]},"properties":{"h3":"8861892425fffff","loss":null,"place":null}},{"type":"Feature","geometry":{"type":"Polygon","coordinates":[[[77.63569,12.91597],[77.63577,12.92096],[77.6316,12.92347],[77.62734,12.921],[77.62726,12.91601],[77.63143,12.9135],[77.63569,12.91597]]]},"properties":{"h3":"8861892427fffff","loss":null,"place":null}},{"type":"Feature","geometry":{"type":"Polygon","coordinates":[[[77.64386,12.90097],[77.64395,12.90596],[77.63977,12.90847],[77.63552,12.906],[77.63543,12.90101],[77.6396,12.89849],[77.64386,12.90097]]]},"properties":{"h3":"8861892429fffff","loss":0.009,"place":null}},{"type":"Feature","geometry":{"type":"Polygon","coordinates":[[[77.63543,12.90101],[77.63552,12.906],[77.63135,12.90851],[77.62709,12.90603],[77.62701,12.90104],[77.63118,12.89853],[77.63543,12.90101]]]},"properties":{"h3":"886189242bfffff","loss":0.013,"place":null}},{"type":"Feature","geometry":{"type":"Polygon","coordinates":[[[77.6482,12.90844],[77.64829,12.91343],[77.64411,12.91594],[77.63986,12.91346],[77.63977,12.90847],[77.64395,12.90596],[77.6482,12.90844]]]},"properties":{"h3":"886189242dfffff","loss":null,"place":null}},{"type":"Feature","geometry":{"type":"Polygon","coordinates":[[[77.61858,12.90107],[77.61867,12.90606],[77.6145,12.90857],[77.61024,12.90609],[77.61016,12.9011],[77.61433,12.89859],[77.61858,12.90107]]]},"properties":{"h3":"8861892431fffff","loss":null,"place":null}},{"type":"Feature","geometry":{"type":"Polygon","coordinates":[[[77.61016,12.9011],[77.61024,12.90609],[77.60607,12.9086],[77.60182,12.90613],[77.60173,12.90114],[77.6059,12.89863],[77.61016,12.9011]]]},"properties":{"h3":"8861892433fffff","loss":0.02,"place":null}},{"type":"Feature","geometry":{"type":"Polygon","coordinates":[[[77.62292,12.90854],[77.62301,12.91353],[77.61883,12.91604],[77.61458,12.91356],[77.6145,12.90857],[77.61867,12.90606],[77.62292,12.90854]]]},"properties":{"h3":"8861892435fffff","loss":0.009,"place":null}},{"type":"Feature","geometry":{"type":"Polygon","coordinates":[[[77.6145,12.90857],[77.61458,12.91356],[77.61041,12.91607],[77.60615,12.91359],[77.60607,12.9086],[77.61024,12.90609],[77.6145,12.90857]]]},"properties":{"h3":"8861892437fffff","loss":0.013,"place":null}},{"type":"Feature","geometry":{"type":"Polygon","coordinates":[[[77.62267,12.89357],[77.62275,12.89856],[77.61858,12.90107],[77.61433,12.89859],[77.61424,12.8936],[77.61841,12.89109],[77.62267,12.89357]]]},"properties":{"h3":"8861892439fffff","loss":null,"place":null}},{"type":"Feature","geometry":{"type":"Polygon","coordinates":[[[77.61424,12.8936],[77.61433,12.89859],[77.61016,12.9011],[77.6059,12.89863],[77.60582,12.89364],[77.60999,12.89113],[77.61424,12.8936]]]},"properties":{"h3":"886189243bfffff","loss":0.006,"place":null}},{"type":"Feature","geometry":{"type":"Polygon","coordinates":[[[77.62701,12.90104],[77.62709,12.90603],[77.62292,12.90854],[77.61867,12.90606],[77.61858,12.90107],[77.62275,12.89856],[77.62701,12.90104]]]},"properties":{"h3":"886189243dfffff","loss":0.004,"place":null}},{"type":"Feature","geometry":{"type":"Polygon","coordinates":[[[77.65178,12.871],[77.65186,12.87599],[77.64769,12.8785],[77.64344,12.87602],[77.64335,12.87103],[77.64752,12.86852],[77.65178,12.871]]]},"properties":{"h3":"8861892441fffff","loss":null,"place":null}},{"type":"Feature","geometry":{"type":"Polygon","coordinates":[[[77.64335,12.87103],[77.64344,12.87602],[77.63927,12.87854],[77.63501,12.87606],[77.63493,12.87107],[77.6391,12.86856],[77.64335,12.87103]]]},"properties":{"h3":"8861892443fffff","loss":0.018,"place":null}},{"type":"Feature","geometry":{"type":"Polygon","coordinates":[[[77.65612,12.87847],[77.65621,12.88346],[77.65203,12.88597],[77.64778,12.88349],[77.64769,12.8785],[77.65186,12.87599],[77.65612,12.87847]]]},"properties":{"h3":"8861892445fffff","loss":null,"place":null}},{"type":"Feature","geometry":{"type":"Polygon","coordinates":[[[77.64769,12.8785],[77.64778,12.88349],[77.64361,12.886],[77.63935,12.88353],[77.63927,12.87854],[77.64344,12.87602],[77.64769,12.8785]]]},"properties":{"h3":"8861892447fffff","loss":null,"place":null}},{"type":"Feature","geometry":{"type":"Polygon","coordinates":[[[77.65587,12.86349],[77.65595,12.86849],[77.65178,12.871],[77.64752,12.86852],[77.64744,12.86353],[77.65161,12.86102],[77.65587,12.86349]]]},"properties":{"h3":"8861892449fffff","loss":null,"place":null}},{"type":"Feature","geometry":{"type":"Polygon","coordinates":[[[77.64744,12.86353],[77.64752,12.86852],[77.64335,12.87103],[77.6391,12.86856],[77.63901,12.86357],[77.64318,12.86105],[77.64744,12.86353]]]},"properties":{"h3":"886189244bfffff","loss":null,"place":null}},{"type":"Feature","geometry":{"type":"Polygon","coordinates":[[[77.66021,12.87096],[77.66029,12.87595],[77.65612,12.87847],[77.65186,12.87599],[77.65178,12.871],[77.65595,12.86849],[77.66021,12.87096]]]},"properties":{"h3":"886189244dfffff","loss":0.007,"place":null}},{"type":"Feature","geometry":{"type":"Polygon","coordinates":[[[77.63059,12.8636],[77.63067,12.86859],[77.6265,12.8711],[77.62225,12.86863],[77.62216,12.86364],[77.62633,12.86112],[77.63059,12.8636]]]},"properties":{"h3":"8861892451fffff","loss":null,"place":null}},{"type":"Feature","geometry":{"type":"Polygon","coordinates":[[[77.62216,12.86364],[77.62225,12.86863],[77.61808,12.87114],[77.61382,12.86866],[77.61374,12.86367],[77.61791,12.86116],[77.62216,12.86364]]]},"properties":{"h3":"8861892453fffff","loss":null,"place":null}},{"type":"Feature","geometry":{"type":"Polygon","coordinates":[[[77.63493,12.87107],[77.63501,12.87606],[77.63084,12.87857],[77.62658,12.87609],[77.6265,12.8711],[77.63067,12.86859],[77.63493,12.87107]]]},"properties":{"h3":"8861892455fffff","loss":null,"place":null}},{"type":"Feature","geometry":{"type":"Polygon","coordinates":[[[77.6265,12.8711],[77.62658,12.87609],[77.62241,12.8786],[77.61816,12.87613],[77.61808,12.87114],[77.62225,12.86863],[77.6265,12.8711]]]},"properties":{"h3":"8861892457fffff","loss":0.022,"place":null}},{"type":"Feature","geometry":{"type":"Polygon","coordinates":[[[77.63467,12.8561],[77.63476,12.86109],[77.63059,12.8636],[77.62633,12.86112],[77.62625,12.85613],[77.63042,12.85362],[77.63467,12.8561]]]},"properties":{"h3":"8861892459fffff","loss":null,"place":null}},{"type":"Feature","geometry":{"type":"Polygon","coordinates":[[[77.62625,12.85613],[77.62633,12.86112],[77.62216,12.86364],[77.61791,12.86116],[77.61782,12.85617],[77.62199,12.85366],[77.62625,12.85613]]]},"properties":{"h3":"886189245bfffff","loss":0.002,"place":null}},{"type":"Feature","geometry":{"type":"Polygon","coordinates":[[[77.63901,12.86357],[77.6391,12.86856],[77.63493,12.87107],[77.63067,12.86859],[77.63059,12.8636],[77.63476,12.86109],[77.63901,12.86357]]]},"properties":{"h3":"886189245dfffff","loss":null,"place":null}},{"type":"Feature","geometry":{"type":"Polygon","coordinates":[[[77.65638,12.89344],[77.65646,12.89843],[77.65229,12.90094],[77.64803,12.89846],[77.64795,12.89347],[77.65212,12.89096],[77.65638,12.89344]]]},"properties":{"h3":"8861892461fffff","loss":null,"place":null}},{"type":"Feature","geometry":{"type":"Polygon","coordinates":[[[77.64795,12.89347],[77.64803,12.89846],[77.64386,12.90097],[77.6396,12.89849],[77.63952,12.8935],[77.64369,12.89099],[77.64795,12.89347]]]},"properties":{"h3":"8861892463fffff","loss":0.016,"place":null}},{"type":"Feature","geometry":{"type":"Polygon","coordinates":[[[77.66072,12.9009],[77.6608,12.90589],[77.65663,12.90841],[77.65237,12.90593],[77.65229,12.90094],[77.65646,12.89843],[77.66072,12.9009]]]},"properties":{"h3":"8861892465fffff","loss":null,"place":null}},{"type":"Feature","geometry":{"type":"Polygon","coordinates":[[[77.65229,12.90094],[77.65237,12.90593],[77.6482,12.90844],[77.64395,12.90596],[77.64386,12.90097],[77.64803,12.89846],[77.65229,12.90094]]]},"properties":{"h3":"8861892467fffff","loss":0.004,"place":null}},{"type":"Feature","geometry":{"type":"Polygon","coordinates":[[[77.66046,12.88593],[77.66055,12.89092],[77.65638,12.89344],[77.65212,12.89096],[77.65203,12.88597],[77.65621,12.88346],[77.66046,12.88593]]]},"properties":{"h3":"8861892469fffff","loss":null,"place":null}},{"type":"Feature","geometry":{"type":"Polygon","coordinates":[[[77.65203,12.88597],[77.65212,12.89096],[77.64795,12.89347],[77.64369,12.89099],[77.64361,12.886],[77.64778,12.88349],[77.65203,12.88597]]]},"properties":{"h3":"886189246bfffff","loss":0.001,"place":null}},{"type":"Feature","geometry":{"type":"Polygon","coordinates":[[[77.6648,12.8934],[77.66489,12.89839],[77.66072,12.9009],[77.65646,12.89843],[77.65638,12.89344],[77.66055,12.89092],[77.6648,12.8934]]]},"properties":{"h3":"886189246dfffff","loss":null,"place":null}},{"type":"Feature","geometry":{"type":"Polygon","coordinates":[[[77.57621,12.88627],[77.5763,12.89126],[77.57213,12.89377],[77.56788,12.89129],[77.56779,12.8863],[77.57196,12.88379],[77.57621,12.88627]]]},"properties":{"h3":"8861892481fffff","loss":0.033,"place":null}},{"type":"Feature","geometry":{"type":"Polygon","coordinates":[[[77.56779,12.8863],[77.56788,12.89129],[77.56371,12.8938],[77.55946,12.89132],[77.55937,12.88633],[77.56354,12.88382],[77.56779,12.8863]]]},"properties":{"h3":"8861892483fffff","loss":null,"place":null}},{"type":"Feature","geometry":{"type":"Polygon","coordinates":[[[77.58055,12.89373],[77.58063,12.89872],[77.57647,12.90123],[77.57221,12.89875],[77.57213,12.89377],[77.5763,12.89126],[77.58055,12.89373]]]},"properties":{"h3":"8861892485fffff","loss":null,"place":null}},{"type":"Feature","geometry":{"type":"Polygon","coordinates":[[[77.57213,12.89377],[77.57221,12.89875],[77.56804,12.90126],[77.56379,12.89879],[77.56371,12.8938],[77.56788,12.89129],[77.57213,12.89377]]]},"properties":{"h3":"8861892487fffff","loss":0.001,"place":null}},{"type":"Feature","geometry":{"type":"Polygon","coordinates":[[[77.5803,12.87877],[77.58038,12.88376],[77.57621,12.88627],[77.57196,12.88379],[77.57188,12.8788],[77.57605,12.87629],[77.5803,12.87877]]]},"properties":{"h3":"8861892489fffff","loss":0.016,"place":null}},{"type":"Feature","geometry":{"type":"Polygon","coordinates":[[[77.57188,12.8788],[77.57196,12.88379],[77.56779,12.8863],[77.56354,12.88382],[77.56346,12.87884],[77.56763,12.87633],[77.57188,12.8788]]]},"properties":{"h3":"886189248bfffff","loss":0.001,"place":null}},{"type":"Feature","geometry":{"type":"Polygon","coordinates":[[[77.58464,12.88624],[77.58472,12.89122],[77.58055,12.89373],[77.5763,12.89126],[77.57621,12.88627],[77.58038,12.88376],[77.58464,12.88624]]]},"properties":{"h3":"886189248dfffff","loss":0.005,"place":null}},{"type":"Feature","geometry":{"type":"Polygon","coordinates":[[[77.55504,12.87887],[77.55512,12.88385],[77.55096,12.88636],[77.54671,12.88389],[77.54662,12.8789],[77.55079,12.87639],[77.55504,12.87887]]]},"properties":{"h3":"8861892491fffff","loss":0.001,"place":null}},{"type":"Feature","geometry":{"type":"Polygon","coordinates":[[[77.54662,12.8789],[77.54671,12.88389],[77.54254,12.8864],[77.53829,12.88392],[77.53821,12.87893],[77.54237,12.87642],[77.54662,12.8789]]]},"properties":{"h3":"8861892493fffff","loss":0.044,"place":null}},{"type":"Feature","geometry":{"type":"Polygon","coordinates":[[[77.55937,12.88633],[77.55946,12.89132],[77.55529,12.89383],[77.55104,12.89135],[77.55096,12.88636],[77.55512,12.88385],[77.55937,12.88633]]]},"properties":{"h3":"8861892495fffff","loss":0.008,"place":null}},{"type":"Feature","geometry":{"type":"Polygon","coordinates":[[[77.55096,12.88636],[77.55104,12.89135],[77.54687,12.89386],[77.54262,12.89138],[77.54254,12.8864],[77.54671,12.88389],[77.55096,12.88636]]]},"properties":{"h3":"8861892497fffff","loss":0.009,"place":null}},{"type":"Feature","geometry":{"type":"Polygon","coordinates":[[[77.55913,12.87137],[77.55921,12.87636],[77.55504,12.87887],[77.55079,12.87639],[77.55071,12.8714],[77.55487,12.86889],[77.55913,12.87137]]]},"properties":{"h3":"8861892499fffff","loss":0.028,"place":null}},{"type":"Feature","geometry":{"type":"Polygon","coordinates":[[[77.55071,12.8714],[77.55079,12.87639],[77.54662,12.8789],[77.54237,12.87642],[77.54229,12.87143],[77.54646,12.86892],[77.55071,12.8714]]]},"properties":{"h3":"886189249bfffff","loss":0.044,"place":null}},{"type":"Feature","geometry":{"type":"Polygon","coordinates":[[[77.56346,12.87884],[77.56354,12.88382],[77.55937,12.88633],[77.55512,12.88385],[77.55504,12.87887],[77.55921,12.87636],[77.56346,12.87884]]]},"properties":{"h3":"886189249dfffff","loss":null,"place":null}},{"type":"Feature","geometry":{"type":"Polygon","coordinates":[[[77.5808,12.9087],[77.58089,12.91369],[77.57672,12.9162],[77.57246,12.91372],[77.57238,12.90873],[77.57655,12.90622],[77.5808,12.9087]]]},"properties":{"h3":"88618924a1fffff","loss":0.009,"place":null}},{"type":"Feature","geometry":{"type":"Polygon","coordinates":[[[77.57238,12.90873],[77.57246,12.91372],[77.5683,12.91623],[77.56404,12.91375],[77.56396,12.90876],[77.56813,12.90625],[77.57238,12.90873]]]},"properties":{"h3":"88618924a3fffff","loss":0.017,"place":null}},{"type":"Feature","geometry":{"type":"Polygon","coordinates":[[[77.58514,12.91617],[77.58522,12.92115],[77.58105,12.92366],[77.5768,12.92118],[77.57672,12.9162],[77.58089,12.91369],[77.58514,12.91617]]]},"properties":{"h3":"88618924a5fffff","loss":0.011,"place":null}},{"type":"Feature","geometry":{"type":"Polygon","coordinates":[[[77.57672,12.9162],[77.5768,12.92118],[77.57263,12.92369],[77.56838,12.92121],[77.5683,12.91623],[77.57246,12.91372],[77.57672,12.9162]]]},"properties":{"h3":"88618924a7fffff","loss":null,"place":null}},{"type":"Feature","geometry":{"type":"Polygon","coordinates":[[[77.58489,12.9012],[77.58497,12.90619],[77.5808,12.9087],[77.57655,12.90622],[77.57647,12.90123],[77.58063,12.89872],[77.58489,12.9012]]]},"properties":{"h3":"88618924a9fffff","loss":0.02,"place":null}},{"type":"Feature","geometry":{"type":"Polygon","coordinates":[[[77.57647,12.90123],[77.57655,12.90622],[77.57238,12.90873],[77.56813,12.90625],[77.56804,12.90126],[77.57221,12.89875],[77.57647,12.90123]]]},"properties":{"h3":"88618924abfffff","loss":0.016,"place":null}},{"type":"Feature","geometry":{"type":"Polygon","coordinates":[[[77.58922,12.90867],[77.58931,12.91366],[77.58514,12.91617],[77.58089,12.91369],[77.5808,12.9087],[77.58497,12.90619],[77.58922,12.90867]]]},"properties":{"h3":"88618924adfffff","loss":null,"place":null}},{"type":"Feature","geometry":{"type":"Polygon","coordinates":[[[77.55962,12.9013],[77.55971,12.90628],[77.55554,12.90879],[77.55129,12.90631],[77.55121,12.90133],[77.55537,12.89882],[77.55962,12.9013]]]},"properties":{"h3":"88618924b1fffff","loss":0.018,"place":null}},{"type":"Feature","geometry":{"type":"Polygon","coordinates":[[[77.55121,12.90133],[77.55129,12.90631],[77.54712,12.90882],[77.54287,12.90634],[77.54279,12.90136],[77.54695,12.89885],[77.55121,12.90133]]]},"properties":{"h3":"88618924b3fffff","loss":0.031,"place":null}},{"type":"Feature","geometry":{"type":"Polygon","coordinates":[[[77.56396,12.90876],[77.56404,12.91375],[77.55987,12.91626],[77.55562,12.91378],[77.55554,12.90879],[77.55971,12.90628],[77.56396,12.90876]]]},"properties":{"h3":"88618924b5fffff","loss":0.016,"place":null}},{"type":"Feature","geometry":{"type":"Polygon","coordinates":[[[77.55554,12.90879],[77.55562,12.91378],[77.55146,12.91629],[77.5472,12.91381],[77.54712,12.90882],[77.55129,12.90631],[77.55554,12.90879]]]},"properties":{"h3":"88618924b7fffff","loss":0.023,"place":null}},{"type":"Feature","geometry":{"type":"Polygon","coordinates":[[[77.56371,12.8938],[77.56379,12.89879],[77.55962,12.9013],[77.55537,12.89882],[77.55529,12.89383],[77.55946,12.89132],[77.56371,12.8938]]]},"properties":{"h3":"88618924b9fffff","loss":0.004,"place":null}},{"type":"Feature","geometry":{"type":"Polygon","coordinates":[[[77.55529,12.89383],[77.55537,12.89882],[77.55121,12.90133],[77.54695,12.89885],[77.54687,12.89386],[77.55104,12.89135],[77.55529,12.89383]]]},"properties":{"h3":"88618924bbfffff","loss":0.01,"place":null}},{"type":"Feature","geometry":{"type":"Polygon","coordinates":[[[77.56804,12.90126],[77.56813,12.90625],[77.56396,12.90876],[77.55971,12.90628],[77.55962,12.9013],[77.56379,12.89879],[77.56804,12.90126]]]},"properties":{"h3":"88618924bdfffff","loss":null,"place":null}},{"type":"Feature","geometry":{"type":"Polygon","coordinates":[[[77.59281,12.87124],[77.59289,12.87623],[77.58872,12.87874],[77.58447,12.87626],[77.58438,12.87127],[77.58855,12.86876],[77.59281,12.87124]]]},"properties":{"h3":"88618924c1fffff","loss":0.03,"place":null}},{"type":"Feature","geometry":{"type":"Polygon","coordinates":[[[77.58438,12.87127],[77.58447,12.87626],[77.5803,12.87877],[77.57605,12.87629],[77.57596,12.8713],[77.58013,12.86879],[77.58438,12.87127]]]},"properties":{"h3":"88618924c3fffff","loss":null,"place":null}},{"type":"Feature","geometry":{"type":"Polygon","coordinates":[[[77.59714,12.8787],[77.59723,12.88369],[77.59306,12.8862],[77.5888,12.88373],[77.58872,12.87874],[77.59289,12.87623],[77.59714,12.8787]]]},"properties":{"h3":"88618924c5fffff","loss":0.02,"place":null}},{"type":"Feature","geometry":{"type":"Polygon","coordinates":[[[77.58872,12.87874],[77.5888,12.88373],[77.58464,12.88624],[77.58038,12.88376],[77.5803,12.87877],[77.58447,12.87626],[77.58872,12.87874]]]},"properties":{"h3":"88618924c7fffff","loss":0.026,"place":null}},{"type":"Feature","geometry":{"type":"Polygon","coordinates":[[[77.59689,12.86374],[77.59698,12.86873],[77.59281,12.87124],[77.58855,12.86876],[77.58847,12.86377],[77.59264,12.86126],[77.59689,12.86374]]]},"properties":{"h3":"88618924c9fffff","loss":null,"place":null}},{"type":"Feature","geometry":{"type":"Polygon","coordinates":[[[77.58847,12.86377],[77.58855,12.86876],[77.58438,12.87127],[77.58013,12.86879],[77.58005,12.86381],[77.58422,12.8613],[77.58847,12.86377]]]},"properties":{"h3":"88618924cbfffff","loss":0.009,"place":null}},{"type":"Feature","geometry":{"type":"Polygon","coordinates":[[[77.60123,12.87121],[77.60131,12.87619],[77.59714,12.8787],[77.59289,12.87623],[77.59281,12.87124],[77.59698,12.86873],[77.60123,12.87121]]]},"properties":{"h3":"88618924cdfffff","loss":null,"place":null}},{"type":"Feature","geometry":{"type":"Polygon","coordinates":[[[77.57163,12.86384],[77.57171,12.86883],[77.56754,12.87134],[77.56329,12.86886],[77.56321,12.86387],[77.56738,12.86136],[77.57163,12.86384]]]},"properties":{"h3":"88618924d1fffff","loss":0.026,"place":null}},{"type":"Feature","geometry":{"type":"Polygon","coordinates":[[[77.56321,12.86387],[77.56329,12.86886],[77.55913,12.87137],[77.55487,12.86889],[77.55479,12.86391],[77.55896,12.86139],[77.56321,12.86387]]]},"properties":{"h3":"88618924d3fffff","loss":null,"place":null}},{"type":"Feature","geometry":{"type":"Polygon","coordinates":[[[77.57596,12.8713],[77.57605,12.87629],[77.57188,12.8788],[77.56763,12.87633],[77.56754,12.87134],[77.57171,12.86883],[77.57596,12.8713]]]},"properties":{"h3":"88618924d5fffff","loss":0.003,"place":null}},{"type":"Feature","geometry":{"type":"Polygon","coordinates":[[[77.56754,12.87134],[77.56763,12.87633],[77.56346,12.87884],[77.55921,12.87636],[77.55913,12.87137],[77.56329,12.86886],[77.56754,12.87134]]]},"properties":{"h3":"88618924d7fffff","loss":null,"place":null}},{"type":"Feature","geometry":{"type":"Polygon","coordinates":[[[77.57571,12.85634],[77.5758,12.86133],[77.57163,12.86384],[77.56738,12.86136],[77.56729,12.85637],[77.57146,12.85386],[77.57571,12.85634]]]},"properties":{"h3":"88618924d9fffff","loss":0.008,"place":null}},{"type":"Feature","geometry":{"type":"Polygon","coordinates":[[[77.56729,12.85637],[77.56738,12.86136],[77.56321,12.86387],[77.55896,12.86139],[77.55888,12.85641],[77.56304,12.8539],[77.56729,12.85637]]]},"properties":{"h3":"88618924dbfffff","loss":0.016,"place":null}},{"type":"Feature","geometry":{"type":"Polygon","coordinates":[[[77.58005,12.86381],[77.58013,12.86879],[77.57596,12.8713],[77.57171,12.86883],[77.57163,12.86384],[77.5758,12.86133],[77.58005,12.86381]]]},"properties":{"h3":"88618924ddfffff","loss":null,"place":null}},{"type":"Feature","geometry":{"type":"Polygon","coordinates":[[[77.5974,12.89367],[77.59748,12.89866],[77.59331,12.90117],[77.58906,12.89869],[77.58897,12.8937],[77.59314,12.89119],[77.5974,12.89367]]]},"properties":{"h3":"88618924e1fffff","loss":null,"place":null}},{"type":"Feature","geometry":{"type":"Polygon","coordinates":[[[77.58897,12.8937],[77.58906,12.89869],[77.58489,12.9012],[77.58063,12.89872],[77.58055,12.89373],[77.58472,12.89122],[77.58897,12.8937]]]},"properties":{"h3":"88618924e3fffff","loss":0.013,"place":null}},{"type":"Feature","geometry":{"type":"Polygon","coordinates":[[[77.60173,12.90114],[77.60182,12.90613],[77.59765,12.90864],[77.59339,12.90616],[77.59331,12.90117],[77.59748,12.89866],[77.60173,12.90114]]]},"properties":{"h3":"88618924e5fffff","loss":0.007,"place":null}},{"type":"Feature","geometry":{"type":"Polygon","coordinates":[[[77.59331,12.90117],[77.59339,12.90616],[77.58922,12.90867],[77.58497,12.90619],[77.58489,12.9012],[77.58906,12.89869],[77.59331,12.90117]]]},"properties":{"h3":"88618924e7fffff","loss":0.03,"place":null}},{"type":"Feature","geometry":{"type":"Polygon","coordinates":[[[77.60148,12.88617],[77.60156,12.89116],[77.5974,12.89367],[77.59314,12.89119],[77.59306,12.8862],[77.59723,12.88369],[77.60148,12.88617]]]},"properties":{"h3":"88618924e9fffff","loss":0.016,"place":null}},{"type":"Feature","geometry":{"type":"Polygon","coordinates":[[[77.59306,12.8862],[77.59314,12.89119],[77.58897,12.8937],[77.58472,12.89122],[77.58464,12.88624],[77.5888,12.88373],[77.59306,12.8862]]]},"properties":{"h3":"88618924ebfffff","loss":null,"place":null}},{"type":"Feature","geometry":{"type":"Polygon","coordinates":[[[77.60582,12.89364],[77.6059,12.89863],[77.60173,12.90114],[77.59748,12.89866],[77.5974,12.89367],[77.60156,12.89116],[77.60582,12.89364]]]},"properties":{"h3":"88618924edfffff","loss":null,"place":null}},{"type":"Feature","geometry":{"type":"Polygon","coordinates":[[[77.66557,12.93831],[77.66566,12.9433],[77.66148,12.94581],[77.65722,12.94334],[77.65714,12.93835],[77.66131,12.93583],[77.66557,12.93831]]]},"properties":{"h3":"8861892501fffff","loss":0.099,"place":null}},{"type":"Feature","geometry":{"type":"Polygon","coordinates":[[[77.65714,12.93835],[77.65722,12.94334],[77.65305,12.94585],[77.6488,12.94337],[77.64871,12.93838],[77.65288,12.93587],[77.65714,12.93835]]]},"properties":{"h3":"8861892503fffff","loss":0.015,"place":null}},{"type":"Feature","geometry":{"type":"Polygon","coordinates":[[[77.66991,12.94578],[77.67,12.95077],[77.66583,12.95328],[77.66157,12.9508],[77.66148,12.94581],[77.66566,12.9433],[77.66991,12.94578]]]},"properties":{"h3":"8861892505fffff","loss":0.039,"place":null}},{"type":"Feature","geometry":{"type":"Polygon","coordinates":[[[77.66148,12.94581],[77.66157,12.9508],[77.65739,12.95332],[77.65314,12.95084],[77.65305,12.94585],[77.65722,12.94334],[77.66148,12.94581]]]},"properties":{"h3":"8861892507fffff","loss":0.054,"place":null}},{"type":"Feature","geometry":{"type":"Polygon","coordinates":[[[77.66966,12.93081],[77.66974,12.9358],[77.66557,12.93831],[77.66131,12.93583],[77.66123,12.93084],[77.6654,12.92833],[77.66966,12.93081]]]},"properties":{"h3":"8861892509fffff","loss":null,"place":null}},{"type":"Feature","geometry":{"type":"Polygon","coordinates":[[[77.66123,12.93084],[77.66131,12.93583],[77.65714,12.93835],[77.65288,12.93587],[77.6528,12.93088],[77.65697,12.92837],[77.66123,12.93084]]]},"properties":{"h3":"886189250bfffff","loss":0.058,"place":null}},{"type":"Feature","geometry":{"type":"Polygon","coordinates":[[[77.674,12.93828],[77.67409,12.94327],[77.66991,12.94578],[77.66566,12.9433],[77.66557,12.93831],[77.66974,12.9358],[77.674,12.93828]]]},"properties":{"h3":"886189250dfffff","loss":0.104,"place":null}},{"type":"Feature","geometry":{"type":"Polygon","coordinates":[[[77.64437,12.93091],[77.64445,12.9359],[77.64028,12.93841],[77.63603,12.93593],[77.63594,12.93094],[77.64011,12.92843],[77.64437,12.93091]]]},"properties":{"h3":"8861892511fffff","loss":null,"place":null}},{"type":"Feature","geometry":{"type":"Polygon","coordinates":[[[77.63594,12.93094],[77.63603,12.93593],[77.63185,12.93844],[77.6276,12.93596],[77.62751,12.93097],[77.63168,12.92846],[77.63594,12.93094]]]},"properties":{"h3":"8861892513fffff","loss":0.025,"place":null}},{"type":"Feature","geometry":{"type":"Polygon","coordinates":[[[77.64871,12.93838],[77.6488,12.94337],[77.64462,12.94588],[77.64037,12.9434],[77.64028,12.93841],[77.64445,12.9359],[77.64871,12.93838]]]},"properties":{"h3":"8861892515fffff","loss":0.013,"place":null}},{"type":"Feature","geometry":{"type":"Polygon","coordinates":[[[77.64028,12.93841],[77.64037,12.9434],[77.63619,12.94591],[77.63194,12.94343],[77.63185,12.93844],[77.63603,12.93593],[77.64028,12.93841]]]},"properties":{"h3":"8861892517fffff","loss":null,"place":null}},{"type":"Feature","geometry":{"type":"Polygon","coordinates":[[[77.64846,12.92341],[77.64854,12.9284],[77.64437,12.93091],[77.64011,12.92843],[77.64003,12.92344],[77.6442,12.92093],[77.64846,12.92341]]]},"properties":{"h3":"8861892519fffff","loss":0.044,"place":null}},{"type":"Feature","geometry":{"type":"Polygon","coordinates":[[[77.64003,12.92344],[77.64011,12.92843],[77.63594,12.93094],[77.63168,12.92846],[77.6316,12.92347],[77.63577,12.92096],[77.64003,12.92344]]]},"properties":{"h3":"886189251bfffff","loss":0.019,"place":null}},{"type":"Feature","geometry":{"type":"Polygon","coordinates":[[[77.6528,12.93088],[77.65288,12.93587],[77.64871,12.93838],[77.64445,12.9359],[77.64437,12.93091],[77.64854,12.9284],[77.6528,12.93088]]]},"properties":{"h3":"886189251dfffff","loss":null,"place":null}},{"type":"Feature","geometry":{"type":"Polygon","coordinates":[[[77.67017,12.96075],[77.67025,12.96574],[77.66608,12.96825],[77.66182,12.96577],[77.66174,12.96078],[77.66591,12.95827],[77.67017,12.96075]]]},"properties":{"h3":"8861892521fffff","loss":null,"place":null}},{"type":"Feature","geometry":{"type":"Polygon","coordinates":[[[77.66174,12.96078],[77.66182,12.96577],[77.65765,12.96828],[77.65339,12.9658],[77.65331,12.96082],[77.65748,12.9583],[77.66174,12.96078]]]},"properties":{"h3":"8861892523fffff","loss":null,"place":null}},{"type":"Feature","geometry":{"type":"Polygon","coordinates":[[[77.67451,12.96822],[77.6746,12.97321],[77.67042,12.97572],[77.66617,12.97324],[77.66608,12.96825],[77.67025,12.96574],[77.67451,12.96822]]]},"properties":{"h3":"8861892525fffff","loss":null,"place":null}},{"type":"Feature","geometry":{"type":"Polygon","coordinates":[[[77.66608,12.96825],[77.66617,12.97324],[77.66199,12.97575],[77.65773,12.97327],[77.65765,12.96828],[77.66182,12.96577],[77.66608,12.96825]]]},"properties":{"h3":"8861892527fffff","loss":0.011,"place":null}},{"type":"Feature","geometry":{"type":"Polygon","coordinates":[[[77.67426,12.95325],[77.67434,12.95824],[77.67017,12.96075],[77.66591,12.95827],[77.66583,12.95328],[77.67,12.95077],[77.67426,12.95325]]]},"properties":{"h3":"8861892529fffff","loss":0.032,"place":null}},{"type":"Feature","geometry":{"type":"Polygon","coordinates":[[[77.66583,12.95328],[77.66591,12.95827],[77.66174,12.96078],[77.65748,12.9583],[77.65739,12.95332],[77.66157,12.9508],[77.66583,12.95328]]]},"properties":{"h3":"886189252bfffff","loss":0.016,"place":null}},{"type":"Feature","geometry":{"type":"Polygon","coordinates":[[[77.6786,12.96072],[77.67869,12.96571],[77.67451,12.96822],[77.67025,12.96574],[77.67017,12.96075],[77.67434,12.95824],[77.6786,12.96072]]]},"properties":{"h3":"886189252dfffff","loss":0.016,"place":null}},{"type":"Feature","geometry":{"type":"Polygon","coordinates":[[[77.64896,12.95335],[77.64905,12.95834],[77.64488,12.96085],[77.64062,12.95837],[77.64054,12.95338],[77.64471,12.95087],[77.64896,12.95335]]]},"properties":{"h3":"8861892531fffff","loss":0.015,"place":null}},{"type":"Feature","geometry":{"type":"Polygon","coordinates":[[[77.64054,12.95338],[77.64062,12.95837],[77.63645,12.96088],[77.63219,12.9584],[77.63211,12.95341],[77.63628,12.9509],[77.64054,12.95338]]]},"properties":{"h3":"8861892533fffff","loss":null,"place":null}},{"type":"Feature","geometry":{"type":"Polygon","coordinates":[[[77.65331,12.96082],[77.65339,12.9658],[77.64922,12.96832],[77.64496,12.96584],[77.64488,12.96085],[77.64905,12.95834],[77.65331,12.96082]]]},"properties":{"h3":"8861892535fffff","loss":null,"place":null}},{"type":"Feature","geometry":{"type":"Polygon","coordinates":[[[77.64488,12.96085],[77.64496,12.96584],[77.64079,12.96835],[77.63653,12.96587],[77.63645,12.96088],[77.64062,12.95837],[77.64488,12.96085]]]},"properties":{"h3":"8861892537fffff","loss":0.018,"place":null}},{"type":"Feature","geometry":{"type":"Polygon","coordinates":[[[77.65305,12.94585],[77.65314,12.95084],[77.64896,12.95335],[77.64471,12.95087],[77.64462,12.94588],[77.6488,12.94337],[77.65305,12.94585]]]},"properties":{"h3":"8861892539fffff","loss":0.011,"place":null}},{"type":"Feature","geometry":{"type":"Polygon","coordinates":[[[77.64462,12.94588],[77.64471,12.95087],[77.64054,12.95338],[77.63628,12.9509],[77.63619,12.94591],[77.64037,12.9434],[77.64462,12.94588]]]},"properties":{"h3":"886189253bfffff","loss":null,"place":null}},{"type":"Feature","geometry":{"type":"Polygon","coordinates":[[[77.65739,12.95332],[77.65748,12.9583],[77.65331,12.96082],[77.64905,12.95834],[77.64896,12.95335],[77.65314,12.95084],[77.65739,12.95332]]]},"properties":{"h3":"886189253dfffff","loss":0.014,"place":null}},{"type":"Feature","geometry":{"type":"Polygon","coordinates":[[[77.68218,12.92328],[77.68226,12.92827],[77.67809,12.93078],[77.67383,12.9283],[77.67375,12.92331],[77.67792,12.9208],[77.68218,12.92328]]]},"properties":{"h3":"8861892541fffff","loss":0.053,"place":null}},{"type":"Feature","geometry":{"type":"Polygon","coordinates":[[[77.67375,12.92331],[77.67383,12.9283],[77.66966,12.93081],[77.6654,12.92833],[77.66531,12.92334],[77.66949,12.92083],[77.67375,12.92331]]]},"properties":{"h3":"8861892543fffff","loss":0.014,"place":null}},{"type":"Feature","geometry":{"type":"Polygon","coordinates":[[[77.68652,12.93075],[77.68661,12.93574],[77.68243,12.93825],[77.67817,12.93577],[77.67809,12.93078],[77.68226,12.92827],[77.68652,12.93075]]]},"properties":{"h3":"8861892545fffff","loss":0.055,"place":null}},{"type":"Feature","geometry":{"type":"Polygon","coordinates":[[[77.67809,12.93078],[77.67817,12.93577],[77.674,12.93828],[77.66974,12.9358],[77.66966,12.93081],[77.67383,12.9283],[77.67809,12.93078]]]},"properties":{"h3":"8861892547fffff","loss":0.098,"place":null}},{"type":"Feature","geometry":{"type":"Polygon","coordinates":[[[77.68626,12.91577],[77.68635,12.92076],[77.68218,12.92328],[77.67792,12.9208],[77.67783,12.91581],[77.68201,12.91329],[77.68626,12.91577]]]},"properties":{"h3":"8861892549fffff","loss":null,"place":null}},{"type":"Feature","geometry":{"type":"Polygon","coordinates":[[[77.67783,12.91581],[77.67792,12.9208],[77.67375,12.92331],[77.66949,12.92083],[77.6694,12.91584],[77.67357,12.91333],[77.67783,12.91581]]]},"properties":{"h3":"886189254bfffff","loss":0.05,"place":null}},{"type":"Feature","geometry":{"type":"Polygon","coordinates":[[[77.69061,12.92324],[77.69069,12.92823],[77.68652,12.93075],[77.68226,12.92827],[77.68218,12.92328],[77.68635,12.92076],[77.69061,12.92324]]]},"properties":{"h3":"886189254dfffff","loss":null,"place":null}},{"type":"Feature","geometry":{"type":"Polygon","coordinates":[[[77.66097,12.91587],[77.66106,12.92086],[77.65688,12.92338],[77.65263,12.9209],[77.65254,12.91591],[77.65672,12.9134],[77.66097,12.91587]]]},"properties":{"h3":"8861892551fffff","loss":null,"place":null}},{"type":"Feature","geometry":{"type":"Polygon","coordinates":[[[77.65254,12.91591],[77.65263,12.9209],[77.64846,12.92341],[77.6442,12.92093],[77.64411,12.91594],[77.64829,12.91343],[77.65254,12.91591]]]},"properties":{"h3":"8861892553fffff","loss":0.023,"place":null}},{"type":"Feature","geometry":{"type":"Polygon","coordinates":[[[77.66531,12.92334],[77.6654,12.92833],[77.66123,12.93084],[77.65697,12.92837],[77.65688,12.92338],[77.66106,12.92086],[77.66531,12.92334]]]},"properties":{"h3":"8861892555fffff","loss":null,"place":null}},{"type":"Feature","geometry":{"type":"Polygon","coordinates":[[[77.65688,12.92338],[77.65697,12.92837],[77.6528,12.93088],[77.64854,12.9284],[77.64846,12.92341],[77.65263,12.9209],[77.65688,12.92338]]]},"properties":{"h3":"8861892557fffff","loss":0.079,"place":null}},{"type":"Feature","geometry":{"type":"Polygon","coordinates":[[[77.66506,12.90837],[77.66514,12.91336],[77.66097,12.91587],[77.65672,12.9134],[77.65663,12.90841],[77.6608,12.90589],[77.66506,12.90837]]]},"properties":{"h3":"8861892559fffff","loss":null,"place":null}},{"type":"Feature","geometry":{"type":"Polygon","coordinates":[[[77.65663,12.90841],[77.65672,12.9134],[77.65254,12.91591],[77.64829,12.91343],[77.6482,12.90844],[77.65237,12.90593],[77.65663,12.90841]]]},"properties":{"h3":"886189255bfffff","loss":null,"place":null}},{"type":"Feature","geometry":{"type":"Polygon","coordinates":[[[77.6694,12.91584],[77.66949,12.92083],[77.66531,12.92334],[77.66106,12.92086],[77.66097,12.91587],[77.66514,12.91336],[77.6694,12.91584]]]},"properties":{"h3":"886189255dfffff","loss":null,"place":null}},{"type":"Feature","geometry":{"type":"Polygon","coordinates":[[[77.68678,12.94572],[77.68686,12.95071],[77.68269,12.95322],[77.67843,12.95074],[77.67834,12.94575],[77.68252,12.94324],[77.68678,12.94572]]]},"properties":{"h3":"8861892561fffff","loss":0.047,"place":null}},{"type":"Feature","geometry":{"type":"Polygon","coordinates":[[[77.67834,12.94575],[77.67843,12.95074],[77.67426,12.95325],[77.67,12.95077],[77.66991,12.94578],[77.67409,12.94327],[77.67834,12.94575]]]},"properties":{"h3":"8861892563fffff","loss":0.037,"place":null}},{"type":"Feature","geometry":{"type":"Polygon","coordinates":[[[77.69112,12.95319],[77.69121,12.95818],[77.68703,12.96069],[77.68277,12.95821],[77.68269,12.95322],[77.68686,12.95071],[77.69112,12.95319]]]},"properties":{"h3":"8861892565fffff","loss":null,"place":null}},{"type":"Feature","geometry":{"type":"Polygon","coordinates":[[[77.68269,12.95322],[77.68277,12.95821],[77.6786,12.96072],[77.67434,12.95824],[77.67426,12.95325],[77.67843,12.95074],[77.68269,12.95322]]]},"properties":{"h3":"8861892567fffff","loss":0.007,"place":null}},{"type":"Feature","geometry":{"type":"Polygon","coordinates":[[[77.69087,12.93821],[77.69095,12.94321],[77.68678,12.94572],[77.68252,12.94324],[77.68243,12.93825],[77.68661,12.93574],[77.69087,12.93821]]]},"properties":{"h3":"8861892569fffff","loss":0.027,"place":null}},{"type":"Feature","geometry":{"type":"Polygon","coordinates":[[[77.68243,12.93825],[77.68252,12.94324],[77.67834,12.94575],[77.67409,12.94327],[77.674,12.93828],[77.67817,12.93577],[77.68243,12.93825]]]},"properties":{"h3":"886189256bfffff","loss":0.122,"place":null}},{"type":"Feature","geometry":{"type":"Polygon","coordinates":[[[77.69521,12.94568],[77.6953,12.95067],[77.69112,12.95319],[77.68686,12.95071],[77.68678,12.94572],[77.69095,12.94321],[77.69521,12.94568]]]},"properties":{"h3":"886189256dfffff","loss":null,"place":null}},{"type":"Feature","geometry":{"type":"Polygon","coordinates":[[[77.60658,12.93853],[77.60666,12.94352],[77.60249,12.94603],[77.59823,12.94355],[77.59815,12.93857],[77.60232,12.93606],[77.60658,12.93853]]]},"properties":{"h3":"8861892581fffff","loss":0.027,"place":null}},{"type":"Feature","geometry":{"type":"Polygon","coordinates":[[[77.59815,12.93857],[77.59823,12.94355],[77.59406,12.94606],[77.58981,12.94358],[77.58973,12.9386],[77.5939,12.93609],[77.59815,12.93857]]]},"properties":{"h3":"8861892583fffff","loss":0.026,"place":null}},{"type":"Feature","geometry":{"type":"Polygon","coordinates":[[[77.61091,12.946],[77.611,12.95099],[77.60683,12.9535],[77.60257,12.95102],[77.60249,12.94603],[77.60666,12.94352],[77.61091,12.946]]]},"properties":{"h3":"8861892585fffff","loss":0.002,"place":null}},{"type":"Feature","geometry":{"type":"Polygon","coordinates":[[[77.60249,12.94603],[77.60257,12.95102],[77.5984,12.95353],[77.59415,12.95105],[77.59406,12.94606],[77.59823,12.94355],[77.60249,12.94603]]]},"properties":{"h3":"8861892587fffff","loss":0.017,"place":null}},{"type":"Feature","geometry":{"type":"Polygon","coordinates":[[[77.61066,12.93104],[77.61075,12.93603],[77.60658,12.93853],[77.60232,12.93606],[77.60224,12.93107],[77.60641,12.92856],[77.61066,12.93104]]]},"properties":{"h3":"8861892589fffff","loss":0.051,"place":null}},{"type":"Feature","geometry":{"type":"Polygon","coordinates":[[[77.60224,12.93107],[77.60232,12.93606],[77.59815,12.93857],[77.5939,12.93609],[77.59381,12.9311],[77.59798,12.92859],[77.60224,12.93107]]]},"properties":{"h3":"886189258bfffff","loss":0.018,"place":null}},{"type":"Feature","geometry":{"type":"Polygon","coordinates":[[[77.615,12.9385],[77.61508,12.94349],[77.61091,12.946],[77.60666,12.94352],[77.60658,12.93853],[77.61075,12.93603],[77.615,12.9385]]]},"properties":{"h3":"886189258dfffff","loss":null,"place":null}},{"type":"Feature","geometry":{"type":"Polygon","coordinates":[[[77.58539,12.93113],[77.58547,12.93612],[77.5813,12.93863],[77.57705,12.93615],[77.57697,12.93116],[77.58114,12.92865],[77.58539,12.93113]]]},"properties":{"h3":"8861892591fffff","loss":0.012,"place":null}},{"type":"Feature","geometry":{"type":"Polygon","coordinates":[[[77.57697,12.93116],[77.57705,12.93615],[77.57288,12.93866],[77.56863,12.93618],[77.56855,12.93119],[77.57271,12.92868],[77.57697,12.93116]]]},"properties":{"h3":"8861892593fffff","loss":0.022,"place":null}},{"type":"Feature","geometry":{"type":"Polygon","coordinates":[[[77.58973,12.9386],[77.58981,12.94358],[77.58564,12.94609],[77.58139,12.94361],[77.5813,12.93863],[77.58547,12.93612],[77.58973,12.9386]]]},"properties":{"h3":"8861892595fffff","loss":0.046,"place":null}},{"type":"Feature","geometry":{"type":"Polygon","coordinates":[[[77.5813,12.93863],[77.58139,12.94361],[77.57722,12.94612],[77.57296,12.94364],[77.57288,12.93866],[77.57705,12.93615],[77.5813,12.93863]]]},"properties":{"h3":"8861892597fffff","loss":0.014,"place":null}},{"type":"Feature","geometry":{"type":"Polygon","coordinates":[[[77.58948,12.92363],[77.58956,12.92862],[77.58539,12.93113],[77.58114,12.92865],[77.58105,12.92366],[77.58522,12.92115],[77.58948,12.92363]]]},"properties":{"h3":"8861892599fffff","loss":0.02,"place":null}},{"type":"Feature","geometry":{"type":"Polygon","coordinates":[[[77.58105,12.92366],[77.58114,12.92865],[77.57697,12.93116],[77.57271,12.92868],[77.57263,12.92369],[77.5768,12.92118],[77.58105,12.92366]]]},"properties":{"h3":"886189259bfffff","loss":0.015,"place":null}},{"type":"Feature","geometry":{"type":"Polygon","coordinates":[[[77.59381,12.9311],[77.5939,12.93609],[77.58973,12.9386],[77.58547,12.93612],[77.58539,12.93113],[77.58956,12.92862],[77.59381,12.9311]]]},"properties":{"h3":"886189259dfffff","loss":0.022,"place":null}},{"type":"Feature","geometry":{"type":"Polygon","coordinates":[[[77.61117,12.96097],[77.61125,12.96596],[77.60708,12.96846],[77.60283,12.96599],[77.60274,12.961],[77.60691,12.95849],[77.61117,12.96097]]]},"properties":{"h3":"88618925a1fffff","loss":0.029,"place":null}},{"type":"Feature","geometry":{"type":"Polygon","coordinates":[[[77.60274,12.961],[77.60283,12.96599],[77.59865,12.96849],[77.5944,12.96601],[77.59432,12.96103],[77.59849,12.95852],[77.60274,12.961]]]},"properties":{"h3":"88618925a3fffff","loss":0.023,"place":null}},{"type":"Feature","geometry":{"type":"Polygon","coordinates":[[[77.61551,12.96844],[77.61559,12.97342],[77.61142,12.97593],[77.60716,12.97345],[77.60708,12.96846],[77.61125,12.96596],[77.61551,12.96844]]]},"properties":{"h3":"88618925a5fffff","loss":0.01,"place":null}},{"type":"Feature","geometry":{"type":"Polygon","coordinates":[[[77.60708,12.96846],[77.60716,12.97345],[77.60299,12.97596],[77.59874,12.97348],[77.59865,12.96849],[77.60283,12.96599],[77.60708,12.96846]]]},"properties":{"h3":"88618925a7fffff","loss":0.015,"place":null}},{"type":"Feature","geometry":{"type":"Polygon","coordinates":[[[77.61525,12.95347],[77.61534,12.95846],[77.61117,12.96097],[77.60691,12.95849],[77.60683,12.9535],[77.611,12.95099],[77.61525,12.95347]]]},"properties":{"h3":"88618925a9fffff","loss":0.031,"place":null}},{"type":"Feature","geometry":{"type":"Polygon","coordinates":[[[77.60683,12.9535],[77.60691,12.95849],[77.60274,12.961],[77.59849,12.95852],[77.5984,12.95353],[77.60257,12.95102],[77.60683,12.9535]]]},"properties":{"h3":"88618925abfffff","loss":0.034,"place":null}},{"type":"Feature","geometry":{"type":"Polygon","coordinates":[[[77.61959,12.96094],[77.61968,12.96593],[77.61551,12.96844],[77.61125,12.96596],[77.61117,12.96097],[77.61534,12.95846],[77.61959,12.96094]]]},"properties":{"h3":"88618925adfffff","loss":0.016,"place":null}},{"type":"Feature","geometry":{"type":"Polygon","coordinates":[[[77.58998,12.95356],[77.59006,12.95855],[77.58589,12.96106],[77.58164,12.95858],[77.58155,12.95359],[77.58572,12.95108],[77.58998,12.95356]]]},"properties":{"h3":"88618925b1fffff","loss":0.037,"place":null}},{"type":"Feature","geometry":{"type":"Polygon","coordinates":[[[77.58155,12.95359],[77.58164,12.95858],[77.57747,12.96108],[77.57322,12.95861],[77.57313,12.95362],[77.5773,12.95111],[77.58155,12.95359]]]},"properties":{"h3":"88618925b3fffff","loss":0.016,"place":null}},{"type":"Feature","geometry":{"type":"Polygon","coordinates":[[[77.59432,12.96103],[77.5944,12.96601],[77.59023,12.96852],[77.58598,12.96604],[77.58589,12.96106],[77.59006,12.95855],[77.59432,12.96103]]]},"properties":{"h3":"88618925b5fffff","loss":0.024,"place":null}},{"type":"Feature","geometry":{"type":"Polygon","coordinates":[[[77.58589,12.96106],[77.58598,12.96604],[77.58181,12.96855],[77.57755,12.96607],[77.57747,12.96108],[77.58164,12.95858],[77.58589,12.96106]]]},"properties":{"h3":"88618925b7fffff","loss":0.028,"place":null}},{"type":"Feature","geometry":{"type":"Polygon","coordinates":[[[77.59406,12.94606],[77.59415,12.95105],[77.58998,12.95356],[77.58572,12.95108],[77.58564,12.94609],[77.58981,12.94358],[77.59406,12.94606]]]},"properties":{"h3":"88618925b9fffff","loss":0.017,"place":null}},{"type":"Feature","geometry":{"type":"Polygon","coordinates":[[[77.58564,12.94609],[77.58572,12.95108],[77.58155,12.95359],[77.5773,12.95111],[77.57722,12.94612],[77.58139,12.94361],[77.58564,12.94609]]]},"properties":{"h3":"88618925bbfffff","loss":0.028,"place":null}},{"type":"Feature","geometry":{"type":"Polygon","coordinates":[[[77.5984,12.95353],[77.59849,12.95852],[77.59432,12.96103],[77.59006,12.95855],[77.58998,12.95356],[77.59415,12.95105],[77.5984,12.95353]]]},"properties":{"h3":"88618925bdfffff","loss":0.021,"place":null}},{"type":"Feature","geometry":{"type":"Polygon","coordinates":[[[77.62317,12.92351],[77.62326,12.9285],[77.61909,12.93101],[77.61483,12.92853],[77.61475,12.92354],[77.61892,12.92103],[77.62317,12.92351]]]},"properties":{"h3":"88618925c1fffff","loss":0.022,"place":null}},{"type":"Feature","geometry":{"type":"Polygon","coordinates":[[[77.61475,12.92354],[77.61483,12.92853],[77.61066,12.93104],[77.60641,12.92856],[77.60632,12.92357],[77.61049,12.92106],[77.61475,12.92354]]]},"properties":{"h3":"88618925c3fffff","loss":0.018,"place":null}},{"type":"Feature","geometry":{"type":"Polygon","coordinates":[[[77.62751,12.93097],[77.6276,12.93596],[77.62343,12.93847],[77.61917,12.93599],[77.61909,12.93101],[77.62326,12.9285],[77.62751,12.93097]]]},"properties":{"h3":"88618925c5fffff","loss":0.024,"place":null}},{"type":"Feature","geometry":{"type":"Polygon","coordinates":[[[77.61909,12.93101],[77.61917,12.93599],[77.615,12.9385],[77.61075,12.93603],[77.61066,12.93104],[77.61483,12.92853],[77.61909,12.93101]]]},"properties":{"h3":"88618925c7fffff","loss":0.026,"place":null}},{"type":"Feature","geometry":{"type":"Polygon","coordinates":[[[77.62726,12.91601],[77.62734,12.921],[77.62317,12.92351],[77.61892,12.92103],[77.61883,12.91604],[77.62301,12.91353],[77.62726,12.91601]]]},"properties":{"h3":"88618925c9fffff","loss":0.044,"place":null}},{"type":"Feature","geometry":{"type":"Polygon","coordinates":[[[77.61883,12.91604],[77.61892,12.92103],[77.61475,12.92354],[77.61049,12.92106],[77.61041,12.91607],[77.61458,12.91356],[77.61883,12.91604]]]},"properties":{"h3":"88618925cbfffff","loss":0.024,"place":null}},{"type":"Feature","geometry":{"type":"Polygon","coordinates":[[[77.6316,12.92347],[77.63168,12.92846],[77.62751,12.93097],[77.62326,12.9285],[77.62317,12.92351],[77.62734,12.921],[77.6316,12.92347]]]},"properties":{"h3":"88618925cdfffff","loss":0.008,"place":null}},{"type":"Feature","geometry":{"type":"Polygon","coordinates":[[[77.60198,12.9161],[77.60207,12.92109],[77.5979,12.9236],[77.59364,12.92112],[77.59356,12.91613],[77.59773,12.91362],[77.60198,12.9161]]]},"properties":{"h3":"88618925d1fffff","loss":0.016,"place":null}},{"type":"Feature","geometry":{"type":"Polygon","coordinates":[[[77.59356,12.91613],[77.59364,12.92112],[77.58948,12.92363],[77.58522,12.92115],[77.58514,12.91617],[77.58931,12.91366],[77.59356,12.91613]]]},"properties":{"h3":"88618925d3fffff","loss":0.012,"place":null}},{"type":"Feature","geometry":{"type":"Polygon","coordinates":[[[77.60632,12.92357],[77.60641,12.92856],[77.60224,12.93107],[77.59798,12.92859],[77.5979,12.9236],[77.60207,12.92109],[77.60632,12.92357]]]},"properties":{"h3":"88618925d5fffff","loss":0.027,"place":null}},{"type":"Feature","geometry":{"type":"Polygon","coordinates":[[[77.5979,12.9236],[77.59798,12.92859],[77.59381,12.9311],[77.58956,12.92862],[77.58948,12.92363],[77.59364,12.92112],[77.5979,12.9236]]]},"properties":{"h3":"88618925d7fffff","loss":0.0,"place":null}},{"type":"Feature","geometry":{"type":"Polygon","coordinates":[[[77.60607,12.9086],[77.60615,12.91359],[77.60198,12.9161],[77.59773,12.91362],[77.59765,12.90864],[77.60182,12.90613],[77.60607,12.9086]]]},"properties":{"h3":"88618925d9fffff","loss":0.013,"place":null}},{"type":"Feature","geometry":{"type":"Polygon","coordinates":[[[77.59765,12.90864],[77.59773,12.91362],[77.59356,12.91613],[77.58931,12.91366],[77.58922,12.90867],[77.59339,12.90616],[77.59765,12.90864]]]},"properties":{"h3":"88618925dbfffff","loss":0.012,"place":null}},{"type":"Feature","geometry":{"type":"Polygon","coordinates":[[[77.61041,12.91607],[77.61049,12.92106],[77.60632,12.92357],[77.60207,12.92109],[77.60198,12.9161],[77.60615,12.91359],[77.61041,12.91607]]]},"properties":{"h3":"88618925ddfffff","loss":0.014,"place":null}},{"type":"Feature","geometry":{"type":"Polygon","coordinates":[[[77.62777,12.94594],[77.62785,12.95093],[77.62368,12.95344],[77.61942,12.95096],[77.61934,12.94597],[77.62351,12.94346],[77.62777,12.94594]]]},"properties":{"h3":"88618925e1fffff","loss":null,"place":null}},{"type":"Feature","geometry":{"type":"Polygon","coordinates":[[[77.61934,12.94597],[77.61942,12.95096],[77.61525,12.95347],[77.611,12.95099],[77.61091,12.946],[77.61508,12.94349],[77.61934,12.94597]]]},"properties":{"h3":"88618925e3fffff","loss":0.009,"place":null}},{"type":"Feature","geometry":{"type":"Polygon","coordinates":[[[77.63211,12.95341],[77.63219,12.9584],[77.62802,12.96091],[77.62376,12.95843],[77.62368,12.95344],[77.62785,12.95093],[77.63211,12.95341]]]},"properties":{"h3":"88618925e5fffff","loss":null,"place":null}},{"type":"Feature","geometry":{"type":"Polygon","coordinates":[[[77.62368,12.95344],[77.62376,12.95843],[77.61959,12.96094],[77.61534,12.95846],[77.61525,12.95347],[77.61942,12.95096],[77.62368,12.95344]]]},"properties":{"h3":"88618925e7fffff","loss":0.008,"place":null}},{"type":"Feature","geometry":{"type":"Polygon","coordinates":[[[77.63185,12.93844],[77.63194,12.94343],[77.62777,12.94594],[77.62351,12.94346],[77.62343,12.93847],[77.6276,12.93596],[77.63185,12.93844]]]},"properties":{"h3":"88618925e9fffff","loss":0.02,"place":null}},{"type":"Feature","geometry":{"type":"Polygon","coordinates":[[[77.62343,12.93847],[77.62351,12.94346],[77.61934,12.94597],[77.61508,12.94349],[77.615,12.9385],[77.61917,12.93599],[77.62343,12.93847]]]},"properties":{"h3":"88618925ebfffff","loss":0.014,"place":null}},{"type":"Feature","geometry":{"type":"Polygon","coordinates":[[[77.63619,12.94591],[77.63628,12.9509],[77.63211,12.95341],[77.62785,12.95093],[77.62777,12.94594],[77.63194,12.94343],[77.63619,12.94591]]]},"properties":{"h3":"88618925edfffff","loss":null,"place":null}},{"type":"Feature","geometry":{"type":"Polygon","coordinates":[[[77.66378,12.83351],[77.66387,12.83851],[77.6597,12.84102],[77.65544,12.83854],[77.65536,12.83355],[77.65953,12.83104],[77.66378,12.83351]]]},"properties":{"h3":"8861892601fffff","loss":null,"place":null}},{"type":"Feature","geometry":{"type":"Polygon","coordinates":[[[77.65536,12.83355],[77.65544,12.83854],[77.65127,12.84106],[77.64701,12.83858],[77.64693,12.83359],[77.6511,12.83108],[77.65536,12.83355]]]},"properties":{"h3":"8861892603fffff","loss":0.009,"place":null}},{"type":"Feature","geometry":{"type":"Polygon","coordinates":[[[77.66812,12.84098],[77.66821,12.84597],[77.66404,12.84849],[77.65978,12.84601],[77.6597,12.84102],[77.66387,12.83851],[77.66812,12.84098]]]},"properties":{"h3":"8861892605fffff","loss":null,"place":null}},{"type":"Feature","geometry":{"type":"Polygon","coordinates":[[[77.6597,12.84102],[77.65978,12.84601],[77.65561,12.84852],[77.65136,12.84605],[77.65127,12.84106],[77.65544,12.83854],[77.6597,12.84102]]]},"properties":{"h3":"8861892607fffff","loss":0.006,"place":null}},{"type":"Feature","geometry":{"type":"Polygon","coordinates":[[[77.66787,12.82601],[77.66795,12.831],[77.66378,12.83351],[77.65953,12.83104],[77.65944,12.82605],[77.66361,12.82353],[77.66787,12.82601]]]},"properties":{"h3":"8861892609fffff","loss":null,"place":null}},{"type":"Feature","geometry":{"type":"Polygon","coordinates":[[[77.65944,12.82605],[77.65953,12.83104],[77.65536,12.83355],[77.6511,12.83108],[77.65102,12.82609],[77.65519,12.82357],[77.65944,12.82605]]]},"properties":{"h3":"886189260bfffff","loss":null,"place":null}},{"type":"Feature","geometry":{"type":"Polygon","coordinates":[[[77.67221,12.83348],[77.6723,12.83847],[77.66812,12.84098],[77.66387,12.83851],[77.66378,12.83351],[77.66795,12.831],[77.67221,12.83348]]]},"properties":{"h3":"886189260dfffff","loss":null,"place":null}},{"type":"Feature","geometry":{"type":"Polygon","coordinates":[[[77.64259,12.82612],[77.64267,12.83111],[77.6385,12.83363],[77.63425,12.83115],[77.63416,12.82616],[77.63833,12.82365],[77.64259,12.82612]]]},"properties":{"h3":"8861892611fffff","loss":0.006,"place":null}},{"type":"Feature","geometry":{"type":"Polygon","coordinates":[[[77.63416,12.82616],[77.63425,12.83115],[77.63008,12.83366],[77.62583,12.83119],[77.62574,12.8262],[77.62991,12.82368],[77.63416,12.82616]]]},"properties":{"h3":"8861892613fffff","loss":0.03,"place":null}},{"type":"Feature","geometry":{"type":"Polygon","coordinates":[[[77.64693,12.83359],[77.64701,12.83858],[77.64284,12.84109],[77.63859,12.83862],[77.6385,12.83363],[77.64267,12.83111],[77.64693,12.83359]]]},"properties":{"h3":"8861892615fffff","loss":0.017,"place":null}},{"type":"Feature","geometry":{"type":"Polygon","coordinates":[[[77.6385,12.83363],[77.63859,12.83862],[77.63442,12.84113],[77.63016,12.83865],[77.63008,12.83366],[77.63425,12.83115],[77.6385,12.83363]]]},"properties":{"h3":"8861892617fffff","loss":0.002,"place":null}},{"type":"Feature","geometry":{"type":"Polygon","coordinates":[[[77.64668,12.81862],[77.64676,12.82361],[77.64259,12.82612],[77.63833,12.82365],[77.63825,12.81866],[77.64242,12.81614],[77.64668,12.81862]]]},"properties":{"h3":"8861892619fffff","loss":0.029,"place":null}},{"type":"Feature","geometry":{"type":"Polygon","coordinates":[[[77.63825,12.81866],[77.63833,12.82365],[77.63416,12.82616],[77.62991,12.82368],[77.62983,12.81869],[77.634,12.81618],[77.63825,12.81866]]]},"properties":{"h3":"886189261bfffff","loss":0.018,"place":null}},{"type":"Feature","geometry":{"type":"Polygon","coordinates":[[[77.65102,12.82609],[77.6511,12.83108],[77.64693,12.83359],[77.64267,12.83111],[77.64259,12.82612],[77.64676,12.82361],[77.65102,12.82609]]]},"properties":{"h3":"886189261dfffff","loss":0.024,"place":null}},{"type":"Feature","geometry":{"type":"Polygon","coordinates":[[[77.66838,12.85595],[77.66847,12.86095],[77.66429,12.86346],[77.66004,12.86098],[77.65995,12.85599],[77.66412,12.85348],[77.66838,12.85595]]]},"properties":{"h3":"8861892621fffff","loss":0.023,"place":null}},{"type":"Feature","geometry":{"type":"Polygon","coordinates":[[[77.65995,12.85599],[77.66004,12.86098],[77.65587,12.86349],[77.65161,12.86102],[77.65152,12.85603],[77.6557,12.85351],[77.65995,12.85599]]]},"properties":{"h3":"8861892623fffff","loss":0.005,"place":null}},{"type":"Feature","geometry":{"type":"Polygon","coordinates":[[[77.67272,12.86342],[77.67281,12.86841],[77.66864,12.87093],[77.66438,12.86845],[77.66429,12.86346],[77.66847,12.86095],[77.67272,12.86342]]]},"properties":{"h3":"8861892625fffff","loss":0.026,"place":null}},{"type":"Feature","geometry":{"type":"Polygon","coordinates":[[[77.66429,12.86346],[77.66438,12.86845],[77.66021,12.87096],[77.65595,12.86849],[77.65587,12.86349],[77.66004,12.86098],[77.66429,12.86346]]]},"properties":{"h3":"8861892627fffff","loss":null,"place":null}},{"type":"Feature","geometry":{"type":"Polygon","coordinates":[[[77.67247,12.84845],[77.67255,12.85344],[77.66838,12.85595],[77.66412,12.85348],[77.66404,12.84849],[77.66821,12.84597],[77.67247,12.84845]]]},"properties":{"h3":"8861892629fffff","loss":0.017,"place":null}},{"type":"Feature","geometry":{"type":"Polygon","coordinates":[[[77.66404,12.84849],[77.66412,12.85348],[77.65995,12.85599],[77.6557,12.85351],[77.65561,12.84852],[77.65978,12.84601],[77.66404,12.84849]]]},"properties":{"h3":"886189262bfffff","loss":0.006,"place":null}},{"type":"Feature","geometry":{"type":"Polygon","coordinates":[[[77.67681,12.85592],[77.67689,12.86091],[77.67272,12.86342],[77.66847,12.86095],[77.66838,12.85595],[77.67255,12.85344],[77.67681,12.85592]]]},"properties":{"h3":"886189262dfffff","loss":null,"place":null}},{"type":"Feature","geometry":{"type":"Polygon","coordinates":[[[77.64718,12.84856],[77.64727,12.85355],[77.6431,12.85606],[77.63884,12.85359],[77.63876,12.8486],[77.64293,12.84608],[77.64718,12.84856]]]},"properties":{"h3":"8861892631fffff","loss":null,"place":null}},{"type":"Feature","geometry":{"type":"Polygon","coordinates":[[[77.63876,12.8486],[77.63884,12.85359],[77.63467,12.8561],[77.63042,12.85362],[77.63033,12.84863],[77.6345,12.84612],[77.63876,12.8486]]]},"properties":{"h3":"8861892633fffff","loss":0.025,"place":null}},{"type":"Feature","geometry":{"type":"Polygon","coordinates":[[[77.65152,12.85603],[77.65161,12.86102],[77.64744,12.86353],[77.64318,12.86105],[77.6431,12.85606],[77.64727,12.85355],[77.65152,12.85603]]]},"properties":{"h3":"8861892635fffff","loss":null,"place":null}},{"type":"Feature","geometry":{"type":"Polygon","coordinates":[[[77.6431,12.85606],[77.64318,12.86105],[77.63901,12.86357],[77.63476,12.86109],[77.63467,12.8561],[77.63884,12.85359],[77.6431,12.85606]]]},"properties":{"h3":"8861892637fffff","loss":null,"place":null}},{"type":"Feature","geometry":{"type":"Polygon","coordinates":[[[77.65127,12.84106],[77.65136,12.84605],[77.64718,12.84856],[77.64293,12.84608],[77.64284,12.84109],[77.64701,12.83858],[77.65127,12.84106]]]},"properties":{"h3":"8861892639fffff","loss":null,"place":null}},{"type":"Feature","geometry":{"type":"Polygon","coordinates":[[[77.64284,12.84109],[77.64293,12.84608],[77.63876,12.8486],[77.6345,12.84612],[77.63442,12.84113],[77.63859,12.83862],[77.64284,12.84109]]]},"properties":{"h3":"886189263bfffff","loss":null,"place":null}},{"type":"Feature","geometry":{"type":"Polygon","coordinates":[[[77.65561,12.84852],[77.6557,12.85351],[77.65152,12.85603],[77.64727,12.85355],[77.64718,12.84856],[77.65136,12.84605],[77.65561,12.84852]]]},"properties":{"h3":"886189263dfffff","loss":null,"place":null}},{"type":"Feature","geometry":{"type":"Polygon","coordinates":[[[77.68038,12.81847],[77.68047,12.82346],[77.6763,12.82597],[77.67204,12.8235],[77.67196,12.8185],[77.67613,12.81599],[77.68038,12.81847]]]},"properties":{"h3":"8861892641fffff","loss":0.013,"place":null}},{"type":"Feature","geometry":{"type":"Polygon","coordinates":[[[77.67196,12.8185],[77.67204,12.8235],[77.66787,12.82601],[77.66361,12.82353],[77.66353,12.81854],[77.6677,12.81603],[77.67196,12.8185]]]},"properties":{"h3":"8861892643fffff","loss":null,"place":null}},{"type":"Feature","geometry":{"type":"Polygon","coordinates":[[[77.68473,12.82593],[77.68481,12.83092],[77.68064,12.83344],[77.67638,12.83096],[77.6763,12.82597],[77.68047,12.82346],[77.68473,12.82593]]]},"properties":{"h3":"8861892645fffff","loss":0.059,"place":null}},{"type":"Feature","geometry":{"type":"Polygon","coordinates":[[[77.6763,12.82597],[77.67638,12.83096],[77.67221,12.83348],[77.66795,12.831],[77.66787,12.82601],[77.67204,12.8235],[77.6763,12.82597]]]},"properties":{"h3":"8861892647fffff","loss":0.001,"place":null}},{"type":"Feature","geometry":{"type":"Polygon","coordinates":[[[77.68447,12.81096],[77.68456,12.81595],[77.68038,12.81847],[77.67613,12.81599],[77.67604,12.811],[77.68021,12.80848],[77.68447,12.81096]]]},"properties":{"h3":"8861892649fffff","loss":0.037,"place":null}},{"type":"Feature","geometry":{"type":"Polygon","coordinates":[[[77.67604,12.811],[77.67613,12.81599],[77.67196,12.8185],[77.6677,12.81603],[77.66761,12.81104],[77.67179,12.80852],[77.67604,12.811]]]},"properties":{"h3":"886189264bfffff","loss":0.032,"place":null}},{"type":"Feature","geometry":{"type":"Polygon","coordinates":[[[77.68881,12.81843],[77.6889,12.82342],[77.68473,12.82593],[77.68047,12.82346],[77.68038,12.81847],[77.68456,12.81595],[77.68881,12.81843]]]},"properties":{"h3":"886189264dfffff","loss":0.025,"place":null}},{"type":"Feature","geometry":{"type":"Polygon","coordinates":[[[77.65919,12.81108],[77.65927,12.81607],[77.6551,12.81858],[77.65085,12.8161],[77.65076,12.81111],[77.65493,12.8086],[77.65919,12.81108]]]},"properties":{"h3":"8861892651fffff","loss":0.024,"place":null}},{"type":"Feature","geometry":{"type":"Polygon","coordinates":[[[77.65076,12.81111],[77.65085,12.8161],[77.64668,12.81862],[77.64242,12.81614],[77.64234,12.81115],[77.64651,12.80864],[77.65076,12.81111]]]},"properties":{"h3":"8861892653fffff","loss":0.022,"place":null}},{"type":"Feature","geometry":{"type":"Polygon","coordinates":[[[77.66353,12.81854],[77.66361,12.82353],[77.65944,12.82605],[77.65519,12.82357],[77.6551,12.81858],[77.65927,12.81607],[77.66353,12.81854]]]},"properties":{"h3":"8861892655fffff","loss":null,"place":null}},{"type":"Feature","geometry":{"type":"Polygon","coordinates":[[[77.6551,12.81858],[77.65519,12.82357],[77.65102,12.82609],[77.64676,12.82361],[77.64668,12.81862],[77.65085,12.8161],[77.6551,12.81858]]]},"properties":{"h3":"8861892657fffff","loss":0.037,"place":null}},{"type":"Feature","geometry":{"type":"Polygon","coordinates":[[[77.66327,12.80357],[77.66336,12.80856],[77.65919,12.81108],[77.65493,12.8086],[77.65485,12.80361],[77.65902,12.80109],[77.66327,12.80357]]]},"properties":{"h3":"8861892659fffff","loss":null,"place":null}},{"type":"Feature","geometry":{"type":"Polygon","coordinates":[[[77.65485,12.80361],[77.65493,12.8086],[77.65076,12.81111],[77.64651,12.80864],[77.64642,12.80365],[77.65059,12.80113],[77.65485,12.80361]]]},"properties":{"h3":"886189265bfffff","loss":0.014,"place":null}},{"type":"Feature","geometry":{"type":"Polygon","coordinates":[[[77.66761,12.81104],[77.6677,12.81603],[77.66353,12.81854],[77.65927,12.81607],[77.65919,12.81108],[77.66336,12.80856],[77.66761,12.81104]]]},"properties":{"h3":"886189265dfffff","loss":0.032,"place":null}},{"type":"Feature","geometry":{"type":"Polygon","coordinates":[[[77.68498,12.84091],[77.68507,12.8459],[77.6809,12.84841],[77.67664,12.84594],[77.67655,12.84094],[77.68073,12.83843],[77.68498,12.84091]]]},"properties":{"h3":"8861892661fffff","loss":0.015,"place":null}},{"type":"Feature","geometry":{"type":"Polygon","coordinates":[[[77.67655,12.84094],[77.67664,12.84594],[77.67247,12.84845],[77.66821,12.84597],[77.66812,12.84098],[77.6723,12.83847],[77.67655,12.84094]]]},"properties":{"h3":"8861892663fffff","loss":null,"place":null}},{"type":"Feature","geometry":{"type":"Polygon","coordinates":[[[77.68933,12.84838],[77.68941,12.85337],[77.68524,12.85588],[77.68098,12.8534],[77.6809,12.84841],[77.68507,12.8459],[77.68933,12.84838]]]},"properties":{"h3":"8861892665fffff","loss":0.018,"place":null}},{"type":"Feature","geometry":{"type":"Polygon","coordinates":[[[77.6809,12.84841],[77.68098,12.8534],[77.67681,12.85592],[77.67255,12.85344],[77.67247,12.84845],[77.67664,12.84594],[77.6809,12.84841]]]},"properties":{"h3":"8861892667fffff","loss":null,"place":null}},{"type":"Feature","geometry":{"type":"Polygon","coordinates":[[[77.68907,12.8334],[77.68916,12.83839],[77.68498,12.84091],[77.68073,12.83843],[77.68064,12.83344],[77.68481,12.83092],[77.68907,12.8334]]]},"properties":{"h3":"8861892669fffff","loss":null,"place":null}},{"type":"Feature","geometry":{"type":"Polygon","coordinates":[[[77.68064,12.83344],[77.68073,12.83843],[77.67655,12.84094],[77.6723,12.83847],[77.67221,12.83348],[77.67638,12.83096],[77.68064,12.83344]]]},"properties":{"h3":"886189266bfffff","loss":null,"place":null}},{"type":"Feature","geometry":{"type":"Polygon","coordinates":[[[77.69341,12.84087],[77.6935,12.84586],[77.68933,12.84838],[77.68507,12.8459],[77.68498,12.84091],[77.68916,12.83839],[77.69341,12.84087]]]},"properties":{"h3":"886189266dfffff","loss":0.01,"place":null}},{"type":"Feature","geometry":{"type":"Polygon","coordinates":[[[77.60481,12.83377],[77.60489,12.83876],[77.60072,12.84127],[77.59647,12.8388],[77.59639,12.83381],[77.60056,12.83129],[77.60481,12.83377]]]},"properties":{"h3":"8861892681fffff","loss":null,"place":null}},{"type":"Feature","geometry":{"type":"Polygon","coordinates":[[[77.59639,12.83381],[77.59647,12.8388],[77.5923,12.84131],[77.58805,12.83883],[77.58797,12.83384],[77.59214,12.83133],[77.59639,12.83381]]]},"properties":{"h3":"8861892683fffff","loss":null,"place":null}},{"type":"Feature","geometry":{"type":"Polygon","coordinates":[[[77.60915,12.84124],[77.60923,12.84623],[77.60506,12.84874],[77.60081,12.84626],[77.60072,12.84127],[77.60489,12.83876],[77.60915,12.84124]]]},"properties":{"h3":"8861892685fffff","loss":0.034,"place":null}},{"type":"Feature","geometry":{"type":"Polygon","coordinates":[[[77.60072,12.84127],[77.60081,12.84626],[77.59664,12.84877],[77.59239,12.8463],[77.5923,12.84131],[77.59647,12.8388],[77.60072,12.84127]]]},"properties":{"h3":"8861892687fffff","loss":0.058,"place":null}},{"type":"Feature","geometry":{"type":"Polygon","coordinates":[[[77.60889,12.82627],[77.60898,12.83126],[77.60481,12.83377],[77.60056,12.83129],[77.60047,12.8263],[77.60464,12.82379],[77.60889,12.82627]]]},"properties":{"h3":"8861892689fffff","loss":0.017,"place":null}},{"type":"Feature","geometry":{"type":"Polygon","coordinates":[[[77.60047,12.8263],[77.60056,12.83129],[77.59639,12.83381],[77.59214,12.83133],[77.59205,12.82634],[77.59622,12.82383],[77.60047,12.8263]]]},"properties":{"h3":"886189268bfffff","loss":null,"place":null}},{"type":"Feature","geometry":{"type":"Polygon","coordinates":[[[77.61323,12.83373],[77.61332,12.83872],[77.60915,12.84124],[77.60489,12.83876],[77.60481,12.83377],[77.60898,12.83126],[77.61323,12.83373]]]},"properties":{"h3":"886189268dfffff","loss":0.007,"place":null}},{"type":"Feature","geometry":{"type":"Polygon","coordinates":[[[77.58363,12.82638],[77.58372,12.83136],[77.57955,12.83388],[77.5753,12.8314],[77.57521,12.82641],[77.57938,12.8239],[77.58363,12.82638]]]},"properties":{"h3":"8861892691fffff","loss":null,"place":null}},{"type":"Feature","geometry":{"type":"Polygon","coordinates":[[[77.57521,12.82641],[77.5753,12.8314],[77.57113,12.83391],[77.56688,12.83143],[77.56679,12.82645],[77.57096,12.82393],[77.57521,12.82641]]]},"properties":{"h3":"8861892693fffff","loss":0.001,"place":null}},{"type":"Feature","geometry":{"type":"Polygon","coordinates":[[[77.58797,12.83384],[77.58805,12.83883],[77.58388,12.84134],[77.57963,12.83886],[77.57955,12.83388],[77.58372,12.83136],[77.58797,12.83384]]]},"properties":{"h3":"8861892695fffff","loss":null,"place":null}},{"type":"Feature","geometry":{"type":"Polygon","coordinates":[[[77.57955,12.83388],[77.57963,12.83886],[77.57546,12.84138],[77.57121,12.8389],[77.57113,12.83391],[77.5753,12.8314],[77.57955,12.83388]]]},"properties":{"h3":"8861892697fffff","loss":0.023,"place":null}},{"type":"Feature","geometry":{"type":"Polygon","coordinates":[[[77.58772,12.81888],[77.5878,12.82386],[77.58363,12.82638],[77.57938,12.8239],[77.5793,12.81891],[77.58346,12.8164],[77.58772,12.81888]]]},"properties":{"h3":"8861892699fffff","loss":null,"place":null}},{"type":"Feature","geometry":{"type":"Polygon","coordinates":[[[77.5793,12.81891],[77.57938,12.8239],[77.57521,12.82641],[77.57096,12.82393],[77.57088,12.81895],[77.57505,12.81643],[77.5793,12.81891]]]},"properties":{"h3":"886189269bfffff","loss":null,"place":null}},{"type":"Feature","geometry":{"type":"Polygon","coordinates":[[[77.59205,12.82634],[77.59214,12.83133],[77.58797,12.83384],[77.58372,12.83136],[77.58363,12.82638],[77.5878,12.82386],[77.59205,12.82634]]]},"properties":{"h3":"886189269dfffff","loss":0.001,"place":null}},{"type":"Feature","geometry":{"type":"Polygon","coordinates":[[[77.6094,12.8562],[77.60948,12.86119],[77.60531,12.8637],[77.60106,12.86123],[77.60098,12.85624],[77.60515,12.85373],[77.6094,12.8562]]]},"properties":{"h3":"88618926a1fffff","loss":0.009,"place":null}},{"type":"Feature","geometry":{"type":"Polygon","coordinates":[[[77.60098,12.85624],[77.60106,12.86123],[77.59689,12.86374],[77.59264,12.86126],[77.59255,12.85627],[77.59672,12.85376],[77.60098,12.85624]]]},"properties":{"h3":"88618926a3fffff","loss":null,"place":null}},{"type":"Feature","geometry":{"type":"Polygon","coordinates":[[[77.61374,12.86367],[77.61382,12.86866],[77.60965,12.87117],[77.6054,12.86869],[77.60531,12.8637],[77.60948,12.86119],[77.61374,12.86367]]]},"properties":{"h3":"88618926a5fffff","loss":null,"place":null}},{"type":"Feature","geometry":{"type":"Polygon","coordinates":[[[77.60531,12.8637],[77.6054,12.86869],[77.60123,12.87121],[77.59698,12.86873],[77.59689,12.86374],[77.60106,12.86123],[77.60531,12.8637]]]},"properties":{"h3":"88618926a7fffff","loss":0.001,"place":null}},{"type":"Feature","geometry":{"type":"Polygon","coordinates":[[[77.61348,12.8487],[77.61357,12.85369],[77.6094,12.8562],[77.60515,12.85373],[77.60506,12.84874],[77.60923,12.84623],[77.61348,12.8487]]]},"properties":{"h3":"88618926a9fffff","loss":null,"place":null}},{"type":"Feature","geometry":{"type":"Polygon","coordinates":[[[77.60506,12.84874],[77.60515,12.85373],[77.60098,12.85624],[77.59672,12.85376],[77.59664,12.84877],[77.60081,12.84626],[77.60506,12.84874]]]},"properties":{"h3":"88618926abfffff","loss":0.009,"place":null}},{"type":"Feature","geometry":{"type":"Polygon","coordinates":[[[77.61782,12.85617],[77.61791,12.86116],[77.61374,12.86367],[77.60948,12.86119],[77.6094,12.8562],[77.61357,12.85369],[77.61782,12.85617]]]},"properties":{"h3":"88618926adfffff","loss":null,"place":null}},{"type":"Feature","geometry":{"type":"Polygon","coordinates":[[[77.58822,12.84881],[77.5883,12.8538],[77.58413,12.85631],[77.57988,12.85383],[77.5798,12.84884],[77.58397,12.84633],[77.58822,12.84881]]]},"properties":{"h3":"88618926b1fffff","loss":0.004,"place":null}},{"type":"Feature","geometry":{"type":"Polygon","coordinates":[[[77.5798,12.84884],[77.57988,12.85383],[77.57571,12.85634],[77.57146,12.85386],[77.57138,12.84888],[77.57555,12.84636],[77.5798,12.84884]]]},"properties":{"h3":"88618926b3fffff","loss":0.027,"place":null}},{"type":"Feature","geometry":{"type":"Polygon","coordinates":[[[77.59255,12.85627],[77.59264,12.86126],[77.58847,12.86377],[77.58422,12.8613],[77.58413,12.85631],[77.5883,12.8538],[77.59255,12.85627]]]},"properties":{"h3":"88618926b5fffff","loss":0.013,"place":null}},{"type":"Feature","geometry":{"type":"Polygon","coordinates":[[[77.58413,12.85631],[77.58422,12.8613],[77.58005,12.86381],[77.5758,12.86133],[77.57571,12.85634],[77.57988,12.85383],[77.58413,12.85631]]]},"properties":{"h3":"88618926b7fffff","loss":0.002,"place":null}},{"type":"Feature","geometry":{"type":"Polygon","coordinates":[[[77.5923,12.84131],[77.59239,12.8463],[77.58822,12.84881],[77.58397,12.84633],[77.58388,12.84134],[77.58805,12.83883],[77.5923,12.84131]]]},"properties":{"h3":"88618926b9fffff","loss":null,"place":null}},{"type":"Feature","geometry":{"type":"Polygon","coordinates":[[[77.58388,12.84134],[77.58397,12.84633],[77.5798,12.84884],[77.57555,12.84636],[77.57546,12.84138],[77.57963,12.83886],[77.58388,12.84134]]]},"properties":{"h3":"88618926bbfffff","loss":0.038,"place":null}},{"type":"Feature","geometry":{"type":"Polygon","coordinates":[[[77.59664,12.84877],[77.59672,12.85376],[77.59255,12.85627],[77.5883,12.8538],[77.58822,12.84881],[77.59239,12.8463],[77.59664,12.84877]]]},"properties":{"h3":"88618926bdfffff","loss":0.008,"place":null}},{"type":"Feature","geometry":{"type":"Polygon","coordinates":[[[77.6214,12.81873],[77.62149,12.82372],[77.61732,12.82623],[77.61306,12.82376],[77.61298,12.81877],[77.61715,12.81625],[77.6214,12.81873]]]},"properties":{"h3":"88618926c1fffff","loss":0.034,"place":null}},{"type":"Feature","geometry":{"type":"Polygon","coordinates":[[[77.61298,12.81877],[77.61306,12.82376],[77.60889,12.82627],[77.60464,12.82379],[77.60456,12.8188],[77.60873,12.81629],[77.61298,12.81877]]]},"properties":{"h3":"88618926c3fffff","loss":0.005,"place":null}},{"type":"Feature","geometry":{"type":"Polygon","coordinates":[[[77.62574,12.8262],[77.62583,12.83119],[77.62166,12.8337],[77.6174,12.83122],[77.61732,12.82623],[77.62149,12.82372],[77.62574,12.8262]]]},"properties":{"h3":"88618926c5fffff","loss":0.019,"place":null}},{"type":"Feature","geometry":{"type":"Polygon","coordinates":[[[77.61732,12.82623],[77.6174,12.83122],[77.61323,12.83373],[77.60898,12.83126],[77.60889,12.82627],[77.61306,12.82376],[77.61732,12.82623]]]},"properties":{"h3":"88618926c7fffff","loss":0.056,"place":null}},{"type":"Feature","geometry":{"type":"Polygon","coordinates":[[[77.62549,12.81123],[77.62557,12.81622],[77.6214,12.81873],[77.61715,12.81625],[77.61706,12.81126],[77.62123,12.80875],[77.62549,12.81123]]]},"properties":{"h3":"88618926c9fffff","loss":null,"place":null}},{"type":"Feature","geometry":{"type":"Polygon","coordinates":[[[77.61706,12.81126],[77.61715,12.81625],[77.61298,12.81877],[77.60873,12.81629],[77.60864,12.8113],[77.61281,12.80879],[77.61706,12.81126]]]},"properties":{"h3":"88618926cbfffff","loss":0.019,"place":null}},{"type":"Feature","geometry":{"type":"Polygon","coordinates":[[[77.62983,12.81869],[77.62991,12.82368],[77.62574,12.8262],[77.62149,12.82372],[77.6214,12.81873],[77.62557,12.81622],[77.62983,12.81869]]]},"properties":{"h3":"88618926cdfffff","loss":0.056,"place":null}},{"type":"Feature","geometry":{"type":"Polygon","coordinates":[[[77.60022,12.81134],[77.60031,12.81633],[77.59614,12.81884],[77.59188,12.81636],[77.5918,12.81137],[77.59597,12.80886],[77.60022,12.81134]]]},"properties":{"h3":"88618926d1fffff","loss":0.026,"place":null}},{"type":"Feature","geometry":{"type":"Polygon","coordinates":[[[77.5918,12.81137],[77.59188,12.81636],[77.58772,12.81888],[77.58346,12.8164],[77.58338,12.81141],[77.58755,12.8089],[77.5918,12.81137]]]},"properties":{"h3":"88618926d3fffff","loss":0.011,"place":null}},{"type":"Feature","geometry":{"type":"Polygon","coordinates":[[[77.60456,12.8188],[77.60464,12.82379],[77.60047,12.8263],[77.59622,12.82383],[77.59614,12.81884],[77.60031,12.81633],[77.60456,12.8188]]]},"properties":{"h3":"88618926d5fffff","loss":null,"place":null}},{"type":"Feature","geometry":{"type":"Polygon","coordinates":[[[77.59614,12.81884],[77.59622,12.82383],[77.59205,12.82634],[77.5878,12.82386],[77.58772,12.81888],[77.59188,12.81636],[77.59614,12.81884]]]},"properties":{"h3":"88618926d7fffff","loss":null,"place":null}},{"type":"Feature","geometry":{"type":"Polygon","coordinates":[[[77.60431,12.80384],[77.60439,12.80882],[77.60022,12.81134],[77.59597,12.80886],[77.59588,12.80387],[77.60005,12.80136],[77.60431,12.80384]]]},"properties":{"h3":"88618926d9fffff","loss":0.018,"place":null}},{"type":"Feature","geometry":{"type":"Polygon","coordinates":[[[77.59588,12.80387],[77.59597,12.80886],[77.5918,12.81137],[77.58755,12.8089],[77.58746,12.80391],[77.59163,12.8014],[77.59588,12.80387]]]},"properties":{"h3":"88618926dbfffff","loss":0.017,"place":null}},{"type":"Feature","geometry":{"type":"Polygon","coordinates":[[[77.60864,12.8113],[77.60873,12.81629],[77.60456,12.8188],[77.60031,12.81633],[77.60022,12.81134],[77.60439,12.80882],[77.60864,12.8113]]]},"properties":{"h3":"88618926ddfffff","loss":0.033,"place":null}},{"type":"Feature","geometry":{"type":"Polygon","coordinates":[[[77.62599,12.84117],[77.62608,12.84616],[77.62191,12.84867],[77.61765,12.84619],[77.61757,12.8412],[77.62174,12.83869],[77.62599,12.84117]]]},"properties":{"h3":"88618926e1fffff","loss":null,"place":null}},{"type":"Feature","geometry":{"type":"Polygon","coordinates":[[[77.61757,12.8412],[77.61765,12.84619],[77.61348,12.8487],[77.60923,12.84623],[77.60915,12.84124],[77.61332,12.83872],[77.61757,12.8412]]]},"properties":{"h3":"88618926e3fffff","loss":0.002,"place":null}},{"type":"Feature","geometry":{"type":"Polygon","coordinates":[[[77.63033,12.84863],[77.63042,12.85362],[77.62625,12.85613],[77.62199,12.85366],[77.62191,12.84867],[77.62608,12.84616],[77.63033,12.84863]]]},"properties":{"h3":"88618926e5fffff","loss":null,"place":null}},{"type":"Feature","geometry":{"type":"Polygon","coordinates":[[[77.62191,12.84867],[77.62199,12.85366],[77.61782,12.85617],[77.61357,12.85369],[77.61348,12.8487],[77.61765,12.84619],[77.62191,12.84867]]]},"properties":{"h3":"88618926e7fffff","loss":0.013,"place":null}},{"type":"Feature","geometry":{"type":"Polygon","coordinates":[[[77.63008,12.83366],[77.63016,12.83865],[77.62599,12.84117],[77.62174,12.83869],[77.62166,12.8337],[77.62583,12.83119],[77.63008,12.83366]]]},"properties":{"h3":"88618926e9fffff","loss":null,"place":null}},{"type":"Feature","geometry":{"type":"Polygon","coordinates":[[[77.62166,12.8337],[77.62174,12.83869],[77.61757,12.8412],[77.61332,12.83872],[77.61323,12.83373],[77.6174,12.83122],[77.62166,12.8337]]]},"properties":{"h3":"88618926ebfffff","loss":0.014,"place":null}},{"type":"Feature","geometry":{"type":"Polygon","coordinates":[[[77.63442,12.84113],[77.6345,12.84612],[77.63033,12.84863],[77.62608,12.84616],[77.62599,12.84117],[77.63016,12.83865],[77.63442,12.84113]]]},"properties":{"h3":"88618926edfffff","loss":0.005,"place":null}},{"type":"Feature","geometry":{"type":"Polygon","coordinates":[[[77.69418,12.88579],[77.69427,12.89078],[77.6901,12.8933],[77.68584,12.89082],[77.68575,12.88583],[77.68992,12.88331],[77.69418,12.88579]]]},"properties":{"h3":"8861892701fffff","loss":0.01,"place":null}},{"type":"Feature","geometry":{"type":"Polygon","coordinates":[[[77.68575,12.88583],[77.68584,12.89082],[77.68166,12.89333],[77.67741,12.89085],[77.67732,12.88586],[77.68149,12.88335],[77.68575,12.88583]]]},"properties":{"h3":"8861892703fffff","loss":0.046,"place":null}},{"type":"Feature","geometry":{"type":"Polygon","coordinates":[[[77.69853,12.89326],[77.69861,12.89825],[77.69444,12.90077],[77.69018,12.89829],[77.6901,12.8933],[77.69427,12.89078],[77.69853,12.89326]]]},"properties":{"h3":"8861892705fffff","loss":0.022,"place":null}},{"type":"Feature","geometry":{"type":"Polygon","coordinates":[[[77.6901,12.8933],[77.69018,12.89829],[77.68601,12.9008],[77.68175,12.89832],[77.68166,12.89333],[77.68584,12.89082],[77.6901,12.8933]]]},"properties":{"h3":"8861892707fffff","loss":0.014,"place":null}},{"type":"Feature","geometry":{"type":"Polygon","coordinates":[[[77.69827,12.87829],[77.69836,12.88328],[77.69418,12.88579],[77.68992,12.88331],[77.68984,12.87832],[77.69401,12.87581],[77.69827,12.87829]]]},"properties":{"h3":"8861892709fffff","loss":null,"place":null}},{"type":"Feature","geometry":{"type":"Polygon","coordinates":[[[77.68984,12.87832],[77.68992,12.88331],[77.68575,12.88583],[77.68149,12.88335],[77.68141,12.87836],[77.68558,12.87585],[77.68984,12.87832]]]},"properties":{"h3":"886189270bfffff","loss":0.023,"place":null}},{"type":"Feature","geometry":{"type":"Polygon","coordinates":[[[77.70262,12.88576],[77.7027,12.89075],[77.69853,12.89326],[77.69427,12.89078],[77.69418,12.88579],[77.69836,12.88328],[77.70262,12.88576]]]},"properties":{"h3":"886189270dfffff","loss":0.023,"place":null}},{"type":"Feature","geometry":{"type":"Polygon","coordinates":[[[77.67298,12.87839],[77.67306,12.88339],[77.66889,12.8859],[77.66463,12.88342],[77.66455,12.87843],[77.66872,12.87592],[77.67298,12.87839]]]},"properties":{"h3":"8861892711fffff","loss":null,"place":null}},{"type":"Feature","geometry":{"type":"Polygon","coordinates":[[[77.66455,12.87843],[77.66463,12.88342],[77.66046,12.88593],[77.65621,12.88346],[77.65612,12.87847],[77.66029,12.87595],[77.66455,12.87843]]]},"properties":{"h3":"8861892713fffff","loss":0.007,"place":null}},{"type":"Feature","geometry":{"type":"Polygon","coordinates":[[[77.67732,12.88586],[77.67741,12.89085],[77.67323,12.89337],[77.66898,12.89089],[77.66889,12.8859],[77.67306,12.88339],[77.67732,12.88586]]]},"properties":{"h3":"8861892715fffff","loss":null,"place":null}},{"type":"Feature","geometry":{"type":"Polygon","coordinates":[[[77.66889,12.8859],[77.66898,12.89089],[77.6648,12.8934],[77.66055,12.89092],[77.66046,12.88593],[77.66463,12.88342],[77.66889,12.8859]]]},"properties":{"h3":"8861892717fffff","loss":null,"place":null}},{"type":"Feature","geometry":{"type":"Polygon","coordinates":[[[77.67707,12.87089],[77.67715,12.87588],[77.67298,12.87839],[77.66872,12.87592],[77.66864,12.87093],[77.67281,12.86841],[77.67707,12.87089]]]},"properties":{"h3":"8861892719fffff","loss":0.006,"place":null}},{"type":"Feature","geometry":{"type":"Polygon","coordinates":[[[77.66864,12.87093],[77.66872,12.87592],[77.66455,12.87843],[77.66029,12.87595],[77.66021,12.87096],[77.66438,12.86845],[77.66864,12.87093]]]},"properties":{"h3":"886189271bfffff","loss":0.001,"place":null}},{"type":"Feature","geometry":{"type":"Polygon","coordinates":[[[77.68141,12.87836],[77.68149,12.88335],[77.67732,12.88586],[77.67306,12.88339],[77.67298,12.87839],[77.67715,12.87588],[77.68141,12.87836]]]},"properties":{"h3":"886189271dfffff","loss":0.015,"place":null}},{"type":"Feature","geometry":{"type":"Polygon","coordinates":[[[77.69878,12.90823],[77.69887,12.91323],[77.6947,12.91574],[77.69044,12.91326],[77.69035,12.90827],[77.69453,12.90576],[77.69878,12.90823]]]},"properties":{"h3":"8861892721fffff","loss":0.001,"place":null}},{"type":"Feature","geometry":{"type":"Polygon","coordinates":[[[77.69035,12.90827],[77.69044,12.91326],[77.68626,12.91577],[77.68201,12.91329],[77.68192,12.9083],[77.68609,12.90579],[77.69035,12.90827]]]},"properties":{"h3":"8861892723fffff","loss":0.001,"place":null}},{"type":"Feature","geometry":{"type":"Polygon","coordinates":[[[77.70313,12.9157],[77.70322,12.92069],[77.69904,12.92321],[77.69478,12.92073],[77.6947,12.91574],[77.69887,12.91323],[77.70313,12.9157]]]},"properties":{"h3":"8861892725fffff","loss":0.015,"place":null}},{"type":"Feature","geometry":{"type":"Polygon","coordinates":[[[77.6947,12.91574],[77.69478,12.92073],[77.69061,12.92324],[77.68635,12.92076],[77.68626,12.91577],[77.69044,12.91326],[77.6947,12.91574]]]},"properties":{"h3":"8861892727fffff","loss":null,"place":null}},{"type":"Feature","geometry":{"type":"Polygon","coordinates":[[[77.70287,12.90073],[77.70296,12.90572],[77.69878,12.90823],[77.69453,12.90576],[77.69444,12.90077],[77.69861,12.89825],[77.70287,12.90073]]]},"properties":{"h3":"8861892729fffff","loss":null,"place":null}},{"type":"Feature","geometry":{"type":"Polygon","coordinates":[[[77.69444,12.90077],[77.69453,12.90576],[77.69035,12.90827],[77.68609,12.90579],[77.68601,12.9008],[77.69018,12.89829],[77.69444,12.90077]]]},"properties":{"h3":"886189272bfffff","loss":0.011,"place":null}},{"type":"Feature","geometry":{"type":"Polygon","coordinates":[[[77.70722,12.9082],[77.7073,12.91319],[77.70313,12.9157],[77.69887,12.91323],[77.69878,12.90823],[77.70296,12.90572],[77.70722,12.9082]]]},"properties":{"h3":"886189272dfffff","loss":0.014,"place":null}},{"type":"Feature","geometry":{"type":"Polygon","coordinates":[[[77.67758,12.90084],[77.67766,12.90583],[77.67349,12.90834],[77.66923,12.90586],[77.66915,12.90087],[77.67332,12.89836],[77.67758,12.90084]]]},"properties":{"h3":"8861892731fffff","loss":null,"place":null}},{"type":"Feature","geometry":{"type":"Polygon","coordinates":[[[77.66915,12.90087],[77.66923,12.90586],[77.66506,12.90837],[77.6608,12.90589],[77.66072,12.9009],[77.66489,12.89839],[77.66915,12.90087]]]},"properties":{"h3":"8861892733fffff","loss":null,"place":null}},{"type":"Feature","geometry":{"type":"Polygon","coordinates":[[[77.68192,12.9083],[77.68201,12.91329],[77.67783,12.91581],[77.67357,12.91333],[77.67349,12.90834],[77.67766,12.90583],[77.68192,12.9083]]]},"properties":{"h3":"8861892735fffff","loss":0.018,"place":null}},{"type":"Feature","geometry":{"type":"Polygon","coordinates":[[[77.67349,12.90834],[77.67357,12.91333],[77.6694,12.91584],[77.66514,12.91336],[77.66506,12.90837],[77.66923,12.90586],[77.67349,12.90834]]]},"properties":{"h3":"8861892737fffff","loss":null,"place":null}},{"type":"Feature","geometry":{"type":"Polygon","coordinates":[[[77.68166,12.89333],[77.68175,12.89832],[77.67758,12.90084],[77.67332,12.89836],[77.67323,12.89337],[77.67741,12.89085],[77.68166,12.89333]]]},"properties":{"h3":"8861892739fffff","loss":null,"place":null}},{"type":"Feature","geometry":{"type":"Polygon","coordinates":[[[77.67323,12.89337],[77.67332,12.89836],[77.66915,12.90087],[77.66489,12.89839],[77.6648,12.8934],[77.66898,12.89089],[77.67323,12.89337]]]},"properties":{"h3":"886189273bfffff","loss":null,"place":null}},{"type":"Feature","geometry":{"type":"Polygon","coordinates":[[[77.68601,12.9008],[77.68609,12.90579],[77.68192,12.9083],[77.67766,12.90583],[77.67758,12.90084],[77.68175,12.89832],[77.68601,12.9008]]]},"properties":{"h3":"886189273dfffff","loss":0.013,"place":null}},{"type":"Feature","geometry":{"type":"Polygon","coordinates":[[[77.71079,12.87074],[77.71088,12.87574],[77.7067,12.87825],[77.70244,12.87577],[77.70236,12.87078],[77.70653,12.86827],[77.71079,12.87074]]]},"properties":{"h3":"8861892741fffff","loss":0.056,"place":null}},{"type":"Feature","geometry":{"type":"Polygon","coordinates":[[[77.70236,12.87078],[77.70244,12.87577],[77.69827,12.87829],[77.69401,12.87581],[77.69393,12.87082],[77.6981,12.8683],[77.70236,12.87078]]]},"properties":{"h3":"8861892743fffff","loss":0.073,"place":null}},{"type":"Feature","geometry":{"type":"Polygon","coordinates":[[[77.71514,12.87821],[77.71522,12.8832],[77.71105,12.88572],[77.70679,12.88324],[77.7067,12.87825],[77.71088,12.87574],[77.71514,12.87821]]]},"properties":{"h3":"8861892745fffff","loss":null,"place":null}},{"type":"Feature","geometry":{"type":"Polygon","coordinates":[[[77.7067,12.87825],[77.70679,12.88324],[77.70262,12.88576],[77.69836,12.88328],[77.69827,12.87829],[77.70244,12.87577],[77.7067,12.87825]]]},"properties":{"h3":"8861892747fffff","loss":0.045,"place":null}},{"type":"Feature","geometry":{"type":"Polygon","coordinates":[[[77.71488,12.86324],[77.71496,12.86823],[77.71079,12.87074],[77.70653,12.86827],[77.70645,12.86327],[77.71062,12.86076],[77.71488,12.86324]]]},"properties":{"h3":"8861892749fffff","loss":0.006,"place":null}},{"type":"Feature","geometry":{"type":"Polygon","coordinates":[[[77.70645,12.86327],[77.70653,12.86827],[77.70236,12.87078],[77.6981,12.8683],[77.69801,12.86331],[77.70219,12.8608],[77.70645,12.86327]]]},"properties":{"h3":"886189274bfffff","loss":null,"place":null}},{"type":"Feature","geometry":{"type":"Polygon","coordinates":[[[77.71922,12.87071],[77.71931,12.8757],[77.71514,12.87821],[77.71088,12.87574],[77.71079,12.87074],[77.71496,12.86823],[77.71922,12.87071]]]},"properties":{"h3":"886189274dfffff","loss":0.03,"place":null}},{"type":"Feature","geometry":{"type":"Polygon","coordinates":[[[77.68958,12.86335],[77.68967,12.86834],[77.6855,12.87085],[77.68124,12.86838],[77.68115,12.86339],[77.68532,12.86087],[77.68958,12.86335]]]},"properties":{"h3":"8861892751fffff","loss":null,"place":null}},{"type":"Feature","geometry":{"type":"Polygon","coordinates":[[[77.68115,12.86339],[77.68124,12.86838],[77.67707,12.87089],[77.67281,12.86841],[77.67272,12.86342],[77.67689,12.86091],[77.68115,12.86339]]]},"properties":{"h3":"8861892753fffff","loss":0.034,"place":null}},{"type":"Feature","geometry":{"type":"Polygon","coordinates":[[[77.69393,12.87082],[77.69401,12.87581],[77.68984,12.87832],[77.68558,12.87585],[77.6855,12.87085],[77.68967,12.86834],[77.69393,12.87082]]]},"properties":{"h3":"8861892755fffff","loss":0.117,"place":"gattahalli"}},{"type":"Feature","geometry":{"type":"Polygon","coordinates":[[[77.6855,12.87085],[77.68558,12.87585],[77.68141,12.87836],[77.67715,12.87588],[77.67707,12.87089],[77.68124,12.86838],[77.6855,12.87085]]]},"properties":{"h3":"8861892757fffff","loss":null,"place":null}},{"type":"Feature","geometry":{"type":"Polygon","coordinates":[[[77.69367,12.85584],[77.69376,12.86084],[77.68958,12.86335],[77.68532,12.86087],[77.68524,12.85588],[77.68941,12.85337],[77.69367,12.85584]]]},"properties":{"h3":"8861892759fffff","loss":0.022,"place":null}},{"type":"Feature","geometry":{"type":"Polygon","coordinates":[[[77.68524,12.85588],[77.68532,12.86087],[77.68115,12.86339],[77.67689,12.86091],[77.67681,12.85592],[77.68098,12.8534],[77.68524,12.85588]]]},"properties":{"h3":"886189275bfffff","loss":0.01,"place":null}},{"type":"Feature","geometry":{"type":"Polygon","coordinates":[[[77.69801,12.86331],[77.6981,12.8683],[77.69393,12.87082],[77.68967,12.86834],[77.68958,12.86335],[77.69376,12.86084],[77.69801,12.86331]]]},"properties":{"h3":"886189275dfffff","loss":0.013,"place":null}},{"type":"Feature","geometry":{"type":"Polygon","coordinates":[[[77.71539,12.89319],[77.71548,12.89818],[77.71131,12.90069],[77.70705,12.89822],[77.70696,12.89322],[77.71113,12.89071],[77.71539,12.89319]]]},"properties":{"h3":"8861892761fffff","loss":null,"place":null}},{"type":"Feature","geometry":{"type":"Polygon","coordinates":[[[77.70696,12.89322],[77.70705,12.89822],[77.70287,12.90073],[77.69861,12.89825],[77.69853,12.89326],[77.7027,12.89075],[77.70696,12.89322]]]},"properties":{"h3":"8861892763fffff","loss":0.008,"place":null}},{"type":"Feature","geometry":{"type":"Polygon","coordinates":[[[77.71974,12.90066],[77.71983,12.90565],[77.71565,12.90816],[77.71139,12.90569],[77.71131,12.90069],[77.71548,12.89818],[77.71974,12.90066]]]},"properties":{"h3":"8861892765fffff","loss":null,"place":null}},{"type":"Feature","geometry":{"type":"Polygon","coordinates":[[[77.71131,12.90069],[77.71139,12.90569],[77.70722,12.9082],[77.70296,12.90572],[77.70287,12.90073],[77.70705,12.89822],[77.71131,12.90069]]]},"properties":{"h3":"8861892767fffff","loss":0.015,"place":null}},{"type":"Feature","geometry":{"type":"Polygon","coordinates":[[[77.71948,12.88568],[77.71957,12.89067],[77.71539,12.89319],[77.71113,12.89071],[77.71105,12.88572],[77.71522,12.8832],[77.71948,12.88568]]]},"properties":{"h3":"8861892769fffff","loss":null,"place":null}},{"type":"Feature","geometry":{"type":"Polygon","coordinates":[[[77.71105,12.88572],[77.71113,12.89071],[77.70696,12.89322],[77.7027,12.89075],[77.70262,12.88576],[77.70679,12.88324],[77.71105,12.88572]]]},"properties":{"h3":"886189276bfffff","loss":0.009,"place":null}},{"type":"Feature","geometry":{"type":"Polygon","coordinates":[[[77.72383,12.89315],[77.72391,12.89814],[77.71974,12.90066],[77.71548,12.89818],[77.71539,12.89319],[77.71957,12.89067],[77.72383,12.89315]]]},"properties":{"h3":"886189276dfffff","loss":0.035,"place":null}},{"type":"Feature","geometry":{"type":"Polygon","coordinates":[[[77.80754,13.09503],[77.80763,13.10002],[77.80345,13.10253],[77.79918,13.10005],[77.79909,13.09506],[77.80327,13.09255],[77.80754,13.09503]]]},"properties":{"h3":"8861892803fffff","loss":null,"place":null}},{"type":"Feature","geometry":{"type":"Polygon","coordinates":[[[77.82008,13.08749],[77.82017,13.09249],[77.81599,13.095],[77.81172,13.09252],[77.81163,13.08752],[77.81581,13.08501],[77.82008,13.08749]]]},"properties":{"h3":"8861892809fffff","loss":null,"place":null}},{"type":"Feature","geometry":{"type":"Polygon","coordinates":[[[77.81163,13.08752],[77.81172,13.09252],[77.80754,13.09503],[77.80327,13.09255],[77.80319,13.08755],[77.80737,13.08504],[77.81163,13.08752]]]},"properties":{"h3":"886189280bfffff","loss":0.006,"place":null}},{"type":"Feature","geometry":{"type":"Polygon","coordinates":[[[77.79474,13.08758],[77.79483,13.09258],[77.79065,13.09509],[77.78638,13.09261],[77.78629,13.08761],[77.79047,13.0851],[77.79474,13.08758]]]},"properties":{"h3":"8861892811fffff","loss":0.044,"place":null}},{"type":"Feature","geometry":{"type":"Polygon","coordinates":[[[77.78629,13.08761],[77.78638,13.09261],[77.7822,13.09512],[77.77793,13.09264],[77.77785,13.08764],[77.78203,13.08513],[77.78629,13.08761]]]},"properties":{"h3":"8861892813fffff","loss":0.054,"place":null}},{"type":"Feature","geometry":{"type":"Polygon","coordinates":[[[77.79909,13.09506],[77.79918,13.10005],[77.795,13.10256],[77.79073,13.10008],[77.79065,13.09509],[77.79483,13.09258],[77.79909,13.09506]]]},"properties":{"h3":"8861892815fffff","loss":null,"place":null}},{"type":"Feature","geometry":{"type":"Polygon","coordinates":[[[77.79065,13.09509],[77.79073,13.10008],[77.78655,13.10259],[77.78229,13.10011],[77.7822,13.09512],[77.78638,13.09261],[77.79065,13.09509]]]},"properties":{"h3":"8861892817fffff","loss":0.013,"place":null}},{"type":"Feature","geometry":{"type":"Polygon","coordinates":[[[77.79883,13.08008],[77.79892,13.08507],[77.79474,13.08758],[77.79047,13.0851],[77.79038,13.08011],[77.79456,13.0776],[77.79883,13.08008]]]},"properties":{"h3":"8861892819fffff","loss":null,"place":null}},{"type":"Feature","geometry":{"type":"Polygon","coordinates":[[[77.79038,13.08011],[77.79047,13.0851],[77.78629,13.08761],[77.78203,13.08513],[77.78194,13.08014],[77.78612,13.07763],[77.79038,13.08011]]]},"properties":{"h3":"886189281bfffff","loss":null,"place":null}},{"type":"Feature","geometry":{"type":"Polygon","coordinates":[[[77.80319,13.08755],[77.80327,13.09255],[77.79909,13.09506],[77.79483,13.09258],[77.79474,13.08758],[77.79892,13.08507],[77.80319,13.08755]]]},"properties":{"h3":"886189281dfffff","loss":0.011,"place":null}},{"type":"Feature","geometry":{"type":"Polygon","coordinates":[[[77.83262,13.07996],[77.83271,13.08495],[77.82853,13.08746],[77.82426,13.08498],[77.82418,13.07999],[77.82836,13.07748],[77.83262,13.07996]]]},"properties":{"h3":"8861892841fffff","loss":0.075,"place":null}},{"type":"Feature","geometry":{"type":"Polygon","coordinates":[[[77.82418,13.07999],[77.82426,13.08498],[77.82008,13.08749],[77.81581,13.08501],[77.81573,13.08002],[77.81991,13.07751],[77.82418,13.07999]]]},"properties":{"h3":"8861892843fffff","loss":0.058,"place":null}},{"type":"Feature","geometry":{"type":"Polygon","coordinates":[[[77.83672,13.07245],[77.83681,13.07744],[77.83262,13.07996],[77.82836,13.07748],[77.82827,13.07248],[77.83245,13.06997],[77.83672,13.07245]]]},"properties":{"h3":"8861892849fffff","loss":0.081,"place":null}},{"type":"Feature","geometry":{"type":"Polygon","coordinates":[[[77.82827,13.07248],[77.82836,13.07748],[77.82418,13.07999],[77.81991,13.07751],[77.81982,13.07251],[77.824,13.07],[77.82827,13.07248]]]},"properties":{"h3":"886189284bfffff","loss":0.067,"place":null}},{"type":"Feature","geometry":{"type":"Polygon","coordinates":[[[77.81137,13.07255],[77.81146,13.07754],[77.80728,13.08005],[77.80301,13.07757],[77.80292,13.07258],[77.8071,13.07006],[77.81137,13.07255]]]},"properties":{"h3":"8861892851fffff","loss":0.005,"place":null}},{"type":"Feature","geometry":{"type":"Polygon","coordinates":[[[77.80292,13.07258],[77.80301,13.07757],[77.79883,13.08008],[77.79456,13.0776],[77.79448,13.07261],[77.79866,13.0701],[77.80292,13.07258]]]},"properties":{"h3":"8861892853fffff","loss":0.024,"place":null}},{"type":"Feature","geometry":{"type":"Polygon","coordinates":[[[77.81573,13.08002],[77.81581,13.08501],[77.81163,13.08752],[77.80737,13.08504],[77.80728,13.08005],[77.81146,13.07754],[77.81573,13.08002]]]},"properties":{"h3":"8861892855fffff","loss":0.026,"place":null}},{"type":"Feature","geometry":{"type":"Polygon","coordinates":[[[77.80728,13.08005],[77.80737,13.08504],[77.80319,13.08755],[77.79892,13.08507],[77.79883,13.08008],[77.80301,13.07757],[77.80728,13.08005]]]},"properties":{"h3":"8861892857fffff","loss":null,"place":null}},{"type":"Feature","geometry":{"type":"Polygon","coordinates":[[[77.81546,13.06504],[77.81555,13.07003],[77.81137,13.07255],[77.8071,13.07006],[77.80702,13.06507],[77.8112,13.06256],[77.81546,13.06504]]]},"properties":{"h3":"8861892859fffff","loss":0.001,"place":null}},{"type":"Feature","geometry":{"type":"Polygon","coordinates":[[[77.80702,13.06507],[77.8071,13.07006],[77.80292,13.07258],[77.79866,13.0701],[77.79857,13.0651],[77.80275,13.06259],[77.80702,13.06507]]]},"properties":{"h3":"886189285bfffff","loss":0.009,"place":null}},{"type":"Feature","geometry":{"type":"Polygon","coordinates":[[[77.81982,13.07251],[77.81991,13.07751],[77.81573,13.08002],[77.81146,13.07754],[77.81137,13.07255],[77.81555,13.07003],[77.81982,13.07251]]]},"properties":{"h3":"886189285dfffff","loss":null,"place":null}},{"type":"Feature","geometry":{"type":"Polygon","coordinates":[[[77.75687,13.0952],[77.75695,13.10019],[77.75277,13.1027],[77.74851,13.10022],[77.74842,13.09523],[77.7526,13.09272],[77.75687,13.0952]]]},"properties":{"h3":"8861892881fffff","loss":0.009,"place":null}},{"type":"Feature","geometry":{"type":"Polygon","coordinates":[[[77.74842,13.09523],[77.74851,13.10022],[77.74433,13.10273],[77.74007,13.10025],[77.73998,13.09526],[77.74416,13.09275],[77.74842,13.09523]]]},"properties":{"h3":"8861892883fffff","loss":0.002,"place":null}},{"type":"Feature","geometry":{"type":"Polygon","coordinates":[[[77.76122,13.10268],[77.7613,13.10767],[77.75713,13.11018],[77.75286,13.1077],[77.75277,13.1027],[77.75695,13.10019],[77.76122,13.10268]]]},"properties":{"h3":"8861892885fffff","loss":0.006,"place":null}},{"type":"Feature","geometry":{"type":"Polygon","coordinates":[[[77.75277,13.1027],[77.75286,13.1077],[77.74868,13.1102],[77.74442,13.10772],[77.74433,13.10273],[77.74851,13.10022],[77.75277,13.1027]]]},"properties":{"h3":"8861892887fffff","loss":0.021,"place":null}},{"type":"Feature","geometry":{"type":"Polygon","coordinates":[[[77.76096,13.0877],[77.76104,13.09269],[77.75687,13.0952],[77.7526,13.09272],[77.75251,13.08773],[77.75669,13.08522],[77.76096,13.0877]]]},"properties":{"h3":"8861892889fffff","loss":null,"place":null}},{"type":"Feature","geometry":{"type":"Polygon","coordinates":[[[77.75251,13.08773],[77.7526,13.09272],[77.74842,13.09523],[77.74416,13.09275],[77.74407,13.08776],[77.74825,13.08525],[77.75251,13.08773]]]},"properties":{"h3":"886189288bfffff","loss":0.01,"place":null}},{"type":"Feature","geometry":{"type":"Polygon","coordinates":[[[77.76531,13.09517],[77.7654,13.10017],[77.76122,13.10268],[77.75695,13.10019],[77.75687,13.0952],[77.76104,13.09269],[77.76531,13.09517]]]},"properties":{"h3":"886189288dfffff","loss":null,"place":null}},{"type":"Feature","geometry":{"type":"Polygon","coordinates":[[[77.73563,13.08779],[77.73572,13.09278],[77.73154,13.09529],[77.72727,13.0928],[77.72719,13.08781],[77.73137,13.0853],[77.73563,13.08779]]]},"properties":{"h3":"8861892891fffff","loss":null,"place":null}},{"type":"Feature","geometry":{"type":"Polygon","coordinates":[[[77.72719,13.08781],[77.72727,13.0928],[77.7231,13.09531],[77.71883,13.09283],[77.71875,13.08784],[77.72293,13.08533],[77.72719,13.08781]]]},"properties":{"h3":"8861892893fffff","loss":null,"place":null}},{"type":"Feature","geometry":{"type":"Polygon","coordinates":[[[77.73998,13.09526],[77.74007,13.10025],[77.73589,13.10276],[77.73162,13.10028],[77.73154,13.09529],[77.73572,13.09278],[77.73998,13.09526]]]},"properties":{"h3":"8861892895fffff","loss":null,"place":null}},{"type":"Feature","geometry":{"type":"Polygon","coordinates":[[[77.73154,13.09529],[77.73162,13.10028],[77.72745,13.10279],[77.72318,13.1003],[77.7231,13.09531],[77.72727,13.0928],[77.73154,13.09529]]]},"properties":{"h3":"8861892897fffff","loss":null,"place":null}},{"type":"Feature","geometry":{"type":"Polygon","coordinates":[[[77.73972,13.08029],[77.73981,13.08528],[77.73563,13.08779],[77.73137,13.0853],[77.73128,13.08031],[77.73546,13.0778],[77.73972,13.08029]]]},"properties":{"h3":"8861892899fffff","loss":null,"place":null}},{"type":"Feature","geometry":{"type":"Polygon","coordinates":[[[77.73128,13.08031],[77.73137,13.0853],[77.72719,13.08781],[77.72293,13.08533],[77.72284,13.08034],[77.72702,13.07783],[77.73128,13.08031]]]},"properties":{"h3":"886189289bfffff","loss":null,"place":null}},{"type":"Feature","geometry":{"type":"Polygon","coordinates":[[[77.74407,13.08776],[77.74416,13.09275],[77.73998,13.09526],[77.73572,13.09278],[77.73563,13.08779],[77.73981,13.08528],[77.74407,13.08776]]]},"properties":{"h3":"886189289dfffff","loss":null,"place":null}},{"type":"Feature","geometry":{"type":"Polygon","coordinates":[[[77.75303,13.11768],[77.75312,13.12267],[77.74894,13.12518],[77.74468,13.1227],[77.74459,13.1177],[77.74877,13.1152],[77.75303,13.11768]]]},"properties":{"h3":"88618928a3fffff","loss":null,"place":null}},{"type":"Feature","geometry":{"type":"Polygon","coordinates":[[[77.76557,13.11015],[77.76566,13.11514],[77.76148,13.11765],[77.75721,13.11517],[77.75713,13.11018],[77.7613,13.10767],[77.76557,13.11015]]]},"properties":{"h3":"88618928a9fffff","loss":null,"place":null}},{"type":"Feature","geometry":{"type":"Polygon","coordinates":[[[77.75713,13.11018],[77.75721,13.11517],[77.75303,13.11768],[77.74877,13.1152],[77.74868,13.1102],[77.75286,13.1077],[77.75713,13.11018]]]},"properties":{"h3":"88618928abfffff","loss":0.0,"place":null}},{"type":"Feature","geometry":{"type":"Polygon","coordinates":[[[77.74024,13.11023],[77.74033,13.11522],[77.73615,13.11773],[77.73188,13.11525],[77.7318,13.11026],[77.73598,13.10775],[77.74024,13.11023]]]},"properties":{"h3":"88618928b1fffff","loss":null,"place":null}},{"type":"Feature","geometry":{"type":"Polygon","coordinates":[[[77.7318,13.11026],[77.73188,13.11525],[77.72771,13.11776],[77.72344,13.11528],[77.72336,13.11028],[77.72753,13.10778],[77.7318,13.11026]]]},"properties":{"h3":"88618928b3fffff","loss":null,"place":null}},{"type":"Feature","geometry":{"type":"Polygon","coordinates":[[[77.74459,13.1177],[77.74468,13.1227],[77.7405,13.1252],[77.73623,13.12272],[77.73615,13.11773],[77.74033,13.11522],[77.74459,13.1177]]]},"properties":{"h3":"88618928b5fffff","loss":null,"place":null}},{"type":"Feature","geometry":{"type":"Polygon","coordinates":[[[77.73615,13.11773],[77.73623,13.12272],[77.73206,13.12523],[77.72779,13.12275],[77.72771,13.11776],[77.73188,13.11525],[77.73615,13.11773]]]},"properties":{"h3":"88618928b7fffff","loss":null,"place":null}},{"type":"Feature","geometry":{"type":"Polygon","coordinates":[[[77.74433,13.10273],[77.74442,13.10772],[77.74024,13.11023],[77.73598,13.10775],[77.73589,13.10276],[77.74007,13.10025],[77.74433,13.10273]]]},"properties":{"h3":"88618928b9fffff","loss":null,"place":null}},{"type":"Feature","geometry":{"type":"Polygon","coordinates":[[[77.73589,13.10276],[77.73598,13.10775],[77.7318,13.11026],[77.72753,13.10778],[77.72745,13.10279],[77.73162,13.10028],[77.73589,13.10276]]]},"properties":{"h3":"88618928bbfffff","loss":null,"place":null}},{"type":"Feature","geometry":{"type":"Polygon","coordinates":[[[77.74868,13.1102],[77.74877,13.1152],[77.74459,13.1177],[77.74033,13.11522],[77.74024,13.11023],[77.74442,13.10772],[77.74868,13.1102]]]},"properties":{"h3":"88618928bdfffff","loss":null,"place":null}},{"type":"Feature","geometry":{"type":"Polygon","coordinates":[[[77.77349,13.08017],[77.77358,13.08516],[77.7694,13.08767],[77.76514,13.08519],[77.76505,13.0802],[77.76923,13.07769],[77.77349,13.08017]]]},"properties":{"h3":"88618928c1fffff","loss":null,"place":null}},{"type":"Feature","geometry":{"type":"Polygon","coordinates":[[[77.76505,13.0802],[77.76514,13.08519],[77.76096,13.0877],[77.75669,13.08522],[77.75661,13.08023],[77.76078,13.07772],[77.76505,13.0802]]]},"properties":{"h3":"88618928c3fffff","loss":null,"place":null}},{"type":"Feature","geometry":{"type":"Polygon","coordinates":[[[77.77785,13.08764],[77.77793,13.09264],[77.77375,13.09515],[77.76949,13.09266],[77.7694,13.08767],[77.77358,13.08516],[77.77785,13.08764]]]},"properties":{"h3":"88618928c5fffff","loss":0.024,"place":null}},{"type":"Feature","geometry":{"type":"Polygon","coordinates":[[[77.7694,13.08767],[77.76949,13.09266],[77.76531,13.09517],[77.76104,13.09269],[77.76096,13.0877],[77.76514,13.08519],[77.7694,13.08767]]]},"properties":{"h3":"88618928c7fffff","loss":0.019,"place":null}},{"type":"Feature","geometry":{"type":"Polygon","coordinates":[[[77.77758,13.07267],[77.77767,13.07766],[77.77349,13.08017],[77.76923,13.07769],[77.76914,13.0727],[77.77332,13.07019],[77.77758,13.07267]]]},"properties":{"h3":"88618928c9fffff","loss":0.037,"place":null}},{"type":"Feature","geometry":{"type":"Polygon","coordinates":[[[77.76914,13.0727],[77.76923,13.07769],[77.76505,13.0802],[77.76078,13.07772],[77.7607,13.07273],[77.76488,13.07022],[77.76914,13.0727]]]},"properties":{"h3":"88618928cbfffff","loss":null,"place":null}},{"type":"Feature","geometry":{"type":"Polygon","coordinates":[[[77.78194,13.08014],[77.78203,13.08513],[77.77785,13.08764],[77.77358,13.08516],[77.77349,13.08017],[77.77767,13.07766],[77.78194,13.08014]]]},"properties":{"h3":"88618928cdfffff","loss":0.017,"place":null}},{"type":"Feature","geometry":{"type":"Polygon","coordinates":[[[77.75225,13.07276],[77.75234,13.07775],[77.74816,13.08026],[77.7439,13.07778],[77.74381,13.07278],[77.74799,13.07027],[77.75225,13.07276]]]},"properties":{"h3":"88618928d1fffff","loss":0.044,"place":null}},{"type":"Feature","geometry":{"type":"Polygon","coordinates":[[[77.74381,13.07278],[77.7439,13.07778],[77.73972,13.08029],[77.73546,13.0778],[77.73537,13.07281],[77.73955,13.0703],[77.74381,13.07278]]]},"properties":{"h3":"88618928d3fffff","loss":0.019,"place":null}},{"type":"Feature","geometry":{"type":"Polygon","coordinates":[[[77.75661,13.08023],[77.75669,13.08522],[77.75251,13.08773],[77.74825,13.08525],[77.74816,13.08026],[77.75234,13.07775],[77.75661,13.08023]]]},"properties":{"h3":"88618928d5fffff","loss":0.026,"place":null}},{"type":"Feature","geometry":{"type":"Polygon","coordinates":[[[77.74816,13.08026],[77.74825,13.08525],[77.74407,13.08776],[77.73981,13.08528],[77.73972,13.08029],[77.7439,13.07778],[77.74816,13.08026]]]},"properties":{"h3":"88618928d7fffff","loss":0.008,"place":null}},{"type":"Feature","geometry":{"type":"Polygon","coordinates":[[[77.75635,13.06525],[77.75643,13.07025],[77.75225,13.07276],[77.74799,13.07027],[77.7479,13.06528],[77.75208,13.06277],[77.75635,13.06525]]]},"properties":{"h3":"88618928d9fffff","loss":0.023,"place":null}},{"type":"Feature","geometry":{"type":"Polygon","coordinates":[[[77.7479,13.06528],[77.74799,13.07027],[77.74381,13.07278],[77.73955,13.0703],[77.73946,13.06531],[77.74364,13.0628],[77.7479,13.06528]]]},"properties":{"h3":"88618928dbfffff","loss":null,"place":null}},{"type":"Feature","geometry":{"type":"Polygon","coordinates":[[[77.7607,13.07273],[77.76078,13.07772],[77.75661,13.08023],[77.75234,13.07775],[77.75225,13.07276],[77.75643,13.07025],[77.7607,13.07273]]]},"properties":{"h3":"88618928ddfffff","loss":0.002,"place":null}},{"type":"Feature","geometry":{"type":"Polygon","coordinates":[[[77.77811,13.10262],[77.77819,13.10761],[77.77402,13.11012],[77.76975,13.10764],[77.76966,13.10265],[77.77384,13.10014],[77.77811,13.10262]]]},"properties":{"h3":"88618928e1fffff","loss":null,"place":null}},{"type":"Feature","geometry":{"type":"Polygon","coordinates":[[[77.76966,13.10265],[77.76975,13.10764],[77.76557,13.11015],[77.7613,13.10767],[77.76122,13.10268],[77.7654,13.10017],[77.76966,13.10265]]]},"properties":{"h3":"88618928e3fffff","loss":null,"place":null}},{"type":"Feature","geometry":{"type":"Polygon","coordinates":[[[77.7822,13.09512],[77.78229,13.10011],[77.77811,13.10262],[77.77384,13.10014],[77.77375,13.09515],[77.77793,13.09264],[77.7822,13.09512]]]},"properties":{"h3":"88618928e9fffff","loss":0.011,"place":null}},{"type":"Feature","geometry":{"type":"Polygon","coordinates":[[[77.77375,13.09515],[77.77384,13.10014],[77.76966,13.10265],[77.7654,13.10017],[77.76531,13.09517],[77.76949,13.09266],[77.77375,13.09515]]]},"properties":{"h3":"88618928ebfffff","loss":null,"place":null}},{"type":"Feature","geometry":{"type":"Polygon","coordinates":[[[77.84464,13.04245],[77.84473,13.04745],[77.84055,13.04996],[77.83628,13.04748],[77.83619,13.04249],[77.84037,13.03997],[77.84464,13.04245]]]},"properties":{"h3":"8861892a01fffff","loss":0.002,"place":null}},{"type":"Feature","geometry":{"type":"Polygon","coordinates":[[[77.83619,13.04249],[77.83628,13.04748],[77.8321,13.05],[77.82783,13.04751],[77.82774,13.04252],[77.83192,13.04001],[77.83619,13.04249]]]},"properties":{"h3":"8861892a03fffff","loss":null,"place":null}},{"type":"Feature","geometry":{"type":"Polygon","coordinates":[[[77.849,13.04993],[77.84909,13.05492],[77.8449,13.05744],[77.84063,13.05496],[77.84055,13.04996],[77.84473,13.04745],[77.849,13.04993]]]},"properties":{"h3":"8861892a05fffff","loss":null,"place":null}},{"type":"Feature","geometry":{"type":"Polygon","coordinates":[[[77.84055,13.04996],[77.84063,13.05496],[77.83645,13.05747],[77.83218,13.05499],[77.8321,13.05],[77.83628,13.04748],[77.84055,13.04996]]]},"properties":{"h3":"8861892a07fffff","loss":0.003,"place":null}},{"type":"Feature","geometry":{"type":"Polygon","coordinates":[[[77.84873,13.03495],[77.84882,13.03994],[77.84464,13.04245],[77.84037,13.03997],[77.84028,13.03498],[77.84446,13.03247],[77.84873,13.03495]]]},"properties":{"h3":"8861892a09fffff","loss":0.008,"place":null}},{"type":"Feature","geometry":{"type":"Polygon","coordinates":[[[77.84028,13.03498],[77.84037,13.03997],[77.83619,13.04249],[77.83192,13.04001],[77.83183,13.03501],[77.83601,13.0325],[77.84028,13.03498]]]},"properties":{"h3":"8861892a0bfffff","loss":0.03,"place":null}},{"type":"Feature","geometry":{"type":"Polygon","coordinates":[[[77.85309,13.04242],[77.85318,13.04742],[77.849,13.04993],[77.84473,13.04745],[77.84464,13.04245],[77.84882,13.03994],[77.85309,13.04242]]]},"properties":{"h3":"8861892a0dfffff","loss":0.013,"place":null}},{"type":"Feature","geometry":{"type":"Polygon","coordinates":[[[77.82338,13.03505],[77.82347,13.04004],[77.81929,13.04255],[77.81502,13.04007],[77.81494,13.03508],[77.81912,13.03257],[77.82338,13.03505]]]},"properties":{"h3":"8861892a11fffff","loss":0.009,"place":null}},{"type":"Feature","geometry":{"type":"Polygon","coordinates":[[[77.81494,13.03508],[77.81502,13.04007],[77.81084,13.04259],[77.80658,13.04011],[77.80649,13.03511],[77.81067,13.0326],[77.81494,13.03508]]]},"properties":{"h3":"8861892a13fffff","loss":0.079,"place":null}},{"type":"Feature","geometry":{"type":"Polygon","coordinates":[[[77.82774,13.04252],[77.82783,13.04751],[77.82365,13.05003],[77.81938,13.04755],[77.81929,13.04255],[77.82347,13.04004],[77.82774,13.04252]]]},"properties":{"h3":"8861892a15fffff","loss":0.025,"place":null}},{"type":"Feature","geometry":{"type":"Polygon","coordinates":[[[77.81929,13.04255],[77.81938,13.04755],[77.8152,13.05006],[77.81093,13.04758],[77.81084,13.04259],[77.81502,13.04007],[77.81929,13.04255]]]},"properties":{"h3":"8861892a17fffff","loss":null,"place":null}},{"type":"Feature","geometry":{"type":"Polygon","coordinates":[[[77.82748,13.02754],[77.82756,13.03253],[77.82338,13.03505],[77.81912,13.03257],[77.81903,13.02757],[77.82321,13.02506],[77.82748,13.02754]]]},"properties":{"h3":"8861892a19fffff","loss":0.032,"place":null}},{"type":"Feature","geometry":{"type":"Polygon","coordinates":[[[77.81903,13.02757],[77.81912,13.03257],[77.81494,13.03508],[77.81067,13.0326],[77.81058,13.02761],[77.81476,13.02509],[77.81903,13.02757]]]},"properties":{"h3":"8861892a1bfffff","loss":0.017,"place":null}},{"type":"Feature","geometry":{"type":"Polygon","coordinates":[[[77.83183,13.03501],[77.83192,13.04001],[77.82774,13.04252],[77.82347,13.04004],[77.82338,13.03505],[77.82756,13.03253],[77.83183,13.03501]]]},"properties":{"h3":"8861892a1dfffff","loss":0.016,"place":null}},{"type":"Feature","geometry":{"type":"Polygon","coordinates":[[[77.84926,13.06491],[77.84935,13.06991],[77.84517,13.07242],[77.8409,13.06994],[77.84081,13.06494],[77.84499,13.06243],[77.84926,13.06491]]]},"properties":{"h3":"8861892a21fffff","loss":0.042,"place":null}},{"type":"Feature","geometry":{"type":"Polygon","coordinates":[[[77.84081,13.06494],[77.8409,13.06994],[77.83672,13.07245],[77.83245,13.06997],[77.83236,13.06498],[77.83654,13.06246],[77.84081,13.06494]]]},"properties":{"h3":"8861892a23fffff","loss":0.033,"place":null}},{"type":"Feature","geometry":{"type":"Polygon","coordinates":[[[77.84517,13.07242],[77.84526,13.07741],[77.84108,13.07993],[77.83681,13.07744],[77.83672,13.07245],[77.8409,13.06994],[77.84517,13.07242]]]},"properties":{"h3":"8861892a27fffff","loss":0.012,"place":null}},{"type":"Feature","geometry":{"type":"Polygon","coordinates":[[[77.85336,13.0574],[77.85344,13.0624],[77.84926,13.06491],[77.84499,13.06243],[77.8449,13.05744],[77.84909,13.05492],[77.85336,13.0574]]]},"properties":{"h3":"8861892a29fffff","loss":0.009,"place":null}},{"type":"Feature","geometry":{"type":"Polygon","coordinates":[[[77.8449,13.05744],[77.84499,13.06243],[77.84081,13.06494],[77.83654,13.06246],[77.83645,13.05747],[77.84063,13.05496],[77.8449,13.05744]]]},"properties":{"h3":"8861892a2bfffff","loss":null,"place":null}},{"type":"Feature","geometry":{"type":"Polygon","coordinates":[[[77.828,13.0575],[77.82809,13.0625],[77.82391,13.06501],[77.81964,13.06253],[77.81956,13.05753],[77.82374,13.05502],[77.828,13.0575]]]},"properties":{"h3":"8861892a31fffff","loss":0.009,"place":null}},{"type":"Feature","geometry":{"type":"Polygon","coordinates":[[[77.81956,13.05753],[77.81964,13.06253],[77.81546,13.06504],[77.8112,13.06256],[77.81111,13.05757],[77.81529,13.05505],[77.81956,13.05753]]]},"properties":{"h3":"8861892a33fffff","loss":null,"place":null}},{"type":"Feature","geometry":{"type":"Polygon","coordinates":[[[77.83236,13.06498],[77.83245,13.06997],[77.82827,13.07248],[77.824,13.07],[77.82391,13.06501],[77.82809,13.0625],[77.83236,13.06498]]]},"properties":{"h3":"8861892a35fffff","loss":0.144,"place":"kolathuru"}},{"type":"Feature","geometry":{"type":"Polygon","coordinates":[[[77.82391,13.06501],[77.824,13.07],[77.81982,13.07251],[77.81555,13.07003],[77.81546,13.06504],[77.81964,13.06253],[77.82391,13.06501]]]},"properties":{"h3":"8861892a37fffff","loss":0.021,"place":null}},{"type":"Feature","geometry":{"type":"Polygon","coordinates":[[[77.8321,13.05],[77.83218,13.05499],[77.828,13.0575],[77.82374,13.05502],[77.82365,13.05003],[77.82783,13.04751],[77.8321,13.05]]]},"properties":{"h3":"8861892a39fffff","loss":null,"place":null}},{"type":"Feature","geometry":{"type":"Polygon","coordinates":[[[77.82365,13.05003],[77.82374,13.05502],[77.81956,13.05753],[77.81529,13.05505],[77.8152,13.05006],[77.81938,13.04755],[77.82365,13.05003]]]},"properties":{"h3":"8861892a3bfffff","loss":null,"place":null}},{"type":"Feature","geometry":{"type":"Polygon","coordinates":[[[77.83645,13.05747],[77.83654,13.06246],[77.83236,13.06498],[77.82809,13.0625],[77.828,13.0575],[77.83218,13.05499],[77.83645,13.05747]]]},"properties":{"h3":"8861892a3dfffff","loss":null,"place":null}},{"type":"Feature","geometry":{"type":"Polygon","coordinates":[[[77.86128,13.0274],[77.86136,13.0324],[77.85718,13.03491],[77.85291,13.03243],[77.85282,13.02744],[77.85701,13.02492],[77.86128,13.0274]]]},"properties":{"h3":"8861892a41fffff","loss":0.027,"place":null}},{"type":"Feature","geometry":{"type":"Polygon","coordinates":[[[77.85282,13.02744],[77.85291,13.03243],[77.84873,13.03495],[77.84446,13.03247],[77.84437,13.02747],[77.84856,13.02496],[77.85282,13.02744]]]},"properties":{"h3":"8861892a43fffff","loss":0.025,"place":null}},{"type":"Feature","geometry":{"type":"Polygon","coordinates":[[[77.86563,13.03488],[77.86572,13.03987],[77.86154,13.04239],[77.85727,13.03991],[77.85718,13.03491],[77.86136,13.0324],[77.86563,13.03488]]]},"properties":{"h3":"8861892a45fffff","loss":0.049,"place":null}},{"type":"Feature","geometry":{"type":"Polygon","coordinates":[[[77.85718,13.03491],[77.85727,13.03991],[77.85309,13.04242],[77.84882,13.03994],[77.84873,13.03495],[77.85291,13.03243],[77.85718,13.03491]]]},"properties":{"h3":"8861892a47fffff","loss":0.048,"place":null}},{"type":"Feature","geometry":{"type":"Polygon","coordinates":[[[77.86537,13.01989],[77.86546,13.02489],[77.86128,13.0274],[77.85701,13.02492],[77.85692,13.01993],[77.8611,13.01741],[77.86537,13.01989]]]},"properties":{"h3":"8861892a49fffff","loss":0.034,"place":null}},{"type":"Feature","geometry":{"type":"Polygon","coordinates":[[[77.85692,13.01993],[77.85701,13.02492],[77.85282,13.02744],[77.84856,13.02496],[77.84847,13.01996],[77.85265,13.01745],[77.85692,13.01993]]]},"properties":{"h3":"8861892a4bfffff","loss":0.055,"place":null}},{"type":"Feature","geometry":{"type":"Polygon","coordinates":[[[77.84002,13.02],[77.84011,13.02499],[77.83593,13.02751],[77.83166,13.02503],[77.83157,13.02003],[77.83575,13.01752],[77.84002,13.02]]]},"properties":{"h3":"8861892a51fffff","loss":0.012,"place":null}},{"type":"Feature","geometry":{"type":"Polygon","coordinates":[[[77.83157,13.02003],[77.83166,13.02503],[77.82748,13.02754],[77.82321,13.02506],[77.82312,13.02007],[77.8273,13.01755],[77.83157,13.02003]]]},"properties":{"h3":"8861892a53fffff","loss":0.045,"place":null}},{"type":"Feature","geometry":{"type":"Polygon","coordinates":[[[77.84437,13.02747],[77.84446,13.03247],[77.84028,13.03498],[77.83601,13.0325],[77.83593,13.02751],[77.84011,13.02499],[77.84437,13.02747]]]},"properties":{"h3":"8861892a55fffff","loss":0.027,"place":null}},{"type":"Feature","geometry":{"type":"Polygon","coordinates":[[[77.83593,13.02751],[77.83601,13.0325],[77.83183,13.03501],[77.82756,13.03253],[77.82748,13.02754],[77.83166,13.02503],[77.83593,13.02751]]]},"properties":{"h3":"8861892a57fffff","loss":0.017,"place":null}},{"type":"Feature","geometry":{"type":"Polygon","coordinates":[[[77.84411,13.01249],[77.8442,13.01748],[77.84002,13.02],[77.83575,13.01752],[77.83566,13.01252],[77.83984,13.01001],[77.84411,13.01249]]]},"properties":{"h3":"8861892a59fffff","loss":null,"place":null}},{"type":"Feature","geometry":{"type":"Polygon","coordinates":[[[77.83566,13.01252],[77.83575,13.01752],[77.83157,13.02003],[77.8273,13.01755],[77.82721,13.01256],[77.83139,13.01004],[77.83566,13.01252]]]},"properties":{"h3":"8861892a5bfffff","loss":null,"place":null}},{"type":"Feature","geometry":{"type":"Polygon","coordinates":[[[77.84847,13.01996],[77.84856,13.02496],[77.84437,13.02747],[77.84011,13.02499],[77.84002,13.02],[77.8442,13.01748],[77.84847,13.01996]]]},"properties":{"h3":"8861892a5dfffff","loss":0.024,"place":null}},{"type":"Feature","geometry":{"type":"Polygon","coordinates":[[[77.85745,13.0499],[77.85754,13.05489],[77.85336,13.0574],[77.84909,13.05492],[77.849,13.04993],[77.85318,13.04742],[77.85745,13.0499]]]},"properties":{"h3":"8861892a63fffff","loss":0.006,"place":null}},{"type":"Feature","geometry":{"type":"Polygon","coordinates":[[[77.86154,13.04239],[77.86163,13.04738],[77.85745,13.0499],[77.85318,13.04742],[77.85309,13.04242],[77.85727,13.03991],[77.86154,13.04239]]]},"properties":{"h3":"8861892a6bfffff","loss":0.007,"place":null}},{"type":"Feature","geometry":{"type":"Polygon","coordinates":[[[77.78551,13.04268],[77.78559,13.04767],[77.78142,13.05019],[77.77715,13.04771],[77.77706,13.04271],[77.78124,13.0402],[77.78551,13.04268]]]},"properties":{"h3":"8861892a81fffff","loss":0.008,"place":null}},{"type":"Feature","geometry":{"type":"Polygon","coordinates":[[[77.77706,13.04271],[77.77715,13.04771],[77.77297,13.05022],[77.76871,13.04774],[77.76862,13.04274],[77.7728,13.04023],[77.77706,13.04271]]]},"properties":{"h3":"8861892a83fffff","loss":0.05,"place":null}},{"type":"Feature","geometry":{"type":"Polygon","coordinates":[[[77.78986,13.05016],[77.78995,13.05515],[77.78577,13.05766],[77.7815,13.05518],[77.78142,13.05019],[77.78559,13.04767],[77.78986,13.05016]]]},"properties":{"h3":"8861892a85fffff","loss":0.039,"place":null}},{"type":"Feature","geometry":{"type":"Polygon","coordinates":[[[77.78142,13.05019],[77.7815,13.05518],[77.77732,13.05769],[77.77306,13.05521],[77.77297,13.05022],[77.77715,13.04771],[77.78142,13.05019]]]},"properties":{"h3":"8861892a87fffff","loss":null,"place":null}},{"type":"Feature","geometry":{"type":"Polygon","coordinates":[[[77.7896,13.03518],[77.78969,13.04017],[77.78551,13.04268],[77.78124,13.0402],[77.78115,13.03521],[77.78533,13.0327],[77.7896,13.03518]]]},"properties":{"h3":"8861892a89fffff","loss":0.059,"place":null}},{"type":"Feature","geometry":{"type":"Polygon","coordinates":[[[77.78115,13.03521],[77.78124,13.0402],[77.77706,13.04271],[77.7728,13.04023],[77.77271,13.03524],[77.77689,13.03273],[77.78115,13.03521]]]},"properties":{"h3":"8861892a8bfffff","loss":0.064,"place":null}},{"type":"Feature","geometry":{"type":"Polygon","coordinates":[[[77.79395,13.04265],[77.79404,13.04764],[77.78986,13.05016],[77.78559,13.04767],[77.78551,13.04268],[77.78969,13.04017],[77.79395,13.04265]]]},"properties":{"h3":"8861892a8dfffff","loss":0.044,"place":null}},{"type":"Feature","geometry":{"type":"Polygon","coordinates":[[[77.76427,13.03527],[77.76435,13.04026],[77.76018,13.04278],[77.75591,13.0403],[77.75582,13.0353],[77.76,13.03279],[77.76427,13.03527]]]},"properties":{"h3":"8861892a91fffff","loss":0.012,"place":null}},{"type":"Feature","geometry":{"type":"Polygon","coordinates":[[[77.75582,13.0353],[77.75591,13.0403],[77.75173,13.04281],[77.74747,13.04033],[77.74738,13.03533],[77.75156,13.03282],[77.75582,13.0353]]]},"properties":{"h3":"8861892a93fffff","loss":0.005,"place":null}},{"type":"Feature","geometry":{"type":"Polygon","coordinates":[[[77.76862,13.04274],[77.76871,13.04774],[77.76453,13.05025],[77.76026,13.04777],[77.76018,13.04278],[77.76435,13.04026],[77.76862,13.04274]]]},"properties":{"h3":"8861892a95fffff","loss":0.013,"place":null}},{"type":"Feature","geometry":{"type":"Polygon","coordinates":[[[77.76018,13.04278],[77.76026,13.04777],[77.75609,13.05028],[77.75182,13.0478],[77.75173,13.04281],[77.75591,13.0403],[77.76018,13.04278]]]},"properties":{"h3":"8861892a97fffff","loss":0.041,"place":null}},{"type":"Feature","geometry":{"type":"Polygon","coordinates":[[[77.76836,13.02777],[77.76845,13.03276],[77.76427,13.03527],[77.76,13.03279],[77.75992,13.0278],[77.76409,13.02529],[77.76836,13.02777]]]},"properties":{"h3":"8861892a99fffff","loss":0.005,"place":null}},{"type":"Feature","geometry":{"type":"Polygon","coordinates":[[[77.75992,13.0278],[77.76,13.03279],[77.75582,13.0353],[77.75156,13.03282],[77.75147,13.02783],[77.75565,13.02532],[77.75992,13.0278]]]},"properties":{"h3":"8861892a9bfffff","loss":null,"place":null}},{"type":"Feature","geometry":{"type":"Polygon","coordinates":[[[77.77271,13.03524],[77.7728,13.04023],[77.76862,13.04274],[77.76435,13.04026],[77.76427,13.03527],[77.76845,13.03276],[77.77271,13.03524]]]},"properties":{"h3":"8861892a9dfffff","loss":0.015,"place":null}},{"type":"Feature","geometry":{"type":"Polygon","coordinates":[[[77.79012,13.06513],[77.79021,13.07013],[77.78603,13.07264],[77.78176,13.07016],[77.78168,13.06516],[77.78586,13.06265],[77.79012,13.06513]]]},"properties":{"h3":"8861892aa1fffff","loss":0.01,"place":null}},{"type":"Feature","geometry":{"type":"Polygon","coordinates":[[[77.78168,13.06516],[77.78176,13.07016],[77.77758,13.07267],[77.77332,13.07019],[77.77323,13.06519],[77.77741,13.06268],[77.78168,13.06516]]]},"properties":{"h3":"8861892aa3fffff","loss":0.027,"place":null}},{"type":"Feature","geometry":{"type":"Polygon","coordinates":[[[77.79448,13.07261],[77.79456,13.0776],[77.79038,13.08011],[77.78612,13.07763],[77.78603,13.07264],[77.79021,13.07013],[77.79448,13.07261]]]},"properties":{"h3":"8861892aa5fffff","loss":0.022,"place":null}},{"type":"Feature","geometry":{"type":"Polygon","coordinates":[[[77.78603,13.07264],[77.78612,13.07763],[77.78194,13.08014],[77.77767,13.07766],[77.77758,13.07267],[77.78176,13.07016],[77.78603,13.07264]]]},"properties":{"h3":"8861892aa7fffff","loss":0.038,"place":null}},{"type":"Feature","geometry":{"type":"Polygon","coordinates":[[[77.79421,13.05763],[77.7943,13.06262],[77.79012,13.06513],[77.78586,13.06265],[77.78577,13.05766],[77.78995,13.05515],[77.79421,13.05763]]]},"properties":{"h3":"8861892aa9fffff","loss":0.014,"place":null}},{"type":"Feature","geometry":{"type":"Polygon","coordinates":[[[77.78577,13.05766],[77.78586,13.06265],[77.78168,13.06516],[77.77741,13.06268],[77.77732,13.05769],[77.7815,13.05518],[77.78577,13.05766]]]},"properties":{"h3":"8861892aabfffff","loss":0.047,"place":null}},{"type":"Feature","geometry":{"type":"Polygon","coordinates":[[[77.79857,13.0651],[77.79866,13.0701],[77.79448,13.07261],[77.79021,13.07013],[77.79012,13.06513],[77.7943,13.06262],[77.79857,13.0651]]]},"properties":{"h3":"8861892aadfffff","loss":0.031,"place":null}},{"type":"Feature","geometry":{"type":"Polygon","coordinates":[[[77.76888,13.05772],[77.76897,13.06271],[77.76479,13.06522],[77.76052,13.06274],[77.76044,13.05775],[77.76461,13.05524],[77.76888,13.05772]]]},"properties":{"h3":"8861892ab1fffff","loss":0.044,"place":null}},{"type":"Feature","geometry":{"type":"Polygon","coordinates":[[[77.76044,13.05775],[77.76052,13.06274],[77.75635,13.06525],[77.75208,13.06277],[77.75199,13.05778],[77.75617,13.05527],[77.76044,13.05775]]]},"properties":{"h3":"8861892ab3fffff","loss":0.029,"place":null}},{"type":"Feature","geometry":{"type":"Polygon","coordinates":[[[77.77323,13.06519],[77.77332,13.07019],[77.76914,13.0727],[77.76488,13.07022],[77.76479,13.06522],[77.76897,13.06271],[77.77323,13.06519]]]},"properties":{"h3":"8861892ab5fffff","loss":null,"place":null}},{"type":"Feature","geometry":{"type":"Polygon","coordinates":[[[77.76479,13.06522],[77.76488,13.07022],[77.7607,13.07273],[77.75643,13.07025],[77.75635,13.06525],[77.76052,13.06274],[77.76479,13.06522]]]},"properties":{"h3":"8861892ab7fffff","loss":0.055,"place":null}},{"type":"Feature","geometry":{"type":"Polygon","coordinates":[[[77.77297,13.05022],[77.77306,13.05521],[77.76888,13.05772],[77.76461,13.05524],[77.76453,13.05025],[77.76871,13.04774],[77.77297,13.05022]]]},"properties":{"h3":"8861892ab9fffff","loss":0.066,"place":null}},{"type":"Feature","geometry":{"type":"Polygon","coordinates":[[[77.76453,13.05025],[77.76461,13.05524],[77.76044,13.05775],[77.75617,13.05527],[77.75609,13.05028],[77.76026,13.04777],[77.76453,13.05025]]]},"properties":{"h3":"8861892abbfffff","loss":0.017,"place":null}},{"type":"Feature","geometry":{"type":"Polygon","coordinates":[[[77.77732,13.05769],[77.77741,13.06268],[77.77323,13.06519],[77.76897,13.06271],[77.76888,13.05772],[77.77306,13.05521],[77.77732,13.05769]]]},"properties":{"h3":"8861892abdfffff","loss":0.093,"place":null}},{"type":"Feature","geometry":{"type":"Polygon","coordinates":[[[77.80214,13.02764],[77.80222,13.03263],[77.79804,13.03515],[77.79378,13.03266],[77.79369,13.02767],[77.79787,13.02516],[77.80214,13.02764]]]},"properties":{"h3":"8861892ac1fffff","loss":0.021,"place":null}},{"type":"Feature","geometry":{"type":"Polygon","coordinates":[[[77.79369,13.02767],[77.79378,13.03266],[77.7896,13.03518],[77.78533,13.0327],[77.78525,13.0277],[77.78942,13.02519],[77.79369,13.02767]]]},"properties":{"h3":"8861892ac3fffff","loss":0.066,"place":null}},{"type":"Feature","geometry":{"type":"Polygon","coordinates":[[[77.80649,13.03511],[77.80658,13.04011],[77.8024,13.04262],[77.79813,13.04014],[77.79804,13.03515],[77.80222,13.03263],[77.80649,13.03511]]]},"properties":{"h3":"8861892ac5fffff","loss":null,"place":null}},{"type":"Feature","geometry":{"type":"Polygon","coordinates":[[[77.79804,13.03515],[77.79813,13.04014],[77.79395,13.04265],[77.78969,13.04017],[77.7896,13.03518],[77.79378,13.03266],[77.79804,13.03515]]]},"properties":{"h3":"8861892ac7fffff","loss":0.009,"place":null}},{"type":"Feature","geometry":{"type":"Polygon","coordinates":[[[77.80623,13.02013],[77.80631,13.02513],[77.80214,13.02764],[77.79787,13.02516],[77.79778,13.02017],[77.80196,13.01765],[77.80623,13.02013]]]},"properties":{"h3":"8861892ac9fffff","loss":0.009,"place":null}},{"type":"Feature","geometry":{"type":"Polygon","coordinates":[[[77.79778,13.02017],[77.79787,13.02516],[77.79369,13.02767],[77.78942,13.02519],[77.78934,13.0202],[77.79352,13.01769],[77.79778,13.02017]]]},"properties":{"h3":"8861892acbfffff","loss":0.054,"place":null}},{"type":"Feature","geometry":{"type":"Polygon","coordinates":[[[77.81058,13.02761],[77.81067,13.0326],[77.80649,13.03511],[77.80222,13.03263],[77.80214,13.02764],[77.80631,13.02513],[77.81058,13.02761]]]},"properties":{"h3":"8861892acdfffff","loss":0.021,"place":null}},{"type":"Feature","geometry":{"type":"Polygon","coordinates":[[[77.78089,13.02023],[77.78098,13.02522],[77.7768,13.02774],[77.77254,13.02526],[77.77245,13.02026],[77.77663,13.01775],[77.78089,13.02023]]]},"properties":{"h3":"8861892ad1fffff","loss":0.032,"place":null}},{"type":"Feature","geometry":{"type":"Polygon","coordinates":[[[77.77245,13.02026],[77.77254,13.02526],[77.76836,13.02777],[77.76409,13.02529],[77.76401,13.0203],[77.76818,13.01778],[77.77245,13.02026]]]},"properties":{"h3":"8861892ad3fffff","loss":0.005,"place":null}},{"type":"Feature","geometry":{"type":"Polygon","coordinates":[[[77.78525,13.0277],[77.78533,13.0327],[77.78115,13.03521],[77.77689,13.03273],[77.7768,13.02774],[77.78098,13.02522],[77.78525,13.0277]]]},"properties":{"h3":"8861892ad5fffff","loss":0.043,"place":null}},{"type":"Feature","geometry":{"type":"Polygon","coordinates":[[[77.7768,13.02774],[77.77689,13.03273],[77.77271,13.03524],[77.76845,13.03276],[77.76836,13.02777],[77.77254,13.02526],[77.7768,13.02774]]]},"properties":{"h3":"8861892ad7fffff","loss":0.04,"place":null}},{"type":"Feature","geometry":{"type":"Polygon","coordinates":[[[77.78498,13.01273],[77.78507,13.01772],[77.78089,13.02023],[77.77663,13.01775],[77.77654,13.01276],[77.78072,13.01025],[77.78498,13.01273]]]},"properties":{"h3":"8861892ad9fffff","loss":0.067,"place":null}},{"type":"Feature","geometry":{"type":"Polygon","coordinates":[[[77.77654,13.01276],[77.77663,13.01775],[77.77245,13.02026],[77.76818,13.01778],[77.7681,13.01279],[77.77228,13.01028],[77.77654,13.01276]]]},"properties":{"h3":"8861892adbfffff","loss":0.047,"place":null}},{"type":"Feature","geometry":{"type":"Polygon","coordinates":[[[77.78934,13.0202],[77.78942,13.02519],[77.78525,13.0277],[77.78098,13.02522],[77.78089,13.02023],[77.78507,13.01772],[77.78934,13.0202]]]},"properties":{"h3":"8861892addfffff","loss":0.108,"place":"bhaktarahalli"}},{"type":"Feature","geometry":{"type":"Polygon","coordinates":[[[77.80675,13.05009],[77.80684,13.05509],[77.80266,13.0576],[77.79839,13.05512],[77.79831,13.05012],[77.80249,13.04761],[77.80675,13.05009]]]},"properties":{"h3":"8861892ae1fffff","loss":null,"place":null}},{"type":"Feature","geometry":{"type":"Polygon","coordinates":[[[77.79831,13.05012],[77.79839,13.05512],[77.79421,13.05763],[77.78995,13.05515],[77.78986,13.05016],[77.79404,13.04764],[77.79831,13.05012]]]},"properties":{"h3":"8861892ae3fffff","loss":0.015,"place":null}},{"type":"Feature","geometry":{"type":"Polygon","coordinates":[[[77.81111,13.05757],[77.8112,13.06256],[77.80702,13.06507],[77.80275,13.06259],[77.80266,13.0576],[77.80684,13.05509],[77.81111,13.05757]]]},"properties":{"h3":"8861892ae5fffff","loss":null,"place":null}},{"type":"Feature","geometry":{"type":"Polygon","coordinates":[[[77.80266,13.0576],[77.80275,13.06259],[77.79857,13.0651],[77.7943,13.06262],[77.79421,13.05763],[77.79839,13.05512],[77.80266,13.0576]]]},"properties":{"h3":"8861892ae7fffff","loss":null,"place":null}},{"type":"Feature","geometry":{"type":"Polygon","coordinates":[[[77.81084,13.04259],[77.81093,13.04758],[77.80675,13.05009],[77.80249,13.04761],[77.8024,13.04262],[77.80658,13.04011],[77.81084,13.04259]]]},"properties":{"h3":"8861892ae9fffff","loss":0.015,"place":null}},{"type":"Feature","geometry":{"type":"Polygon","coordinates":[[[77.8024,13.04262],[77.80249,13.04761],[77.79831,13.05012],[77.79404,13.04764],[77.79395,13.04265],[77.79813,13.04014],[77.8024,13.04262]]]},"properties":{"h3":"8861892aebfffff","loss":0.041,"place":null}},{"type":"Feature","geometry":{"type":"Polygon","coordinates":[[[77.8152,13.05006],[77.81529,13.05505],[77.81111,13.05757],[77.80684,13.05509],[77.80675,13.05009],[77.81093,13.04758],[77.8152,13.05006]]]},"properties":{"h3":"8861892aedfffff","loss":null,"place":null}},{"type":"Feature","geometry":{"type":"Polygon","coordinates":[[[77.66736,13.0431],[77.66744,13.04809],[77.66327,13.05059],[77.65901,13.04811],[77.65892,13.04312],[77.6631,13.04062],[77.66736,13.0431]]]},"properties":{"h3":"8861892c01fffff","loss":0.016,"place":null}},{"type":"Feature","geometry":{"type":"Polygon","coordinates":[[[77.65892,13.04312],[77.65901,13.04811],[77.65484,13.05062],[77.65058,13.04814],[77.65049,13.04315],[77.65467,13.04064],[77.65892,13.04312]]]},"properties":{"h3":"8861892c03fffff","loss":null,"place":null}},{"type":"Feature","geometry":{"type":"Polygon","coordinates":[[[77.6717,13.05057],[77.67179,13.05556],[77.66761,13.05807],[77.66335,13.05558],[77.66327,13.05059],[77.66744,13.04809],[77.6717,13.05057]]]},"properties":{"h3":"8861892c05fffff","loss":0.024,"place":null}},{"type":"Feature","geometry":{"type":"Polygon","coordinates":[[[77.66327,13.05059],[77.66335,13.05558],[77.65918,13.05809],[77.65492,13.05561],[77.65484,13.05062],[77.65901,13.04811],[77.66327,13.05059]]]},"properties":{"h3":"8861892c07fffff","loss":0.012,"place":null}},{"type":"Feature","geometry":{"type":"Polygon","coordinates":[[[77.67145,13.0356],[77.67153,13.04059],[77.66736,13.0431],[77.6631,13.04062],[77.66301,13.03563],[77.66719,13.03312],[77.67145,13.0356]]]},"properties":{"h3":"8861892c09fffff","loss":0.043,"place":null}},{"type":"Feature","geometry":{"type":"Polygon","coordinates":[[[77.66301,13.03563],[77.6631,13.04062],[77.65892,13.04312],[77.65467,13.04064],[77.65458,13.03566],[77.65875,13.03315],[77.66301,13.03563]]]},"properties":{"h3":"8861892c0bfffff","loss":0.024,"place":null}},{"type":"Feature","geometry":{"type":"Polygon","coordinates":[[[77.67579,13.04307],[77.67588,13.04806],[77.6717,13.05057],[77.66744,13.04809],[77.66736,13.0431],[77.67153,13.04059],[77.67579,13.04307]]]},"properties":{"h3":"8861892c0dfffff","loss":0.052,"place":null}},{"type":"Feature","geometry":{"type":"Polygon","coordinates":[[[77.64615,13.03568],[77.64623,13.04067],[77.64206,13.04318],[77.6378,13.0407],[77.63772,13.03571],[77.64189,13.0332],[77.64615,13.03568]]]},"properties":{"h3":"8861892c11fffff","loss":0.006,"place":null}},{"type":"Feature","geometry":{"type":"Polygon","coordinates":[[[77.63772,13.03571],[77.6378,13.0407],[77.63363,13.04321],[77.62937,13.04073],[77.62929,13.03574],[77.63346,13.03323],[77.63772,13.03571]]]},"properties":{"h3":"8861892c13fffff","loss":null,"place":null}},{"type":"Feature","geometry":{"type":"Polygon","coordinates":[[[77.65049,13.04315],[77.65058,13.04814],[77.6464,13.05065],[77.64215,13.04817],[77.64206,13.04318],[77.64623,13.04067],[77.65049,13.04315]]]},"properties":{"h3":"8861892c15fffff","loss":null,"place":null}},{"type":"Feature","geometry":{"type":"Polygon","coordinates":[[[77.64206,13.04318],[77.64215,13.04817],[77.63797,13.05068],[77.63371,13.04819],[77.63363,13.04321],[77.6378,13.0407],[77.64206,13.04318]]]},"properties":{"h3":"8861892c17fffff","loss":0.013,"place":null}},{"type":"Feature","geometry":{"type":"Polygon","coordinates":[[[77.65024,13.02819],[77.65032,13.03317],[77.64615,13.03568],[77.64189,13.0332],[77.64181,13.02821],[77.64598,13.0257],[77.65024,13.02819]]]},"properties":{"h3":"8861892c19fffff","loss":null,"place":null}},{"type":"Feature","geometry":{"type":"Polygon","coordinates":[[[77.64181,13.02821],[77.64189,13.0332],[77.63772,13.03571],[77.63346,13.03323],[77.63338,13.02824],[77.63755,13.02573],[77.64181,13.02821]]]},"properties":{"h3":"8861892c1bfffff","loss":null,"place":null}},{"type":"Feature","geometry":{"type":"Polygon","coordinates":[[[77.65458,13.03566],[77.65467,13.04064],[77.65049,13.04315],[77.64623,13.04067],[77.64615,13.03568],[77.65032,13.03317],[77.65458,13.03566]]]},"properties":{"h3":"8861892c1dfffff","loss":0.007,"place":null}},{"type":"Feature","geometry":{"type":"Polygon","coordinates":[[[77.67196,13.06554],[77.67204,13.07052],[77.66787,13.07303],[77.66361,13.07055],[77.66352,13.06556],[77.6677,13.06305],[77.67196,13.06554]]]},"properties":{"h3":"8861892c21fffff","loss":null,"place":null}},{"type":"Feature","geometry":{"type":"Polygon","coordinates":[[[77.66352,13.06556],[77.66361,13.07055],[77.65943,13.07306],[77.65518,13.07058],[77.65509,13.06559],[77.65926,13.06308],[77.66352,13.06556]]]},"properties":{"h3":"8861892c23fffff","loss":null,"place":null}},{"type":"Feature","geometry":{"type":"Polygon","coordinates":[[[77.6763,13.07301],[77.67639,13.078],[77.67221,13.0805],[77.66795,13.07802],[77.66787,13.07303],[77.67204,13.07052],[77.6763,13.07301]]]},"properties":{"h3":"8861892c25fffff","loss":0.032,"place":null}},{"type":"Feature","geometry":{"type":"Polygon","coordinates":[[[77.66787,13.07303],[77.66795,13.07802],[77.66378,13.08053],[77.65952,13.07805],[77.65943,13.07306],[77.66361,13.07055],[77.66787,13.07303]]]},"properties":{"h3":"8861892c27fffff","loss":null,"place":null}},{"type":"Feature","geometry":{"type":"Polygon","coordinates":[[[77.67605,13.05804],[77.67613,13.06303],[77.67196,13.06554],[77.6677,13.06305],[77.66761,13.05807],[77.67179,13.05556],[77.67605,13.05804]]]},"properties":{"h3":"8861892c29fffff","loss":null,"place":null}},{"type":"Feature","geometry":{"type":"Polygon","coordinates":[[[77.66761,13.05807],[77.6677,13.06305],[77.66352,13.06556],[77.65926,13.06308],[77.65918,13.05809],[77.66335,13.05558],[77.66761,13.05807]]]},"properties":{"h3":"8861892c2bfffff","loss":null,"place":null}},{"type":"Feature","geometry":{"type":"Polygon","coordinates":[[[77.68039,13.06551],[77.68048,13.0705],[77.6763,13.07301],[77.67204,13.07052],[77.67196,13.06554],[77.67613,13.06303],[77.68039,13.06551]]]},"properties":{"h3":"8861892c2dfffff","loss":null,"place":null}},{"type":"Feature","geometry":{"type":"Polygon","coordinates":[[[77.65075,13.05812],[77.65083,13.06311],[77.64666,13.06561],[77.6424,13.06313],[77.64231,13.05814],[77.64649,13.05564],[77.65075,13.05812]]]},"properties":{"h3":"8861892c31fffff","loss":0.019,"place":null}},{"type":"Feature","geometry":{"type":"Polygon","coordinates":[[[77.64231,13.05814],[77.6424,13.06313],[77.63823,13.06564],[77.63397,13.06316],[77.63388,13.05817],[77.63806,13.05566],[77.64231,13.05814]]]},"properties":{"h3":"8861892c33fffff","loss":null,"place":null}},{"type":"Feature","geometry":{"type":"Polygon","coordinates":[[[77.65509,13.06559],[77.65518,13.07058],[77.651,13.07308],[77.64674,13.0706],[77.64666,13.06561],[77.65083,13.06311],[77.65509,13.06559]]]},"properties":{"h3":"8861892c35fffff","loss":0.005,"place":null}},{"type":"Feature","geometry":{"type":"Polygon","coordinates":[[[77.64666,13.06561],[77.64674,13.0706],[77.64257,13.07311],[77.63831,13.07063],[77.63823,13.06564],[77.6424,13.06313],[77.64666,13.06561]]]},"properties":{"h3":"8861892c37fffff","loss":null,"place":null}},{"type":"Feature","geometry":{"type":"Polygon","coordinates":[[[77.65484,13.05062],[77.65492,13.05561],[77.65075,13.05812],[77.64649,13.05564],[77.6464,13.05065],[77.65058,13.04814],[77.65484,13.05062]]]},"properties":{"h3":"8861892c39fffff","loss":0.022,"place":null}},{"type":"Feature","geometry":{"type":"Polygon","coordinates":[[[77.6464,13.05065],[77.64649,13.05564],[77.64231,13.05814],[77.63806,13.05566],[77.63797,13.05068],[77.64215,13.04817],[77.6464,13.05065]]]},"properties":{"h3":"8861892c3bfffff","loss":null,"place":null}},{"type":"Feature","geometry":{"type":"Polygon","coordinates":[[[77.65918,13.05809],[77.65926,13.06308],[77.65509,13.06559],[77.65083,13.06311],[77.65075,13.05812],[77.65492,13.05561],[77.65918,13.05809]]]},"properties":{"h3":"8861892c3dfffff","loss":null,"place":null}},{"type":"Feature","geometry":{"type":"Polygon","coordinates":[[[77.68397,13.02807],[77.68406,13.03306],[77.67988,13.03557],[77.67562,13.03309],[77.67554,13.0281],[77.67971,13.02559],[77.68397,13.02807]]]},"properties":{"h3":"8861892c41fffff","loss":0.035,"place":null}},{"type":"Feature","geometry":{"type":"Polygon","coordinates":[[[77.67554,13.0281],[77.67562,13.03309],[77.67145,13.0356],[77.66719,13.03312],[77.6671,13.02813],[77.67128,13.02562],[77.67554,13.0281]]]},"properties":{"h3":"8861892c43fffff","loss":0.021,"place":null}},{"type":"Feature","geometry":{"type":"Polygon","coordinates":[[[77.68832,13.03554],[77.6884,13.04053],[77.68423,13.04304],[77.67997,13.04056],[77.67988,13.03557],[77.68406,13.03306],[77.68832,13.03554]]]},"properties":{"h3":"8861892c45fffff","loss":0.04,"place":null}},{"type":"Feature","geometry":{"type":"Polygon","coordinates":[[[77.67988,13.03557],[77.67997,13.04056],[77.67579,13.04307],[77.67153,13.04059],[77.67145,13.0356],[77.67562,13.03309],[77.67988,13.03557]]]},"properties":{"h3":"8861892c47fffff","loss":0.041,"place":null}},{"type":"Feature","geometry":{"type":"Polygon","coordinates":[[[77.68806,13.02057],[77.68815,13.02556],[77.68397,13.02807],[77.67971,13.02559],[77.67963,13.0206],[77.6838,13.01809],[77.68806,13.02057]]]},"properties":{"h3":"8861892c49fffff","loss":0.025,"place":null}},{"type":"Feature","geometry":{"type":"Polygon","coordinates":[[[77.67963,13.0206],[77.67971,13.02559],[77.67554,13.0281],[77.67128,13.02562],[77.67119,13.02063],[77.67537,13.01812],[77.67963,13.0206]]]},"properties":{"h3":"8861892c4bfffff","loss":0.032,"place":null}},{"type":"Feature","geometry":{"type":"Polygon","coordinates":[[[77.69241,13.02804],[77.69249,13.03303],[77.68832,13.03554],[77.68406,13.03306],[77.68397,13.02807],[77.68815,13.02556],[77.69241,13.02804]]]},"properties":{"h3":"8861892c4dfffff","loss":0.039,"place":null}},{"type":"Feature","geometry":{"type":"Polygon","coordinates":[[[77.66276,13.02066],[77.66284,13.02565],[77.65867,13.02816],[77.65441,13.02568],[77.65433,13.02069],[77.6585,13.01818],[77.66276,13.02066]]]},"properties":{"h3":"8861892c51fffff","loss":0.025,"place":null}},{"type":"Feature","geometry":{"type":"Polygon","coordinates":[[[77.65433,13.02069],[77.65441,13.02568],[77.65024,13.02819],[77.64598,13.0257],[77.64589,13.02072],[77.65007,13.01821],[77.65433,13.02069]]]},"properties":{"h3":"8861892c53fffff","loss":null,"place":null}},{"type":"Feature","geometry":{"type":"Polygon","coordinates":[[[77.6671,13.02813],[77.66719,13.03312],[77.66301,13.03563],[77.65875,13.03315],[77.65867,13.02816],[77.66284,13.02565],[77.6671,13.02813]]]},"properties":{"h3":"8861892c55fffff","loss":null,"place":null}},{"type":"Feature","geometry":{"type":"Polygon","coordinates":[[[77.65867,13.02816],[77.65875,13.03315],[77.65458,13.03566],[77.65032,13.03317],[77.65024,13.02819],[77.65441,13.02568],[77.65867,13.02816]]]},"properties":{"h3":"8861892c57fffff","loss":0.013,"place":null}},{"type":"Feature","geometry":{"type":"Polygon","coordinates":[[[77.66685,13.01316],[77.66693,13.01815],[77.66276,13.02066],[77.6585,13.01818],[77.65841,13.01319],[77.66259,13.01068],[77.66685,13.01316]]]},"properties":{"h3":"8861892c59fffff","loss":0.025,"place":null}},{"type":"Feature","geometry":{"type":"Polygon","coordinates":[[[77.65841,13.01319],[77.6585,13.01818],[77.65433,13.02069],[77.65007,13.01821],[77.64998,13.01322],[77.65416,13.01071],[77.65841,13.01319]]]},"properties":{"h3":"8861892c5bfffff","loss":0.01,"place":null}},{"type":"Feature","geometry":{"type":"Polygon","coordinates":[[[77.67119,13.02063],[77.67128,13.02562],[77.6671,13.02813],[77.66284,13.02565],[77.66276,13.02066],[77.66693,13.01815],[77.67119,13.02063]]]},"properties":{"h3":"8861892c5dfffff","loss":0.063,"place":null}},{"type":"Feature","geometry":{"type":"Polygon","coordinates":[[[77.68857,13.05051],[77.68866,13.0555],[77.68448,13.05801],[77.68022,13.05553],[77.68014,13.05054],[77.68431,13.04803],[77.68857,13.05051]]]},"properties":{"h3":"8861892c61fffff","loss":0.18,"place":"ramapura"}},{"type":"Feature","geometry":{"type":"Polygon","coordinates":[[[77.68014,13.05054],[77.68022,13.05553],[77.67605,13.05804],[77.67179,13.05556],[77.6717,13.05057],[77.67588,13.04806],[77.68014,13.05054]]]},"properties":{"h3":"8861892c63fffff","loss":0.06,"place":null}},{"type":"Feature","geometry":{"type":"Polygon","coordinates":[[[77.69292,13.05798],[77.693,13.06297],[77.68883,13.06548],[77.68457,13.063],[77.68448,13.05801],[77.68866,13.0555],[77.69292,13.05798]]]},"properties":{"h3":"8861892c65fffff","loss":0.004,"place":null}},{"type":"Feature","geometry":{"type":"Polygon","coordinates":[[[77.68448,13.05801],[77.68457,13.063],[77.68039,13.06551],[77.67613,13.06303],[77.67605,13.05804],[77.68022,13.05553],[77.68448,13.05801]]]},"properties":{"h3":"8861892c67fffff","loss":null,"place":null}},{"type":"Feature","geometry":{"type":"Polygon","coordinates":[[[77.69266,13.04301],[77.69275,13.048],[77.68857,13.05051],[77.68431,13.04803],[77.68423,13.04304],[77.6884,13.04053],[77.69266,13.04301]]]},"properties":{"h3":"8861892c69fffff","loss":0.221,"place":null}},{"type":"Feature","geometry":{"type":"Polygon","coordinates":[[[77.68423,13.04304],[77.68431,13.04803],[77.68014,13.05054],[77.67588,13.04806],[77.67579,13.04307],[77.67997,13.04056],[77.68423,13.04304]]]},"properties":{"h3":"8861892c6bfffff","loss":0.076,"place":null}},{"type":"Feature","geometry":{"type":"Polygon","coordinates":[[[77.69701,13.05048],[77.69709,13.05547],[77.69292,13.05798],[77.68866,13.0555],[77.68857,13.05051],[77.69275,13.048],[77.69701,13.05048]]]},"properties":{"h3":"8861892c6dfffff","loss":0.058,"place":null}},{"type":"Feature","geometry":{"type":"Polygon","coordinates":[[[77.60834,13.04328],[77.60843,13.04827],[77.60425,13.05078],[77.6,13.0483],[77.59991,13.04331],[77.60409,13.0408],[77.60834,13.04328]]]},"properties":{"h3":"8861892c81fffff","loss":null,"place":null}},{"type":"Feature","geometry":{"type":"Polygon","coordinates":[[[77.59991,13.04331],[77.6,13.0483],[77.59583,13.0508],[77.59157,13.04832],[77.59149,13.04334],[77.59566,13.04083],[77.59991,13.04331]]]},"properties":{"h3":"8861892c83fffff","loss":null,"place":null}},{"type":"Feature","geometry":{"type":"Polygon","coordinates":[[[77.61268,13.05075],[77.61277,13.05574],[77.60859,13.05825],[77.60434,13.05577],[77.60425,13.05078],[77.60843,13.04827],[77.61268,13.05075]]]},"properties":{"h3":"8861892c85fffff","loss":0.012,"place":null}},{"type":"Feature","geometry":{"type":"Polygon","coordinates":[[[77.60425,13.05078],[77.60434,13.05577],[77.60017,13.05827],[77.59591,13.05579],[77.59583,13.0508],[77.6,13.0483],[77.60425,13.05078]]]},"properties":{"h3":"8861892c87fffff","loss":0.028,"place":null}},{"type":"Feature","geometry":{"type":"Polygon","coordinates":[[[77.61243,13.03579],[77.61251,13.04078],[77.60834,13.04328],[77.60409,13.0408],[77.604,13.03582],[77.60817,13.03331],[77.61243,13.03579]]]},"properties":{"h3":"8861892c89fffff","loss":null,"place":null}},{"type":"Feature","geometry":{"type":"Polygon","coordinates":[[[77.604,13.03582],[77.60409,13.0408],[77.59991,13.04331],[77.59566,13.04083],[77.59557,13.03584],[77.59975,13.03334],[77.604,13.03582]]]},"properties":{"h3":"8861892c8bfffff","loss":0.009,"place":null}},{"type":"Feature","geometry":{"type":"Polygon","coordinates":[[[77.61677,13.04326],[77.61685,13.04825],[77.61268,13.05075],[77.60843,13.04827],[77.60834,13.04328],[77.61251,13.04078],[77.61677,13.04326]]]},"properties":{"h3":"8861892c8dfffff","loss":0.022,"place":null}},{"type":"Feature","geometry":{"type":"Polygon","coordinates":[[[77.58715,13.03587],[77.58723,13.04085],[77.58306,13.04336],[77.57881,13.04088],[77.57872,13.03589],[77.58289,13.03339],[77.58715,13.03587]]]},"properties":{"h3":"8861892c91fffff","loss":null,"place":null}},{"type":"Feature","geometry":{"type":"Polygon","coordinates":[[[77.57872,13.03589],[77.57881,13.04088],[77.57464,13.04339],[77.57038,13.0409],[77.5703,13.03592],[77.57447,13.03341],[77.57872,13.03589]]]},"properties":{"h3":"8861892c93fffff","loss":0.008,"place":null}},{"type":"Feature","geometry":{"type":"Polygon","coordinates":[[[77.59149,13.04334],[77.59157,13.04832],[77.5874,13.05083],[77.58314,13.04835],[77.58306,13.04336],[77.58723,13.04085],[77.59149,13.04334]]]},"properties":{"h3":"8861892c95fffff","loss":null,"place":null}},{"type":"Feature","geometry":{"type":"Polygon","coordinates":[[[77.58306,13.04336],[77.58314,13.04835],[77.57897,13.05085],[77.57472,13.04837],[77.57464,13.04339],[77.57881,13.04088],[77.58306,13.04336]]]},"properties":{"h3":"8861892c97fffff","loss":null,"place":null}},{"type":"Feature","geometry":{"type":"Polygon","coordinates":[[[77.59124,13.02837],[77.59132,13.03336],[77.58715,13.03587],[77.58289,13.03339],[77.58281,13.0284],[77.58698,13.02589],[77.59124,13.02837]]]},"properties":{"h3":"8861892c99fffff","loss":null,"place":null}},{"type":"Feature","geometry":{"type":"Polygon","coordinates":[[[77.58281,13.0284],[77.58289,13.03339],[77.57872,13.03589],[77.57447,13.03341],[77.57439,13.02842],[77.57856,13.02592],[77.58281,13.0284]]]},"properties":{"h3":"8861892c9bfffff","loss":null,"place":null}},{"type":"Feature","geometry":{"type":"Polygon","coordinates":[[[77.59557,13.03584],[77.59566,13.04083],[77.59149,13.04334],[77.58723,13.04085],[77.58715,13.03587],[77.59132,13.03336],[77.59557,13.03584]]]},"properties":{"h3":"8861892c9dfffff","loss":0.03,"place":null}},{"type":"Feature","geometry":{"type":"Polygon","coordinates":[[[77.61294,13.06572],[77.61302,13.0707],[77.60885,13.07321],[77.60459,13.07073],[77.60451,13.06574],[77.60868,13.06324],[77.61294,13.06572]]]},"properties":{"h3":"8861892ca1fffff","loss":null,"place":null}},{"type":"Feature","geometry":{"type":"Polygon","coordinates":[[[77.60451,13.06574],[77.60459,13.07073],[77.60042,13.07323],[77.59616,13.07075],[77.59608,13.06577],[77.60025,13.06326],[77.60451,13.06574]]]},"properties":{"h3":"8861892ca3fffff","loss":0.01,"place":null}},{"type":"Feature","geometry":{"type":"Polygon","coordinates":[[[77.61728,13.07319],[77.61736,13.07817],[77.61319,13.08068],[77.60893,13.0782],[77.60885,13.07321],[77.61302,13.0707],[77.61728,13.07319]]]},"properties":{"h3":"8861892ca5fffff","loss":null,"place":null}},{"type":"Feature","geometry":{"type":"Polygon","coordinates":[[[77.60885,13.07321],[77.60893,13.0782],[77.60476,13.0807],[77.6005,13.07822],[77.60042,13.07323],[77.60459,13.07073],[77.60885,13.07321]]]},"properties":{"h3":"8861892ca7fffff","loss":null,"place":null}},{"type":"Feature","geometry":{"type":"Polygon","coordinates":[[[77.61702,13.05822],[77.61711,13.06321],[77.61294,13.06572],[77.60868,13.06324],[77.60859,13.05825],[77.61277,13.05574],[77.61702,13.05822]]]},"properties":{"h3":"8861892ca9fffff","loss":null,"place":null}},{"type":"Feature","geometry":{"type":"Polygon","coordinates":[[[77.60859,13.05825],[77.60868,13.06324],[77.60451,13.06574],[77.60025,13.06326],[77.60017,13.05827],[77.60434,13.05577],[77.60859,13.05825]]]},"properties":{"h3":"8861892cabfffff","loss":0.011,"place":null}},{"type":"Feature","geometry":{"type":"Polygon","coordinates":[[[77.62136,13.06569],[77.62145,13.07068],[77.61728,13.07319],[77.61302,13.0707],[77.61294,13.06572],[77.61711,13.06321],[77.62136,13.06569]]]},"properties":{"h3":"8861892cadfffff","loss":null,"place":null}},{"type":"Feature","geometry":{"type":"Polygon","coordinates":[[[77.59174,13.0583],[77.59182,13.06328],[77.58765,13.06579],[77.5834,13.06331],[77.58331,13.05832],[77.58748,13.05582],[77.59174,13.0583]]]},"properties":{"h3":"8861892cb1fffff","loss":0.004,"place":null}},{"type":"Feature","geometry":{"type":"Polygon","coordinates":[[[77.58331,13.05832],[77.5834,13.06331],[77.57922,13.06581],[77.57497,13.06333],[77.57489,13.05835],[77.57906,13.05584],[77.58331,13.05832]]]},"properties":{"h3":"8861892cb3fffff","loss":0.014,"place":null}},{"type":"Feature","geometry":{"type":"Polygon","coordinates":[[[77.59608,13.06577],[77.59616,13.07075],[77.59199,13.07326],[77.58774,13.07078],[77.58765,13.06579],[77.59182,13.06328],[77.59608,13.06577]]]},"properties":{"h3":"8861892cb5fffff","loss":null,"place":null}},{"type":"Feature","geometry":{"type":"Polygon","coordinates":[[[77.58765,13.06579],[77.58774,13.07078],[77.58356,13.07328],[77.57931,13.0708],[77.57922,13.06581],[77.5834,13.06331],[77.58765,13.06579]]]},"properties":{"h3":"8861892cb7fffff","loss":null,"place":null}},{"type":"Feature","geometry":{"type":"Polygon","coordinates":[[[77.59583,13.0508],[77.59591,13.05579],[77.59174,13.0583],[77.58748,13.05582],[77.5874,13.05083],[77.59157,13.04832],[77.59583,13.0508]]]},"properties":{"h3":"8861892cb9fffff","loss":null,"place":null}},{"type":"Feature","geometry":{"type":"Polygon","coordinates":[[[77.5874,13.05083],[77.58748,13.05582],[77.58331,13.05832],[77.57906,13.05584],[77.57897,13.05085],[77.58314,13.04835],[77.5874,13.05083]]]},"properties":{"h3":"8861892cbbfffff","loss":null,"place":null}},{"type":"Feature","geometry":{"type":"Polygon","coordinates":[[[77.60017,13.05827],[77.60025,13.06326],[77.59608,13.06577],[77.59182,13.06328],[77.59174,13.0583],[77.59591,13.05579],[77.60017,13.05827]]]},"properties":{"h3":"8861892cbdfffff","loss":null,"place":null}},{"type":"Feature","geometry":{"type":"Polygon","coordinates":[[[77.62495,13.02827],[77.62503,13.03326],[77.62086,13.03576],[77.6166,13.03328],[77.61652,13.02829],[77.62069,13.02579],[77.62495,13.02827]]]},"properties":{"h3":"8861892cc1fffff","loss":0.008,"place":null}},{"type":"Feature","geometry":{"type":"Polygon","coordinates":[[[77.61652,13.02829],[77.6166,13.03328],[77.61243,13.03579],[77.60817,13.03331],[77.60809,13.02832],[77.61226,13.02581],[77.61652,13.02829]]]},"properties":{"h3":"8861892cc3fffff","loss":0.013,"place":null}},{"type":"Feature","geometry":{"type":"Polygon","coordinates":[[[77.62929,13.03574],[77.62937,13.04073],[77.6252,13.04323],[77.62094,13.04075],[77.62086,13.03576],[77.62503,13.03326],[77.62929,13.03574]]]},"properties":{"h3":"8861892cc5fffff","loss":null,"place":null}},{"type":"Feature","geometry":{"type":"Polygon","coordinates":[[[77.62086,13.03576],[77.62094,13.04075],[77.61677,13.04326],[77.61251,13.04078],[77.61243,13.03579],[77.6166,13.03328],[77.62086,13.03576]]]},"properties":{"h3":"8861892cc7fffff","loss":0.025,"place":null}},{"type":"Feature","geometry":{"type":"Polygon","coordinates":[[[77.62903,13.02077],[77.62912,13.02576],[77.62495,13.02827],[77.62069,13.02579],[77.62061,13.0208],[77.62478,13.01829],[77.62903,13.02077]]]},"properties":{"h3":"8861892cc9fffff","loss":0.015,"place":null}},{"type":"Feature","geometry":{"type":"Polygon","coordinates":[[[77.62061,13.0208],[77.62069,13.02579],[77.61652,13.02829],[77.61226,13.02581],[77.61218,13.02083],[77.61635,13.01832],[77.62061,13.0208]]]},"properties":{"h3":"8861892ccbfffff","loss":0.021,"place":null}},{"type":"Feature","geometry":{"type":"Polygon","coordinates":[[[77.63338,13.02824],[77.63346,13.03323],[77.62929,13.03574],[77.62503,13.03326],[77.62495,13.02827],[77.62912,13.02576],[77.63338,13.02824]]]},"properties":{"h3":"8861892ccdfffff","loss":null,"place":null}},{"type":"Feature","geometry":{"type":"Polygon","coordinates":[[[77.60375,13.02085],[77.60383,13.02584],[77.59966,13.02835],[77.59541,13.02587],[77.59532,13.02088],[77.59949,13.01837],[77.60375,13.02085]]]},"properties":{"h3":"8861892cd1fffff","loss":0.006,"place":null}},{"type":"Feature","geometry":{"type":"Polygon","coordinates":[[[77.59532,13.02088],[77.59541,13.02587],[77.59124,13.02837],[77.58698,13.02589],[77.5869,13.02091],[77.59107,13.0184],[77.59532,13.02088]]]},"properties":{"h3":"8861892cd3fffff","loss":0.022,"place":null}},{"type":"Feature","geometry":{"type":"Polygon","coordinates":[[[77.60809,13.02832],[77.60817,13.03331],[77.604,13.03582],[77.59975,13.03334],[77.59966,13.02835],[77.60383,13.02584],[77.60809,13.02832]]]},"properties":{"h3":"8861892cd5fffff","loss":0.018,"place":null}},{"type":"Feature","geometry":{"type":"Polygon","coordinates":[[[77.59966,13.02835],[77.59975,13.03334],[77.59557,13.03584],[77.59132,13.03336],[77.59124,13.02837],[77.59541,13.02587],[77.59966,13.02835]]]},"properties":{"h3":"8861892cd7fffff","loss":0.013,"place":null}},{"type":"Feature","geometry":{"type":"Polygon","coordinates":[[[77.60784,13.01336],[77.60792,13.01835],[77.60375,13.02085],[77.59949,13.01837],[77.59941,13.01338],[77.60358,13.01088],[77.60784,13.01336]]]},"properties":{"h3":"8861892cd9fffff","loss":null,"place":null}},{"type":"Feature","geometry":{"type":"Polygon","coordinates":[[[77.59941,13.01338],[77.59949,13.01837],[77.59532,13.02088],[77.59107,13.0184],[77.59098,13.01341],[77.59516,13.0109],[77.59941,13.01338]]]},"properties":{"h3":"8861892cdbfffff","loss":null,"place":null}},{"type":"Feature","geometry":{"type":"Polygon","coordinates":[[[77.61218,13.02083],[77.61226,13.02581],[77.60809,13.02832],[77.60383,13.02584],[77.60375,13.02085],[77.60792,13.01835],[77.61218,13.02083]]]},"properties":{"h3":"8861892cddfffff","loss":null,"place":null}},{"type":"Feature","geometry":{"type":"Polygon","coordinates":[[[77.62954,13.0507],[77.62963,13.05569],[77.62545,13.0582],[77.6212,13.05572],[77.62111,13.05073],[77.62528,13.04822],[77.62954,13.0507]]]},"properties":{"h3":"8861892ce1fffff","loss":null,"place":null}},{"type":"Feature","geometry":{"type":"Polygon","coordinates":[[[77.62111,13.05073],[77.6212,13.05572],[77.61702,13.05822],[77.61277,13.05574],[77.61268,13.05075],[77.61685,13.04825],[77.62111,13.05073]]]},"properties":{"h3":"8861892ce3fffff","loss":null,"place":null}},{"type":"Feature","geometry":{"type":"Polygon","coordinates":[[[77.63388,13.05817],[77.63397,13.06316],[77.62979,13.06567],[77.62554,13.06318],[77.62545,13.0582],[77.62963,13.05569],[77.63388,13.05817]]]},"properties":{"h3":"8861892ce5fffff","loss":null,"place":null}},{"type":"Feature","geometry":{"type":"Polygon","coordinates":[[[77.62545,13.0582],[77.62554,13.06318],[77.62136,13.06569],[77.61711,13.06321],[77.61702,13.05822],[77.6212,13.05572],[77.62545,13.0582]]]},"properties":{"h3":"8861892ce7fffff","loss":null,"place":null}},{"type":"Feature","geometry":{"type":"Polygon","coordinates":[[[77.63363,13.04321],[77.63371,13.04819],[77.62954,13.0507],[77.62528,13.04822],[77.6252,13.04323],[77.62937,13.04073],[77.63363,13.04321]]]},"properties":{"h3":"8861892ce9fffff","loss":0.015,"place":null}},{"type":"Feature","geometry":{"type":"Polygon","coordinates":[[[77.6252,13.04323],[77.62528,13.04822],[77.62111,13.05073],[77.61685,13.04825],[77.61677,13.04326],[77.62094,13.04075],[77.6252,13.04323]]]},"properties":{"h3":"8861892cebfffff","loss":0.02,"place":null}},{"type":"Feature","geometry":{"type":"Polygon","coordinates":[[[77.63797,13.05068],[77.63806,13.05566],[77.63388,13.05817],[77.62963,13.05569],[77.62954,13.0507],[77.63371,13.04819],[77.63797,13.05068]]]},"properties":{"h3":"8861892cedfffff","loss":null,"place":null}},{"type":"Feature","geometry":{"type":"Polygon","coordinates":[[[77.69778,13.09539],[77.69787,13.10038],[77.69369,13.10289],[77.68943,13.10041],[77.68934,13.09542],[77.69352,13.09291],[77.69778,13.09539]]]},"properties":{"h3":"8861892d01fffff","loss":null,"place":null}},{"type":"Feature","geometry":{"type":"Polygon","coordinates":[[[77.68934,13.09542],[77.68943,13.10041],[77.68525,13.10292],[77.68099,13.10043],[77.68091,13.09545],[77.68508,13.09294],[77.68934,13.09542]]]},"properties":{"h3":"8861892d03fffff","loss":0.006,"place":null}},{"type":"Feature","geometry":{"type":"Polygon","coordinates":[[[77.70213,13.10287],[77.70221,13.10785],[77.69804,13.11036],[77.69378,13.10788],[77.69369,13.10289],[77.69787,13.10038],[77.70213,13.10287]]]},"properties":{"h3":"8861892d05fffff","loss":null,"place":null}},{"type":"Feature","geometry":{"type":"Polygon","coordinates":[[[77.69369,13.10289],[77.69378,13.10788],[77.6896,13.11039],[77.68534,13.10791],[77.68525,13.10292],[77.68943,13.10041],[77.69369,13.10289]]]},"properties":{"h3":"8861892d07fffff","loss":null,"place":null}},{"type":"Feature","geometry":{"type":"Polygon","coordinates":[[[77.70187,13.0879],[77.70196,13.09289],[77.69778,13.09539],[77.69352,13.09291],[77.69343,13.08792],[77.69761,13.08541],[77.70187,13.0879]]]},"properties":{"h3":"8861892d09fffff","loss":null,"place":null}},{"type":"Feature","geometry":{"type":"Polygon","coordinates":[[[77.69343,13.08792],[77.69352,13.09291],[77.68934,13.09542],[77.68508,13.09294],[77.685,13.08795],[77.68917,13.08544],[77.69343,13.08792]]]},"properties":{"h3":"8861892d0bfffff","loss":null,"place":null}},{"type":"Feature","geometry":{"type":"Polygon","coordinates":[[[77.70622,13.09537],[77.7063,13.10036],[77.70213,13.10287],[77.69787,13.10038],[77.69778,13.09539],[77.70196,13.09289],[77.70622,13.09537]]]},"properties":{"h3":"8861892d0dfffff","loss":null,"place":null}},{"type":"Feature","geometry":{"type":"Polygon","coordinates":[[[77.67656,13.08797],[77.67665,13.09296],[77.67247,13.09547],[77.66821,13.09299],[77.66812,13.088],[77.6723,13.08549],[77.67656,13.08797]]]},"properties":{"h3":"8861892d11fffff","loss":null,"place":null}},{"type":"Feature","geometry":{"type":"Polygon","coordinates":[[[77.66812,13.088],[77.66821,13.09299],[77.66403,13.0955],[77.65978,13.09301],[77.65969,13.08803],[77.66386,13.08552],[77.66812,13.088]]]},"properties":{"h3":"8861892d13fffff","loss":null,"place":null}},{"type":"Feature","geometry":{"type":"Polygon","coordinates":[[[77.68091,13.09545],[77.68099,13.10043],[77.67682,13.10294],[77.67256,13.10046],[77.67247,13.09547],[77.67665,13.09296],[77.68091,13.09545]]]},"properties":{"h3":"8861892d15fffff","loss":null,"place":null}},{"type":"Feature","geometry":{"type":"Polygon","coordinates":[[[77.67247,13.09547],[77.67256,13.10046],[77.66838,13.10297],[77.66412,13.10048],[77.66403,13.0955],[77.66821,13.09299],[77.67247,13.09547]]]},"properties":{"h3":"8861892d17fffff","loss":null,"place":null}},{"type":"Feature","geometry":{"type":"Polygon","coordinates":[[[77.68065,13.08048],[77.68074,13.08547],[77.67656,13.08797],[77.6723,13.08549],[77.67221,13.0805],[77.67639,13.078],[77.68065,13.08048]]]},"properties":{"h3":"8861892d19fffff","loss":0.003,"place":null}},{"type":"Feature","geometry":{"type":"Polygon","coordinates":[[[77.67221,13.0805],[77.6723,13.08549],[77.66812,13.088],[77.66386,13.08552],[77.66378,13.08053],[77.66795,13.07802],[77.67221,13.0805]]]},"properties":{"h3":"8861892d1bfffff","loss":0.006,"place":null}},{"type":"Feature","geometry":{"type":"Polygon","coordinates":[[[77.685,13.08795],[77.68508,13.09294],[77.68091,13.09545],[77.67665,13.09296],[77.67656,13.08797],[77.68074,13.08547],[77.685,13.08795]]]},"properties":{"h3":"8861892d1dfffff","loss":null,"place":null}},{"type":"Feature","geometry":{"type":"Polygon","coordinates":[[[77.70239,13.11783],[77.70247,13.12282],[77.69829,13.12533],[77.69403,13.12285],[77.69395,13.11786],[77.69812,13.11535],[77.70239,13.11783]]]},"properties":{"h3":"8861892d21fffff","loss":null,"place":null}},{"type":"Feature","geometry":{"type":"Polygon","coordinates":[[[77.69395,13.11786],[77.69403,13.12285],[77.68986,13.12536],[77.68559,13.12287],[77.68551,13.11788],[77.68969,13.11538],[77.69395,13.11786]]]},"properties":{"h3":"8861892d23fffff","loss":0.05,"place":null}},{"type":"Feature","geometry":{"type":"Polygon","coordinates":[[[77.70673,13.12531],[77.70682,13.1303],[77.70264,13.1328],[77.69838,13.13032],[77.69829,13.12533],[77.70247,13.12282],[77.70673,13.12531]]]},"properties":{"h3":"8861892d25fffff","loss":null,"place":null}},{"type":"Feature","geometry":{"type":"Polygon","coordinates":[[[77.69829,13.12533],[77.69838,13.13032],[77.6942,13.13283],[77.68994,13.13035],[77.68986,13.12536],[77.69403,13.12285],[77.69829,13.12533]]]},"properties":{"h3":"8861892d27fffff","loss":null,"place":null}},{"type":"Feature","geometry":{"type":"Polygon","coordinates":[[[77.70648,13.11034],[77.70656,13.11533],[77.70239,13.11783],[77.69812,13.11535],[77.69804,13.11036],[77.70221,13.10785],[77.70648,13.11034]]]},"properties":{"h3":"8861892d29fffff","loss":null,"place":null}},{"type":"Feature","geometry":{"type":"Polygon","coordinates":[[[77.69804,13.11036],[77.69812,13.11535],[77.69395,13.11786],[77.68969,13.11538],[77.6896,13.11039],[77.69378,13.10788],[77.69804,13.11036]]]},"properties":{"h3":"8861892d2bfffff","loss":null,"place":null}},{"type":"Feature","geometry":{"type":"Polygon","coordinates":[[[77.71082,13.11781],[77.71091,13.1228],[77.70673,13.12531],[77.70247,13.12282],[77.70239,13.11783],[77.70656,13.11533],[77.71082,13.11781]]]},"properties":{"h3":"8861892d2dfffff","loss":0.01,"place":null}},{"type":"Feature","geometry":{"type":"Polygon","coordinates":[[[77.68116,13.11041],[77.68125,13.1154],[77.67707,13.11791],[77.67281,13.11543],[77.67273,13.11044],[77.6769,13.10793],[77.68116,13.11041]]]},"properties":{"h3":"8861892d31fffff","loss":null,"place":null}},{"type":"Feature","geometry":{"type":"Polygon","coordinates":[[[77.67273,13.11044],[77.67281,13.11543],[77.66864,13.11793],[77.66438,13.11545],[77.66429,13.11046],[77.66847,13.10796],[77.67273,13.11044]]]},"properties":{"h3":"8861892d33fffff","loss":null,"place":null}},{"type":"Feature","geometry":{"type":"Polygon","coordinates":[[[77.68551,13.11788],[77.68559,13.12287],[77.68142,13.12538],[77.67716,13.1229],[77.67707,13.11791],[77.68125,13.1154],[77.68551,13.11788]]]},"properties":{"h3":"8861892d35fffff","loss":0.001,"place":null}},{"type":"Feature","geometry":{"type":"Polygon","coordinates":[[[77.67707,13.11791],[77.67716,13.1229],[77.67298,13.1254],[77.66872,13.12292],[77.66864,13.11793],[77.67281,13.11543],[77.67707,13.11791]]]},"properties":{"h3":"8861892d37fffff","loss":0.036,"place":null}},{"type":"Feature","geometry":{"type":"Polygon","coordinates":[[[77.68525,13.10292],[77.68534,13.10791],[77.68116,13.11041],[77.6769,13.10793],[77.67682,13.10294],[77.68099,13.10043],[77.68525,13.10292]]]},"properties":{"h3":"8861892d39fffff","loss":null,"place":null}},{"type":"Feature","geometry":{"type":"Polygon","coordinates":[[[77.67682,13.10294],[77.6769,13.10793],[77.67273,13.11044],[77.66847,13.10796],[77.66838,13.10297],[77.67256,13.10046],[77.67682,13.10294]]]},"properties":{"h3":"8861892d3bfffff","loss":null,"place":null}},{"type":"Feature","geometry":{"type":"Polygon","coordinates":[[[77.6896,13.11039],[77.68969,13.11538],[77.68551,13.11788],[77.68125,13.1154],[77.68116,13.11041],[77.68534,13.10791],[77.6896,13.11039]]]},"properties":{"h3":"8861892d3dfffff","loss":null,"place":null}},{"type":"Feature","geometry":{"type":"Polygon","coordinates":[[[77.7144,13.08037],[77.71449,13.08536],[77.71031,13.08787],[77.70605,13.08539],[77.70596,13.0804],[77.71014,13.07789],[77.7144,13.08037]]]},"properties":{"h3":"8861892d41fffff","loss":0.048,"place":null}},{"type":"Feature","geometry":{"type":"Polygon","coordinates":[[[77.70596,13.0804],[77.70605,13.08539],[77.70187,13.0879],[77.69761,13.08541],[77.69752,13.08042],[77.7017,13.07792],[77.70596,13.0804]]]},"properties":{"h3":"8861892d43fffff","loss":0.065,"place":null}},{"type":"Feature","geometry":{"type":"Polygon","coordinates":[[[77.71875,13.08784],[77.71883,13.09283],[77.71466,13.09534],[77.7104,13.09286],[77.71031,13.08787],[77.71449,13.08536],[77.71875,13.08784]]]},"properties":{"h3":"8861892d45fffff","loss":0.017,"place":null}},{"type":"Feature","geometry":{"type":"Polygon","coordinates":[[[77.71031,13.08787],[77.7104,13.09286],[77.70622,13.09537],[77.70196,13.09289],[77.70187,13.0879],[77.70605,13.08539],[77.71031,13.08787]]]},"properties":{"h3":"8861892d47fffff","loss":0.061,"place":null}},{"type":"Feature","geometry":{"type":"Polygon","coordinates":[[[77.71849,13.07287],[77.71858,13.07786],[77.7144,13.08037],[77.71014,13.07789],[77.71005,13.0729],[77.71423,13.07039],[77.71849,13.07287]]]},"properties":{"h3":"8861892d49fffff","loss":0.051,"place":null}},{"type":"Feature","geometry":{"type":"Polygon","coordinates":[[[77.71005,13.0729],[77.71014,13.07789],[77.70596,13.0804],[77.7017,13.07792],[77.70161,13.07293],[77.70579,13.07042],[77.71005,13.0729]]]},"properties":{"h3":"8861892d4bfffff","loss":0.004,"place":null}},{"type":"Feature","geometry":{"type":"Polygon","coordinates":[[[77.72284,13.08034],[77.72293,13.08533],[77.71875,13.08784],[77.71449,13.08536],[77.7144,13.08037],[77.71858,13.07786],[77.72284,13.08034]]]},"properties":{"h3":"8861892d4dfffff","loss":0.057,"place":null}},{"type":"Feature","geometry":{"type":"Polygon","coordinates":[[[77.69318,13.07295],[77.69326,13.07794],[77.68909,13.08045],[77.68483,13.07797],[77.68474,13.07298],[77.68892,13.07047],[77.69318,13.07295]]]},"properties":{"h3":"8861892d51fffff","loss":null,"place":null}},{"type":"Feature","geometry":{"type":"Polygon","coordinates":[[[77.68474,13.07298],[77.68483,13.07797],[77.68065,13.08048],[77.67639,13.078],[77.6763,13.07301],[77.68048,13.0705],[77.68474,13.07298]]]},"properties":{"h3":"8861892d53fffff","loss":null,"place":null}},{"type":"Feature","geometry":{"type":"Polygon","coordinates":[[[77.69752,13.08042],[77.69761,13.08541],[77.69343,13.08792],[77.68917,13.08544],[77.68909,13.08045],[77.69326,13.07794],[77.69752,13.08042]]]},"properties":{"h3":"8861892d55fffff","loss":null,"place":null}},{"type":"Feature","geometry":{"type":"Polygon","coordinates":[[[77.68909,13.08045],[77.68917,13.08544],[77.685,13.08795],[77.68074,13.08547],[77.68065,13.08048],[77.68483,13.07797],[77.68909,13.08045]]]},"properties":{"h3":"8861892d57fffff","loss":0.016,"place":null}},{"type":"Feature","geometry":{"type":"Polygon","coordinates":[[[77.69727,13.06545],[77.69735,13.07044],[77.69318,13.07295],[77.68892,13.07047],[77.68883,13.06548],[77.693,13.06297],[77.69727,13.06545]]]},"properties":{"h3":"8861892d59fffff","loss":0.007,"place":null}},{"type":"Feature","geometry":{"type":"Polygon","coordinates":[[[77.68883,13.06548],[77.68892,13.07047],[77.68474,13.07298],[77.68048,13.0705],[77.68039,13.06551],[77.68457,13.063],[77.68883,13.06548]]]},"properties":{"h3":"8861892d5bfffff","loss":0.015,"place":null}},{"type":"Feature","geometry":{"type":"Polygon","coordinates":[[[77.70161,13.07293],[77.7017,13.07792],[77.69752,13.08042],[77.69326,13.07794],[77.69318,13.07295],[77.69735,13.07044],[77.70161,13.07293]]]},"properties":{"h3":"8861892d5dfffff","loss":null,"place":null}},{"type":"Feature","geometry":{"type":"Polygon","coordinates":[[[77.71901,13.10281],[77.71909,13.1078],[77.71492,13.11031],[77.71065,13.10783],[77.71057,13.10284],[77.71474,13.10033],[77.71901,13.10281]]]},"properties":{"h3":"8861892d61fffff","loss":null,"place":null}},{"type":"Feature","geometry":{"type":"Polygon","coordinates":[[[77.71057,13.10284],[77.71065,13.10783],[77.70648,13.11034],[77.70221,13.10785],[77.70213,13.10287],[77.7063,13.10036],[77.71057,13.10284]]]},"properties":{"h3":"8861892d63fffff","loss":null,"place":null}},{"type":"Feature","geometry":{"type":"Polygon","coordinates":[[[77.72336,13.11028],[77.72344,13.11528],[77.71927,13.11778],[77.715,13.1153],[77.71492,13.11031],[77.71909,13.1078],[77.72336,13.11028]]]},"properties":{"h3":"8861892d65fffff","loss":null,"place":null}},{"type":"Feature","geometry":{"type":"Polygon","coordinates":[[[77.71492,13.11031],[77.715,13.1153],[77.71082,13.11781],[77.70656,13.11533],[77.70648,13.11034],[77.71065,13.10783],[77.71492,13.11031]]]},"properties":{"h3":"8861892d67fffff","loss":null,"place":null}},{"type":"Feature","geometry":{"type":"Polygon","coordinates":[[[77.7231,13.09531],[77.72318,13.1003],[77.71901,13.10281],[77.71474,13.10033],[77.71466,13.09534],[77.71883,13.09283],[77.7231,13.09531]]]},"properties":{"h3":"8861892d69fffff","loss":null,"place":null}},{"type":"Feature","geometry":{"type":"Polygon","coordinates":[[[77.71466,13.09534],[77.71474,13.10033],[77.71057,13.10284],[77.7063,13.10036],[77.70622,13.09537],[77.7104,13.09286],[77.71466,13.09534]]]},"properties":{"h3":"8861892d6bfffff","loss":0.008,"place":null}},{"type":"Feature","geometry":{"type":"Polygon","coordinates":[[[77.72745,13.10279],[77.72753,13.10778],[77.72336,13.11028],[77.71909,13.1078],[77.71901,13.10281],[77.72318,13.1003],[77.72745,13.10279]]]},"properties":{"h3":"8861892d6dfffff","loss":null,"place":null}},{"type":"Feature","geometry":{"type":"Polygon","coordinates":[[[77.63873,13.09557],[77.63882,13.10056],[77.63465,13.10306],[77.63039,13.10058],[77.6303,13.09559],[77.63448,13.09309],[77.63873,13.09557]]]},"properties":{"h3":"8861892d81fffff","loss":0.023,"place":null}},{"type":"Feature","geometry":{"type":"Polygon","coordinates":[[[77.6303,13.09559],[77.63039,13.10058],[77.62621,13.10309],[77.62196,13.10061],[77.62187,13.09562],[77.62604,13.09311],[77.6303,13.09559]]]},"properties":{"h3":"8861892d83fffff","loss":0.009,"place":null}},{"type":"Feature","geometry":{"type":"Polygon","coordinates":[[[77.64308,13.10304],[77.64316,13.10803],[77.63899,13.11053],[77.63473,13.10805],[77.63465,13.10306],[77.63882,13.10056],[77.64308,13.10304]]]},"properties":{"h3":"8861892d85fffff","loss":0.006,"place":null}},{"type":"Feature","geometry":{"type":"Polygon","coordinates":[[[77.63465,13.10306],[77.63473,13.10805],[77.63056,13.11056],[77.6263,13.10808],[77.62621,13.10309],[77.63039,13.10058],[77.63465,13.10306]]]},"properties":{"h3":"8861892d87fffff","loss":0.026,"place":null}},{"type":"Feature","geometry":{"type":"Polygon","coordinates":[[[77.64282,13.08808],[77.64291,13.09306],[77.63873,13.09557],[77.63448,13.09309],[77.63439,13.0881],[77.63856,13.08559],[77.64282,13.08808]]]},"properties":{"h3":"8861892d89fffff","loss":null,"place":null}},{"type":"Feature","geometry":{"type":"Polygon","coordinates":[[[77.63439,13.0881],[77.63448,13.09309],[77.6303,13.09559],[77.62604,13.09311],[77.62596,13.08812],[77.63013,13.08562],[77.63439,13.0881]]]},"properties":{"h3":"8861892d8bfffff","loss":0.042,"place":null}},{"type":"Feature","geometry":{"type":"Polygon","coordinates":[[[77.64717,13.09555],[77.64725,13.10053],[77.64308,13.10304],[77.63882,13.10056],[77.63873,13.09557],[77.64291,13.09306],[77.64717,13.09555]]]},"properties":{"h3":"8861892d8dfffff","loss":0.008,"place":null}},{"type":"Feature","geometry":{"type":"Polygon","coordinates":[[[77.61753,13.08815],[77.61761,13.09314],[77.61344,13.09564],[77.60918,13.09316],[77.6091,13.08817],[77.61327,13.08567],[77.61753,13.08815]]]},"properties":{"h3":"8861892d91fffff","loss":0.06,"place":null}},{"type":"Feature","geometry":{"type":"Polygon","coordinates":[[[77.6091,13.08817],[77.60918,13.09316],[77.60501,13.09567],[77.60075,13.09318],[77.60067,13.0882],[77.60484,13.08569],[77.6091,13.08817]]]},"properties":{"h3":"8861892d93fffff","loss":null,"place":null}},{"type":"Feature","geometry":{"type":"Polygon","coordinates":[[[77.62187,13.09562],[77.62196,13.10061],[77.61778,13.10311],[77.61352,13.10063],[77.61344,13.09564],[77.61761,13.09314],[77.62187,13.09562]]]},"properties":{"h3":"8861892d95fffff","loss":null,"place":null}},{"type":"Feature","geometry":{"type":"Polygon","coordinates":[[[77.61344,13.09564],[77.61352,13.10063],[77.60935,13.10313],[77.6051,13.10065],[77.60501,13.09567],[77.60918,13.09316],[77.61344,13.09564]]]},"properties":{"h3":"8861892d97fffff","loss":0.044,"place":null}},{"type":"Feature","geometry":{"type":"Polygon","coordinates":[[[77.62162,13.08066],[77.6217,13.08564],[77.61753,13.08815],[77.61327,13.08567],[77.61319,13.08068],[77.61736,13.07817],[77.62162,13.08066]]]},"properties":{"h3":"8861892d99fffff","loss":0.018,"place":null}},{"type":"Feature","geometry":{"type":"Polygon","coordinates":[[[77.61319,13.08068],[77.61327,13.08567],[77.6091,13.08817],[77.60484,13.08569],[77.60476,13.0807],[77.60893,13.0782],[77.61319,13.08068]]]},"properties":{"h3":"8861892d9bfffff","loss":0.004,"place":null}},{"type":"Feature","geometry":{"type":"Polygon","coordinates":[[[77.62596,13.08812],[77.62604,13.09311],[77.62187,13.09562],[77.61761,13.09314],[77.61753,13.08815],[77.6217,13.08564],[77.62596,13.08812]]]},"properties":{"h3":"8861892d9dfffff","loss":null,"place":null}},{"type":"Feature","geometry":{"type":"Polygon","coordinates":[[[77.64333,13.118],[77.64342,13.12299],[77.63924,13.1255],[77.63498,13.12302],[77.6349,13.11803],[77.63907,13.11552],[77.64333,13.118]]]},"properties":{"h3":"8861892da1fffff","loss":null,"place":null}},{"type":"Feature","geometry":{"type":"Polygon","coordinates":[[[77.6349,13.11803],[77.63498,13.12302],[77.63081,13.12552],[77.62655,13.12304],[77.62647,13.11805],[77.63064,13.11555],[77.6349,13.11803]]]},"properties":{"h3":"8861892da3fffff","loss":0.052,"place":null}},{"type":"Feature","geometry":{"type":"Polygon","coordinates":[[[77.64768,13.12548],[77.64776,13.13046],[77.64359,13.13297],[77.63933,13.13049],[77.63924,13.1255],[77.64342,13.12299],[77.64768,13.12548]]]},"properties":{"h3":"8861892da5fffff","loss":0.016,"place":null}},{"type":"Feature","geometry":{"type":"Polygon","coordinates":[[[77.63924,13.1255],[77.63933,13.13049],[77.63515,13.13299],[77.63089,13.13051],[77.63081,13.12552],[77.63498,13.12302],[77.63924,13.1255]]]},"properties":{"h3":"8861892da7fffff","loss":null,"place":null}},{"type":"Feature","geometry":{"type":"Polygon","coordinates":[[[77.64742,13.11051],[77.64751,13.1155],[77.64333,13.118],[77.63907,13.11552],[77.63899,13.11053],[77.64316,13.10803],[77.64742,13.11051]]]},"properties":{"h3":"8861892da9fffff","loss":null,"place":null}},{"type":"Feature","geometry":{"type":"Polygon","coordinates":[[[77.63899,13.11053],[77.63907,13.11552],[77.6349,13.11803],[77.63064,13.11555],[77.63056,13.11056],[77.63473,13.10805],[77.63899,13.11053]]]},"properties":{"h3":"8861892dabfffff","loss":0.008,"place":null}},{"type":"Feature","geometry":{"type":"Polygon","coordinates":[[[77.65177,13.11798],[77.65185,13.12297],[77.64768,13.12548],[77.64342,13.12299],[77.64333,13.118],[77.64751,13.1155],[77.65177,13.11798]]]},"properties":{"h3":"8861892dadfffff","loss":null,"place":null}},{"type":"Feature","geometry":{"type":"Polygon","coordinates":[[[77.62212,13.11058],[77.62221,13.11557],[77.61804,13.11807],[77.61378,13.11559],[77.61369,13.1106],[77.61787,13.1081],[77.62212,13.11058]]]},"properties":{"h3":"8861892db1fffff","loss":0.019,"place":null}},{"type":"Feature","geometry":{"type":"Polygon","coordinates":[[[77.61369,13.1106],[77.61378,13.11559],[77.6096,13.1181],[77.60535,13.11561],[77.60526,13.11063],[77.60944,13.10812],[77.61369,13.1106]]]},"properties":{"h3":"8861892db3fffff","loss":null,"place":null}},{"type":"Feature","geometry":{"type":"Polygon","coordinates":[[[77.62647,13.11805],[77.62655,13.12304],[77.62238,13.12554],[77.61812,13.12306],[77.61804,13.11807],[77.62221,13.11557],[77.62647,13.11805]]]},"properties":{"h3":"8861892db5fffff","loss":0.024,"place":null}},{"type":"Feature","geometry":{"type":"Polygon","coordinates":[[[77.61804,13.11807],[77.61812,13.12306],[77.61395,13.12557],[77.60969,13.12308],[77.6096,13.1181],[77.61378,13.11559],[77.61804,13.11807]]]},"properties":{"h3":"8861892db7fffff","loss":null,"place":null}},{"type":"Feature","geometry":{"type":"Polygon","coordinates":[[[77.62621,13.10309],[77.6263,13.10808],[77.62212,13.11058],[77.61787,13.1081],[77.61778,13.10311],[77.62196,13.10061],[77.62621,13.10309]]]},"properties":{"h3":"8861892db9fffff","loss":0.026,"place":null}},{"type":"Feature","geometry":{"type":"Polygon","coordinates":[[[77.61778,13.10311],[77.61787,13.1081],[77.61369,13.1106],[77.60944,13.10812],[77.60935,13.10313],[77.61352,13.10063],[77.61778,13.10311]]]},"properties":{"h3":"8861892dbbfffff","loss":0.031,"place":null}},{"type":"Feature","geometry":{"type":"Polygon","coordinates":[[[77.63056,13.11056],[77.63064,13.11555],[77.62647,13.11805],[77.62221,13.11557],[77.62212,13.11058],[77.6263,13.10808],[77.63056,13.11056]]]},"properties":{"h3":"8861892dbdfffff","loss":0.031,"place":null}},{"type":"Feature","geometry":{"type":"Polygon","coordinates":[[[77.65535,13.08056],[77.65543,13.08554],[77.65126,13.08805],[77.647,13.08557],[77.64691,13.08058],[77.65109,13.07807],[77.65535,13.08056]]]},"properties":{"h3":"8861892dc1fffff","loss":null,"place":null}},{"type":"Feature","geometry":{"type":"Polygon","coordinates":[[[77.64691,13.08058],[77.647,13.08557],[77.64282,13.08808],[77.63856,13.08559],[77.63848,13.08061],[77.64265,13.0781],[77.64691,13.08058]]]},"properties":{"h3":"8861892dc3fffff","loss":null,"place":null}},{"type":"Feature","geometry":{"type":"Polygon","coordinates":[[[77.65969,13.08803],[77.65978,13.09301],[77.6556,13.09552],[77.65134,13.09304],[77.65126,13.08805],[77.65543,13.08554],[77.65969,13.08803]]]},"properties":{"h3":"8861892dc5fffff","loss":0.032,"place":null}},{"type":"Feature","geometry":{"type":"Polygon","coordinates":[[[77.65126,13.08805],[77.65134,13.09304],[77.64717,13.09555],[77.64291,13.09306],[77.64282,13.08808],[77.647,13.08557],[77.65126,13.08805]]]},"properties":{"h3":"8861892dc7fffff","loss":0.013,"place":null}},{"type":"Feature","geometry":{"type":"Polygon","coordinates":[[[77.65943,13.07306],[77.65952,13.07805],[77.65535,13.08056],[77.65109,13.07807],[77.651,13.07308],[77.65518,13.07058],[77.65943,13.07306]]]},"properties":{"h3":"8861892dc9fffff","loss":0.025,"place":null}},{"type":"Feature","geometry":{"type":"Polygon","coordinates":[[[77.651,13.07308],[77.65109,13.07807],[77.64691,13.08058],[77.64265,13.0781],[77.64257,13.07311],[77.64674,13.0706],[77.651,13.07308]]]},"properties":{"h3":"8861892dcbfffff","loss":null,"place":null}},{"type":"Feature","geometry":{"type":"Polygon","coordinates":[[[77.66378,13.08053],[77.66386,13.08552],[77.65969,13.08803],[77.65543,13.08554],[77.65535,13.08056],[77.65952,13.07805],[77.66378,13.08053]]]},"properties":{"h3":"8861892dcdfffff","loss":0.058,"place":null}},{"type":"Feature","geometry":{"type":"Polygon","coordinates":[[[77.63414,13.07314],[77.63422,13.07812],[77.63005,13.08063],[77.62579,13.07815],[77.62571,13.07316],[77.62988,13.07065],[77.63414,13.07314]]]},"properties":{"h3":"8861892dd1fffff","loss":null,"place":null}},{"type":"Feature","geometry":{"type":"Polygon","coordinates":[[[77.62571,13.07316],[77.62579,13.07815],[77.62162,13.08066],[77.61736,13.07817],[77.61728,13.07319],[77.62145,13.07068],[77.62571,13.07316]]]},"properties":{"h3":"8861892dd3fffff","loss":null,"place":null}},{"type":"Feature","geometry":{"type":"Polygon","coordinates":[[[77.63848,13.08061],[77.63856,13.08559],[77.63439,13.0881],[77.63013,13.08562],[77.63005,13.08063],[77.63422,13.07812],[77.63848,13.08061]]]},"properties":{"h3":"8861892dd5fffff","loss":null,"place":null}},{"type":"Feature","geometry":{"type":"Polygon","coordinates":[[[77.63005,13.08063],[77.63013,13.08562],[77.62596,13.08812],[77.6217,13.08564],[77.62162,13.08066],[77.62579,13.07815],[77.63005,13.08063]]]},"properties":{"h3":"8861892dd7fffff","loss":null,"place":null}},{"type":"Feature","geometry":{"type":"Polygon","coordinates":[[[77.63823,13.06564],[77.63831,13.07063],[77.63414,13.07314],[77.62988,13.07065],[77.62979,13.06567],[77.63397,13.06316],[77.63823,13.06564]]]},"properties":{"h3":"8861892dd9fffff","loss":null,"place":null}},{"type":"Feature","geometry":{"type":"Polygon","coordinates":[[[77.62979,13.06567],[77.62988,13.07065],[77.62571,13.07316],[77.62145,13.07068],[77.62136,13.06569],[77.62554,13.06318],[77.62979,13.06567]]]},"properties":{"h3":"8861892ddbfffff","loss":null,"place":null}},{"type":"Feature","geometry":{"type":"Polygon","coordinates":[[[77.64257,13.07311],[77.64265,13.0781],[77.63848,13.08061],[77.63422,13.07812],[77.63414,13.07314],[77.63831,13.07063],[77.64257,13.07311]]]},"properties":{"h3":"8861892dddfffff","loss":null,"place":null}},{"type":"Feature","geometry":{"type":"Polygon","coordinates":[[[77.65995,13.10299],[77.66003,13.10798],[77.65586,13.11049],[77.6516,13.108],[77.65151,13.10302],[77.65569,13.10051],[77.65995,13.10299]]]},"properties":{"h3":"8861892de1fffff","loss":0.023,"place":null}},{"type":"Feature","geometry":{"type":"Polygon","coordinates":[[[77.65151,13.10302],[77.6516,13.108],[77.64742,13.11051],[77.64316,13.10803],[77.64308,13.10304],[77.64725,13.10053],[77.65151,13.10302]]]},"properties":{"h3":"8861892de3fffff","loss":null,"place":null}},{"type":"Feature","geometry":{"type":"Polygon","coordinates":[[[77.66429,13.11046],[77.66438,13.11545],[77.6602,13.11796],[77.65594,13.11548],[77.65586,13.11049],[77.66003,13.10798],[77.66429,13.11046]]]},"properties":{"h3":"8861892de5fffff","loss":null,"place":null}},{"type":"Feature","geometry":{"type":"Polygon","coordinates":[[[77.65586,13.11049],[77.65594,13.11548],[77.65177,13.11798],[77.64751,13.1155],[77.64742,13.11051],[77.6516,13.108],[77.65586,13.11049]]]},"properties":{"h3":"8861892de7fffff","loss":0.001,"place":null}},{"type":"Feature","geometry":{"type":"Polygon","coordinates":[[[77.66403,13.0955],[77.66412,13.10048],[77.65995,13.10299],[77.65569,13.10051],[77.6556,13.09552],[77.65978,13.09301],[77.66403,13.0955]]]},"properties":{"h3":"8861892de9fffff","loss":0.004,"place":null}},{"type":"Feature","geometry":{"type":"Polygon","coordinates":[[[77.6556,13.09552],[77.65569,13.10051],[77.65151,13.10302],[77.64725,13.10053],[77.64717,13.09555],[77.65134,13.09304],[77.6556,13.09552]]]},"properties":{"h3":"8861892debfffff","loss":null,"place":null}},{"type":"Feature","geometry":{"type":"Polygon","coordinates":[[[77.66838,13.10297],[77.66847,13.10796],[77.66429,13.11046],[77.66003,13.10798],[77.65995,13.10299],[77.66412,13.10048],[77.66838,13.10297]]]},"properties":{"h3":"8861892dedfffff","loss":null,"place":null}},{"type":"Feature","geometry":{"type":"Polygon","coordinates":[[[77.69598,12.9906],[77.69607,12.99559],[77.69189,12.9981],[77.68763,12.99562],[77.68755,12.99063],[77.69172,12.98812],[77.69598,12.9906]]]},"properties":{"h3":"8861892e01fffff","loss":null,"place":null}},{"type":"Feature","geometry":{"type":"Polygon","coordinates":[[[77.68755,12.99063],[77.68763,12.99562],[77.68346,12.99813],[77.6792,12.99565],[77.67911,12.99066],[77.68329,12.98815],[77.68755,12.99063]]]},"properties":{"h3":"8861892e03fffff","loss":0.004,"place":null}},{"type":"Feature","geometry":{"type":"Polygon","coordinates":[[[77.70033,12.99807],[77.70041,13.00306],[77.69624,13.00557],[77.69198,13.00309],[77.69189,12.9981],[77.69607,12.99559],[77.70033,12.99807]]]},"properties":{"h3":"8861892e05fffff","loss":0.006,"place":null}},{"type":"Feature","geometry":{"type":"Polygon","coordinates":[[[77.69189,12.9981],[77.69198,13.00309],[77.6878,13.0056],[77.68354,13.00312],[77.68346,12.99813],[77.68763,12.99562],[77.69189,12.9981]]]},"properties":{"h3":"8861892e07fffff","loss":null,"place":null}},{"type":"Feature","geometry":{"type":"Polygon","coordinates":[[[77.70007,12.9831],[77.70016,12.98809],[77.69598,12.9906],[77.69172,12.98812],[77.69164,12.98313],[77.69581,12.98062],[77.70007,12.9831]]]},"properties":{"h3":"8861892e09fffff","loss":null,"place":null}},{"type":"Feature","geometry":{"type":"Polygon","coordinates":[[[77.69164,12.98313],[77.69172,12.98812],[77.68755,12.99063],[77.68329,12.98815],[77.6832,12.98316],[77.68738,12.98065],[77.69164,12.98313]]]},"properties":{"h3":"8861892e0bfffff","loss":null,"place":null}},{"type":"Feature","geometry":{"type":"Polygon","coordinates":[[[77.70442,12.99057],[77.7045,12.99556],[77.70033,12.99807],[77.69607,12.99559],[77.69598,12.9906],[77.70016,12.98809],[77.70442,12.99057]]]},"properties":{"h3":"8861892e0dfffff","loss":null,"place":null}},{"type":"Feature","geometry":{"type":"Polygon","coordinates":[[[77.67477,12.98319],[77.67485,12.98818],[77.67068,12.99069],[77.66642,12.98821],[77.66634,12.98322],[77.67051,12.98071],[77.67477,12.98319]]]},"properties":{"h3":"8861892e11fffff","loss":0.02,"place":null}},{"type":"Feature","geometry":{"type":"Polygon","coordinates":[[[77.66634,12.98322],[77.66642,12.98821],[77.66225,12.99072],[77.65799,12.98824],[77.6579,12.98325],[77.66208,12.98074],[77.66634,12.98322]]]},"properties":{"h3":"8861892e13fffff","loss":null,"place":null}},{"type":"Feature","geometry":{"type":"Polygon","coordinates":[[[77.67911,12.99066],[77.6792,12.99565],[77.67502,12.99816],[77.67077,12.99568],[77.67068,12.99069],[77.67485,12.98818],[77.67911,12.99066]]]},"properties":{"h3":"8861892e15fffff","loss":0.014,"place":null}},{"type":"Feature","geometry":{"type":"Polygon","coordinates":[[[77.67068,12.99069],[77.67077,12.99568],[77.66659,12.99819],[77.66233,12.99571],[77.66225,12.99072],[77.66642,12.98821],[77.67068,12.99069]]]},"properties":{"h3":"8861892e17fffff","loss":0.02,"place":null}},{"type":"Feature","geometry":{"type":"Polygon","coordinates":[[[77.67886,12.97569],[77.67894,12.98068],[77.67477,12.98319],[77.67051,12.98071],[77.67042,12.97572],[77.6746,12.97321],[77.67886,12.97569]]]},"properties":{"h3":"8861892e19fffff","loss":0.012,"place":null}},{"type":"Feature","geometry":{"type":"Polygon","coordinates":[[[77.67042,12.97572],[77.67051,12.98071],[77.66634,12.98322],[77.66208,12.98074],[77.66199,12.97575],[77.66617,12.97324],[77.67042,12.97572]]]},"properties":{"h3":"8861892e1bfffff","loss":0.032,"place":null}},{"type":"Feature","geometry":{"type":"Polygon","coordinates":[[[77.6832,12.98316],[77.68329,12.98815],[77.67911,12.99066],[77.67485,12.98818],[77.67477,12.98319],[77.67894,12.98068],[77.6832,12.98316]]]},"properties":{"h3":"8861892e1dfffff","loss":null,"place":null}},{"type":"Feature","geometry":{"type":"Polygon","coordinates":[[[77.70058,13.01304],[77.70067,13.01803],[77.6965,13.02054],[77.69223,13.01806],[77.69215,13.01307],[77.69632,13.01056],[77.70058,13.01304]]]},"properties":{"h3":"8861892e21fffff","loss":0.013,"place":null}},{"type":"Feature","geometry":{"type":"Polygon","coordinates":[[[77.69215,13.01307],[77.69223,13.01806],[77.68806,13.02057],[77.6838,13.01809],[77.68371,13.0131],[77.68789,13.01059],[77.69215,13.01307]]]},"properties":{"h3":"8861892e23fffff","loss":null,"place":null}},{"type":"Feature","geometry":{"type":"Polygon","coordinates":[[[77.70493,13.02051],[77.70502,13.0255],[77.70084,13.02801],[77.69658,13.02553],[77.6965,13.02054],[77.70067,13.01803],[77.70493,13.02051]]]},"properties":{"h3":"8861892e25fffff","loss":null,"place":null}},{"type":"Feature","geometry":{"type":"Polygon","coordinates":[[[77.6965,13.02054],[77.69658,13.02553],[77.69241,13.02804],[77.68815,13.02556],[77.68806,13.02057],[77.69223,13.01806],[77.6965,13.02054]]]},"properties":{"h3":"8861892e27fffff","loss":0.004,"place":null}},{"type":"Feature","geometry":{"type":"Polygon","coordinates":[[[77.70467,13.00554],[77.70476,13.01053],[77.70058,13.01304],[77.69632,13.01056],[77.69624,13.00557],[77.70041,13.00306],[77.70467,13.00554]]]},"properties":{"h3":"8861892e29fffff","loss":0.019,"place":null}},{"type":"Feature","geometry":{"type":"Polygon","coordinates":[[[77.69624,13.00557],[77.69632,13.01056],[77.69215,13.01307],[77.68789,13.01059],[77.6878,13.0056],[77.69198,13.00309],[77.69624,13.00557]]]},"properties":{"h3":"8861892e2bfffff","loss":null,"place":null}},{"type":"Feature","geometry":{"type":"Polygon","coordinates":[[[77.70902,13.01301],[77.70911,13.018],[77.70493,13.02051],[77.70067,13.01803],[77.70058,13.01304],[77.70476,13.01053],[77.70902,13.01301]]]},"properties":{"h3":"8861892e2dfffff","loss":0.036,"place":null}},{"type":"Feature","geometry":{"type":"Polygon","coordinates":[[[77.67937,13.00563],[77.67945,13.01062],[77.67528,13.01313],[77.67102,13.01065],[77.67094,13.00566],[77.67511,13.00315],[77.67937,13.00563]]]},"properties":{"h3":"8861892e31fffff","loss":0.004,"place":null}},{"type":"Feature","geometry":{"type":"Polygon","coordinates":[[[77.67094,13.00566],[77.67102,13.01065],[77.66685,13.01316],[77.66259,13.01068],[77.6625,13.00569],[77.66668,13.00318],[77.67094,13.00566]]]},"properties":{"h3":"8861892e33fffff","loss":null,"place":null}},{"type":"Feature","geometry":{"type":"Polygon","coordinates":[[[77.68371,13.0131],[77.6838,13.01809],[77.67963,13.0206],[77.67537,13.01812],[77.67528,13.01313],[77.67945,13.01062],[77.68371,13.0131]]]},"properties":{"h3":"8861892e35fffff","loss":0.025,"place":null}},{"type":"Feature","geometry":{"type":"Polygon","coordinates":[[[77.67528,13.01313],[77.67537,13.01812],[77.67119,13.02063],[77.66693,13.01815],[77.66685,13.01316],[77.67102,13.01065],[77.67528,13.01313]]]},"properties":{"h3":"8861892e37fffff","loss":0.013,"place":null}},{"type":"Feature","geometry":{"type":"Polygon","coordinates":[[[77.68346,12.99813],[77.68354,13.00312],[77.67937,13.00563],[77.67511,13.00315],[77.67502,12.99816],[77.6792,12.99565],[77.68346,12.99813]]]},"properties":{"h3":"8861892e39fffff","loss":null,"place":null}},{"type":"Feature","geometry":{"type":"Polygon","coordinates":[[[77.67502,12.99816],[77.67511,13.00315],[77.67094,13.00566],[77.66668,13.00318],[77.66659,12.99819],[77.67077,12.99568],[77.67502,12.99816]]]},"properties":{"h3":"8861892e3bfffff","loss":0.023,"place":null}},{"type":"Feature","geometry":{"type":"Polygon","coordinates":[[[77.6878,13.0056],[77.68789,13.01059],[77.68371,13.0131],[77.67945,13.01062],[77.67937,13.00563],[77.68354,13.00312],[77.6878,13.0056]]]},"properties":{"h3":"8861892e3dfffff","loss":null,"place":null}},{"type":"Feature","geometry":{"type":"Polygon","coordinates":[[[77.71259,12.97556],[77.71268,12.98056],[77.70851,12.98307],[77.70424,12.98059],[77.70416,12.9756],[77.70833,12.97308],[77.71259,12.97556]]]},"properties":{"h3":"8861892e41fffff","loss":null,"place":null}},{"type":"Feature","geometry":{"type":"Polygon","coordinates":[[[77.70416,12.9756],[77.70424,12.98059],[77.70007,12.9831],[77.69581,12.98062],[77.69572,12.97563],[77.6999,12.97312],[77.70416,12.9756]]]},"properties":{"h3":"8861892e43fffff","loss":null,"place":null}},{"type":"Feature","geometry":{"type":"Polygon","coordinates":[[[77.71694,12.98303],[77.71703,12.98803],[77.71285,12.99054],[77.70859,12.98806],[77.70851,12.98307],[77.71268,12.98056],[77.71694,12.98303]]]},"properties":{"h3":"8861892e45fffff","loss":null,"place":null}},{"type":"Feature","geometry":{"type":"Polygon","coordinates":[[[77.70851,12.98307],[77.70859,12.98806],[77.70442,12.99057],[77.70016,12.98809],[77.70007,12.9831],[77.70424,12.98059],[77.70851,12.98307]]]},"properties":{"h3":"8861892e47fffff","loss":0.001,"place":null}},{"type":"Feature","geometry":{"type":"Polygon","coordinates":[[[77.71668,12.96806],[77.71677,12.97305],[77.71259,12.97556],[77.70833,12.97308],[77.70825,12.96809],[77.71242,12.96558],[77.71668,12.96806]]]},"properties":{"h3":"8861892e49fffff","loss":null,"place":null}},{"type":"Feature","geometry":{"type":"Polygon","coordinates":[[[77.70825,12.96809],[77.70833,12.97308],[77.70416,12.9756],[77.6999,12.97312],[77.69981,12.96813],[77.70399,12.96561],[77.70825,12.96809]]]},"properties":{"h3":"8861892e4bfffff","loss":0.028,"place":null}},{"type":"Feature","geometry":{"type":"Polygon","coordinates":[[[77.72103,12.97553],[77.72112,12.98052],[77.71694,12.98303],[77.71268,12.98056],[77.71259,12.97556],[77.71677,12.97305],[77.72103,12.97553]]]},"properties":{"h3":"8861892e4dfffff","loss":null,"place":null}},{"type":"Feature","geometry":{"type":"Polygon","coordinates":[[[77.69138,12.96816],[77.69146,12.97315],[77.68729,12.97566],[77.68303,12.97318],[77.68295,12.96819],[77.68712,12.96568],[77.69138,12.96816]]]},"properties":{"h3":"8861892e51fffff","loss":null,"place":null}},{"type":"Feature","geometry":{"type":"Polygon","coordinates":[[[77.68295,12.96819],[77.68303,12.97318],[77.67886,12.97569],[77.6746,12.97321],[77.67451,12.96822],[77.67869,12.96571],[77.68295,12.96819]]]},"properties":{"h3":"8861892e53fffff","loss":null,"place":null}},{"type":"Feature","geometry":{"type":"Polygon","coordinates":[[[77.69572,12.97563],[77.69581,12.98062],[77.69164,12.98313],[77.68738,12.98065],[77.68729,12.97566],[77.69146,12.97315],[77.69572,12.97563]]]},"properties":{"h3":"8861892e55fffff","loss":0.047,"place":null}},{"type":"Feature","geometry":{"type":"Polygon","coordinates":[[[77.68729,12.97566],[77.68738,12.98065],[77.6832,12.98316],[77.67894,12.98068],[77.67886,12.97569],[77.68303,12.97318],[77.68729,12.97566]]]},"properties":{"h3":"8861892e57fffff","loss":0.021,"place":null}},{"type":"Feature","geometry":{"type":"Polygon","coordinates":[[[77.69547,12.96066],[77.69555,12.96565],[77.69138,12.96816],[77.68712,12.96568],[77.68703,12.96069],[77.69121,12.95818],[77.69547,12.96066]]]},"properties":{"h3":"8861892e59fffff","loss":null,"place":null}},{"type":"Feature","geometry":{"type":"Polygon","coordinates":[[[77.68703,12.96069],[77.68712,12.96568],[77.68295,12.96819],[77.67869,12.96571],[77.6786,12.96072],[77.68277,12.95821],[77.68703,12.96069]]]},"properties":{"h3":"8861892e5bfffff","loss":null,"place":null}},{"type":"Feature","geometry":{"type":"Polygon","coordinates":[[[77.69981,12.96813],[77.6999,12.97312],[77.69572,12.97563],[77.69146,12.97315],[77.69138,12.96816],[77.69555,12.96565],[77.69981,12.96813]]]},"properties":{"h3":"8861892e5dfffff","loss":null,"place":null}},{"type":"Feature","geometry":{"type":"Polygon","coordinates":[[[77.7172,12.99801],[77.71729,13.003],[77.71311,13.00551],[77.70885,13.00303],[77.70876,12.99804],[77.71294,12.99553],[77.7172,12.99801]]]},"properties":{"h3":"8861892e61fffff","loss":0.027,"place":null}},{"type":"Feature","geometry":{"type":"Polygon","coordinates":[[[77.70876,12.99804],[77.70885,13.00303],[77.70467,13.00554],[77.70041,13.00306],[77.70033,12.99807],[77.7045,12.99556],[77.70876,12.99804]]]},"properties":{"h3":"8861892e63fffff","loss":0.006,"place":null}},{"type":"Feature","geometry":{"type":"Polygon","coordinates":[[[77.72155,13.00548],[77.72163,13.01047],[77.71746,13.01298],[77.7132,13.0105],[77.71311,13.00551],[77.71729,13.003],[77.72155,13.00548]]]},"properties":{"h3":"8861892e65fffff","loss":null,"place":null}},{"type":"Feature","geometry":{"type":"Polygon","coordinates":[[[77.71311,13.00551],[77.7132,13.0105],[77.70902,13.01301],[77.70476,13.01053],[77.70467,13.00554],[77.70885,13.00303],[77.71311,13.00551]]]},"properties":{"h3":"8861892e67fffff","loss":0.007,"place":null}},{"type":"Feature","geometry":{"type":"Polygon","coordinates":[[[77.72129,12.99051],[77.72138,12.9955],[77.7172,12.99801],[77.71294,12.99553],[77.71285,12.99054],[77.71703,12.98803],[77.72129,12.99051]]]},"properties":{"h3":"8861892e69fffff","loss":0.006,"place":null}},{"type":"Feature","geometry":{"type":"Polygon","coordinates":[[[77.71285,12.99054],[77.71294,12.99553],[77.70876,12.99804],[77.7045,12.99556],[77.70442,12.99057],[77.70859,12.98806],[77.71285,12.99054]]]},"properties":{"h3":"8861892e6bfffff","loss":0.002,"place":null}},{"type":"Feature","geometry":{"type":"Polygon","coordinates":[[[77.72564,12.99798],[77.72572,13.00297],[77.72155,13.00548],[77.71729,13.003],[77.7172,12.99801],[77.72138,12.9955],[77.72564,12.99798]]]},"properties":{"h3":"8861892e6dfffff","loss":0.009,"place":null}},{"type":"Feature","geometry":{"type":"Polygon","coordinates":[[[77.63696,12.99081],[77.63704,12.9958],[77.63287,12.99831],[77.62861,12.99583],[77.62853,12.99084],[77.6327,12.98833],[77.63696,12.99081]]]},"properties":{"h3":"8861892e81fffff","loss":0.011,"place":null}},{"type":"Feature","geometry":{"type":"Polygon","coordinates":[[[77.62853,12.99084],[77.62861,12.99583],[77.62444,12.99834],[77.62018,12.99586],[77.6201,12.99087],[77.62427,12.98836],[77.62853,12.99084]]]},"properties":{"h3":"8861892e83fffff","loss":0.007,"place":null}},{"type":"Feature","geometry":{"type":"Polygon","coordinates":[[[77.6413,12.99828],[77.64138,13.00327],[77.63721,13.00578],[77.63295,13.0033],[77.63287,12.99831],[77.63704,12.9958],[77.6413,12.99828]]]},"properties":{"h3":"8861892e85fffff","loss":0.005,"place":null}},{"type":"Feature","geometry":{"type":"Polygon","coordinates":[[[77.63287,12.99831],[77.63295,13.0033],[77.62878,13.00581],[77.62452,13.00333],[77.62444,12.99834],[77.62861,12.99583],[77.63287,12.99831]]]},"properties":{"h3":"8861892e87fffff","loss":0.009,"place":null}},{"type":"Feature","geometry":{"type":"Polygon","coordinates":[[[77.64104,12.98331],[77.64113,12.9883],[77.63696,12.99081],[77.6327,12.98833],[77.63261,12.98334],[77.63679,12.98083],[77.64104,12.98331]]]},"properties":{"h3":"8861892e89fffff","loss":null,"place":null}},{"type":"Feature","geometry":{"type":"Polygon","coordinates":[[[77.63261,12.98334],[77.6327,12.98833],[77.62853,12.99084],[77.62427,12.98836],[77.62419,12.98337],[77.62836,12.98086],[77.63261,12.98334]]]},"properties":{"h3":"8861892e8bfffff","loss":null,"place":null}},{"type":"Feature","geometry":{"type":"Polygon","coordinates":[[[77.64539,12.99078],[77.64547,12.99577],[77.6413,12.99828],[77.63704,12.9958],[77.63696,12.99081],[77.64113,12.9883],[77.64539,12.99078]]]},"properties":{"h3":"8861892e8dfffff","loss":null,"place":null}},{"type":"Feature","geometry":{"type":"Polygon","coordinates":[[[77.61576,12.9834],[77.61584,12.98839],[77.61167,12.9909],[77.60742,12.98842],[77.60733,12.98343],[77.6115,12.98092],[77.61576,12.9834]]]},"properties":{"h3":"8861892e91fffff","loss":0.022,"place":null}},{"type":"Feature","geometry":{"type":"Polygon","coordinates":[[[77.60733,12.98343],[77.60742,12.98842],[77.60325,12.99093],[77.59899,12.98845],[77.59891,12.98346],[77.60308,12.98095],[77.60733,12.98343]]]},"properties":{"h3":"8861892e93fffff","loss":0.026,"place":null}},{"type":"Feature","geometry":{"type":"Polygon","coordinates":[[[77.6201,12.99087],[77.62018,12.99586],[77.61601,12.99837],[77.61176,12.99589],[77.61167,12.9909],[77.61584,12.98839],[77.6201,12.99087]]]},"properties":{"h3":"8861892e95fffff","loss":null,"place":null}},{"type":"Feature","geometry":{"type":"Polygon","coordinates":[[[77.61167,12.9909],[77.61176,12.99589],[77.60758,12.99839],[77.60333,12.99591],[77.60325,12.99093],[77.60742,12.98842],[77.61167,12.9909]]]},"properties":{"h3":"8861892e97fffff","loss":0.04,"place":null}},{"type":"Feature","geometry":{"type":"Polygon","coordinates":[[[77.61985,12.9759],[77.61993,12.98089],[77.61576,12.9834],[77.6115,12.98092],[77.61142,12.97593],[77.61559,12.97342],[77.61985,12.9759]]]},"properties":{"h3":"8861892e99fffff","loss":null,"place":null}},{"type":"Feature","geometry":{"type":"Polygon","coordinates":[[[77.61142,12.97593],[77.6115,12.98092],[77.60733,12.98343],[77.60308,12.98095],[77.60299,12.97596],[77.60716,12.97345],[77.61142,12.97593]]]},"properties":{"h3":"8861892e9bfffff","loss":0.025,"place":null}},{"type":"Feature","geometry":{"type":"Polygon","coordinates":[[[77.62419,12.98337],[77.62427,12.98836],[77.6201,12.99087],[77.61584,12.98839],[77.61576,12.9834],[77.61993,12.98089],[77.62419,12.98337]]]},"properties":{"h3":"8861892e9dfffff","loss":0.024,"place":null}},{"type":"Feature","geometry":{"type":"Polygon","coordinates":[[[77.64155,13.01325],[77.64164,13.01824],[77.63746,13.02074],[77.63321,13.01826],[77.63312,13.01327],[77.63729,13.01077],[77.64155,13.01325]]]},"properties":{"h3":"8861892ea1fffff","loss":0.005,"place":null}},{"type":"Feature","geometry":{"type":"Polygon","coordinates":[[[77.63312,13.01327],[77.63321,13.01826],[77.62903,13.02077],[77.62478,13.01829],[77.62469,13.0133],[77.62887,13.01079],[77.63312,13.01327]]]},"properties":{"h3":"8861892ea3fffff","loss":null,"place":null}},{"type":"Feature","geometry":{"type":"Polygon","coordinates":[[[77.64589,13.02072],[77.64598,13.0257],[77.64181,13.02821],[77.63755,13.02573],[77.63746,13.02074],[77.64164,13.01824],[77.64589,13.02072]]]},"properties":{"h3":"8861892ea5fffff","loss":0.005,"place":null}},{"type":"Feature","geometry":{"type":"Polygon","coordinates":[[[77.63746,13.02074],[77.63755,13.02573],[77.63338,13.02824],[77.62912,13.02576],[77.62903,13.02077],[77.63321,13.01826],[77.63746,13.02074]]]},"properties":{"h3":"8861892ea7fffff","loss":null,"place":null}},{"type":"Feature","geometry":{"type":"Polygon","coordinates":[[[77.64564,13.00575],[77.64573,13.01074],[77.64155,13.01325],[77.63729,13.01077],[77.63721,13.00578],[77.64138,13.00327],[77.64564,13.00575]]]},"properties":{"h3":"8861892ea9fffff","loss":0.023,"place":null}},{"type":"Feature","geometry":{"type":"Polygon","coordinates":[[[77.63721,13.00578],[77.63729,13.01077],[77.63312,13.01327],[77.62887,13.01079],[77.62878,13.00581],[77.63295,13.0033],[77.63721,13.00578]]]},"properties":{"h3":"8861892eabfffff","loss":0.016,"place":null}},{"type":"Feature","geometry":{"type":"Polygon","coordinates":[[[77.64998,13.01322],[77.65007,13.01821],[77.64589,13.02072],[77.64164,13.01824],[77.64155,13.01325],[77.64573,13.01074],[77.64998,13.01322]]]},"properties":{"h3":"8861892eadfffff","loss":null,"place":null}},{"type":"Feature","geometry":{"type":"Polygon","coordinates":[[[77.62035,13.00583],[77.62044,13.01082],[77.61626,13.01333],[77.61201,13.01085],[77.61192,13.00586],[77.6161,13.00335],[77.62035,13.00583]]]},"properties":{"h3":"8861892eb1fffff","loss":0.008,"place":null}},{"type":"Feature","geometry":{"type":"Polygon","coordinates":[[[77.61192,13.00586],[77.61201,13.01085],[77.60784,13.01336],[77.60358,13.01088],[77.6035,13.00589],[77.60767,13.00338],[77.61192,13.00586]]]},"properties":{"h3":"8861892eb3fffff","loss":null,"place":null}},{"type":"Feature","geometry":{"type":"Polygon","coordinates":[[[77.62469,13.0133],[77.62478,13.01829],[77.62061,13.0208],[77.61635,13.01832],[77.61626,13.01333],[77.62044,13.01082],[77.62469,13.0133]]]},"properties":{"h3":"8861892eb5fffff","loss":0.029,"place":null}},{"type":"Feature","geometry":{"type":"Polygon","coordinates":[[[77.61626,13.01333],[77.61635,13.01832],[77.61218,13.02083],[77.60792,13.01835],[77.60784,13.01336],[77.61201,13.01085],[77.61626,13.01333]]]},"properties":{"h3":"8861892eb7fffff","loss":0.004,"place":null}},{"type":"Feature","geometry":{"type":"Polygon","coordinates":[[[77.62444,12.99834],[77.62452,13.00333],[77.62035,13.00583],[77.6161,13.00335],[77.61601,12.99837],[77.62018,12.99586],[77.62444,12.99834]]]},"properties":{"h3":"8861892eb9fffff","loss":0.034,"place":null}},{"type":"Feature","geometry":{"type":"Polygon","coordinates":[[[77.61601,12.99837],[77.6161,13.00335],[77.61192,13.00586],[77.60767,13.00338],[77.60758,12.99839],[77.61176,12.99589],[77.61601,12.99837]]]},"properties":{"h3":"8861892ebbfffff","loss":0.034,"place":null}},{"type":"Feature","geometry":{"type":"Polygon","coordinates":[[[77.62878,13.00581],[77.62887,13.01079],[77.62469,13.0133],[77.62044,13.01082],[77.62035,13.00583],[77.62452,13.00333],[77.62878,13.00581]]]},"properties":{"h3":"8861892ebdfffff","loss":0.017,"place":null}},{"type":"Feature","geometry":{"type":"Polygon","coordinates":[[[77.65356,12.97578],[77.65365,12.98077],[77.64947,12.98328],[77.64522,12.9808],[77.64513,12.97581],[77.6493,12.9733],[77.65356,12.97578]]]},"properties":{"h3":"8861892ec1fffff","loss":null,"place":null}},{"type":"Feature","geometry":{"type":"Polygon","coordinates":[[[77.64513,12.97581],[77.64522,12.9808],[77.64104,12.98331],[77.63679,12.98083],[77.6367,12.97584],[77.64087,12.97333],[77.64513,12.97581]]]},"properties":{"h3":"8861892ec3fffff","loss":0.012,"place":null}},{"type":"Feature","geometry":{"type":"Polygon","coordinates":[[[77.6579,12.98325],[77.65799,12.98824],[77.65382,12.99075],[77.64956,12.98827],[77.64947,12.98328],[77.65365,12.98077],[77.6579,12.98325]]]},"properties":{"h3":"8861892ec5fffff","loss":0.004,"place":null}},{"type":"Feature","geometry":{"type":"Polygon","coordinates":[[[77.64947,12.98328],[77.64956,12.98827],[77.64539,12.99078],[77.64113,12.9883],[77.64104,12.98331],[77.64522,12.9808],[77.64947,12.98328]]]},"properties":{"h3":"8861892ec7fffff","loss":0.004,"place":null}},{"type":"Feature","geometry":{"type":"Polygon","coordinates":[[[77.65765,12.96828],[77.65773,12.97327],[77.65356,12.97578],[77.6493,12.9733],[77.64922,12.96832],[77.65339,12.9658],[77.65765,12.96828]]]},"properties":{"h3":"8861892ec9fffff","loss":0.015,"place":null}},{"type":"Feature","geometry":{"type":"Polygon","coordinates":[[[77.64922,12.96832],[77.6493,12.9733],[77.64513,12.97581],[77.64087,12.97333],[77.64079,12.96835],[77.64496,12.96584],[77.64922,12.96832]]]},"properties":{"h3":"8861892ecbfffff","loss":0.011,"place":null}},{"type":"Feature","geometry":{"type":"Polygon","coordinates":[[[77.66199,12.97575],[77.66208,12.98074],[77.6579,12.98325],[77.65365,12.98077],[77.65356,12.97578],[77.65773,12.97327],[77.66199,12.97575]]]},"properties":{"h3":"8861892ecdfffff","loss":0.005,"place":null}},{"type":"Feature","geometry":{"type":"Polygon","coordinates":[[[77.63236,12.96838],[77.63245,12.97336],[77.62827,12.97587],[77.62402,12.97339],[77.62393,12.96841],[77.6281,12.9659],[77.63236,12.96838]]]},"properties":{"h3":"8861892ed1fffff","loss":0.015,"place":null}},{"type":"Feature","geometry":{"type":"Polygon","coordinates":[[[77.62393,12.96841],[77.62402,12.97339],[77.61985,12.9759],[77.61559,12.97342],[77.61551,12.96844],[77.61968,12.96593],[77.62393,12.96841]]]},"properties":{"h3":"8861892ed3fffff","loss":0.003,"place":null}},{"type":"Feature","geometry":{"type":"Polygon","coordinates":[[[77.6367,12.97584],[77.63679,12.98083],[77.63261,12.98334],[77.62836,12.98086],[77.62827,12.97587],[77.63245,12.97336],[77.6367,12.97584]]]},"properties":{"h3":"8861892ed5fffff","loss":0.035,"place":null}},{"type":"Feature","geometry":{"type":"Polygon","coordinates":[[[77.62827,12.97587],[77.62836,12.98086],[77.62419,12.98337],[77.61993,12.98089],[77.61985,12.9759],[77.62402,12.97339],[77.62827,12.97587]]]},"properties":{"h3":"8861892ed7fffff","loss":0.023,"place":null}},{"type":"Feature","geometry":{"type":"Polygon","coordinates":[[[77.63645,12.96088],[77.63653,12.96587],[77.63236,12.96838],[77.6281,12.9659],[77.62802,12.96091],[77.63219,12.9584],[77.63645,12.96088]]]},"properties":{"h3":"8861892ed9fffff","loss":0.033,"place":null}},{"type":"Feature","geometry":{"type":"Polygon","coordinates":[[[77.62802,12.96091],[77.6281,12.9659],[77.62393,12.96841],[77.61968,12.96593],[77.61959,12.96094],[77.62376,12.95843],[77.62802,12.96091]]]},"properties":{"h3":"8861892edbfffff","loss":null,"place":null}},{"type":"Feature","geometry":{"type":"Polygon","coordinates":[[[77.64079,12.96835],[77.64087,12.97333],[77.6367,12.97584],[77.63245,12.97336],[77.63236,12.96838],[77.63653,12.96587],[77.64079,12.96835]]]},"properties":{"h3":"8861892eddfffff","loss":0.012,"place":null}},{"type":"Feature","geometry":{"type":"Polygon","coordinates":[[[77.65816,12.99822],[77.65824,13.00321],[77.65407,13.00572],[77.64981,13.00324],[77.64973,12.99825],[77.6539,12.99574],[77.65816,12.99822]]]},"properties":{"h3":"8861892ee1fffff","loss":null,"place":null}},{"type":"Feature","geometry":{"type":"Polygon","coordinates":[[[77.64973,12.99825],[77.64981,13.00324],[77.64564,13.00575],[77.64138,13.00327],[77.6413,12.99828],[77.64547,12.99577],[77.64973,12.99825]]]},"properties":{"h3":"8861892ee3fffff","loss":null,"place":null}},{"type":"Feature","geometry":{"type":"Polygon","coordinates":[[[77.6625,13.00569],[77.66259,13.01068],[77.65841,13.01319],[77.65416,13.01071],[77.65407,13.00572],[77.65824,13.00321],[77.6625,13.00569]]]},"properties":{"h3":"8861892ee5fffff","loss":0.013,"place":null}},{"type":"Feature","geometry":{"type":"Polygon","coordinates":[[[77.65407,13.00572],[77.65416,13.01071],[77.64998,13.01322],[77.64573,13.01074],[77.64564,13.00575],[77.64981,13.00324],[77.65407,13.00572]]]},"properties":{"h3":"8861892ee7fffff","loss":0.005,"place":null}},{"type":"Feature","geometry":{"type":"Polygon","coordinates":[[[77.66225,12.99072],[77.66233,12.99571],[77.65816,12.99822],[77.6539,12.99574],[77.65382,12.99075],[77.65799,12.98824],[77.66225,12.99072]]]},"properties":{"h3":"8861892ee9fffff","loss":0.02,"place":null}},{"type":"Feature","geometry":{"type":"Polygon","coordinates":[[[77.65382,12.99075],[77.6539,12.99574],[77.64973,12.99825],[77.64547,12.99577],[77.64539,12.99078],[77.64956,12.98827],[77.65382,12.99075]]]},"properties":{"h3":"8861892eebfffff","loss":null,"place":null}},{"type":"Feature","geometry":{"type":"Polygon","coordinates":[[[77.66659,12.99819],[77.66668,13.00318],[77.6625,13.00569],[77.65824,13.00321],[77.65816,12.99822],[77.66233,12.99571],[77.66659,12.99819]]]},"properties":{"h3":"8861892eedfffff","loss":0.008,"place":null}},{"type":"Feature","geometry":{"type":"Polygon","coordinates":[[[77.72641,13.0429],[77.7265,13.04789],[77.72232,13.0504],[77.71806,13.04792],[77.71797,13.04293],[77.72215,13.04042],[77.72641,13.0429]]]},"properties":{"h3":"8861892f01fffff","loss":0.054,"place":null}},{"type":"Feature","geometry":{"type":"Polygon","coordinates":[[[77.71797,13.04293],[77.71806,13.04792],[77.71388,13.05043],[77.70962,13.04795],[77.70954,13.04296],[77.71371,13.04045],[77.71797,13.04293]]]},"properties":{"h3":"8861892f03fffff","loss":0.118,"place":"hirandahalli"}},{"type":"Feature","geometry":{"type":"Polygon","coordinates":[[[77.73076,13.05037],[77.73085,13.05536],[77.72667,13.05787],[77.72241,13.05539],[77.72232,13.0504],[77.7265,13.04789],[77.73076,13.05037]]]},"properties":{"h3":"8861892f05fffff","loss":0.037,"place":null}},{"type":"Feature","geometry":{"type":"Polygon","coordinates":[[[77.72232,13.0504],[77.72241,13.05539],[77.71823,13.0579],[77.71397,13.05542],[77.71388,13.05043],[77.71806,13.04792],[77.72232,13.0504]]]},"properties":{"h3":"8861892f07fffff","loss":0.048,"place":null}},{"type":"Feature","geometry":{"type":"Polygon","coordinates":[[[77.7305,13.0354],[77.73059,13.04039],[77.72641,13.0429],[77.72215,13.04042],[77.72206,13.03543],[77.72624,13.03291],[77.7305,13.0354]]]},"properties":{"h3":"8861892f09fffff","loss":0.017,"place":null}},{"type":"Feature","geometry":{"type":"Polygon","coordinates":[[[77.72206,13.03543],[77.72215,13.04042],[77.71797,13.04293],[77.71371,13.04045],[77.71363,13.03545],[77.7178,13.03294],[77.72206,13.03543]]]},"properties":{"h3":"8861892f0bfffff","loss":0.015,"place":null}},{"type":"Feature","geometry":{"type":"Polygon","coordinates":[[[77.73485,13.04287],[77.73494,13.04786],[77.73076,13.05037],[77.7265,13.04789],[77.72641,13.0429],[77.73059,13.04039],[77.73485,13.04287]]]},"properties":{"h3":"8861892f0dfffff","loss":null,"place":null}},{"type":"Feature","geometry":{"type":"Polygon","coordinates":[[[77.70519,13.03548],[77.70527,13.04047],[77.7011,13.04298],[77.69684,13.0405],[77.69675,13.03551],[77.70093,13.033],[77.70519,13.03548]]]},"properties":{"h3":"8861892f11fffff","loss":0.048,"place":null}},{"type":"Feature","geometry":{"type":"Polygon","coordinates":[[[77.69675,13.03551],[77.69684,13.0405],[77.69266,13.04301],[77.6884,13.04053],[77.68832,13.03554],[77.69249,13.03303],[77.69675,13.03551]]]},"properties":{"h3":"8861892f13fffff","loss":0.048,"place":null}},{"type":"Feature","geometry":{"type":"Polygon","coordinates":[[[77.70954,13.04296],[77.70962,13.04795],[77.70545,13.05046],[77.70118,13.04797],[77.7011,13.04298],[77.70527,13.04047],[77.70954,13.04296]]]},"properties":{"h3":"8861892f15fffff","loss":0.018,"place":null}},{"type":"Feature","geometry":{"type":"Polygon","coordinates":[[[77.7011,13.04298],[77.70118,13.04797],[77.69701,13.05048],[77.69275,13.048],[77.69266,13.04301],[77.69684,13.0405],[77.7011,13.04298]]]},"properties":{"h3":"8861892f17fffff","loss":0.145,"place":null}},{"type":"Feature","geometry":{"type":"Polygon","coordinates":[[[77.70928,13.02798],[77.70936,13.03297],[77.70519,13.03548],[77.70093,13.033],[77.70084,13.02801],[77.70502,13.0255],[77.70928,13.02798]]]},"properties":{"h3":"8861892f19fffff","loss":0.008,"place":null}},{"type":"Feature","geometry":{"type":"Polygon","coordinates":[[[77.70084,13.02801],[77.70093,13.033],[77.69675,13.03551],[77.69249,13.03303],[77.69241,13.02804],[77.69658,13.02553],[77.70084,13.02801]]]},"properties":{"h3":"8861892f1bfffff","loss":0.0,"place":null}},{"type":"Feature","geometry":{"type":"Polygon","coordinates":[[[77.71363,13.03545],[77.71371,13.04045],[77.70954,13.04296],[77.70527,13.04047],[77.70519,13.03548],[77.70936,13.03297],[77.71363,13.03545]]]},"properties":{"h3":"8861892f1dfffff","loss":0.027,"place":null}},{"type":"Feature","geometry":{"type":"Polygon","coordinates":[[[77.73102,13.06534],[77.73111,13.07033],[77.72693,13.07284],[77.72267,13.07036],[77.72258,13.06537],[77.72676,13.06286],[77.73102,13.06534]]]},"properties":{"h3":"8861892f21fffff","loss":0.032,"place":null}},{"type":"Feature","geometry":{"type":"Polygon","coordinates":[[[77.72258,13.06537],[77.72267,13.07036],[77.71849,13.07287],[77.71423,13.07039],[77.71414,13.0654],[77.71832,13.06289],[77.72258,13.06537]]]},"properties":{"h3":"8861892f23fffff","loss":0.047,"place":null}},{"type":"Feature","geometry":{"type":"Polygon","coordinates":[[[77.73537,13.07281],[77.73546,13.0778],[77.73128,13.08031],[77.72702,13.07783],[77.72693,13.07284],[77.73111,13.07033],[77.73537,13.07281]]]},"properties":{"h3":"8861892f25fffff","loss":null,"place":null}},{"type":"Feature","geometry":{"type":"Polygon","coordinates":[[[77.72693,13.07284],[77.72702,13.07783],[77.72284,13.08034],[77.71858,13.07786],[77.71849,13.07287],[77.72267,13.07036],[77.72693,13.07284]]]},"properties":{"h3":"8861892f27fffff","loss":0.032,"place":null}},{"type":"Feature","geometry":{"type":"Polygon","coordinates":[[[77.73511,13.05784],[77.7352,13.06283],[77.73102,13.06534],[77.72676,13.06286],[77.72667,13.05787],[77.73085,13.05536],[77.73511,13.05784]]]},"properties":{"h3":"8861892f29fffff","loss":null,"place":null}},{"type":"Feature","geometry":{"type":"Polygon","coordinates":[[[77.72667,13.05787],[77.72676,13.06286],[77.72258,13.06537],[77.71832,13.06289],[77.71823,13.0579],[77.72241,13.05539],[77.72667,13.05787]]]},"properties":{"h3":"8861892f2bfffff","loss":0.101,"place":null}},{"type":"Feature","geometry":{"type":"Polygon","coordinates":[[[77.73946,13.06531],[77.73955,13.0703],[77.73537,13.07281],[77.73111,13.07033],[77.73102,13.06534],[77.7352,13.06283],[77.73946,13.06531]]]},"properties":{"h3":"8861892f2dfffff","loss":null,"place":null}},{"type":"Feature","geometry":{"type":"Polygon","coordinates":[[[77.70979,13.05793],[77.70988,13.06292],[77.7057,13.06543],[77.70144,13.06295],[77.70136,13.05795],[77.70553,13.05545],[77.70979,13.05793]]]},"properties":{"h3":"8861892f31fffff","loss":0.061,"place":null}},{"type":"Feature","geometry":{"type":"Polygon","coordinates":[[[77.70136,13.05795],[77.70144,13.06295],[77.69727,13.06545],[77.693,13.06297],[77.69292,13.05798],[77.69709,13.05547],[77.70136,13.05795]]]},"properties":{"h3":"8861892f33fffff","loss":0.012,"place":null}},{"type":"Feature","geometry":{"type":"Polygon","coordinates":[[[77.71414,13.0654],[77.71423,13.07039],[77.71005,13.0729],[77.70579,13.07042],[77.7057,13.06543],[77.70988,13.06292],[77.71414,13.0654]]]},"properties":{"h3":"8861892f35fffff","loss":0.038,"place":null}},{"type":"Feature","geometry":{"type":"Polygon","coordinates":[[[77.7057,13.06543],[77.70579,13.07042],[77.70161,13.07293],[77.69735,13.07044],[77.69727,13.06545],[77.70144,13.06295],[77.7057,13.06543]]]},"properties":{"h3":"8861892f37fffff","loss":0.032,"place":null}},{"type":"Feature","geometry":{"type":"Polygon","coordinates":[[[77.71388,13.05043],[77.71397,13.05542],[77.70979,13.05793],[77.70553,13.05545],[77.70545,13.05046],[77.70962,13.04795],[77.71388,13.05043]]]},"properties":{"h3":"8861892f39fffff","loss":0.045,"place":null}},{"type":"Feature","geometry":{"type":"Polygon","coordinates":[[[77.70545,13.05046],[77.70553,13.05545],[77.70136,13.05795],[77.69709,13.05547],[77.69701,13.05048],[77.70118,13.04797],[77.70545,13.05046]]]},"properties":{"h3":"8861892f3bfffff","loss":0.091,"place":null}},{"type":"Feature","geometry":{"type":"Polygon","coordinates":[[[77.71823,13.0579],[77.71832,13.06289],[77.71414,13.0654],[77.70988,13.06292],[77.70979,13.05793],[77.71397,13.05542],[77.71823,13.0579]]]},"properties":{"h3":"8861892f3dfffff","loss":0.04,"place":null}},{"type":"Feature","geometry":{"type":"Polygon","coordinates":[[[77.74303,13.02786],[77.74312,13.03285],[77.73894,13.03536],[77.73468,13.03288],[77.73459,13.02789],[77.73877,13.02538],[77.74303,13.02786]]]},"properties":{"h3":"8861892f41fffff","loss":0.047,"place":null}},{"type":"Feature","geometry":{"type":"Polygon","coordinates":[[[77.73459,13.02789],[77.73468,13.03288],[77.7305,13.0354],[77.72624,13.03291],[77.72615,13.02792],[77.73033,13.02541],[77.73459,13.02789]]]},"properties":{"h3":"8861892f43fffff","loss":0.041,"place":null}},{"type":"Feature","geometry":{"type":"Polygon","coordinates":[[[77.74738,13.03533],[77.74747,13.04033],[77.74329,13.04284],[77.73903,13.04036],[77.73894,13.03536],[77.74312,13.03285],[77.74738,13.03533]]]},"properties":{"h3":"8861892f45fffff","loss":null,"place":null}},{"type":"Feature","geometry":{"type":"Polygon","coordinates":[[[77.73894,13.03536],[77.73903,13.04036],[77.73485,13.04287],[77.73059,13.04039],[77.7305,13.0354],[77.73468,13.03288],[77.73894,13.03536]]]},"properties":{"h3":"8861892f47fffff","loss":null,"place":null}},{"type":"Feature","geometry":{"type":"Polygon","coordinates":[[[77.74712,13.02036],[77.74721,13.02535],[77.74303,13.02786],[77.73877,13.02538],[77.73868,13.02039],[77.74286,13.01788],[77.74712,13.02036]]]},"properties":{"h3":"8861892f49fffff","loss":0.068,"place":null}},{"type":"Feature","geometry":{"type":"Polygon","coordinates":[[[77.73868,13.02039],[77.73877,13.02538],[77.73459,13.02789],[77.73033,13.02541],[77.73024,13.02042],[77.73442,13.01791],[77.73868,13.02039]]]},"properties":{"h3":"8861892f4bfffff","loss":null,"place":null}},{"type":"Feature","geometry":{"type":"Polygon","coordinates":[[[77.75147,13.02783],[77.75156,13.03282],[77.74738,13.03533],[77.74312,13.03285],[77.74303,13.02786],[77.74721,13.02535],[77.75147,13.02783]]]},"properties":{"h3":"8861892f4dfffff","loss":0.02,"place":null}},{"type":"Feature","geometry":{"type":"Polygon","coordinates":[[[77.72181,13.02045],[77.72189,13.02544],[77.71772,13.02795],[77.71345,13.02547],[77.71337,13.02048],[77.71754,13.01797],[77.72181,13.02045]]]},"properties":{"h3":"8861892f51fffff","loss":0.013,"place":null}},{"type":"Feature","geometry":{"type":"Polygon","coordinates":[[[77.71337,13.02048],[77.71345,13.02547],[77.70928,13.02798],[77.70502,13.0255],[77.70493,13.02051],[77.70911,13.018],[77.71337,13.02048]]]},"properties":{"h3":"8861892f53fffff","loss":null,"place":null}},{"type":"Feature","geometry":{"type":"Polygon","coordinates":[[[77.72615,13.02792],[77.72624,13.03291],[77.72206,13.03543],[77.7178,13.03294],[77.71772,13.02795],[77.72189,13.02544],[77.72615,13.02792]]]},"properties":{"h3":"8861892f55fffff","loss":0.072,"place":null}},{"type":"Feature","geometry":{"type":"Polygon","coordinates":[[[77.71772,13.02795],[77.7178,13.03294],[77.71363,13.03545],[77.70936,13.03297],[77.70928,13.02798],[77.71345,13.02547],[77.71772,13.02795]]]},"properties":{"h3":"8861892f57fffff","loss":0.033,"place":null}},{"type":"Feature","geometry":{"type":"Polygon","coordinates":[[[77.7259,13.01295],[77.72598,13.01794],[77.72181,13.02045],[77.71754,13.01797],[77.71746,13.01298],[77.72163,13.01047],[77.7259,13.01295]]]},"properties":{"h3":"8861892f59fffff","loss":0.014,"place":null}},{"type":"Feature","geometry":{"type":"Polygon","coordinates":[[[77.71746,13.01298],[77.71754,13.01797],[77.71337,13.02048],[77.70911,13.018],[77.70902,13.01301],[77.7132,13.0105],[77.71746,13.01298]]]},"properties":{"h3":"8861892f5bfffff","loss":0.003,"place":null}},{"type":"Feature","geometry":{"type":"Polygon","coordinates":[[[77.73024,13.02042],[77.73033,13.02541],[77.72615,13.02792],[77.72189,13.02544],[77.72181,13.02045],[77.72598,13.01794],[77.73024,13.02042]]]},"properties":{"h3":"8861892f5dfffff","loss":0.053,"place":null}},{"type":"Feature","geometry":{"type":"Polygon","coordinates":[[[77.74764,13.05031],[77.74773,13.0553],[77.74355,13.05781],[77.73929,13.05533],[77.7392,13.05034],[77.74338,13.04783],[77.74764,13.05031]]]},"properties":{"h3":"8861892f61fffff","loss":0.019,"place":null}},{"type":"Feature","geometry":{"type":"Polygon","coordinates":[[[77.7392,13.05034],[77.73929,13.05533],[77.73511,13.05784],[77.73085,13.05536],[77.73076,13.05037],[77.73494,13.04786],[77.7392,13.05034]]]},"properties":{"h3":"8861892f63fffff","loss":0.051,"place":null}},{"type":"Feature","geometry":{"type":"Polygon","coordinates":[[[77.75199,13.05778],[77.75208,13.06277],[77.7479,13.06528],[77.74364,13.0628],[77.74355,13.05781],[77.74773,13.0553],[77.75199,13.05778]]]},"properties":{"h3":"8861892f65fffff","loss":0.029,"place":null}},{"type":"Feature","geometry":{"type":"Polygon","coordinates":[[[77.74355,13.05781],[77.74364,13.0628],[77.73946,13.06531],[77.7352,13.06283],[77.73511,13.05784],[77.73929,13.05533],[77.74355,13.05781]]]},"properties":{"h3":"8861892f67fffff","loss":0.024,"place":null}},{"type":"Feature","geometry":{"type":"Polygon","coordinates":[[[77.75173,13.04281],[77.75182,13.0478],[77.74764,13.05031],[77.74338,13.04783],[77.74329,13.04284],[77.74747,13.04033],[77.75173,13.04281]]]},"properties":{"h3":"8861892f69fffff","loss":0.05,"place":null}},{"type":"Feature","geometry":{"type":"Polygon","coordinates":[[[77.74329,13.04284],[77.74338,13.04783],[77.7392,13.05034],[77.73494,13.04786],[77.73485,13.04287],[77.73903,13.04036],[77.74329,13.04284]]]},"properties":{"h3":"8861892f6bfffff","loss":0.057,"place":null}},{"type":"Feature","geometry":{"type":"Polygon","coordinates":[[[77.75609,13.05028],[77.75617,13.05527],[77.75199,13.05778],[77.74773,13.0553],[77.74764,13.05031],[77.75182,13.0478],[77.75609,13.05028]]]},"properties":{"h3":"8861892f6dfffff","loss":0.04,"place":null}},{"type":"Feature","geometry":{"type":"Polygon","coordinates":[[[77.82022,12.85525],[77.82031,12.86025],[77.81613,12.86276],[77.81187,12.86029],[77.81178,12.85529],[77.81596,12.85278],[77.82022,12.85525]]]},"properties":{"h3":"88618930b7fffff","loss":null,"place":null}},{"type":"Feature","geometry":{"type":"Polygon","coordinates":[[[77.84173,12.87763],[77.84182,12.88262],[77.83764,12.88514],[77.83337,12.88266],[77.83328,12.87767],[77.83746,12.87515],[77.84173,12.87763]]]},"properties":{"h3":"8861893193fffff","loss":0.032,"place":null}},{"type":"Feature","geometry":{"type":"Polygon","coordinates":[[[77.84609,12.8851],[77.84617,12.89009],[77.84199,12.89261],[77.83773,12.89014],[77.83764,12.88514],[77.84182,12.88262],[77.84609,12.8851]]]},"properties":{"h3":"8861893197fffff","loss":0.011,"place":null}},{"type":"Feature","geometry":{"type":"Polygon","coordinates":[[[77.8548,12.90004],[77.85489,12.90504],[77.85071,12.90756],[77.84644,12.90508],[77.84635,12.90009],[77.85053,12.89757],[77.8548,12.90004]]]},"properties":{"h3":"88618931b1fffff","loss":null,"place":null}},{"type":"Feature","geometry":{"type":"Polygon","coordinates":[[[77.84635,12.90009],[77.84644,12.90508],[77.84226,12.9076],[77.83799,12.90512],[77.8379,12.90013],[77.84208,12.89761],[77.84635,12.90009]]]},"properties":{"h3":"88618931b3fffff","loss":0.045,"place":null}},{"type":"Feature","geometry":{"type":"Polygon","coordinates":[[[77.85915,12.90752],[77.85924,12.91251],[77.85506,12.91503],[77.85079,12.91255],[77.85071,12.90756],[77.85489,12.90504],[77.85915,12.90752]]]},"properties":{"h3":"88618931b5fffff","loss":0.048,"place":null}},{"type":"Feature","geometry":{"type":"Polygon","coordinates":[[[77.85071,12.90756],[77.85079,12.91255],[77.84661,12.91507],[77.84235,12.91259],[77.84226,12.9076],[77.84644,12.90508],[77.85071,12.90756]]]},"properties":{"h3":"88618931b7fffff","loss":0.017,"place":null}},{"type":"Feature","geometry":{"type":"Polygon","coordinates":[[[77.85044,12.89257],[77.85053,12.89757],[77.84635,12.90009],[77.84208,12.89761],[77.84199,12.89261],[77.84617,12.89009],[77.85044,12.89257]]]},"properties":{"h3":"88618931bbfffff","loss":0.014,"place":null}},{"type":"Feature","geometry":{"type":"Polygon","coordinates":[[[77.7348,12.79574],[77.73489,12.80073],[77.73071,12.80325],[77.72645,12.80077],[77.72637,12.79578],[77.73054,12.79326],[77.7348,12.79574]]]},"properties":{"h3":"8861893431fffff","loss":null,"place":null}},{"type":"Feature","geometry":{"type":"Polygon","coordinates":[[[77.72637,12.79578],[77.72645,12.80077],[77.72228,12.80329],[77.71802,12.80082],[77.71793,12.79582],[77.72211,12.79331],[77.72637,12.79578]]]},"properties":{"h3":"8861893433fffff","loss":null,"place":null}},{"type":"Feature","geometry":{"type":"Polygon","coordinates":[[[77.73915,12.80321],[77.73923,12.8082],[77.73506,12.81072],[77.7308,12.80824],[77.73071,12.80325],[77.73489,12.80073],[77.73915,12.80321]]]},"properties":{"h3":"8861893435fffff","loss":null,"place":null}},{"type":"Feature","geometry":{"type":"Polygon","coordinates":[[[77.73071,12.80325],[77.7308,12.80824],[77.72662,12.81076],[77.72237,12.80828],[77.72228,12.80329],[77.72645,12.80077],[77.73071,12.80325]]]},"properties":{"h3":"8861893437fffff","loss":null,"place":null}},{"type":"Feature","geometry":{"type":"Polygon","coordinates":[[[77.69239,12.78097],[77.69247,12.78596],[77.6883,12.78848],[77.68404,12.786],[77.68396,12.78101],[77.68813,12.77849],[77.69239,12.78097]]]},"properties":{"h3":"8861893481fffff","loss":null,"place":null}},{"type":"Feature","geometry":{"type":"Polygon","coordinates":[[[77.68396,12.78101],[77.68404,12.786],[77.67987,12.78852],[77.67562,12.78604],[77.67553,12.78105],[77.6797,12.77853],[77.68396,12.78101]]]},"properties":{"h3":"8861893483fffff","loss":null,"place":null}},{"type":"Feature","geometry":{"type":"Polygon","coordinates":[[[77.69673,12.78844],[77.69682,12.79343],[77.69264,12.79594],[77.68839,12.79347],[77.6883,12.78848],[77.69247,12.78596],[77.69673,12.78844]]]},"properties":{"h3":"8861893485fffff","loss":null,"place":null}},{"type":"Feature","geometry":{"type":"Polygon","coordinates":[[[77.6883,12.78848],[77.68839,12.79347],[77.68421,12.79598],[77.67996,12.79351],[77.67987,12.78852],[77.68404,12.786],[77.6883,12.78848]]]},"properties":{"h3":"8861893487fffff","loss":null,"place":null}},{"type":"Feature","geometry":{"type":"Polygon","coordinates":[[[77.69647,12.77346],[77.69656,12.77845],[77.69239,12.78097],[77.68813,12.77849],[77.68804,12.7735],[77.69222,12.77098],[77.69647,12.77346]]]},"properties":{"h3":"8861893489fffff","loss":null,"place":null}},{"type":"Feature","geometry":{"type":"Polygon","coordinates":[[[77.68804,12.7735],[77.68813,12.77849],[77.68396,12.78101],[77.6797,12.77853],[77.67962,12.77354],[77.68379,12.77103],[77.68804,12.7735]]]},"properties":{"h3":"886189348bfffff","loss":null,"place":null}},{"type":"Feature","geometry":{"type":"Polygon","coordinates":[[[77.70082,12.78093],[77.7009,12.78592],[77.69673,12.78844],[77.69247,12.78596],[77.69239,12.78097],[77.69656,12.77845],[77.70082,12.78093]]]},"properties":{"h3":"886189348dfffff","loss":null,"place":null}},{"type":"Feature","geometry":{"type":"Polygon","coordinates":[[[77.67119,12.77358],[77.67127,12.77857],[77.6671,12.78109],[77.66285,12.77861],[77.66276,12.77362],[77.66693,12.77111],[77.67119,12.77358]]]},"properties":{"h3":"8861893491fffff","loss":0.041,"place":null}},{"type":"Feature","geometry":{"type":"Polygon","coordinates":[[[77.66276,12.77362],[77.66285,12.77861],[77.65868,12.78113],[77.65442,12.77865],[77.65434,12.77366],[77.65851,12.77115],[77.66276,12.77362]]]},"properties":{"h3":"8861893493fffff","loss":null,"place":null}},{"type":"Feature","geometry":{"type":"Polygon","coordinates":[[[77.67553,12.78105],[77.67562,12.78604],[77.67144,12.78856],[77.66719,12.78608],[77.6671,12.78109],[77.67127,12.77857],[77.67553,12.78105]]]},"properties":{"h3":"8861893495fffff","loss":0.074,"place":null}},{"type":"Feature","geometry":{"type":"Polygon","coordinates":[[[77.6671,12.78109],[77.66719,12.78608],[77.66302,12.7886],[77.65876,12.78612],[77.65868,12.78113],[77.66285,12.77861],[77.6671,12.78109]]]},"properties":{"h3":"8861893497fffff","loss":null,"place":null}},{"type":"Feature","geometry":{"type":"Polygon","coordinates":[[[77.67527,12.76608],[77.67536,12.77107],[77.67119,12.77358],[77.66693,12.77111],[77.66685,12.76612],[77.67102,12.7636],[77.67527,12.76608]]]},"properties":{"h3":"8861893499fffff","loss":0.036,"place":null}},{"type":"Feature","geometry":{"type":"Polygon","coordinates":[[[77.66685,12.76612],[77.66693,12.77111],[77.66276,12.77362],[77.65851,12.77115],[77.65842,12.76616],[77.66259,12.76364],[77.66685,12.76612]]]},"properties":{"h3":"886189349bfffff","loss":0.07,"place":null}},{"type":"Feature","geometry":{"type":"Polygon","coordinates":[[[77.67962,12.77354],[77.6797,12.77853],[77.67553,12.78105],[77.67127,12.77857],[77.67119,12.77358],[77.67536,12.77107],[77.67962,12.77354]]]},"properties":{"h3":"886189349dfffff","loss":0.014,"place":null}},{"type":"Feature","geometry":{"type":"Polygon","coordinates":[[[77.69699,12.80341],[77.69707,12.8084],[77.6929,12.81092],[77.68864,12.80844],[77.68856,12.80345],[77.69273,12.80094],[77.69699,12.80341]]]},"properties":{"h3":"88618934a1fffff","loss":0.012,"place":null}},{"type":"Feature","geometry":{"type":"Polygon","coordinates":[[[77.68856,12.80345],[77.68864,12.80844],[77.68447,12.81096],[77.68021,12.80848],[77.68013,12.80349],[77.6843,12.80098],[77.68856,12.80345]]]},"properties":{"h3":"88618934a3fffff","loss":null,"place":null}},{"type":"Feature","geometry":{"type":"Polygon","coordinates":[[[77.70133,12.81088],[77.70142,12.81587],[77.69724,12.81839],[77.69299,12.81591],[77.6929,12.81092],[77.69707,12.8084],[77.70133,12.81088]]]},"properties":{"h3":"88618934a5fffff","loss":0.0,"place":null}},{"type":"Feature","geometry":{"type":"Polygon","coordinates":[[[77.6929,12.81092],[77.69299,12.81591],[77.68881,12.81843],[77.68456,12.81595],[77.68447,12.81096],[77.68864,12.80844],[77.6929,12.81092]]]},"properties":{"h3":"88618934a7fffff","loss":0.03,"place":null}},{"type":"Feature","geometry":{"type":"Polygon","coordinates":[[[77.70107,12.7959],[77.70116,12.8009],[77.69699,12.80341],[77.69273,12.80094],[77.69264,12.79594],[77.69682,12.79343],[77.70107,12.7959]]]},"properties":{"h3":"88618934a9fffff","loss":0.017,"place":null}},{"type":"Feature","geometry":{"type":"Polygon","coordinates":[[[77.69264,12.79594],[77.69273,12.80094],[77.68856,12.80345],[77.6843,12.80098],[77.68421,12.79598],[77.68839,12.79347],[77.69264,12.79594]]]},"properties":{"h3":"88618934abfffff","loss":0.023,"place":null}},{"type":"Feature","geometry":{"type":"Polygon","coordinates":[[[77.70542,12.80337],[77.7055,12.80836],[77.70133,12.81088],[77.69707,12.8084],[77.69699,12.80341],[77.70116,12.8009],[77.70542,12.80337]]]},"properties":{"h3":"88618934adfffff","loss":0.08,"place":null}},{"type":"Feature","geometry":{"type":"Polygon","coordinates":[[[77.67579,12.79602],[77.67587,12.80102],[77.6717,12.80353],[77.66744,12.80105],[77.66736,12.79606],[77.67153,12.79355],[77.67579,12.79602]]]},"properties":{"h3":"88618934b1fffff","loss":null,"place":null}},{"type":"Feature","geometry":{"type":"Polygon","coordinates":[[[77.66736,12.79606],[77.66744,12.80105],[77.66327,12.80357],[77.65902,12.80109],[77.65893,12.7961],[77.6631,12.79359],[77.66736,12.79606]]]},"properties":{"h3":"88618934b3fffff","loss":0.013,"place":null}},{"type":"Feature","geometry":{"type":"Polygon","coordinates":[[[77.68013,12.80349],[77.68021,12.80848],[77.67604,12.811],[77.67179,12.80852],[77.6717,12.80353],[77.67587,12.80102],[77.68013,12.80349]]]},"properties":{"h3":"88618934b5fffff","loss":0.025,"place":null}},{"type":"Feature","geometry":{"type":"Polygon","coordinates":[[[77.6717,12.80353],[77.67179,12.80852],[77.66761,12.81104],[77.66336,12.80856],[77.66327,12.80357],[77.66744,12.80105],[77.6717,12.80353]]]},"properties":{"h3":"88618934b7fffff","loss":0.028,"place":null}},{"type":"Feature","geometry":{"type":"Polygon","coordinates":[[[77.67987,12.78852],[77.67996,12.79351],[77.67579,12.79602],[77.67153,12.79355],[77.67144,12.78856],[77.67562,12.78604],[77.67987,12.78852]]]},"properties":{"h3":"88618934b9fffff","loss":0.043,"place":null}},{"type":"Feature","geometry":{"type":"Polygon","coordinates":[[[77.67144,12.78856],[77.67153,12.79355],[77.66736,12.79606],[77.6631,12.79359],[77.66302,12.7886],[77.66719,12.78608],[77.67144,12.78856]]]},"properties":{"h3":"88618934bbfffff","loss":0.006,"place":null}},{"type":"Feature","geometry":{"type":"Polygon","coordinates":[[[77.68421,12.79598],[77.6843,12.80098],[77.68013,12.80349],[77.67587,12.80102],[77.67579,12.79602],[77.67996,12.79351],[77.68421,12.79598]]]},"properties":{"h3":"88618934bdfffff","loss":0.017,"place":null}},{"type":"Feature","geometry":{"type":"Polygon","coordinates":[[[77.6837,12.76603],[77.68379,12.77103],[77.67962,12.77354],[77.67536,12.77107],[77.67527,12.76608],[77.67945,12.76356],[77.6837,12.76603]]]},"properties":{"h3":"88618934d7fffff","loss":null,"place":null}},{"type":"Feature","geometry":{"type":"Polygon","coordinates":[[[77.71359,12.78835],[77.71368,12.79335],[77.7095,12.79586],[77.70525,12.79339],[77.70516,12.7884],[77.70933,12.78588],[77.71359,12.78835]]]},"properties":{"h3":"88618934e1fffff","loss":0.005,"place":null}},{"type":"Feature","geometry":{"type":"Polygon","coordinates":[[[77.70516,12.7884],[77.70525,12.79339],[77.70107,12.7959],[77.69682,12.79343],[77.69673,12.78844],[77.7009,12.78592],[77.70516,12.7884]]]},"properties":{"h3":"88618934e3fffff","loss":null,"place":null}},{"type":"Feature","geometry":{"type":"Polygon","coordinates":[[[77.71793,12.79582],[77.71802,12.80082],[77.71385,12.80333],[77.70959,12.80086],[77.7095,12.79586],[77.71368,12.79335],[77.71793,12.79582]]]},"properties":{"h3":"88618934e5fffff","loss":0.005,"place":null}},{"type":"Feature","geometry":{"type":"Polygon","coordinates":[[[77.7095,12.79586],[77.70959,12.80086],[77.70542,12.80337],[77.70116,12.8009],[77.70107,12.7959],[77.70525,12.79339],[77.7095,12.79586]]]},"properties":{"h3":"88618934e7fffff","loss":0.037,"place":null}},{"type":"Feature","geometry":{"type":"Polygon","coordinates":[[[77.70925,12.78089],[77.70933,12.78588],[77.70516,12.7884],[77.7009,12.78592],[77.70082,12.78093],[77.70499,12.77841],[77.70925,12.78089]]]},"properties":{"h3":"88618934ebfffff","loss":0.007,"place":null}},{"type":"Feature","geometry":{"type":"Polygon","coordinates":[[[77.72202,12.78831],[77.72211,12.79331],[77.71793,12.79582],[77.71368,12.79335],[77.71359,12.78835],[77.71776,12.78584],[77.72202,12.78831]]]},"properties":{"h3":"88618934edfffff","loss":null,"place":null}},{"type":"Feature","geometry":{"type":"Polygon","coordinates":[[[77.78185,12.83296],[77.78193,12.83796],[77.77776,12.84047],[77.7735,12.838],[77.77341,12.833],[77.77758,12.83049],[77.78185,12.83296]]]},"properties":{"h3":"8861893501fffff","loss":null,"place":null}},{"type":"Feature","geometry":{"type":"Polygon","coordinates":[[[77.77341,12.833],[77.7735,12.838],[77.76932,12.84052],[77.76506,12.83804],[77.76497,12.83305],[77.76915,12.83053],[77.77341,12.833]]]},"properties":{"h3":"8861893503fffff","loss":null,"place":null}},{"type":"Feature","geometry":{"type":"Polygon","coordinates":[[[77.7862,12.84043],[77.78628,12.84543],[77.78211,12.84795],[77.77785,12.84547],[77.77776,12.84047],[77.78193,12.83796],[77.7862,12.84043]]]},"properties":{"h3":"8861893505fffff","loss":0.003,"place":null}},{"type":"Feature","geometry":{"type":"Polygon","coordinates":[[[77.77776,12.84047],[77.77785,12.84547],[77.77367,12.84799],[77.76941,12.84551],[77.76932,12.84052],[77.7735,12.838],[77.77776,12.84047]]]},"properties":{"h3":"8861893507fffff","loss":0.009,"place":null}},{"type":"Feature","geometry":{"type":"Polygon","coordinates":[[[77.7775,12.82549],[77.77758,12.83049],[77.77341,12.833],[77.76915,12.83053],[77.76906,12.82553],[77.77324,12.82302],[77.7775,12.82549]]]},"properties":{"h3":"886189350bfffff","loss":0.046,"place":null}},{"type":"Feature","geometry":{"type":"Polygon","coordinates":[[[77.79029,12.83292],[77.79037,12.83792],[77.7862,12.84043],[77.78193,12.83796],[77.78185,12.83296],[77.78602,12.83045],[77.79029,12.83292]]]},"properties":{"h3":"886189350dfffff","loss":0.008,"place":null}},{"type":"Feature","geometry":{"type":"Polygon","coordinates":[[[77.76062,12.82558],[77.76071,12.83057],[77.75653,12.83309],[77.75227,12.83061],[77.75219,12.82562],[77.75636,12.8231],[77.76062,12.82558]]]},"properties":{"h3":"8861893511fffff","loss":null,"place":null}},{"type":"Feature","geometry":{"type":"Polygon","coordinates":[[[77.75219,12.82562],[77.75227,12.83061],[77.7481,12.83313],[77.74384,12.83065],[77.74375,12.82566],[77.74793,12.82314],[77.75219,12.82562]]]},"properties":{"h3":"8861893513fffff","loss":null,"place":null}},{"type":"Feature","geometry":{"type":"Polygon","coordinates":[[[77.76497,12.83305],[77.76506,12.83804],[77.76088,12.84056],[77.75662,12.83808],[77.75653,12.83309],[77.76071,12.83057],[77.76497,12.83305]]]},"properties":{"h3":"8861893515fffff","loss":null,"place":null}},{"type":"Feature","geometry":{"type":"Polygon","coordinates":[[[77.75653,12.83309],[77.75662,12.83808],[77.75245,12.8406],[77.74819,12.83812],[77.7481,12.83313],[77.75227,12.83061],[77.75653,12.83309]]]},"properties":{"h3":"8861893517fffff","loss":null,"place":null}},{"type":"Feature","geometry":{"type":"Polygon","coordinates":[[[77.75627,12.81811],[77.75636,12.8231],[77.75219,12.82562],[77.74793,12.82314],[77.74784,12.81815],[77.75201,12.81563],[77.75627,12.81811]]]},"properties":{"h3":"886189351bfffff","loss":null,"place":null}},{"type":"Feature","geometry":{"type":"Polygon","coordinates":[[[77.76906,12.82553],[77.76915,12.83053],[77.76497,12.83305],[77.76071,12.83057],[77.76062,12.82558],[77.7648,12.82306],[77.76906,12.82553]]]},"properties":{"h3":"886189351dfffff","loss":null,"place":null}},{"type":"Feature","geometry":{"type":"Polygon","coordinates":[[[77.78646,12.85542],[77.78655,12.86041],[77.78237,12.86293],[77.77811,12.86045],[77.77802,12.85546],[77.7822,12.85294],[77.78646,12.85542]]]},"properties":{"h3":"8861893521fffff","loss":0.02,"place":null}},{"type":"Feature","geometry":{"type":"Polygon","coordinates":[[[77.77802,12.85546],[77.77811,12.86045],[77.77393,12.86297],[77.76967,12.86049],[77.76958,12.8555],[77.77376,12.85298],[77.77802,12.85546]]]},"properties":{"h3":"8861893523fffff","loss":null,"place":null}},{"type":"Feature","geometry":{"type":"Polygon","coordinates":[[[77.79081,12.86289],[77.7909,12.86788],[77.78672,12.8704],[77.78246,12.86792],[77.78237,12.86293],[77.78655,12.86041],[77.79081,12.86289]]]},"properties":{"h3":"8861893525fffff","loss":null,"place":null}},{"type":"Feature","geometry":{"type":"Polygon","coordinates":[[[77.78237,12.86293],[77.78246,12.86792],[77.77828,12.87044],[77.77402,12.86796],[77.77393,12.86297],[77.77811,12.86045],[77.78237,12.86293]]]},"properties":{"h3":"8861893527fffff","loss":0.017,"place":null}},{"type":"Feature","geometry":{"type":"Polygon","coordinates":[[[77.79055,12.8479],[77.79064,12.8529],[77.78646,12.85542],[77.7822,12.85294],[77.78211,12.84795],[77.78628,12.84543],[77.79055,12.8479]]]},"properties":{"h3":"8861893529fffff","loss":null,"place":null}},{"type":"Feature","geometry":{"type":"Polygon","coordinates":[[[77.78211,12.84795],[77.7822,12.85294],[77.77802,12.85546],[77.77376,12.85298],[77.77367,12.84799],[77.77785,12.84547],[77.78211,12.84795]]]},"properties":{"h3":"886189352bfffff","loss":null,"place":null}},{"type":"Feature","geometry":{"type":"Polygon","coordinates":[[[77.7949,12.85538],[77.79499,12.86037],[77.79081,12.86289],[77.78655,12.86041],[77.78646,12.85542],[77.79064,12.8529],[77.7949,12.85538]]]},"properties":{"h3":"886189352dfffff","loss":0.014,"place":null}},{"type":"Feature","geometry":{"type":"Polygon","coordinates":[[[77.76523,12.84803],[77.76532,12.85302],[77.76114,12.85554],[77.75688,12.85306],[77.75679,12.84807],[77.76097,12.84555],[77.76523,12.84803]]]},"properties":{"h3":"8861893531fffff","loss":null,"place":null}},{"type":"Feature","geometry":{"type":"Polygon","coordinates":[[[77.75679,12.84807],[77.75688,12.85306],[77.75271,12.85558],[77.74844,12.8531],[77.74836,12.84811],[77.75253,12.84559],[77.75679,12.84807]]]},"properties":{"h3":"8861893533fffff","loss":null,"place":null}},{"type":"Feature","geometry":{"type":"Polygon","coordinates":[[[77.76958,12.8555],[77.76967,12.86049],[77.76549,12.86301],[77.76123,12.86053],[77.76114,12.85554],[77.76532,12.85302],[77.76958,12.8555]]]},"properties":{"h3":"8861893535fffff","loss":null,"place":null}},{"type":"Feature","geometry":{"type":"Polygon","coordinates":[[[77.76114,12.85554],[77.76123,12.86053],[77.75705,12.86305],[77.75279,12.86057],[77.75271,12.85558],[77.75688,12.85306],[77.76114,12.85554]]]},"properties":{"h3":"8861893537fffff","loss":0.055,"place":null}},{"type":"Feature","geometry":{"type":"Polygon","coordinates":[[[77.76932,12.84052],[77.76941,12.84551],[77.76523,12.84803],[77.76097,12.84555],[77.76088,12.84056],[77.76506,12.83804],[77.76932,12.84052]]]},"properties":{"h3":"8861893539fffff","loss":null,"place":null}},{"type":"Feature","geometry":{"type":"Polygon","coordinates":[[[77.76088,12.84056],[77.76097,12.84555],[77.75679,12.84807],[77.75253,12.84559],[77.75245,12.8406],[77.75662,12.83808],[77.76088,12.84056]]]},"properties":{"h3":"886189353bfffff","loss":null,"place":null}},{"type":"Feature","geometry":{"type":"Polygon","coordinates":[[[77.77367,12.84799],[77.77376,12.85298],[77.76958,12.8555],[77.76532,12.85302],[77.76523,12.84803],[77.76941,12.84551],[77.77367,12.84799]]]},"properties":{"h3":"886189353dfffff","loss":null,"place":null}},{"type":"Feature","geometry":{"type":"Polygon","coordinates":[[[77.80308,12.84035],[77.80316,12.84535],[77.79899,12.84786],[77.79472,12.84539],[77.79464,12.84039],[77.79881,12.83787],[77.80308,12.84035]]]},"properties":{"h3":"8861893561fffff","loss":null,"place":null}},{"type":"Feature","geometry":{"type":"Polygon","coordinates":[[[77.79464,12.84039],[77.79472,12.84539],[77.79055,12.8479],[77.78628,12.84543],[77.7862,12.84043],[77.79037,12.83792],[77.79464,12.84039]]]},"properties":{"h3":"8861893563fffff","loss":null,"place":null}},{"type":"Feature","geometry":{"type":"Polygon","coordinates":[[[77.80743,12.84782],[77.80752,12.85282],[77.80334,12.85533],[77.79908,12.85286],[77.79899,12.84786],[77.80316,12.84535],[77.80743,12.84782]]]},"properties":{"h3":"8861893565fffff","loss":null,"place":null}},{"type":"Feature","geometry":{"type":"Polygon","coordinates":[[[77.79899,12.84786],[77.79908,12.85286],[77.7949,12.85538],[77.79064,12.8529],[77.79055,12.8479],[77.79472,12.84539],[77.79899,12.84786]]]},"properties":{"h3":"8861893567fffff","loss":null,"place":null}},{"type":"Feature","geometry":{"type":"Polygon","coordinates":[[[77.7228,12.83325],[77.72288,12.83824],[77.71871,12.84075],[77.71445,12.83828],[77.71436,12.83328],[77.71854,12.83077],[77.7228,12.83325]]]},"properties":{"h3":"8861893581fffff","loss":null,"place":null}},{"type":"Feature","geometry":{"type":"Polygon","coordinates":[[[77.71436,12.83328],[77.71445,12.83828],[77.71028,12.84079],[77.70602,12.83832],[77.70593,12.83332],[77.7101,12.83081],[77.71436,12.83328]]]},"properties":{"h3":"8861893583fffff","loss":0.026,"place":null}},{"type":"Feature","geometry":{"type":"Polygon","coordinates":[[[77.72714,12.84071],[77.72723,12.84571],[77.72305,12.84822],[77.71879,12.84575],[77.71871,12.84075],[77.72288,12.83824],[77.72714,12.84071]]]},"properties":{"h3":"8861893585fffff","loss":null,"place":null}},{"type":"Feature","geometry":{"type":"Polygon","coordinates":[[[77.71871,12.84075],[77.71879,12.84575],[77.71462,12.84826],[77.71036,12.84578],[77.71028,12.84079],[77.71445,12.83828],[77.71871,12.84075]]]},"properties":{"h3":"8861893587fffff","loss":0.005,"place":null}},{"type":"Feature","geometry":{"type":"Polygon","coordinates":[[[77.72688,12.82574],[77.72697,12.83073],[77.7228,12.83325],[77.71854,12.83077],[77.71845,12.82578],[77.72262,12.82326],[77.72688,12.82574]]]},"properties":{"h3":"8861893589fffff","loss":null,"place":null}},{"type":"Feature","geometry":{"type":"Polygon","coordinates":[[[77.71845,12.82578],[77.71854,12.83077],[77.71436,12.83328],[77.7101,12.83081],[77.71002,12.82582],[77.71419,12.8233],[77.71845,12.82578]]]},"properties":{"h3":"886189358bfffff","loss":0.003,"place":null}},{"type":"Feature","geometry":{"type":"Polygon","coordinates":[[[77.73123,12.83321],[77.73132,12.8382],[77.72714,12.84071],[77.72288,12.83824],[77.7228,12.83325],[77.72697,12.83073],[77.73123,12.83321]]]},"properties":{"h3":"886189358dfffff","loss":0.026,"place":null}},{"type":"Feature","geometry":{"type":"Polygon","coordinates":[[[77.70159,12.82586],[77.70167,12.83085],[77.6975,12.83336],[77.69324,12.83089],[77.69316,12.82589],[77.69733,12.82338],[77.70159,12.82586]]]},"properties":{"h3":"8861893591fffff","loss":null,"place":null}},{"type":"Feature","geometry":{"type":"Polygon","coordinates":[[[77.69316,12.82589],[77.69324,12.83089],[77.68907,12.8334],[77.68481,12.83092],[77.68473,12.82593],[77.6889,12.82342],[77.69316,12.82589]]]},"properties":{"h3":"8861893593fffff","loss":0.028,"place":null}},{"type":"Feature","geometry":{"type":"Polygon","coordinates":[[[77.70593,12.83332],[77.70602,12.83832],[77.70184,12.84083],[77.69759,12.83835],[77.6975,12.83336],[77.70167,12.83085],[77.70593,12.83332]]]},"properties":{"h3":"8861893595fffff","loss":0.009,"place":null}},{"type":"Feature","geometry":{"type":"Polygon","coordinates":[[[77.6975,12.83336],[77.69759,12.83835],[77.69341,12.84087],[77.68916,12.83839],[77.68907,12.8334],[77.69324,12.83089],[77.6975,12.83336]]]},"properties":{"h3":"8861893597fffff","loss":null,"place":null}},{"type":"Feature","geometry":{"type":"Polygon","coordinates":[[[77.70567,12.81835],[77.70576,12.82334],[77.70159,12.82586],[77.69733,12.82338],[77.69724,12.81839],[77.70142,12.81587],[77.70567,12.81835]]]},"properties":{"h3":"8861893599fffff","loss":0.056,"place":null}},{"type":"Feature","geometry":{"type":"Polygon","coordinates":[[[77.69724,12.81839],[77.69733,12.82338],[77.69316,12.82589],[77.6889,12.82342],[77.68881,12.81843],[77.69299,12.81591],[77.69724,12.81839]]]},"properties":{"h3":"886189359bfffff","loss":0.003,"place":null}},{"type":"Feature","geometry":{"type":"Polygon","coordinates":[[[77.71002,12.82582],[77.7101,12.83081],[77.70593,12.83332],[77.70167,12.83085],[77.70159,12.82586],[77.70576,12.82334],[77.71002,12.82582]]]},"properties":{"h3":"886189359dfffff","loss":null,"place":null}},{"type":"Feature","geometry":{"type":"Polygon","coordinates":[[[77.7274,12.85569],[77.72749,12.86068],[77.72331,12.8632],[77.71905,12.86072],[77.71897,12.85573],[77.72314,12.85321],[77.7274,12.85569]]]},"properties":{"h3":"88618935a1fffff","loss":0.011,"place":null}},{"type":"Feature","geometry":{"type":"Polygon","coordinates":[[[77.71897,12.85573],[77.71905,12.86072],[77.71488,12.86324],[77.71062,12.86076],[77.71053,12.85577],[77.71471,12.85325],[77.71897,12.85573]]]},"properties":{"h3":"88618935a3fffff","loss":0.008,"place":null}},{"type":"Feature","geometry":{"type":"Polygon","coordinates":[[[77.73175,12.86316],[77.73183,12.86815],[77.72766,12.87067],[77.7234,12.86819],[77.72331,12.8632],[77.72749,12.86068],[77.73175,12.86316]]]},"properties":{"h3":"88618935a5fffff","loss":null,"place":null}},{"type":"Feature","geometry":{"type":"Polygon","coordinates":[[[77.72331,12.8632],[77.7234,12.86819],[77.71922,12.87071],[77.71496,12.86823],[77.71488,12.86324],[77.71905,12.86072],[77.72331,12.8632]]]},"properties":{"h3":"88618935a7fffff","loss":0.021,"place":null}},{"type":"Feature","geometry":{"type":"Polygon","coordinates":[[[77.73149,12.84818],[77.73157,12.85318],[77.7274,12.85569],[77.72314,12.85321],[77.72305,12.84822],[77.72723,12.84571],[77.73149,12.84818]]]},"properties":{"h3":"88618935a9fffff","loss":null,"place":null}},{"type":"Feature","geometry":{"type":"Polygon","coordinates":[[[77.72305,12.84822],[77.72314,12.85321],[77.71897,12.85573],[77.71471,12.85325],[77.71462,12.84826],[77.71879,12.84575],[77.72305,12.84822]]]},"properties":{"h3":"88618935abfffff","loss":0.011,"place":null}},{"type":"Feature","geometry":{"type":"Polygon","coordinates":[[[77.73583,12.85565],[77.73592,12.86065],[77.73175,12.86316],[77.72749,12.86068],[77.7274,12.85569],[77.73157,12.85318],[77.73583,12.85565]]]},"properties":{"h3":"88618935adfffff","loss":0.0,"place":null}},{"type":"Feature","geometry":{"type":"Polygon","coordinates":[[[77.70619,12.8483],[77.70627,12.85329],[77.7021,12.85581],[77.69784,12.85333],[77.69776,12.84834],[77.70193,12.84582],[77.70619,12.8483]]]},"properties":{"h3":"88618935b1fffff","loss":null,"place":null}},{"type":"Feature","geometry":{"type":"Polygon","coordinates":[[[77.69776,12.84834],[77.69784,12.85333],[77.69367,12.85584],[77.68941,12.85337],[77.68933,12.84838],[77.6935,12.84586],[77.69776,12.84834]]]},"properties":{"h3":"88618935b3fffff","loss":0.016,"place":null}},{"type":"Feature","geometry":{"type":"Polygon","coordinates":[[[77.71053,12.85577],[77.71062,12.86076],[77.70645,12.86327],[77.70219,12.8608],[77.7021,12.85581],[77.70627,12.85329],[77.71053,12.85577]]]},"properties":{"h3":"88618935b5fffff","loss":0.031,"place":null}},{"type":"Feature","geometry":{"type":"Polygon","coordinates":[[[77.7021,12.85581],[77.70219,12.8608],[77.69801,12.86331],[77.69376,12.86084],[77.69367,12.85584],[77.69784,12.85333],[77.7021,12.85581]]]},"properties":{"h3":"88618935b7fffff","loss":null,"place":null}},{"type":"Feature","geometry":{"type":"Polygon","coordinates":[[[77.71028,12.84079],[77.71036,12.84578],[77.70619,12.8483],[77.70193,12.84582],[77.70184,12.84083],[77.70602,12.83832],[77.71028,12.84079]]]},"properties":{"h3":"88618935b9fffff","loss":0.018,"place":null}},{"type":"Feature","geometry":{"type":"Polygon","coordinates":[[[77.70184,12.84083],[77.70193,12.84582],[77.69776,12.84834],[77.6935,12.84586],[77.69341,12.84087],[77.69759,12.83835],[77.70184,12.84083]]]},"properties":{"h3":"88618935bbfffff","loss":null,"place":null}},{"type":"Feature","geometry":{"type":"Polygon","coordinates":[[[77.71462,12.84826],[77.71471,12.85325],[77.71053,12.85577],[77.70627,12.85329],[77.70619,12.8483],[77.71036,12.84578],[77.71462,12.84826]]]},"properties":{"h3":"88618935bdfffff","loss":0.01,"place":null}},{"type":"Feature","geometry":{"type":"Polygon","coordinates":[[[77.7394,12.81819],[77.73949,12.82318],[77.73532,12.8257],[77.73106,12.82322],[77.73097,12.81823],[77.73514,12.81571],[77.7394,12.81819]]]},"properties":{"h3":"88618935c1fffff","loss":0.026,"place":null}},{"type":"Feature","geometry":{"type":"Polygon","coordinates":[[[77.73097,12.81823],[77.73106,12.82322],[77.72688,12.82574],[77.72262,12.82326],[77.72254,12.81827],[77.72671,12.81575],[77.73097,12.81823]]]},"properties":{"h3":"88618935c3fffff","loss":0.022,"place":null}},{"type":"Feature","geometry":{"type":"Polygon","coordinates":[[[77.74375,12.82566],[77.74384,12.83065],[77.73966,12.83317],[77.7354,12.83069],[77.73532,12.8257],[77.73949,12.82318],[77.74375,12.82566]]]},"properties":{"h3":"88618935c5fffff","loss":null,"place":null}},{"type":"Feature","geometry":{"type":"Polygon","coordinates":[[[77.73532,12.8257],[77.7354,12.83069],[77.73123,12.83321],[77.72697,12.83073],[77.72688,12.82574],[77.73106,12.82322],[77.73532,12.8257]]]},"properties":{"h3":"88618935c7fffff","loss":0.036,"place":null}},{"type":"Feature","geometry":{"type":"Polygon","coordinates":[[[77.74349,12.81068],[77.74358,12.81567],[77.7394,12.81819],[77.73514,12.81571],[77.73506,12.81072],[77.73923,12.8082],[77.74349,12.81068]]]},"properties":{"h3":"88618935c9fffff","loss":null,"place":null}},{"type":"Feature","geometry":{"type":"Polygon","coordinates":[[[77.73506,12.81072],[77.73514,12.81571],[77.73097,12.81823],[77.72671,12.81575],[77.72662,12.81076],[77.7308,12.80824],[77.73506,12.81072]]]},"properties":{"h3":"88618935cbfffff","loss":0.01,"place":null}},{"type":"Feature","geometry":{"type":"Polygon","coordinates":[[[77.74784,12.81815],[77.74793,12.82314],[77.74375,12.82566],[77.73949,12.82318],[77.7394,12.81819],[77.74358,12.81567],[77.74784,12.81815]]]},"properties":{"h3":"88618935cdfffff","loss":null,"place":null}},{"type":"Feature","geometry":{"type":"Polygon","coordinates":[[[77.71819,12.8108],[77.71828,12.81579],[77.71411,12.81831],[77.70985,12.81583],[77.70976,12.81084],[77.71393,12.80832],[77.71819,12.8108]]]},"properties":{"h3":"88618935d1fffff","loss":0.098,"place":null}},{"type":"Feature","geometry":{"type":"Polygon","coordinates":[[[77.70976,12.81084],[77.70985,12.81583],[77.70567,12.81835],[77.70142,12.81587],[77.70133,12.81088],[77.7055,12.80836],[77.70976,12.81084]]]},"properties":{"h3":"88618935d3fffff","loss":0.052,"place":null}},{"type":"Feature","geometry":{"type":"Polygon","coordinates":[[[77.72254,12.81827],[77.72262,12.82326],[77.71845,12.82578],[77.71419,12.8233],[77.71411,12.81831],[77.71828,12.81579],[77.72254,12.81827]]]},"properties":{"h3":"88618935d5fffff","loss":0.021,"place":null}},{"type":"Feature","geometry":{"type":"Polygon","coordinates":[[[77.71411,12.81831],[77.71419,12.8233],[77.71002,12.82582],[77.70576,12.82334],[77.70567,12.81835],[77.70985,12.81583],[77.71411,12.81831]]]},"properties":{"h3":"88618935d7fffff","loss":null,"place":null}},{"type":"Feature","geometry":{"type":"Polygon","coordinates":[[[77.72228,12.80329],[77.72237,12.80828],[77.71819,12.8108],[77.71393,12.80832],[77.71385,12.80333],[77.71802,12.80082],[77.72228,12.80329]]]},"properties":{"h3":"88618935d9fffff","loss":null,"place":null}},{"type":"Feature","geometry":{"type":"Polygon","coordinates":[[[77.71385,12.80333],[77.71393,12.80832],[77.70976,12.81084],[77.7055,12.80836],[77.70542,12.80337],[77.70959,12.80086],[77.71385,12.80333]]]},"properties":{"h3":"88618935dbfffff","loss":0.047,"place":null}},{"type":"Feature","geometry":{"type":"Polygon","coordinates":[[[77.72662,12.81076],[77.72671,12.81575],[77.72254,12.81827],[77.71828,12.81579],[77.71819,12.8108],[77.72237,12.80828],[77.72662,12.81076]]]},"properties":{"h3":"88618935ddfffff","loss":0.073,"place":null}},{"type":"Feature","geometry":{"type":"Polygon","coordinates":[[[77.74401,12.84064],[77.7441,12.84563],[77.73992,12.84814],[77.73566,12.84567],[77.73558,12.84068],[77.73975,12.83816],[77.74401,12.84064]]]},"properties":{"h3":"88618935e1fffff","loss":0.022,"place":null}},{"type":"Feature","geometry":{"type":"Polygon","coordinates":[[[77.73558,12.84068],[77.73566,12.84567],[77.73149,12.84818],[77.72723,12.84571],[77.72714,12.84071],[77.73132,12.8382],[77.73558,12.84068]]]},"properties":{"h3":"88618935e3fffff","loss":null,"place":null}},{"type":"Feature","geometry":{"type":"Polygon","coordinates":[[[77.74836,12.84811],[77.74844,12.8531],[77.74427,12.85561],[77.74001,12.85314],[77.73992,12.84814],[77.7441,12.84563],[77.74836,12.84811]]]},"properties":{"h3":"88618935e5fffff","loss":0.007,"place":null}},{"type":"Feature","geometry":{"type":"Polygon","coordinates":[[[77.73992,12.84814],[77.74001,12.85314],[77.73583,12.85565],[77.73157,12.85318],[77.73149,12.84818],[77.73566,12.84567],[77.73992,12.84814]]]},"properties":{"h3":"88618935e7fffff","loss":null,"place":null}},{"type":"Feature","geometry":{"type":"Polygon","coordinates":[[[77.7481,12.83313],[77.74819,12.83812],[77.74401,12.84064],[77.73975,12.83816],[77.73966,12.83317],[77.74384,12.83065],[77.7481,12.83313]]]},"properties":{"h3":"88618935e9fffff","loss":null,"place":null}},{"type":"Feature","geometry":{"type":"Polygon","coordinates":[[[77.73966,12.83317],[77.73975,12.83816],[77.73558,12.84068],[77.73132,12.8382],[77.73123,12.83321],[77.7354,12.83069],[77.73966,12.83317]]]},"properties":{"h3":"88618935ebfffff","loss":0.048,"place":null}},{"type":"Feature","geometry":{"type":"Polygon","coordinates":[[[77.75245,12.8406],[77.75253,12.84559],[77.74836,12.84811],[77.7441,12.84563],[77.74401,12.84064],[77.74819,12.83812],[77.75245,12.8406]]]},"properties":{"h3":"88618935edfffff","loss":0.008,"place":null}},{"type":"Feature","geometry":{"type":"Polygon","coordinates":[[[77.87329,12.98989],[77.87338,12.99488],[77.8692,12.9974],[77.86493,12.99492],[77.86484,12.98992],[77.86902,12.98741],[77.87329,12.98989]]]},"properties":{"h3":"8861893881fffff","loss":0.026,"place":null}},{"type":"Feature","geometry":{"type":"Polygon","coordinates":[[[77.86484,12.98992],[77.86493,12.99492],[77.86075,12.99743],[77.85648,12.99495],[77.85639,12.98996],[77.86057,12.98744],[77.86484,12.98992]]]},"properties":{"h3":"8861893883fffff","loss":0.051,"place":null}},{"type":"Feature","geometry":{"type":"Polygon","coordinates":[[[77.8692,12.9974],[77.86928,13.00239],[77.8651,13.00491],[77.86083,13.00243],[77.86075,12.99743],[77.86493,12.99492],[77.8692,12.9974]]]},"properties":{"h3":"8861893887fffff","loss":0.047,"place":null}},{"type":"Feature","geometry":{"type":"Polygon","coordinates":[[[77.87738,12.98237],[77.87747,12.98737],[77.87329,12.98989],[77.86902,12.98741],[77.86893,12.98241],[77.87311,12.97989],[77.87738,12.98237]]]},"properties":{"h3":"8861893889fffff","loss":0.064,"place":null}},{"type":"Feature","geometry":{"type":"Polygon","coordinates":[[[77.86893,12.98241],[77.86902,12.98741],[77.86484,12.98992],[77.86057,12.98744],[77.86048,12.98245],[77.86466,12.97993],[77.86893,12.98241]]]},"properties":{"h3":"886189388bfffff","loss":0.084,"place":null}},{"type":"Feature","geometry":{"type":"Polygon","coordinates":[[[77.85203,12.98248],[77.85212,12.98748],[77.84794,12.99],[77.84367,12.98752],[77.84358,12.98252],[77.84776,12.98001],[77.85203,12.98248]]]},"properties":{"h3":"8861893891fffff","loss":null,"place":null}},{"type":"Feature","geometry":{"type":"Polygon","coordinates":[[[77.84358,12.98252],[77.84367,12.98752],[77.83949,12.99003],[77.83522,12.98755],[77.83513,12.98256],[77.83931,12.98004],[77.84358,12.98252]]]},"properties":{"h3":"8861893893fffff","loss":0.034,"place":null}},{"type":"Feature","geometry":{"type":"Polygon","coordinates":[[[77.85639,12.98996],[77.85648,12.99495],[77.85229,12.99747],[77.84803,12.99499],[77.84794,12.99],[77.85212,12.98748],[77.85639,12.98996]]]},"properties":{"h3":"8861893895fffff","loss":0.001,"place":null}},{"type":"Feature","geometry":{"type":"Polygon","coordinates":[[[77.84794,12.99],[77.84803,12.99499],[77.84385,12.99751],[77.83958,12.99503],[77.83949,12.99003],[77.84367,12.98752],[77.84794,12.99]]]},"properties":{"h3":"8861893897fffff","loss":null,"place":null}},{"type":"Feature","geometry":{"type":"Polygon","coordinates":[[[77.85612,12.97497],[77.85621,12.97997],[77.85203,12.98248],[77.84776,12.98001],[77.84767,12.97501],[77.85185,12.9725],[77.85612,12.97497]]]},"properties":{"h3":"8861893899fffff","loss":0.025,"place":null}},{"type":"Feature","geometry":{"type":"Polygon","coordinates":[[[77.84767,12.97501],[77.84776,12.98001],[77.84358,12.98252],[77.83931,12.98004],[77.83922,12.97505],[77.8434,12.97253],[77.84767,12.97501]]]},"properties":{"h3":"886189389bfffff","loss":0.023,"place":null}},{"type":"Feature","geometry":{"type":"Polygon","coordinates":[[[77.86048,12.98245],[77.86057,12.98744],[77.85639,12.98996],[77.85212,12.98748],[77.85203,12.98248],[77.85621,12.97997],[77.86048,12.98245]]]},"properties":{"h3":"886189389dfffff","loss":0.027,"place":null}},{"type":"Feature","geometry":{"type":"Polygon","coordinates":[[[77.86946,13.01238],[77.86955,13.01738],[77.86537,13.01989],[77.8611,13.01741],[77.86101,13.01242],[77.86519,13.0099],[77.86946,13.01238]]]},"properties":{"h3":"88618938a3fffff","loss":0.064,"place":null}},{"type":"Feature","geometry":{"type":"Polygon","coordinates":[[[77.85665,13.00494],[77.85674,13.00994],[77.85256,13.01245],[77.84829,13.00997],[77.8482,13.00498],[77.85238,13.00246],[77.85665,13.00494]]]},"properties":{"h3":"88618938b1fffff","loss":0.073,"place":null}},{"type":"Feature","geometry":{"type":"Polygon","coordinates":[[[77.8482,13.00498],[77.84829,13.00997],[77.84411,13.01249],[77.83984,13.01001],[77.83975,13.00501],[77.84393,13.0025],[77.8482,13.00498]]]},"properties":{"h3":"88618938b3fffff","loss":0.048,"place":null}},{"type":"Feature","geometry":{"type":"Polygon","coordinates":[[[77.86101,13.01242],[77.8611,13.01741],[77.85692,13.01993],[77.85265,13.01745],[77.85256,13.01245],[77.85674,13.00994],[77.86101,13.01242]]]},"properties":{"h3":"88618938b5fffff","loss":0.034,"place":null}},{"type":"Feature","geometry":{"type":"Polygon","coordinates":[[[77.85256,13.01245],[77.85265,13.01745],[77.84847,13.01996],[77.8442,13.01748],[77.84411,13.01249],[77.84829,13.00997],[77.85256,13.01245]]]},"properties":{"h3":"88618938b7fffff","loss":0.067,"place":null}},{"type":"Feature","geometry":{"type":"Polygon","coordinates":[[[77.86075,12.99743],[77.86083,13.00243],[77.85665,13.00494],[77.85238,13.00246],[77.85229,12.99747],[77.85648,12.99495],[77.86075,12.99743]]]},"properties":{"h3":"88618938b9fffff","loss":0.054,"place":null}},{"type":"Feature","geometry":{"type":"Polygon","coordinates":[[[77.85229,12.99747],[77.85238,13.00246],[77.8482,13.00498],[77.84393,13.0025],[77.84385,12.99751],[77.84803,12.99499],[77.85229,12.99747]]]},"properties":{"h3":"88618938bbfffff","loss":null,"place":null}},{"type":"Feature","geometry":{"type":"Polygon","coordinates":[[[77.8651,13.00491],[77.86519,13.0099],[77.86101,13.01242],[77.85674,13.00994],[77.85665,13.00494],[77.86083,13.00243],[77.8651,13.00491]]]},"properties":{"h3":"88618938bdfffff","loss":0.057,"place":null}},{"type":"Feature","geometry":{"type":"Polygon","coordinates":[[[77.86866,12.96743],[77.86875,12.97242],[77.86457,12.97494],[77.8603,12.97246],[77.86021,12.96746],[77.8644,12.96495],[77.86866,12.96743]]]},"properties":{"h3":"88618938d1fffff","loss":0.106,"place":null}},{"type":"Feature","geometry":{"type":"Polygon","coordinates":[[[77.86021,12.96746],[77.8603,12.97246],[77.85612,12.97497],[77.85185,12.9725],[77.85177,12.9675],[77.85595,12.96498],[77.86021,12.96746]]]},"properties":{"h3":"88618938d3fffff","loss":0.056,"place":null}},{"type":"Feature","geometry":{"type":"Polygon","coordinates":[[[77.87302,12.9749],[77.87311,12.97989],[77.86893,12.98241],[77.86466,12.97993],[77.86457,12.97494],[77.86875,12.97242],[77.87302,12.9749]]]},"properties":{"h3":"88618938d5fffff","loss":0.099,"place":null}},{"type":"Feature","geometry":{"type":"Polygon","coordinates":[[[77.86457,12.97494],[77.86466,12.97993],[77.86048,12.98245],[77.85621,12.97997],[77.85612,12.97497],[77.8603,12.97246],[77.86457,12.97494]]]},"properties":{"h3":"88618938d7fffff","loss":0.097,"place":null}},{"type":"Feature","geometry":{"type":"Polygon","coordinates":[[[77.87276,12.95991],[77.87285,12.96491],[77.86866,12.96743],[77.8644,12.96495],[77.86431,12.95995],[77.86849,12.95743],[77.87276,12.95991]]]},"properties":{"h3":"88618938d9fffff","loss":0.085,"place":null}},{"type":"Feature","geometry":{"type":"Polygon","coordinates":[[[77.86431,12.95995],[77.8644,12.96495],[77.86021,12.96746],[77.85595,12.96498],[77.85586,12.95999],[77.86004,12.95747],[77.86431,12.95995]]]},"properties":{"h3":"88618938dbfffff","loss":0.029,"place":null}},{"type":"Feature","geometry":{"type":"Polygon","coordinates":[[[77.87712,12.96739],[77.8772,12.97238],[77.87302,12.9749],[77.86875,12.97242],[77.86866,12.96743],[77.87285,12.96491],[77.87712,12.96739]]]},"properties":{"h3":"88618938ddfffff","loss":0.057,"place":null}},{"type":"Feature","geometry":{"type":"Polygon","coordinates":[[[77.87222,12.92994],[77.87231,12.93493],[77.86813,12.93745],[77.86386,12.93497],[77.86378,12.92998],[77.86796,12.92746],[77.87222,12.92994]]]},"properties":{"h3":"8861893a93fffff","loss":0.014,"place":null}},{"type":"Feature","geometry":{"type":"Polygon","coordinates":[[[77.87685,12.9524],[77.87694,12.9574],[77.87276,12.95991],[77.86849,12.95743],[77.8684,12.95244],[77.87258,12.94992],[77.87685,12.9524]]]},"properties":{"h3":"8861893ab3fffff","loss":0.073,"place":null}}]}